ISO-10303-21;
HEADER;
FILE_DESCRIPTION(('Open CASCADE Model'),'2;1');
FILE_NAME('Open CASCADE Shape Model','2026-09-10T06:49:04',('Author'),(
    'Open CASCADE'),'Open CASCADE STEP processor 7.9','Open CASCADE 7.9'
  ,'Unknown');
FILE_SCHEMA(('AUTOMOTIVE_DESIGN { 1 0 10303 214 1 1 1 1 }'));
ENDSEC;
DATA;
#1 = APPLICATION_PROTOCOL_DEFINITION('international standard',
  'automotive_design',2000,#2);
#2 = APPLICATION_CONTEXT(
  'core data for automotive mechanical design processes');
#3 = SHAPE_DEFINITION_REPRESENTATION(#4,#10);
#4 = PRODUCT_DEFINITION_SHAPE('','',#5);
#5 = PRODUCT_DEFINITION('design','',#6,#9);
#6 = PRODUCT_DEFINITION_FORMATION('','',#7);
#7 = PRODUCT('Open CASCADE STEP translator 7.9 4',
  'Open CASCADE STEP translator 7.9 4','',(#8));
#8 = PRODUCT_CONTEXT('',#2,'mechanical');
#9 = PRODUCT_DEFINITION_CONTEXT('part definition',#2,'design');
#10 = ADVANCED_BREP_SHAPE_REPRESENTATION('',(#11,#15),#1647);
#11 = AXIS2_PLACEMENT_3D('',#12,#13,#14);
#12 = CARTESIAN_POINT('',(0.,0.,0.));
#13 = DIRECTION('',(0.,0.,1.));
#14 = DIRECTION('',(1.,0.,-0.));
#15 = MANIFOLD_SOLID_BREP('',#16);
#16 = CLOSED_SHELL('',(#17,#214,#1271,#1303,#1365,#1392,#1451,#1510,
    #1565,#1604));
#17 = ADVANCED_FACE('',(#18),#46,.T.);
#18 = FACE_BOUND('',#19,.T.);
#19 = EDGE_LOOP('',(#20,#97,#131,#187));
#20 = ORIENTED_EDGE('',*,*,#21,.T.);
#21 = EDGE_CURVE('',#22,#24,#26,.T.);
#22 = VERTEX_POINT('',#23);
#23 = CARTESIAN_POINT('',(-6.958248991692,-44.,278.72232878242));
#24 = VERTEX_POINT('',#25);
#25 = CARTESIAN_POINT('',(-6.139682707192,-44.,279.19184258243));
#26 = SURFACE_CURVE('',#27,(#45,#71),.PCURVE_S1.);
#27 = B_SPLINE_CURVE_WITH_KNOTS('',3,(#28,#29,#30,#31,#32,#33,#34,#35,
    #36,#37,#38,#39,#40,#41,#42,#43,#44),.UNSPECIFIED.,.F.,.F.,(4,1,2,1,
    1,1,1,1,1,1,1,1,1,4),(0.,11.913417860174,32.309495914545,
    49.802351599081,73.989124843977,106.54676603617,127.16229416426,
    149.25301619864,162.66942406363,180.69718044095,207.1168700682,
    236.54474800732,272.60026076196,279.18579573069),.UNSPECIFIED.);
#28 = CARTESIAN_POINT('',(-6.958248991692,-44.,278.72232878242));
#29 = CARTESIAN_POINT('',(-10.4744649582,-44.,276.64985445225));
#30 = CARTESIAN_POINT('',(-19.04402926464,-44.,269.61126749912));
#31 = CARTESIAN_POINT('',(-21.77260788701,-44.,259.1951865839));
#32 = CARTESIAN_POINT('',(-18.47970899747,-44.,243.97133420268));
#33 = CARTESIAN_POINT('',(-11.41125275279,-44.,231.75166535716));
#34 = CARTESIAN_POINT('',(16.816164978655,-44.,233.10011911869));
#35 = CARTESIAN_POINT('',(41.478822832731,-44.,234.89496939925));
#36 = CARTESIAN_POINT('',(64.393400413523,-44.,251.09360736048));
#37 = CARTESIAN_POINT('',(81.79460606247,-44.,241.87720595232));
#38 = CARTESIAN_POINT('',(104.2980913048,-44.,250.79844931036));
#39 = CARTESIAN_POINT('',(84.552409335356,-44.,270.24608744189));
#40 = CARTESIAN_POINT('',(65.242177135659,-44.,280.6716446839));
#41 = CARTESIAN_POINT('',(33.656972576286,-44.,284.47098300593));
#42 = CARTESIAN_POINT('',(9.243917949974,-44.,286.37684449663));
#43 = CARTESIAN_POINT('',(-4.167069098292,-44.,280.29274320304));
#44 = CARTESIAN_POINT('',(-6.139682707192,-44.,279.19184258243));
#45 = PCURVE('',#46,#65);
#46 = SURFACE_OF_LINEAR_EXTRUSION('',#47,#63);
#47 = B_SPLINE_CURVE_WITH_KNOTS('',3,(#48,#49,#50,#51,#52,#53,#54,#55,
    #56,#57,#58,#59,#60,#61,#62),.UNSPECIFIED.,.T.,.F.,(1,1,2,1,1,1,1,1,
    1,1,1,1,1,1,2,1,1),(-41.67962892943,-17.49285568453,0.,
    20.396078054371,39.812565893319,75.868078647959,105.29595658708,
    131.71564621432,149.74340259164,163.15981045664,185.25053249102,
    205.86606061911,238.42370181131,262.6104750562,280.10333074074,
    300.49940879511,319.91589663406),.UNSPECIFIED.);
#48 = CARTESIAN_POINT('',(-18.47970899747,-44.,243.97133420268));
#49 = CARTESIAN_POINT('',(-21.77260788701,-44.,259.1951865839));
#50 = CARTESIAN_POINT('',(-18.41038532292,-44.,272.030141016));
#51 = CARTESIAN_POINT('',(4.897484997785,-44.,286.71615882302));
#52 = CARTESIAN_POINT('',(33.656972576286,-44.,284.47098300593));
#53 = CARTESIAN_POINT('',(65.242177135659,-44.,280.6716446839));
#54 = CARTESIAN_POINT('',(84.552409335356,-44.,270.24608744189));
#55 = CARTESIAN_POINT('',(104.2980913048,-44.,250.79844931036));
#56 = CARTESIAN_POINT('',(81.79460606247,-44.,241.87720595232));
#57 = CARTESIAN_POINT('',(64.393400413523,-44.,251.09360736048));
#58 = CARTESIAN_POINT('',(41.478822832731,-44.,234.89496939925));
#59 = CARTESIAN_POINT('',(16.816164978655,-44.,233.10011911869));
#60 = CARTESIAN_POINT('',(-11.41125275279,-44.,231.75166535716));
#61 = CARTESIAN_POINT('',(-18.47970899747,-44.,243.97133420268));
#62 = CARTESIAN_POINT('',(-21.77260788701,-44.,259.1951865839));
#63 = VECTOR('',#64,1.);
#64 = DIRECTION('',(-0.,1.,-0.));
#65 = DEFINITIONAL_REPRESENTATION('',(#66),#70);
#66 = LINE('',#67,#68);
#67 = CARTESIAN_POINT('',(312.41282665528,-7.036719189116E-18));
#68 = VECTOR('',#69,1.);
#69 = DIRECTION('',(-1.,2.521963839807E-20));
#70 = ( GEOMETRIC_REPRESENTATION_CONTEXT(2) 
PARAMETRIC_REPRESENTATION_CONTEXT() REPRESENTATION_CONTEXT('2D SPACE',''
  ) );
#71 = PCURVE('',#72,#77);
#72 = PLANE('',#73);
#73 = AXIS2_PLACEMENT_3D('',#74,#75,#76);
#74 = CARTESIAN_POINT('',(35.699889311144,-44.,258.66598555161));
#75 = DIRECTION('',(0.,1.,0.));
#76 = DIRECTION('',(0.,-0.,1.));
#77 = DEFINITIONAL_REPRESENTATION('',(#78),#96);
#78 = B_SPLINE_CURVE_WITH_KNOTS('',3,(#79,#80,#81,#82,#83,#84,#85,#86,
    #87,#88,#89,#90,#91,#92,#93,#94,#95),.UNSPECIFIED.,.F.,.F.,(4,1,2,1,
    1,1,1,1,1,1,1,1,1,4),(0.,11.913417860174,32.309495914545,
    49.802351599081,73.989124843977,106.54676603617,127.16229416426,
    149.25301619864,162.66942406363,180.69718044095,207.1168700682,
    236.54474800732,272.60026076196,279.18579573069),.UNSPECIFIED.);
#79 = CARTESIAN_POINT('',(20.056343230811,-42.65813830283));
#80 = CARTESIAN_POINT('',(17.983868900638,-46.17435426935));
#81 = CARTESIAN_POINT('',(10.94528194751,-54.74391857578));
#82 = CARTESIAN_POINT('',(0.529201032289,-57.47249719816));
#83 = CARTESIAN_POINT('',(-14.69465134892,-54.17959830862));
#84 = CARTESIAN_POINT('',(-26.91432019444,-47.11114206393));
#85 = CARTESIAN_POINT('',(-25.56586643292,-18.88372433248));
#86 = CARTESIAN_POINT('',(-23.77101615236,5.778933521587));
#87 = CARTESIAN_POINT('',(-7.572378191133,28.693511102379));
#88 = CARTESIAN_POINT('',(-16.78877959928,46.094716751326));
#89 = CARTESIAN_POINT('',(-7.867536241253,68.598201993657));
#90 = CARTESIAN_POINT('',(11.580101890276,48.852520024212));
#91 = CARTESIAN_POINT('',(22.005659132287,29.542287824515));
#92 = CARTESIAN_POINT('',(25.804997454319,-2.042916734858));
#93 = CARTESIAN_POINT('',(27.710858945023,-26.45597136117));
#94 = CARTESIAN_POINT('',(21.626757651433,-39.86695840943));
#95 = CARTESIAN_POINT('',(20.525857030823,-41.83957201833));
#96 = ( GEOMETRIC_REPRESENTATION_CONTEXT(2) 
PARAMETRIC_REPRESENTATION_CONTEXT() REPRESENTATION_CONTEXT('2D SPACE',''
  ) );
#97 = ORIENTED_EDGE('',*,*,#98,.F.);
#98 = EDGE_CURVE('',#99,#24,#101,.T.);
#99 = VERTEX_POINT('',#100);
#100 = CARTESIAN_POINT('',(-6.139682707192,-46.,279.19184258243));
#101 = SURFACE_CURVE('',#102,(#108,#117),.PCURVE_S1.);
#102 = B_SPLINE_CURVE_WITH_KNOTS('',4,(#103,#104,#105,#106,#107),
  .UNSPECIFIED.,.F.,.F.,(5,5),(0.,1.),.PIECEWISE_BEZIER_KNOTS.);
#103 = CARTESIAN_POINT('',(-6.139682707192,-46.0000006,279.19184258243)
  );
#104 = CARTESIAN_POINT('',(-6.139682707192,-45.5000003,279.19184258243)
  );
#105 = CARTESIAN_POINT('',(-6.139682707192,-45.,279.19184258243));
#106 = CARTESIAN_POINT('',(-6.139682707192,-44.4999997,279.19184258243)
  );
#107 = CARTESIAN_POINT('',(-6.139682707192,-43.9999994,279.19184258243)
  );
#108 = PCURVE('',#46,#109);
#109 = DEFINITIONAL_REPRESENTATION('',(#110),#116);
#110 = B_SPLINE_CURVE_WITH_KNOTS('',4,(#111,#112,#113,#114,#115),
  .UNSPECIFIED.,.F.,.F.,(5,5),(2.999998199532E-07,0.9999997),
  .PIECEWISE_BEZIER_KNOTS.);
#111 = CARTESIAN_POINT('',(33.227030924589,-2.));
#112 = CARTESIAN_POINT('',(33.227030924589,-1.5));
#113 = CARTESIAN_POINT('',(33.227030924589,-1.));
#114 = CARTESIAN_POINT('',(33.227030924589,-0.5));
#115 = CARTESIAN_POINT('',(33.227030924589,-6.547511742717E-17));
#116 = ( GEOMETRIC_REPRESENTATION_CONTEXT(2) 
PARAMETRIC_REPRESENTATION_CONTEXT() REPRESENTATION_CONTEXT('2D SPACE',''
  ) );
#117 = PCURVE('',#118,#123);
#118 = CYLINDRICAL_SURFACE('',#119,1.2);
#119 = AXIS2_PLACEMENT_3D('',#120,#121,#122);
#120 = CARTESIAN_POINT('',(-6.,-43.,278.));
#121 = DIRECTION('',(-0.,1.,-0.));
#122 = DIRECTION('',(1.,0.,0.));
#123 = DEFINITIONAL_REPRESENTATION('',(#124),#130);
#124 = B_SPLINE_CURVE_WITH_KNOTS('',4,(#125,#126,#127,#128,#129),
  .UNSPECIFIED.,.F.,.F.,(5,5),(2.999998199532E-07,0.9999997),
  .PIECEWISE_BEZIER_KNOTS.);
#125 = CARTESIAN_POINT('',(-7.970648370882,-3.));
#126 = CARTESIAN_POINT('',(-7.970648370882,-2.5));
#127 = CARTESIAN_POINT('',(-7.970648370881,-2.));
#128 = CARTESIAN_POINT('',(-7.970648370882,-1.5));
#129 = CARTESIAN_POINT('',(-7.970648370882,-1.));
#130 = ( GEOMETRIC_REPRESENTATION_CONTEXT(2) 
PARAMETRIC_REPRESENTATION_CONTEXT() REPRESENTATION_CONTEXT('2D SPACE',''
  ) );
#131 = ORIENTED_EDGE('',*,*,#132,.T.);
#132 = EDGE_CURVE('',#99,#133,#135,.T.);
#133 = VERTEX_POINT('',#134);
#134 = CARTESIAN_POINT('',(-6.958248991692,-46.,278.72232878242));
#135 = SURFACE_CURVE('',#136,(#154,#161),.PCURVE_S1.);
#136 = B_SPLINE_CURVE_WITH_KNOTS('',3,(#137,#138,#139,#140,#141,#142,
    #143,#144,#145,#146,#147,#148,#149,#150,#151,#152,#153),
  .UNSPECIFIED.,.F.,.F.,(4,1,1,1,1,1,1,1,1,1,1,2,1,4),(33.227030924589,
    39.812565893319,75.868078647959,105.29595658708,131.71564621432,
    149.74340259164,163.15981045664,185.25053249102,205.86606061911,
    238.42370181131,262.6104750562,280.10333074074,300.49940879511,
    312.41282665528),.UNSPECIFIED.);
#137 = CARTESIAN_POINT('',(-6.139682707192,-46.,279.19184258243));
#138 = CARTESIAN_POINT('',(-4.167069098292,-46.,280.29274320304));
#139 = CARTESIAN_POINT('',(9.243917949974,-46.,286.37684449663));
#140 = CARTESIAN_POINT('',(33.656972576286,-46.,284.47098300593));
#141 = CARTESIAN_POINT('',(65.242177135659,-46.,280.6716446839));
#142 = CARTESIAN_POINT('',(84.552409335356,-46.,270.24608744189));
#143 = CARTESIAN_POINT('',(104.2980913048,-46.,250.79844931036));
#144 = CARTESIAN_POINT('',(81.79460606247,-46.,241.87720595232));
#145 = CARTESIAN_POINT('',(64.393400413523,-46.,251.09360736048));
#146 = CARTESIAN_POINT('',(41.478822832731,-46.,234.89496939925));
#147 = CARTESIAN_POINT('',(16.816164978655,-46.,233.10011911869));
#148 = CARTESIAN_POINT('',(-11.41125275279,-46.,231.75166535716));
#149 = CARTESIAN_POINT('',(-18.47970899747,-46.,243.97133420268));
#150 = CARTESIAN_POINT('',(-21.77260788701,-46.,259.1951865839));
#151 = CARTESIAN_POINT('',(-19.04402926464,-46.,269.61126749912));
#152 = CARTESIAN_POINT('',(-10.4744649582,-46.,276.64985445225));
#153 = CARTESIAN_POINT('',(-6.958248991692,-46.,278.72232878242));
#154 = PCURVE('',#46,#155);
#155 = DEFINITIONAL_REPRESENTATION('',(#156),#160);
#156 = LINE('',#157,#158);
#157 = CARTESIAN_POINT('',(0.,-2.));
#158 = VECTOR('',#159,1.);
#159 = DIRECTION('',(1.,0.));
#160 = ( GEOMETRIC_REPRESENTATION_CONTEXT(2) 
PARAMETRIC_REPRESENTATION_CONTEXT() REPRESENTATION_CONTEXT('2D SPACE',''
  ) );
#161 = PCURVE('',#162,#167);
#162 = PLANE('',#163);
#163 = AXIS2_PLACEMENT_3D('',#164,#165,#166);
#164 = CARTESIAN_POINT('',(35.699889311144,-46.,258.66598555161));
#165 = DIRECTION('',(0.,1.,0.));
#166 = DIRECTION('',(0.,-0.,1.));
#167 = DEFINITIONAL_REPRESENTATION('',(#168),#186);
#168 = B_SPLINE_CURVE_WITH_KNOTS('',3,(#169,#170,#171,#172,#173,#174,
    #175,#176,#177,#178,#179,#180,#181,#182,#183,#184,#185),
  .UNSPECIFIED.,.F.,.F.,(4,1,1,1,1,1,1,1,1,1,1,2,1,4),(33.227030924589,
    39.812565893319,75.868078647959,105.29595658708,131.71564621432,
    149.74340259164,163.15981045664,185.25053249102,205.86606061911,
    238.42370181131,262.6104750562,280.10333074074,300.49940879511,
    312.41282665528),.UNSPECIFIED.);
#169 = CARTESIAN_POINT('',(20.525857030823,-41.83957201833));
#170 = CARTESIAN_POINT('',(21.626757651433,-39.86695840943));
#171 = CARTESIAN_POINT('',(27.710858945023,-26.45597136117));
#172 = CARTESIAN_POINT('',(25.804997454319,-2.042916734858));
#173 = CARTESIAN_POINT('',(22.005659132287,29.542287824515));
#174 = CARTESIAN_POINT('',(11.580101890276,48.852520024212));
#175 = CARTESIAN_POINT('',(-7.867536241253,68.598201993657));
#176 = CARTESIAN_POINT('',(-16.78877959928,46.094716751326));
#177 = CARTESIAN_POINT('',(-7.572378191133,28.693511102379));
#178 = CARTESIAN_POINT('',(-23.77101615236,5.778933521587));
#179 = CARTESIAN_POINT('',(-25.56586643292,-18.88372433248));
#180 = CARTESIAN_POINT('',(-26.91432019444,-47.11114206393));
#181 = CARTESIAN_POINT('',(-14.69465134892,-54.17959830862));
#182 = CARTESIAN_POINT('',(0.529201032289,-57.47249719816));
#183 = CARTESIAN_POINT('',(10.94528194751,-54.74391857578));
#184 = CARTESIAN_POINT('',(17.983868900638,-46.17435426935));
#185 = CARTESIAN_POINT('',(20.056343230811,-42.65813830283));
#186 = ( GEOMETRIC_REPRESENTATION_CONTEXT(2) 
PARAMETRIC_REPRESENTATION_CONTEXT() REPRESENTATION_CONTEXT('2D SPACE',''
  ) );
#187 = ORIENTED_EDGE('',*,*,#188,.T.);
#188 = EDGE_CURVE('',#133,#22,#189,.T.);
#189 = SURFACE_CURVE('',#190,(#196,#205),.PCURVE_S1.);
#190 = B_SPLINE_CURVE_WITH_KNOTS('',4,(#191,#192,#193,#194,#195),
  .UNSPECIFIED.,.F.,.F.,(5,5),(0.,1.),.PIECEWISE_BEZIER_KNOTS.);
#191 = CARTESIAN_POINT('',(-6.958248991692,-46.0000006,278.72232878242)
  );
#192 = CARTESIAN_POINT('',(-6.958248991692,-45.5000003,278.72232878242)
  );
#193 = CARTESIAN_POINT('',(-6.958248991692,-45.,278.72232878242));
#194 = CARTESIAN_POINT('',(-6.958248991692,-44.4999997,278.72232878242)
  );
#195 = CARTESIAN_POINT('',(-6.958248991692,-43.9999994,278.72232878242)
  );
#196 = PCURVE('',#46,#197);
#197 = DEFINITIONAL_REPRESENTATION('',(#198),#204);
#198 = B_SPLINE_CURVE_WITH_KNOTS('',4,(#199,#200,#201,#202,#203),
  .UNSPECIFIED.,.F.,.F.,(5,5),(2.999998199532E-07,0.9999997),
  .PIECEWISE_BEZIER_KNOTS.);
#199 = CARTESIAN_POINT('',(312.41282665528,-2.));
#200 = CARTESIAN_POINT('',(312.41282665528,-1.5));
#201 = CARTESIAN_POINT('',(312.41282665528,-1.));
#202 = CARTESIAN_POINT('',(312.41282665528,-0.5));
#203 = CARTESIAN_POINT('',(312.41282665528,-6.547511742717E-17));
#204 = ( GEOMETRIC_REPRESENTATION_CONTEXT(2) 
PARAMETRIC_REPRESENTATION_CONTEXT() REPRESENTATION_CONTEXT('2D SPACE',''
  ) );
#205 = PCURVE('',#118,#206);
#206 = DEFINITIONAL_REPRESENTATION('',(#207),#213);
#207 = B_SPLINE_CURVE_WITH_KNOTS('',4,(#208,#209,#210,#211,#212),
  .UNSPECIFIED.,.F.,.F.,(5,5),(2.999998199532E-07,0.9999997),
  .PIECEWISE_BEZIER_KNOTS.);
#208 = CARTESIAN_POINT('',(-2.49566351664,-3.));
#209 = CARTESIAN_POINT('',(-2.49566351664,-2.5));
#210 = CARTESIAN_POINT('',(-2.49566351664,-2.));
#211 = CARTESIAN_POINT('',(-2.49566351664,-1.5));
#212 = CARTESIAN_POINT('',(-2.49566351664,-1.));
#213 = ( GEOMETRIC_REPRESENTATION_CONTEXT(2) 
PARAMETRIC_REPRESENTATION_CONTEXT() REPRESENTATION_CONTEXT('2D SPACE',''
  ) );
#214 = ADVANCED_FACE('',(#215,#244,#275),#72,.T.);
#215 = FACE_BOUND('',#216,.T.);
#216 = EDGE_LOOP('',(#217,#243));
#217 = ORIENTED_EDGE('',*,*,#218,.T.);
#218 = EDGE_CURVE('',#22,#24,#219,.T.);
#219 = SURFACE_CURVE('',#220,(#225,#236),.PCURVE_S1.);
#220 = CIRCLE('',#221,1.2);
#221 = AXIS2_PLACEMENT_3D('',#222,#223,#224);
#222 = CARTESIAN_POINT('',(-6.,-44.,278.));
#223 = DIRECTION('',(-0.,-1.,0.));
#224 = DIRECTION('',(-0.79854082641,0.,0.601940652022));
#225 = PCURVE('',#72,#226);
#226 = DEFINITIONAL_REPRESENTATION('',(#227),#235);
#227 = ( BOUNDED_CURVE() B_SPLINE_CURVE(2,(#228,#229,#230,#231,#232,#233
,#234),.UNSPECIFIED.,.T.,.F.) B_SPLINE_CURVE_WITH_KNOTS((1,2,2,2,2,1),(
    -2.094395102393,0.,2.094395102393,4.188790204786,6.28318530718,
8.377580409573),.UNSPECIFIED.) CURVE() GEOMETRIC_REPRESENTATION_ITEM() 
RATIONAL_B_SPLINE_CURVE((1.,0.5,1.,0.5,1.,0.5,1.)) REPRESENTATION_ITEM(
  '') );
#228 = CARTESIAN_POINT('',(20.056343230811,-42.65813830283));
#229 = CARTESIAN_POINT('',(18.396607290899,-43.90924845376));
#230 = CARTESIAN_POINT('',(18.142982087216,-41.84631989076));
#231 = CARTESIAN_POINT('',(17.889356883533,-39.78339132776));
#232 = CARTESIAN_POINT('',(19.802718027129,-40.59520973983));
#233 = CARTESIAN_POINT('',(21.716079170724,-41.4070281519));
#234 = CARTESIAN_POINT('',(20.056343230811,-42.65813830283));
#235 = ( GEOMETRIC_REPRESENTATION_CONTEXT(2) 
PARAMETRIC_REPRESENTATION_CONTEXT() REPRESENTATION_CONTEXT('2D SPACE',''
  ) );
#236 = PCURVE('',#118,#237);
#237 = DEFINITIONAL_REPRESENTATION('',(#238),#242);
#238 = LINE('',#239,#240);
#239 = CARTESIAN_POINT('',(-2.49566351664,-1.));
#240 = VECTOR('',#241,1.);
#241 = DIRECTION('',(-1.,-0.));
#242 = ( GEOMETRIC_REPRESENTATION_CONTEXT(2) 
PARAMETRIC_REPRESENTATION_CONTEXT() REPRESENTATION_CONTEXT('2D SPACE',''
  ) );
#243 = ORIENTED_EDGE('',*,*,#21,.F.);
#244 = FACE_BOUND('',#245,.T.);
#245 = EDGE_LOOP('',(#246));
#246 = ORIENTED_EDGE('',*,*,#247,.F.);
#247 = EDGE_CURVE('',#248,#248,#250,.T.);
#248 = VERTEX_POINT('',#249);
#249 = CARTESIAN_POINT('',(37.2,-44.,280.));
#250 = SURFACE_CURVE('',#251,(#256,#263),.PCURVE_S1.);
#251 = CIRCLE('',#252,1.2);
#252 = AXIS2_PLACEMENT_3D('',#253,#254,#255);
#253 = CARTESIAN_POINT('',(36.,-44.,280.));
#254 = DIRECTION('',(-0.,1.,0.));
#255 = DIRECTION('',(1.,0.,0.));
#256 = PCURVE('',#72,#257);
#257 = DEFINITIONAL_REPRESENTATION('',(#258),#262);
#258 = CIRCLE('',#259,1.2);
#259 = AXIS2_PLACEMENT_2D('',#260,#261);
#260 = CARTESIAN_POINT('',(21.334014448385,0.300110688856));
#261 = DIRECTION('',(0.,1.));
#262 = ( GEOMETRIC_REPRESENTATION_CONTEXT(2) 
PARAMETRIC_REPRESENTATION_CONTEXT() REPRESENTATION_CONTEXT('2D SPACE',''
  ) );
#263 = PCURVE('',#264,#269);
#264 = CYLINDRICAL_SURFACE('',#265,1.2);
#265 = AXIS2_PLACEMENT_3D('',#266,#267,#268);
#266 = CARTESIAN_POINT('',(36.,-43.,280.));
#267 = DIRECTION('',(-0.,1.,-0.));
#268 = DIRECTION('',(1.,0.,0.));
#269 = DEFINITIONAL_REPRESENTATION('',(#270),#274);
#270 = LINE('',#271,#272);
#271 = CARTESIAN_POINT('',(-6.28318530718,-1.));
#272 = VECTOR('',#273,1.);
#273 = DIRECTION('',(1.,-0.));
#274 = ( GEOMETRIC_REPRESENTATION_CONTEXT(2) 
PARAMETRIC_REPRESENTATION_CONTEXT() REPRESENTATION_CONTEXT('2D SPACE',''
  ) );
#275 = FACE_BOUND('',#276,.T.);
#276 = EDGE_LOOP('',(#277,#312,#386,#440,#524,#638,#692,#746,#800,#822,
    #932,#1044,#1130,#1163));
#277 = ORIENTED_EDGE('',*,*,#278,.F.);
#278 = EDGE_CURVE('',#279,#281,#283,.T.);
#279 = VERTEX_POINT('',#280);
#280 = CARTESIAN_POINT('',(-8.816375049966,-44.,273.86865257114));
#281 = VERTEX_POINT('',#282);
#282 = CARTESIAN_POINT('',(-1.013765657795,-44.,278.3707655386));
#283 = SURFACE_CURVE('',#284,(#289,#300),.PCURVE_S1.);
#284 = CIRCLE('',#285,5.);
#285 = AXIS2_PLACEMENT_3D('',#286,#287,#288);
#286 = CARTESIAN_POINT('',(-6.,-44.,278.));
#287 = DIRECTION('',(0.,-1.,0.));
#288 = DIRECTION('',(1.,0.,0.));
#289 = PCURVE('',#72,#290);
#290 = DEFINITIONAL_REPRESENTATION('',(#291),#299);
#291 = ( BOUNDED_CURVE() B_SPLINE_CURVE(2,(#292,#293,#294,#295,#296,#297
,#298),.UNSPECIFIED.,.T.,.F.) B_SPLINE_CURVE_WITH_KNOTS((1,2,2,2,2,1),(
    -2.094395102393,0.,2.094395102393,4.188790204786,6.28318530718,
8.377580409573),.UNSPECIFIED.) CURVE() GEOMETRIC_REPRESENTATION_ITEM() 
RATIONAL_B_SPLINE_CURVE((1.,0.5,1.,0.5,1.,0.5,1.)) REPRESENTATION_ITEM(
  '') );
#292 = CARTESIAN_POINT('',(19.334014448385,-36.69988931114));
#293 = CARTESIAN_POINT('',(27.99426848623,-36.69988931114));
#294 = CARTESIAN_POINT('',(23.664141467308,-44.19988931114));
#295 = CARTESIAN_POINT('',(19.334014448385,-51.69988931114));
#296 = CARTESIAN_POINT('',(15.003887429463,-44.19988931114));
#297 = CARTESIAN_POINT('',(10.673760410541,-36.69988931114));
#298 = CARTESIAN_POINT('',(19.334014448385,-36.69988931114));
#299 = ( GEOMETRIC_REPRESENTATION_CONTEXT(2) 
PARAMETRIC_REPRESENTATION_CONTEXT() REPRESENTATION_CONTEXT('2D SPACE',''
  ) );
#300 = PCURVE('',#301,#306);
#301 = CYLINDRICAL_SURFACE('',#302,5.);
#302 = AXIS2_PLACEMENT_3D('',#303,#304,#305);
#303 = CARTESIAN_POINT('',(-6.,-47.,278.));
#304 = DIRECTION('',(0.,-1.,0.));
#305 = DIRECTION('',(1.,0.,0.));
#306 = DEFINITIONAL_REPRESENTATION('',(#307),#311);
#307 = LINE('',#308,#309);
#308 = CARTESIAN_POINT('',(8.881784197001E-16,-3.));
#309 = VECTOR('',#310,1.);
#310 = DIRECTION('',(1.,0.));
#311 = ( GEOMETRIC_REPRESENTATION_CONTEXT(2) 
PARAMETRIC_REPRESENTATION_CONTEXT() REPRESENTATION_CONTEXT('2D SPACE',''
  ) );
#312 = ORIENTED_EDGE('',*,*,#313,.T.);
#313 = EDGE_CURVE('',#279,#314,#316,.T.);
#314 = VERTEX_POINT('',#315);
#315 = CARTESIAN_POINT('',(-17.06780744749,-44.,251.63422932371));
#316 = SURFACE_CURVE('',#317,(#350),.PCURVE_S1.);
#317 = B_SPLINE_CURVE_WITH_KNOTS('',7,(#318,#319,#320,#321,#322,#323,
    #324,#325,#326,#327,#328,#329,#330,#331,#332,#333,#334,#335,#336,
    #337,#338,#339,#340,#341,#342,#343,#344,#345,#346,#347,#348,#349),
  .UNSPECIFIED.,.F.,.F.,(8,6,6,6,6,8),(0.,0.268324543233,0.281974386802,
    0.491810553967,0.715954920925,1.),.UNSPECIFIED.);
#318 = CARTESIAN_POINT('',(-8.816374609068,-44.,273.86865290818));
#319 = CARTESIAN_POINT('',(-9.596007459104,-44.,273.27267241917));
#320 = CARTESIAN_POINT('',(-10.3495296975,-44.,272.65136810317));
#321 = CARTESIAN_POINT('',(-11.0740720041,-44.,272.0049697593));
#322 = CARTESIAN_POINT('',(-11.76649626629,-44.,271.33380704746));
#323 = CARTESIAN_POINT('',(-12.42343968372,-44.,270.63837359636));
#324 = CARTESIAN_POINT('',(-13.04141592582,-44.,269.91933549201));
#325 = CARTESIAN_POINT('',(-13.64625232125,-44.,269.13974568716));
#326 = CARTESIAN_POINT('',(-13.67542157922,-44.,269.10194810719));
#327 = CARTESIAN_POINT('',(-13.7044830629,-44.,269.06408849567));
#328 = CARTESIAN_POINT('',(-13.73343515747,-44.,269.02616859532));
#329 = CARTESIAN_POINT('',(-13.76227718724,-44.,268.98818892411));
#330 = CARTESIAN_POINT('',(-13.79100999931,-44.,268.95014801352));
#331 = CARTESIAN_POINT('',(-14.25964229656,-44.,268.32632427371));
#332 = CARTESIAN_POINT('',(-14.67365258996,-44.,267.72629154605));
#333 = CARTESIAN_POINT('',(-15.06062765255,-44.,267.11199175236));
#334 = CARTESIAN_POINT('',(-15.41963852246,-44.,266.48347833412));
#335 = CARTESIAN_POINT('',(-15.7498696682,-44.,265.84079372639));
#336 = CARTESIAN_POINT('',(-16.05061653538,-44.,265.18399206035));
#337 = CARTESIAN_POINT('',(-16.61038713344,-44.,263.79668040459));
#338 = CARTESIAN_POINT('',(-16.86517991275,-44.,263.06416741369));
#339 = CARTESIAN_POINT('',(-17.08490322098,-44.,262.31585318405));
#340 = CARTESIAN_POINT('',(-17.26896823383,-44.,261.55197025678));
#341 = CARTESIAN_POINT('',(-17.41693105184,-44.,260.77291529208));
#342 = CARTESIAN_POINT('',(-17.52852620813,-44.,259.97933564391));
#343 = CARTESIAN_POINT('',(-17.69907481145,-44.,258.14932921499));
#344 = CARTESIAN_POINT('',(-17.73600161132,-44.,257.10455025028));
#345 = CARTESIAN_POINT('',(-17.71448240952,-44.,256.03987446329));
#346 = CARTESIAN_POINT('',(-17.63519358385,-44.,254.95770344977));
#347 = CARTESIAN_POINT('',(-17.49954813277,-44.,253.86080536988));
#348 = CARTESIAN_POINT('',(-17.30958757051,-44.,252.75203616351));
#349 = CARTESIAN_POINT('',(-17.06780744749,-44.,251.63422932371));
#350 = PCURVE('',#72,#351);
#351 = DEFINITIONAL_REPRESENTATION('',(#352),#385);
#352 = B_SPLINE_CURVE_WITH_KNOTS('',7,(#353,#354,#355,#356,#357,#358,
    #359,#360,#361,#362,#363,#364,#365,#366,#367,#368,#369,#370,#371,
    #372,#373,#374,#375,#376,#377,#378,#379,#380,#381,#382,#383,#384),
  .UNSPECIFIED.,.F.,.F.,(8,6,6,6,6,8),(0.,0.268324543233,0.281974386802,
    0.491810553967,0.715954920925,1.),.UNSPECIFIED.);
#353 = CARTESIAN_POINT('',(15.202667356567,-44.51626392021));
#354 = CARTESIAN_POINT('',(14.606686867565,-45.29589677024));
#355 = CARTESIAN_POINT('',(13.985382551557,-46.04941900865));
#356 = CARTESIAN_POINT('',(13.338984207692,-46.77396131524));
#357 = CARTESIAN_POINT('',(12.667821495845,-47.46638557743));
#358 = CARTESIAN_POINT('',(11.972388044751,-48.12332899486));
#359 = CARTESIAN_POINT('',(11.253349940402,-48.74130523697));
#360 = CARTESIAN_POINT('',(10.473760135545,-49.34614163239));
#361 = CARTESIAN_POINT('',(10.435962555582,-49.37531089037));
#362 = CARTESIAN_POINT('',(10.398102944063,-49.40437237405));
#363 = CARTESIAN_POINT('',(10.360183043707,-49.43332446861));
#364 = CARTESIAN_POINT('',(10.322203372503,-49.46216649838));
#365 = CARTESIAN_POINT('',(10.28416246191,-49.49089931045));
#366 = CARTESIAN_POINT('',(9.660338722104,-49.95953160771));
#367 = CARTESIAN_POINT('',(9.060305994439,-50.3735419011));
#368 = CARTESIAN_POINT('',(8.446006200755,-50.76051696369));
#369 = CARTESIAN_POINT('',(7.817492782514,-51.1195278336));
#370 = CARTESIAN_POINT('',(7.174808174783,-51.44975897935));
#371 = CARTESIAN_POINT('',(6.518006508737,-51.75050584653));
#372 = CARTESIAN_POINT('',(5.130694852981,-52.31027644458));
#373 = CARTESIAN_POINT('',(4.398181862082,-52.5650692239));
#374 = CARTESIAN_POINT('',(3.64986763244,-52.78479253213));
#375 = CARTESIAN_POINT('',(2.885984705167,-52.96885754497));
#376 = CARTESIAN_POINT('',(2.106929740471,-53.11682036298));
#377 = CARTESIAN_POINT('',(1.313350092302,-53.22841551927));
#378 = CARTESIAN_POINT('',(-0.516656336622,-53.39896412259));
#379 = CARTESIAN_POINT('',(-1.561435301332,-53.43589092246));
#380 = CARTESIAN_POINT('',(-2.62611108832,-53.41437172066));
#381 = CARTESIAN_POINT('',(-3.708282101837,-53.33508289499));
#382 = CARTESIAN_POINT('',(-4.805180181729,-53.19943744392));
#383 = CARTESIAN_POINT('',(-5.913949388104,-53.00947688165));
#384 = CARTESIAN_POINT('',(-7.031756227902,-52.76769675864));
#385 = ( GEOMETRIC_REPRESENTATION_CONTEXT(2) 
PARAMETRIC_REPRESENTATION_CONTEXT() REPRESENTATION_CONTEXT('2D SPACE',''
  ) );
#386 = ORIENTED_EDGE('',*,*,#387,.T.);
#387 = EDGE_CURVE('',#314,#388,#390,.T.);
#388 = VERTEX_POINT('',#389);
#389 = CARTESIAN_POINT('',(-9.401081969282,-44.,238.53839735483));
#390 = SURFACE_CURVE('',#391,(#414),.PCURVE_S1.);
#391 = B_SPLINE_CURVE_WITH_KNOTS('',6,(#392,#393,#394,#395,#396,#397,
    #398,#399,#400,#401,#402,#403,#404,#405,#406,#407,#408,#409,#410,
    #411,#412,#413),.UNSPECIFIED.,.F.,.F.,(7,5,5,5,7),(0.,0.27294610737,
    0.527256329706,0.767445355183,1.),.UNSPECIFIED.);
#392 = CARTESIAN_POINT('',(-17.06780744749,-44.,251.63422932371));
#393 = CARTESIAN_POINT('',(-16.89758886353,-44.,250.84726844768));
#394 = CARTESIAN_POINT('',(-16.71013446071,-44.,250.07324044888));
#395 = CARTESIAN_POINT('',(-16.50476271494,-44.,249.31346928989));
#396 = CARTESIAN_POINT('',(-16.28081238664,-44.,248.56947507501));
#397 = CARTESIAN_POINT('',(-16.0376835552,-44.,247.84295793068));
#398 = CARTESIAN_POINT('',(-15.53004049347,-44.,246.47677023066));
#399 = CARTESIAN_POINT('',(-15.2681203453,-44.,245.83455866278));
#400 = CARTESIAN_POINT('',(-14.98874487968,-44.,245.21056064424));
#401 = CARTESIAN_POINT('',(-14.69161878598,-44.,244.60633541796));
#402 = CARTESIAN_POINT('',(-14.37658183113,-44.,244.02345240439));
#403 = CARTESIAN_POINT('',(-13.72909979366,-44.,242.93434861371));
#404 = CARTESIAN_POINT('',(-13.39858625631,-44.,242.42565744538));
#405 = CARTESIAN_POINT('',(-13.05202922907,-44.,241.93850382291));
#406 = CARTESIAN_POINT('',(-12.689479968,-44.,241.47397222495));
#407 = CARTESIAN_POINT('',(-12.3110143015,-44.,241.03289392691));
#408 = CARTESIAN_POINT('',(-11.53483110637,-44.,240.21207092003));
#409 = CARTESIAN_POINT('',(-11.13810078675,-44.,239.83081441418));
#410 = CARTESIAN_POINT('',(-10.72647481719,-44.,239.47261100356));
#411 = CARTESIAN_POINT('',(-10.29989362858,-44.,239.13773747326));
#412 = CARTESIAN_POINT('',(-9.858156322315,-44.,238.82630516517));
#413 = CARTESIAN_POINT('',(-9.401081969282,-44.,238.53839735483));
#414 = PCURVE('',#72,#415);
#415 = DEFINITIONAL_REPRESENTATION('',(#416),#439);
#416 = B_SPLINE_CURVE_WITH_KNOTS('',6,(#417,#418,#419,#420,#421,#422,
    #423,#424,#425,#426,#427,#428,#429,#430,#431,#432,#433,#434,#435,
    #436,#437,#438),.UNSPECIFIED.,.F.,.F.,(7,5,5,5,7),(0.,0.27294610737,
    0.527256329706,0.767445355183,1.),.UNSPECIFIED.);
#417 = CARTESIAN_POINT('',(-7.031756227902,-52.76769675864));
#418 = CARTESIAN_POINT('',(-7.818717103926,-52.59747817468));
#419 = CARTESIAN_POINT('',(-8.592745102732,-52.41002377186));
#420 = CARTESIAN_POINT('',(-9.35251626172,-52.20465202609));
#421 = CARTESIAN_POINT('',(-10.09651047659,-51.98070169778));
#422 = CARTESIAN_POINT('',(-10.82302762093,-51.73757286634));
#423 = CARTESIAN_POINT('',(-12.18921532094,-51.22992980462));
#424 = CARTESIAN_POINT('',(-12.83142688883,-50.96800965644));
#425 = CARTESIAN_POINT('',(-13.45542490737,-50.68863419083));
#426 = CARTESIAN_POINT('',(-14.05965013364,-50.39150809713));
#427 = CARTESIAN_POINT('',(-14.64253314722,-50.07647114227));
#428 = CARTESIAN_POINT('',(-15.73163693789,-49.42898910481));
#429 = CARTESIAN_POINT('',(-16.24032810622,-49.09847556746));
#430 = CARTESIAN_POINT('',(-16.7274817287,-48.75191854021));
#431 = CARTESIAN_POINT('',(-17.19201332666,-48.38936927914));
#432 = CARTESIAN_POINT('',(-17.63309162469,-48.01090361265));
#433 = CARTESIAN_POINT('',(-18.45391463158,-47.23472041752));
#434 = CARTESIAN_POINT('',(-18.83517113743,-46.8379900979));
#435 = CARTESIAN_POINT('',(-19.19337454805,-46.42636412834));
#436 = CARTESIAN_POINT('',(-19.52824807835,-45.99978293973));
#437 = CARTESIAN_POINT('',(-19.83968038643,-45.55804563345));
#438 = CARTESIAN_POINT('',(-20.12758819677,-45.10097128042));
#439 = ( GEOMETRIC_REPRESENTATION_CONTEXT(2) 
PARAMETRIC_REPRESENTATION_CONTEXT() REPRESENTATION_CONTEXT('2D SPACE',''
  ) );
#440 = ORIENTED_EDGE('',*,*,#441,.T.);
#441 = EDGE_CURVE('',#388,#442,#444,.T.);
#442 = VERTEX_POINT('',#443);
#443 = CARTESIAN_POINT('',(12.828177939495,-44.,235.99507548811));
#444 = SURFACE_CURVE('',#445,(#483),.PCURVE_S1.);
#445 = B_SPLINE_CURVE_WITH_KNOTS('',8,(#446,#447,#448,#449,#450,#451,
    #452,#453,#454,#455,#456,#457,#458,#459,#460,#461,#462,#463,#464,
    #465,#466,#467,#468,#469,#470,#471,#472,#473,#474,#475,#476,#477,
    #478,#479,#480,#481,#482),.UNSPECIFIED.,.F.,.F.,(9,7,7,7,7,9),(0.,
    0.287996686968,0.595590132637,0.860967375521,0.966027793782,1.),
  .UNSPECIFIED.);
#446 = CARTESIAN_POINT('',(-9.401081969282,-44.,238.53839735483));
#447 = CARTESIAN_POINT('',(-8.800337490773,-44.,238.15999277747));
#448 = CARTESIAN_POINT('',(-8.169037516991,-44.,237.81693729155));
#449 = CARTESIAN_POINT('',(-7.50852341268,-44.,237.5076605527));
#450 = CARTESIAN_POINT('',(-6.82075478479,-44.,237.23076055802));
#451 = CARTESIAN_POINT('',(-6.108370153892,-44.,236.98480491669));
#452 = CARTESIAN_POINT('',(-5.374129863114,-44.,236.76809612439));
#453 = CARTESIAN_POINT('',(-4.620720254994,-44.,236.57882404591));
#454 = CARTESIAN_POINT('',(-3.028074271826,-44.,236.24021793741));
#455 = CARTESIAN_POINT('',(-2.186506338443,-44.,236.09448235744));
#456 = CARTESIAN_POINT('',(-1.32872915201,-44.,235.97554024999));
#457 = CARTESIAN_POINT('',(-0.457365989436,-44.,235.88100068607));
#458 = CARTESIAN_POINT('',(0.425296000052,-44.,235.80849650375));
#459 = CARTESIAN_POINT('',(1.317326225898,-44.,235.75573796387));
#460 = CARTESIAN_POINT('',(2.217127446557,-44.,235.72054184697));
#461 = CARTESIAN_POINT('',(3.905345568884,-44.,235.68381958537));
#462 = CARTESIAN_POINT('',(4.69202902441,-44.,235.67833694222));
#463 = CARTESIAN_POINT('',(5.482622882361,-44.,235.6830416574));
#464 = CARTESIAN_POINT('',(6.276368694419,-44.,235.69665303458));
#465 = CARTESIAN_POINT('',(7.072595460397,-44.,235.7179400635));
#466 = CARTESIAN_POINT('',(7.870709525772,-44.,235.74571153171));
#467 = CARTESIAN_POINT('',(8.670186018979,-44.,235.77880415575));
#468 = CARTESIAN_POINT('',(9.787423275946,-44.,235.83082143577));
#469 = CARTESIAN_POINT('',(10.104422836687,-44.,235.84622787514));
#470 = CARTESIAN_POINT('',(10.421530467607,-44.,235.86221665392));
#471 = CARTESIAN_POINT('',(10.738716988372,-44.,235.8787166845));
#472 = CARTESIAN_POINT('',(11.055954025328,-44.,235.89565703485));
#473 = CARTESIAN_POINT('',(11.37321395544,-44.,235.91296677573));
#474 = CARTESIAN_POINT('',(11.690469850233,-44.,235.93057482794));
#475 = CARTESIAN_POINT('',(12.110273085443,-44.,235.95417690707));
#476 = CARTESIAN_POINT('',(12.212847568476,-44.,235.95996773111));
#477 = CARTESIAN_POINT('',(12.31541797559,-44.,235.96577986892));
#478 = CARTESIAN_POINT('',(12.417983418267,-44.,235.97161090303));
#479 = CARTESIAN_POINT('',(12.520543012712,-44.,235.97745841125));
#480 = CARTESIAN_POINT('',(12.623095879849,-44.,235.98331996668));
#481 = CARTESIAN_POINT('',(12.725641145322,-44.,235.98919313773));
#482 = CARTESIAN_POINT('',(12.828177939495,-44.,235.99507548811));
#483 = PCURVE('',#72,#484);
#484 = DEFINITIONAL_REPRESENTATION('',(#485),#523);
#485 = B_SPLINE_CURVE_WITH_KNOTS('',8,(#486,#487,#488,#489,#490,#491,
    #492,#493,#494,#495,#496,#497,#498,#499,#500,#501,#502,#503,#504,
    #505,#506,#507,#508,#509,#510,#511,#512,#513,#514,#515,#516,#517,
    #518,#519,#520,#521,#522),.UNSPECIFIED.,.F.,.F.,(9,7,7,7,7,9),(0.,
    0.287996686968,0.595590132637,0.860967375521,0.966027793782,1.),
  .UNSPECIFIED.);
#486 = CARTESIAN_POINT('',(-20.12758819677,-45.10097128042));
#487 = CARTESIAN_POINT('',(-20.50599277413,-44.50022680191));
#488 = CARTESIAN_POINT('',(-20.84904826006,-43.86892682813));
#489 = CARTESIAN_POINT('',(-21.15832499891,-43.20841272382));
#490 = CARTESIAN_POINT('',(-21.43522499359,-42.52064409593));
#491 = CARTESIAN_POINT('',(-21.68118063492,-41.80825946503));
#492 = CARTESIAN_POINT('',(-21.89788942721,-41.07401917425));
#493 = CARTESIAN_POINT('',(-22.08716150569,-40.32060956613));
#494 = CARTESIAN_POINT('',(-22.4257676142,-38.72796358297));
#495 = CARTESIAN_POINT('',(-22.57150319417,-37.88639564958));
#496 = CARTESIAN_POINT('',(-22.69044530162,-37.02861846315));
#497 = CARTESIAN_POINT('',(-22.78498486554,-36.15725530058));
#498 = CARTESIAN_POINT('',(-22.85748904786,-35.27459331109));
#499 = CARTESIAN_POINT('',(-22.91024758774,-34.38256308524));
#500 = CARTESIAN_POINT('',(-22.94544370464,-33.48276186458));
#501 = CARTESIAN_POINT('',(-22.98216596624,-31.79454374226));
#502 = CARTESIAN_POINT('',(-22.98764860938,-31.00786028673));
#503 = CARTESIAN_POINT('',(-22.9829438942,-30.21726642878));
#504 = CARTESIAN_POINT('',(-22.96933251703,-29.42352061672));
#505 = CARTESIAN_POINT('',(-22.94804548811,-28.62729385074));
#506 = CARTESIAN_POINT('',(-22.92027401989,-27.82917978537));
#507 = CARTESIAN_POINT('',(-22.88718139586,-27.02970329216));
#508 = CARTESIAN_POINT('',(-22.83516411583,-25.91246603519));
#509 = CARTESIAN_POINT('',(-22.81975767646,-25.59546647445));
#510 = CARTESIAN_POINT('',(-22.80376889769,-25.27835884353));
#511 = CARTESIAN_POINT('',(-22.78726886711,-24.96117232277));
#512 = CARTESIAN_POINT('',(-22.77032851676,-24.64393528581));
#513 = CARTESIAN_POINT('',(-22.75301877588,-24.3266753557));
#514 = CARTESIAN_POINT('',(-22.73541072367,-24.00941946091));
#515 = CARTESIAN_POINT('',(-22.71180864454,-23.5896162257));
#516 = CARTESIAN_POINT('',(-22.7060178205,-23.48704174266));
#517 = CARTESIAN_POINT('',(-22.70020568268,-23.38447133555));
#518 = CARTESIAN_POINT('',(-22.69437464857,-23.28190589287));
#519 = CARTESIAN_POINT('',(-22.68852714036,-23.17934629843));
#520 = CARTESIAN_POINT('',(-22.68266558493,-23.07679343129));
#521 = CARTESIAN_POINT('',(-22.67679241387,-22.97424816582));
#522 = CARTESIAN_POINT('',(-22.67091006349,-22.87171137164));
#523 = ( GEOMETRIC_REPRESENTATION_CONTEXT(2) 
PARAMETRIC_REPRESENTATION_CONTEXT() REPRESENTATION_CONTEXT('2D SPACE',''
  ) );
#524 = ORIENTED_EDGE('',*,*,#525,.T.);
#525 = EDGE_CURVE('',#442,#526,#528,.T.);
#526 = VERTEX_POINT('',#527);
#527 = CARTESIAN_POINT('',(49.237587609805,-44.,244.48973614265));
#528 = SURFACE_CURVE('',#529,(#582),.PCURVE_S1.);
#529 = B_SPLINE_CURVE_WITH_KNOTS('',6,(#530,#531,#532,#533,#534,#535,
    #536,#537,#538,#539,#540,#541,#542,#543,#544,#545,#546,#547,#548,
    #549,#550,#551,#552,#553,#554,#555,#556,#557,#558,#559,#560,#561,
    #562,#563,#564,#565,#566,#567,#568,#569,#570,#571,#572,#573,#574,
    #575,#576,#577,#578,#579,#580,#581),.UNSPECIFIED.,.F.,.F.,(7,5,5,5,5
    ,5,5,5,5,5,7),(0.,0.310978411849,0.609872359772,0.725446224157,
    0.783457129944,0.812078705838,0.826918346823,0.833849672135,
    0.841775537613,0.968088737543,1.),.UNSPECIFIED.);
#530 = CARTESIAN_POINT('',(12.828177939495,-44.,235.99507548811));
#531 = CARTESIAN_POINT('',(14.863896785254,-44.,236.11186099542));
#532 = CARTESIAN_POINT('',(16.882091261839,-44.,236.2316411879));
#533 = CARTESIAN_POINT('',(18.882521291757,-44.,236.3626608987));
#534 = CARTESIAN_POINT('',(20.864819264514,-44.,236.51375774894));
#535 = CARTESIAN_POINT('',(22.828555063962,-44.,236.69424276292));
#536 = CARTESIAN_POINT('',(26.64271752186,-44.,237.12433367181));
#537 = CARTESIAN_POINT('',(28.494489588407,-44.,237.37097090648));
#538 = CARTESIAN_POINT('',(30.328435250055,-44.,237.66182541441));
#539 = CARTESIAN_POINT('',(32.144005224324,-44.,238.0053266317));
#540 = CARTESIAN_POINT('',(33.940703455859,-44.,238.4095973733));
#541 = CARTESIAN_POINT('',(36.405358929733,-44.,239.06448718369));
#542 = CARTESIAN_POINT('',(37.089732171505,-44.,239.25726846948));
#543 = CARTESIAN_POINT('',(37.771182355495,-44.,239.46063244816));
#544 = CARTESIAN_POINT('',(38.449679197304,-44.,239.67497524857));
#545 = CARTESIAN_POINT('',(39.125190531937,-44.,239.90066644723));
#546 = CARTESIAN_POINT('',(40.135229038807,-44.,240.25719137197));
#547 = CARTESIAN_POINT('',(40.472016213333,-44.,240.37928369664));
#548 = CARTESIAN_POINT('',(40.808037765059,-44.,240.50436275953));
#549 = CARTESIAN_POINT('',(41.143288953878,-44.,240.63246902646));
#550 = CARTESIAN_POINT('',(41.477764770486,-44.,240.76364069507));
#551 = CARTESIAN_POINT('',(41.976099350071,-44.,240.9641616667));
#552 = CARTESIAN_POINT('',(42.14054873037,-44.,241.03116457415));
#553 = CARTESIAN_POINT('',(42.304807440037,-44.,241.0989267215));
#554 = CARTESIAN_POINT('',(42.468874821211,-44.,241.16745226138));
#555 = CARTESIAN_POINT('',(42.632750195418,-44.,241.23674519469));
#556 = CARTESIAN_POINT('',(42.881298631953,-44.,241.34313606426));
#557 = CARTESIAN_POINT('',(42.966112597281,-44.,241.37967008208));
#558 = CARTESIAN_POINT('',(43.050874662028,-44.,241.4164119603));
#559 = CARTESIAN_POINT('',(43.13558472704,-44.,241.45336222349));
#560 = CARTESIAN_POINT('',(43.220242691535,-44.,241.49052138469));
#561 = CARTESIAN_POINT('',(43.344366259312,-44.,241.54534411765));
#562 = CARTESIAN_POINT('',(43.383879427825,-44.,241.56284695549));
#563 = CARTESIAN_POINT('',(43.423388009852,-44.,241.58039856968));
#564 = CARTESIAN_POINT('',(43.462892056601,-44.,241.59799907121));
#565 = CARTESIAN_POINT('',(43.502391619278,-44.,241.61564857121));
#566 = CARTESIAN_POINT('',(43.587048831629,-44.,241.65358527315));
#567 = CARTESIAN_POINT('',(43.632199497497,-44.,241.67388496981));
#568 = CARTESIAN_POINT('',(43.677330314649,-44.,241.69424277253));
#569 = CARTESIAN_POINT('',(43.722441174377,-44.,241.71465873168));
#570 = CARTESIAN_POINT('',(43.767540291306,-44.,241.73513644646));
#571 = CARTESIAN_POINT('',(44.53145774884,-44.,242.08313110626));
#572 = CARTESIAN_POINT('',(45.250803149108,-44.,242.42770355276));
#573 = CARTESIAN_POINT('',(45.970744896806,-44.,242.7858872336));
#574 = CARTESIAN_POINT('',(46.691552699197,-44.,243.15439912328));
#575 = CARTESIAN_POINT('',(47.413692908278,-44.,243.53018098967));
#576 = CARTESIAN_POINT('',(48.320773601521,-44.,244.00634913461));
#577 = CARTESIAN_POINT('',(48.503842847998,-44.,244.10266132377));
#578 = CARTESIAN_POINT('',(48.687048140603,-44.,244.19920305178));
#579 = CARTESIAN_POINT('',(48.870399968133,-44.,244.2959272319));
#580 = CARTESIAN_POINT('',(49.053909304716,-44.,244.39278708561));
#581 = CARTESIAN_POINT('',(49.237587609805,-44.,244.48973614265));
#582 = PCURVE('',#72,#583);
#583 = DEFINITIONAL_REPRESENTATION('',(#584),#637);
#584 = B_SPLINE_CURVE_WITH_KNOTS('',6,(#585,#586,#587,#588,#589,#590,
    #591,#592,#593,#594,#595,#596,#597,#598,#599,#600,#601,#602,#603,
    #604,#605,#606,#607,#608,#609,#610,#611,#612,#613,#614,#615,#616,
    #617,#618,#619,#620,#621,#622,#623,#624,#625,#626,#627,#628,#629,
    #630,#631,#632,#633,#634,#635,#636),.UNSPECIFIED.,.F.,.F.,(7,5,5,5,5
    ,5,5,5,5,5,7),(0.,0.310978411849,0.609872359772,0.725446224157,
    0.783457129944,0.812078705838,0.826918346823,0.833849672135,
    0.841775537613,0.968088737543,1.),.UNSPECIFIED.);
#585 = CARTESIAN_POINT('',(-22.67091006349,-22.87171137164));
#586 = CARTESIAN_POINT('',(-22.55412455618,-20.83599252589));
#587 = CARTESIAN_POINT('',(-22.43434436371,-18.8177980493));
#588 = CARTESIAN_POINT('',(-22.30332465291,-16.81736801938));
#589 = CARTESIAN_POINT('',(-22.15222780267,-14.83507004663));
#590 = CARTESIAN_POINT('',(-21.97174278868,-12.87133424718));
#591 = CARTESIAN_POINT('',(-21.54165187979,-9.057171789284));
#592 = CARTESIAN_POINT('',(-21.29501464512,-7.205399722738));
#593 = CARTESIAN_POINT('',(-21.0041601372,-5.371454061089));
#594 = CARTESIAN_POINT('',(-20.66065891991,-3.55588408682));
#595 = CARTESIAN_POINT('',(-20.2563881783,-1.759185855285));
#596 = CARTESIAN_POINT('',(-19.60149836791,0.705469618588));
#597 = CARTESIAN_POINT('',(-19.40871708213,1.389842860361));
#598 = CARTESIAN_POINT('',(-19.20535310344,2.07129304435));
#599 = CARTESIAN_POINT('',(-18.99101030304,2.74978988616));
#600 = CARTESIAN_POINT('',(-18.76531910438,3.425301220793));
#601 = CARTESIAN_POINT('',(-18.40879417964,4.435339727662));
#602 = CARTESIAN_POINT('',(-18.28670185497,4.772126902188));
#603 = CARTESIAN_POINT('',(-18.16162279208,5.108148453915));
#604 = CARTESIAN_POINT('',(-18.03351652515,5.443399642734));
#605 = CARTESIAN_POINT('',(-17.90234485654,5.777875459342));
#606 = CARTESIAN_POINT('',(-17.70182388491,6.276210038927));
#607 = CARTESIAN_POINT('',(-17.63482097746,6.440659419226));
#608 = CARTESIAN_POINT('',(-17.5670588301,6.604918128892));
#609 = CARTESIAN_POINT('',(-17.49853329023,6.768985510067));
#610 = CARTESIAN_POINT('',(-17.42924035692,6.932860884274));
#611 = CARTESIAN_POINT('',(-17.32284948735,7.181409320809));
#612 = CARTESIAN_POINT('',(-17.28631546952,7.266223286137));
#613 = CARTESIAN_POINT('',(-17.24957359131,7.350985350884));
#614 = CARTESIAN_POINT('',(-17.21262332811,7.435695415896));
#615 = CARTESIAN_POINT('',(-17.17546416691,7.520353380391));
#616 = CARTESIAN_POINT('',(-17.12064143396,7.644476948167));
#617 = CARTESIAN_POINT('',(-17.10313859612,7.683990116681));
#618 = CARTESIAN_POINT('',(-17.08558698192,7.723498698708));
#619 = CARTESIAN_POINT('',(-17.0679864804,7.763002745457));
#620 = CARTESIAN_POINT('',(-17.0503369804,7.802502308134));
#621 = CARTESIAN_POINT('',(-17.01240027845,7.887159520485));
#622 = CARTESIAN_POINT('',(-16.99210058179,7.932310186353));
#623 = CARTESIAN_POINT('',(-16.97174277908,7.977441003505));
#624 = CARTESIAN_POINT('',(-16.95132681993,8.022551863233));
#625 = CARTESIAN_POINT('',(-16.93084910514,8.067650980161));
#626 = CARTESIAN_POINT('',(-16.58285444535,8.831568437696));
#627 = CARTESIAN_POINT('',(-16.23828199885,9.550913837963));
#628 = CARTESIAN_POINT('',(-15.88009831801,10.270855585662));
#629 = CARTESIAN_POINT('',(-15.51158642833,10.991663388052));
#630 = CARTESIAN_POINT('',(-15.13580456193,11.713803597133));
#631 = CARTESIAN_POINT('',(-14.659636417,12.620884290377));
#632 = CARTESIAN_POINT('',(-14.56332422783,12.803953536854));
#633 = CARTESIAN_POINT('',(-14.46678249982,12.987158829459));
#634 = CARTESIAN_POINT('',(-14.37005831971,13.170510656989));
#635 = CARTESIAN_POINT('',(-14.27319846599,13.354019993572));
#636 = CARTESIAN_POINT('',(-14.17624940896,13.53769829866));
#637 = ( GEOMETRIC_REPRESENTATION_CONTEXT(2) 
PARAMETRIC_REPRESENTATION_CONTEXT() REPRESENTATION_CONTEXT('2D SPACE',''
  ) );
#638 = ORIENTED_EDGE('',*,*,#639,.T.);
#639 = EDGE_CURVE('',#526,#640,#642,.T.);
#640 = VERTEX_POINT('',#641);
#641 = CARTESIAN_POINT('',(63.688600044484,-44.,249.98379457531));
#642 = SURFACE_CURVE('',#643,(#666),.PCURVE_S1.);
#643 = B_SPLINE_CURVE_WITH_KNOTS('',6,(#644,#645,#646,#647,#648,#649,
    #650,#651,#652,#653,#654,#655,#656,#657,#658,#659,#660,#661,#662,
    #663,#664,#665),.UNSPECIFIED.,.F.,.F.,(7,5,5,5,7),(0.,0.328778825033
    ,0.589731390734,0.851571970217,1.),.UNSPECIFIED.);
#644 = CARTESIAN_POINT('',(49.237587609805,-44.,244.48973614265));
#645 = CARTESIAN_POINT('',(49.982164755215,-44.,244.88273874631));
#646 = CARTESIAN_POINT('',(50.729496171442,-44.,245.2771951792));
#647 = CARTESIAN_POINT('',(51.48038744036,-44.,245.67002831471));
#648 = CARTESIAN_POINT('',(52.235696075849,-44.,246.05817877396));
#649 = CARTESIAN_POINT('',(52.99634766651,-44.,246.43850390313));
#650 = CARTESIAN_POINT('',(54.37212526739,-44.,247.10069015215));
#651 = CARTESIAN_POINT('',(54.984879089104,-44.,247.38666718658));
#652 = CARTESIAN_POINT('',(55.602114695481,-44.,247.66394548705));
#653 = CARTESIAN_POINT('',(56.224312610567,-44.,247.93075740492));
#654 = CARTESIAN_POINT('',(56.85191812212,-44.,248.18521030354));
#655 = CARTESIAN_POINT('',(58.120890814953,-44.,248.66614030545));
#656 = CARTESIAN_POINT('',(58.762272927047,-44.,248.89251044051));
#657 = CARTESIAN_POINT('',(59.409874407864,-44.,249.10232370144));
#658 = CARTESIAN_POINT('',(60.063951124201,-44.,249.29335289565));
#659 = CARTESIAN_POINT('',(60.724568521688,-44.,249.463201478));
#660 = CARTESIAN_POINT('',(61.769551198715,-44.,249.69229913662));
#661 = CARTESIAN_POINT('',(62.149629131095,-44.,249.76758675575));
#662 = CARTESIAN_POINT('',(62.53168079494,-44.,249.8348313141));
#663 = CARTESIAN_POINT('',(62.915620519831,-44.,249.89357791397));
#664 = CARTESIAN_POINT('',(63.301319400461,-44.,249.94337651958));
#665 = CARTESIAN_POINT('',(63.688600044484,-44.,249.98379457531));
#666 = PCURVE('',#72,#667);
#667 = DEFINITIONAL_REPRESENTATION('',(#668),#691);
#668 = B_SPLINE_CURVE_WITH_KNOTS('',6,(#669,#670,#671,#672,#673,#674,
    #675,#676,#677,#678,#679,#680,#681,#682,#683,#684,#685,#686,#687,
    #688,#689,#690),.UNSPECIFIED.,.F.,.F.,(7,5,5,5,7),(0.,0.328778825033
    ,0.589731390734,0.851571970217,1.),.UNSPECIFIED.);
#669 = CARTESIAN_POINT('',(-14.17624940896,13.53769829866));
#670 = CARTESIAN_POINT('',(-13.78324680529,14.28227544407));
#671 = CARTESIAN_POINT('',(-13.38879037241,15.029606860298));
#672 = CARTESIAN_POINT('',(-12.9959572369,15.780498129216));
#673 = CARTESIAN_POINT('',(-12.60780677765,16.535806764705));
#674 = CARTESIAN_POINT('',(-12.22748164847,17.296458355366));
#675 = CARTESIAN_POINT('',(-11.56529539946,18.672235956245));
#676 = CARTESIAN_POINT('',(-11.27931836503,19.28498977796));
#677 = CARTESIAN_POINT('',(-11.00204006455,19.902225384337));
#678 = CARTESIAN_POINT('',(-10.73522814668,20.524423299422));
#679 = CARTESIAN_POINT('',(-10.48077524807,21.152028810976));
#680 = CARTESIAN_POINT('',(-9.999845246156,22.421001503808));
#681 = CARTESIAN_POINT('',(-9.773475111101,23.062383615902));
#682 = CARTESIAN_POINT('',(-9.563661850166,23.70998509672));
#683 = CARTESIAN_POINT('',(-9.372632655957,24.364061813056));
#684 = CARTESIAN_POINT('',(-9.202784073614,25.024679210544));
#685 = CARTESIAN_POINT('',(-8.973686414986,26.069661887571));
#686 = CARTESIAN_POINT('',(-8.898398795865,26.449739819951));
#687 = CARTESIAN_POINT('',(-8.831154237514,26.831791483795));
#688 = CARTESIAN_POINT('',(-8.772407637637,27.215731208687));
#689 = CARTESIAN_POINT('',(-8.722609032029,27.601430089317));
#690 = CARTESIAN_POINT('',(-8.682190976295,27.98871073334));
#691 = ( GEOMETRIC_REPRESENTATION_CONTEXT(2) 
PARAMETRIC_REPRESENTATION_CONTEXT() REPRESENTATION_CONTEXT('2D SPACE',''
  ) );
#692 = ORIENTED_EDGE('',*,*,#693,.T.);
#693 = EDGE_CURVE('',#640,#694,#696,.T.);
#694 = VERTEX_POINT('',#695);
#695 = CARTESIAN_POINT('',(74.371663745933,-44.,248.98468381494));
#696 = SURFACE_CURVE('',#697,(#720),.PCURVE_S1.);
#697 = B_SPLINE_CURVE_WITH_KNOTS('',6,(#698,#699,#700,#701,#702,#703,
    #704,#705,#706,#707,#708,#709,#710,#711,#712,#713,#714,#715,#716,
    #717,#718,#719),.UNSPECIFIED.,.F.,.F.,(7,5,5,5,7),(0.,0.338060690945
    ,0.668253020634,0.912742235489,1.),.UNSPECIFIED.);
#698 = CARTESIAN_POINT('',(63.688600044484,-44.,249.98379457531));
#699 = CARTESIAN_POINT('',(64.309664206952,-44.,250.04861115296));
#700 = CARTESIAN_POINT('',(64.930001423572,-44.,250.08880368431));
#701 = CARTESIAN_POINT('',(65.548472342977,-44.,250.10607124878));
#702 = CARTESIAN_POINT('',(66.164261712299,-44.,250.10250666265));
#703 = CARTESIAN_POINT('',(66.776912488461,-44.,250.08036061063));
#704 = CARTESIAN_POINT('',(67.981412010145,-44.,250.00433769382));
#705 = CARTESIAN_POINT('',(68.573402296688,-44.,249.95121212013));
#706 = CARTESIAN_POINT('',(69.162088385402,-44.,249.88463918311));
#707 = CARTESIAN_POINT('',(69.747546430023,-44.,249.80675016612));
#708 = CARTESIAN_POINT('',(70.330002657668,-44.,249.71960330437));
#709 = CARTESIAN_POINT('',(71.339102121712,-44.,249.55525405148));
#710 = CARTESIAN_POINT('',(71.766939843784,-44.,249.48134276353));
#711 = CARTESIAN_POINT('',(72.193443362409,-44.,249.40424304523));
#712 = CARTESIAN_POINT('',(72.618760078044,-44.,249.3247353001));
#713 = CARTESIAN_POINT('',(73.043047359274,-44.,249.24357776796));
#714 = CARTESIAN_POINT('',(73.617586971863,-44.,249.13221610745));
#715 = CARTESIAN_POINT('',(73.768594670421,-44.,249.10280894763));
#716 = CARTESIAN_POINT('',(73.919499008997,-44.,249.07331906244));
#717 = CARTESIAN_POINT('',(74.070307196164,-44.,249.04377967877));
#718 = CARTESIAN_POINT('',(74.221026399569,-44.,249.01422372178));
#719 = CARTESIAN_POINT('',(74.371663745933,-44.,248.98468381494));
#720 = PCURVE('',#72,#721);
#721 = DEFINITIONAL_REPRESENTATION('',(#722),#745);
#722 = B_SPLINE_CURVE_WITH_KNOTS('',6,(#723,#724,#725,#726,#727,#728,
    #729,#730,#731,#732,#733,#734,#735,#736,#737,#738,#739,#740,#741,
    #742,#743,#744),.UNSPECIFIED.,.F.,.F.,(7,5,5,5,7),(0.,0.338060690945
    ,0.668253020634,0.912742235489,1.),.UNSPECIFIED.);
#723 = CARTESIAN_POINT('',(-8.682190976295,27.98871073334));
#724 = CARTESIAN_POINT('',(-8.617374398652,28.609774895808));
#725 = CARTESIAN_POINT('',(-8.577181867305,29.230112112428));
#726 = CARTESIAN_POINT('',(-8.559914302829,29.848583031833));
#727 = CARTESIAN_POINT('',(-8.563478888961,30.464372401155));
#728 = CARTESIAN_POINT('',(-8.585624940976,31.077023177317));
#729 = CARTESIAN_POINT('',(-8.66164785779,32.281522699001));
#730 = CARTESIAN_POINT('',(-8.714773431478,32.873512985544));
#731 = CARTESIAN_POINT('',(-8.781346368495,33.462199074258));
#732 = CARTESIAN_POINT('',(-8.859235385487,34.047657118878));
#733 = CARTESIAN_POINT('',(-8.946382247241,34.630113346524));
#734 = CARTESIAN_POINT('',(-9.110731500133,35.639212810568));
#735 = CARTESIAN_POINT('',(-9.184642788078,36.067050532639));
#736 = CARTESIAN_POINT('',(-9.261742506378,36.493554051265));
#737 = CARTESIAN_POINT('',(-9.34125025151,36.9188707669));
#738 = CARTESIAN_POINT('',(-9.422407783647,37.343158048129));
#739 = CARTESIAN_POINT('',(-9.53376944416,37.917697660719));
#740 = CARTESIAN_POINT('',(-9.563176603982,38.068705359276));
#741 = CARTESIAN_POINT('',(-9.592666489167,38.219609697853));
#742 = CARTESIAN_POINT('',(-9.62220587284,38.37041788502));
#743 = CARTESIAN_POINT('',(-9.651761829829,38.521137088424));
#744 = CARTESIAN_POINT('',(-9.681301736673,38.671774434788));
#745 = ( GEOMETRIC_REPRESENTATION_CONTEXT(2) 
PARAMETRIC_REPRESENTATION_CONTEXT() REPRESENTATION_CONTEXT('2D SPACE',''
  ) );
#746 = ORIENTED_EDGE('',*,*,#747,.T.);
#747 = EDGE_CURVE('',#694,#748,#750,.T.);
#748 = VERTEX_POINT('',#749);
#749 = CARTESIAN_POINT('',(85.67219350623,-44.,247.98203670377));
#750 = SURFACE_CURVE('',#751,(#774),.PCURVE_S1.);
#751 = B_SPLINE_CURVE_WITH_KNOTS('',6,(#752,#753,#754,#755,#756,#757,
    #758,#759,#760,#761,#762,#763,#764,#765,#766,#767,#768,#769,#770,
    #771,#772,#773),.UNSPECIFIED.,.F.,.F.,(7,5,5,5,7),(0.,0.209974052886
    ,0.465502745671,0.720226266938,1.),.UNSPECIFIED.);
#752 = CARTESIAN_POINT('',(74.371663745933,-44.,248.98468381494));
#753 = CARTESIAN_POINT('',(74.766185255601,-44.,248.90731834797));
#754 = CARTESIAN_POINT('',(75.160143786811,-44.,248.83006329782));
#755 = CARTESIAN_POINT('',(75.553669890541,-44.,248.75350425664));
#756 = CARTESIAN_POINT('',(75.946885685897,-44.,248.67821456299));
#757 = CARTESIAN_POINT('',(76.339906272126,-44.,248.60475578293));
#758 = CARTESIAN_POINT('',(77.211024668161,-44.,248.44718005538));
#759 = CARTESIAN_POINT('',(77.68907742101,-44.,248.36420914892));
#760 = CARTESIAN_POINT('',(78.167198347893,-44.,248.28575634764));
#761 = CARTESIAN_POINT('',(78.64555812856,-44.,248.21279132799));
#762 = CARTESIAN_POINT('',(79.124307141631,-44.,248.14625775125));
#763 = CARTESIAN_POINT('',(80.081349522508,-44.,248.02806564988));
#764 = CARTESIAN_POINT('',(80.559636251246,-44.,247.97636132652));
#765 = CARTESIAN_POINT('',(81.038577919676,-44.,247.93285919359));
#766 = CARTESIAN_POINT('',(81.518286838131,-44.,247.89843360175));
#767 = CARTESIAN_POINT('',(81.998857741645,-44.,247.87391888753));
#768 = CARTESIAN_POINT('',(83.00924012598,-44.,247.84491944851));
#769 = CARTESIAN_POINT('',(83.539245418976,-44.,247.84264156038));
#770 = CARTESIAN_POINT('',(84.070490582166,-44.,247.85430333933));
#771 = CARTESIAN_POINT('',(84.603049376459,-44.,247.88086714947));
#772 = CARTESIAN_POINT('',(85.136962401835,-44.,247.9232003283));
#773 = CARTESIAN_POINT('',(85.67219350623,-44.,247.98203670377));
#774 = PCURVE('',#72,#775);
#775 = DEFINITIONAL_REPRESENTATION('',(#776),#799);
#776 = B_SPLINE_CURVE_WITH_KNOTS('',6,(#777,#778,#779,#780,#781,#782,
    #783,#784,#785,#786,#787,#788,#789,#790,#791,#792,#793,#794,#795,
    #796,#797,#798),.UNSPECIFIED.,.F.,.F.,(7,5,5,5,7),(0.,0.209974052886
    ,0.465502745671,0.720226266938,1.),.UNSPECIFIED.);
#777 = CARTESIAN_POINT('',(-9.681301736673,38.671774434788));
#778 = CARTESIAN_POINT('',(-9.758667203635,39.066295944457));
#779 = CARTESIAN_POINT('',(-9.835922253787,39.460254475667));
#780 = CARTESIAN_POINT('',(-9.912481294972,39.853780579396));
#781 = CARTESIAN_POINT('',(-9.987770988622,40.246996374752));
#782 = CARTESIAN_POINT('',(-10.06122976867,40.640016960982));
#783 = CARTESIAN_POINT('',(-10.21880549622,41.511135357017));
#784 = CARTESIAN_POINT('',(-10.30177640268,41.989188109866));
#785 = CARTESIAN_POINT('',(-10.38022920397,42.467309036748));
#786 = CARTESIAN_POINT('',(-10.45319422362,42.945668817415));
#787 = CARTESIAN_POINT('',(-10.51972780036,43.424417830487));
#788 = CARTESIAN_POINT('',(-10.63791990173,44.381460211363));
#789 = CARTESIAN_POINT('',(-10.68962422509,44.859746940102));
#790 = CARTESIAN_POINT('',(-10.73312635802,45.338688608531));
#791 = CARTESIAN_POINT('',(-10.76755194985,45.818397526987));
#792 = CARTESIAN_POINT('',(-10.79206666407,46.298968430501));
#793 = CARTESIAN_POINT('',(-10.82106610309,47.309350814836));
#794 = CARTESIAN_POINT('',(-10.82334399122,47.839356107831));
#795 = CARTESIAN_POINT('',(-10.81168221228,48.370601271021));
#796 = CARTESIAN_POINT('',(-10.78511840213,48.903160065314));
#797 = CARTESIAN_POINT('',(-10.74278522331,49.43707309069));
#798 = CARTESIAN_POINT('',(-10.68394884784,49.972304195086));
#799 = ( GEOMETRIC_REPRESENTATION_CONTEXT(2) 
PARAMETRIC_REPRESENTATION_CONTEXT() REPRESENTATION_CONTEXT('2D SPACE',''
  ) );
#800 = ORIENTED_EDGE('',*,*,#801,.T.);
#801 = EDGE_CURVE('',#748,#802,#804,.T.);
#802 = VERTEX_POINT('',#803);
#803 = CARTESIAN_POINT('',(87.657114338698,-44.,248.29136902294));
#804 = SURFACE_CURVE('',#805,(#812),.PCURVE_S1.);
#805 = B_SPLINE_CURVE_WITH_KNOTS('',5,(#806,#807,#808,#809,#810,#811),
  .UNSPECIFIED.,.F.,.F.,(6,6),(0.,1.),.PIECEWISE_BEZIER_KNOTS.);
#806 = CARTESIAN_POINT('',(85.67219350623,-44.,247.98203670377));
#807 = CARTESIAN_POINT('',(86.067413597716,-44.,248.02548208186));
#808 = CARTESIAN_POINT('',(86.464717611436,-44.,248.0784475725));
#809 = CARTESIAN_POINT('',(86.862815880609,-44.,248.14057524219));
#810 = CARTESIAN_POINT('',(87.260629616232,-44.,248.21160654206));
#811 = CARTESIAN_POINT('',(87.657114338698,-44.,248.29136902294));
#812 = PCURVE('',#72,#813);
#813 = DEFINITIONAL_REPRESENTATION('',(#814),#821);
#814 = B_SPLINE_CURVE_WITH_KNOTS('',5,(#815,#816,#817,#818,#819,#820),
  .UNSPECIFIED.,.F.,.F.,(6,6),(0.,1.),.PIECEWISE_BEZIER_KNOTS.);
#815 = CARTESIAN_POINT('',(-10.68394884784,49.972304195086));
#816 = CARTESIAN_POINT('',(-10.64050346975,50.367524286572));
#817 = CARTESIAN_POINT('',(-10.58753797911,50.764828300291));
#818 = CARTESIAN_POINT('',(-10.52541030942,51.162926569465));
#819 = CARTESIAN_POINT('',(-10.45437900954,51.560740305088));
#820 = CARTESIAN_POINT('',(-10.37461652866,51.957225027553));
#821 = ( GEOMETRIC_REPRESENTATION_CONTEXT(2) 
PARAMETRIC_REPRESENTATION_CONTEXT() REPRESENTATION_CONTEXT('2D SPACE',''
  ) );
#822 = ORIENTED_EDGE('',*,*,#823,.T.);
#823 = EDGE_CURVE('',#802,#824,#826,.T.);
#824 = VERTEX_POINT('',#825);
#825 = CARTESIAN_POINT('',(95.23271652494,-44.,252.16344701777));
#826 = SURFACE_CURVE('',#827,(#878),.PCURVE_S1.);
#827 = B_SPLINE_CURVE_WITH_KNOTS('',7,(#828,#829,#830,#831,#832,#833,
    #834,#835,#836,#837,#838,#839,#840,#841,#842,#843,#844,#845,#846,
    #847,#848,#849,#850,#851,#852,#853,#854,#855,#856,#857,#858,#859,
    #860,#861,#862,#863,#864,#865,#866,#867,#868,#869,#870,#871,#872,
    #873,#874,#875,#876,#877),.UNSPECIFIED.,.F.,.F.,(8,6,6,6,6,6,6,6,8),
  (0.,0.34869866638,0.658234225431,0.788647988663,0.908933562989,
    0.954838544944,0.977475906879,0.983110369669,1.),.UNSPECIFIED.);
#828 = CARTESIAN_POINT('',(87.657114338698,-44.,248.29136902294));
#829 = CARTESIAN_POINT('',(88.179895827912,-44.,248.39653914975));
#830 = CARTESIAN_POINT('',(88.700455652744,-44.,248.51586381243));
#831 = CARTESIAN_POINT('',(89.216988560756,-44.,248.64903955964));
#832 = CARTESIAN_POINT('',(89.727611435509,-44.,248.79589111071));
#833 = CARTESIAN_POINT('',(90.230206000114,-44.,248.95630364204));
#834 = CARTESIAN_POINT('',(90.722326886234,-44.,249.13020848676));
#835 = CARTESIAN_POINT('',(91.625706231121,-44.,249.4835928618));
#836 = CARTESIAN_POINT('',(92.039623040707,-44.,249.66016919922));
#837 = CARTESIAN_POINT('',(92.440695290167,-44.,249.84705514463));
#838 = CARTESIAN_POINT('',(92.826182905935,-44.,250.04399831698));
#839 = CARTESIAN_POINT('',(93.192516456472,-44.,250.25028844726));
#840 = CARTESIAN_POINT('',(93.534994838296,-44.,250.46465131507));
#841 = CARTESIAN_POINT('',(93.97957755837,-44.,250.7760933685));
#842 = CARTESIAN_POINT('',(94.106063622824,-44.,250.86923580609));
#843 = CARTESIAN_POINT('',(94.226800575664,-44.,250.96293868393));
#844 = CARTESIAN_POINT('',(94.341290761705,-44.,251.0568611714));
#845 = CARTESIAN_POINT('',(94.448991923726,-44.,251.15055447539));
#846 = CARTESIAN_POINT('',(94.54935533939,-44.,251.24343998826));
#847 = CARTESIAN_POINT('',(94.727251657046,-44.,251.41905373837));
#848 = CARTESIAN_POINT('',(94.805959127602,-44.,251.50201725023));
#849 = CARTESIAN_POINT('',(94.877619716461,-44.,251.58309984902));
#850 = CARTESIAN_POINT('',(94.941897932603,-44.,251.66161922757));
#851 = CARTESIAN_POINT('',(94.998569213568,-44.,251.73680384707));
#852 = CARTESIAN_POINT('',(95.047642871147,-44.,251.80783068477));
#853 = CARTESIAN_POINT('',(95.105384281952,-44.,251.8993171634));
#854 = CARTESIAN_POINT('',(95.120273447719,-44.,251.9238873997));
#855 = CARTESIAN_POINT('',(95.134119970897,-44.,251.94772158242));
#856 = CARTESIAN_POINT('',(95.146948478327,-44.,251.97078786043));
#857 = CARTESIAN_POINT('',(95.158790433219,-44.,251.99306034376));
#858 = CARTESIAN_POINT('',(95.169683808541,-44.,252.01452092568));
#859 = CARTESIAN_POINT('',(95.184598664069,-44.,252.04533950332));
#860 = CARTESIAN_POINT('',(95.189304612493,-44.,252.0553184564));
#861 = CARTESIAN_POINT('',(95.193795937827,-44.,252.06509691196));
#862 = CARTESIAN_POINT('',(95.198078262541,-44.,252.07467448422));
#863 = CARTESIAN_POINT('',(95.20215749943,-44.,252.08405145369));
#864 = CARTESIAN_POINT('',(95.20603985161,-44.,252.09322876708));
#865 = CARTESIAN_POINT('',(95.210650745408,-44.,252.10444298705));
#866 = CARTESIAN_POINT('',(95.211558067972,-44.,252.10666617654));
#867 = CARTESIAN_POINT('',(95.212453086837,-44.,252.10887556551));
#868 = CARTESIAN_POINT('',(95.213336102542,-44.,252.11107166645));
#869 = CARTESIAN_POINT('',(95.214208409536,-44.,252.11325754474));
#870 = CARTESIAN_POINT('',(95.215072296181,-44.,252.11543881857));
#871 = CARTESIAN_POINT('',(95.218505193595,-44.,252.12417284555));
#872 = CARTESIAN_POINT('',(95.2210173851,-44.,252.13071468988));
#873 = CARTESIAN_POINT('',(95.223469690036,-44.,252.13725295777));
#874 = CARTESIAN_POINT('',(95.225864038186,-44.,252.14379145604));
#875 = CARTESIAN_POINT('',(95.228202218346,-44.,252.1503340326));
#876 = CARTESIAN_POINT('',(95.230485878324,-44.,252.15688457648));
#877 = CARTESIAN_POINT('',(95.23271652494,-44.,252.16344701777));
#878 = PCURVE('',#72,#879);
#879 = DEFINITIONAL_REPRESENTATION('',(#880),#931);
#880 = B_SPLINE_CURVE_WITH_KNOTS('',7,(#881,#882,#883,#884,#885,#886,
    #887,#888,#889,#890,#891,#892,#893,#894,#895,#896,#897,#898,#899,
    #900,#901,#902,#903,#904,#905,#906,#907,#908,#909,#910,#911,#912,
    #913,#914,#915,#916,#917,#918,#919,#920,#921,#922,#923,#924,#925,
    #926,#927,#928,#929,#930),.UNSPECIFIED.,.F.,.F.,(8,6,6,6,6,6,6,6,8),
  (0.,0.34869866638,0.658234225431,0.788647988663,0.908933562989,
    0.954838544944,0.977475906879,0.983110369669,1.),.UNSPECIFIED.);
#881 = CARTESIAN_POINT('',(-10.37461652866,51.957225027553));
#882 = CARTESIAN_POINT('',(-10.26944640185,52.480006516768));
#883 = CARTESIAN_POINT('',(-10.15012173917,53.0005663416));
#884 = CARTESIAN_POINT('',(-10.01694599197,53.517099249612));
#885 = CARTESIAN_POINT('',(-9.870094440904,54.027722124365));
#886 = CARTESIAN_POINT('',(-9.709681909574,54.53031668897));
#887 = CARTESIAN_POINT('',(-9.535777064854,55.02243757509));
#888 = CARTESIAN_POINT('',(-9.182392689814,55.925816919977));
#889 = CARTESIAN_POINT('',(-9.005816352391,56.339733729563));
#890 = CARTESIAN_POINT('',(-8.818930406976,56.740805979022));
#891 = CARTESIAN_POINT('',(-8.621987234627,57.126293594791));
#892 = CARTESIAN_POINT('',(-8.415697104354,57.492627145327));
#893 = CARTESIAN_POINT('',(-8.201334236543,57.835105527152));
#894 = CARTESIAN_POINT('',(-7.889892183107,58.279688247225));
#895 = CARTESIAN_POINT('',(-7.796749745523,58.406174311679));
#896 = CARTESIAN_POINT('',(-7.703046867684,58.52691126452));
#897 = CARTESIAN_POINT('',(-7.60912438021,58.64140145056));
#898 = CARTESIAN_POINT('',(-7.515431076225,58.749102612582));
#899 = CARTESIAN_POINT('',(-7.422545563355,58.849466028246));
#900 = CARTESIAN_POINT('',(-7.246931813242,59.027362345902));
#901 = CARTESIAN_POINT('',(-7.163968301382,59.106069816457));
#902 = CARTESIAN_POINT('',(-7.082885702595,59.177730405316));
#903 = CARTESIAN_POINT('',(-7.004366324038,59.242008621459));
#904 = CARTESIAN_POINT('',(-6.929181704544,59.298679902424));
#905 = CARTESIAN_POINT('',(-6.85815486684,59.347753560003));
#906 = CARTESIAN_POINT('',(-6.766668388209,59.405494970808));
#907 = CARTESIAN_POINT('',(-6.742098151912,59.420384136575));
#908 = CARTESIAN_POINT('',(-6.718263969191,59.434230659753));
#909 = CARTESIAN_POINT('',(-6.695197691183,59.447059167183));
#910 = CARTESIAN_POINT('',(-6.67292520785,59.458901122075));
#911 = CARTESIAN_POINT('',(-6.651464625928,59.469794497397));
#912 = CARTESIAN_POINT('',(-6.620646048287,59.484709352925));
#913 = CARTESIAN_POINT('',(-6.610667095207,59.489415301349));
#914 = CARTESIAN_POINT('',(-6.600888639651,59.493906626682));
#915 = CARTESIAN_POINT('',(-6.591311067385,59.498188951397));
#916 = CARTESIAN_POINT('',(-6.581934097924,59.502268188286));
#917 = CARTESIAN_POINT('',(-6.572756784532,59.506150540465));
#918 = CARTESIAN_POINT('',(-6.561542564561,59.510761434264));
#919 = CARTESIAN_POINT('',(-6.559319375069,59.511668756827));
#920 = CARTESIAN_POINT('',(-6.557109986101,59.512563775692));
#921 = CARTESIAN_POINT('',(-6.554913885156,59.513446791397));
#922 = CARTESIAN_POINT('',(-6.552728006873,59.514319098392));
#923 = CARTESIAN_POINT('',(-6.550546733037,59.515182985037));
#924 = CARTESIAN_POINT('',(-6.541812706062,59.518615882451));
#925 = CARTESIAN_POINT('',(-6.535270861725,59.521128073956));
#926 = CARTESIAN_POINT('',(-6.528732593836,59.523580378892));
#927 = CARTESIAN_POINT('',(-6.52219409557,59.525974727042));
#928 = CARTESIAN_POINT('',(-6.515651519007,59.528312907202));
#929 = CARTESIAN_POINT('',(-6.509100975132,59.53059656718));
#930 = CARTESIAN_POINT('',(-6.502538533835,59.532827213795));
#931 = ( GEOMETRIC_REPRESENTATION_CONTEXT(2) 
PARAMETRIC_REPRESENTATION_CONTEXT() REPRESENTATION_CONTEXT('2D SPACE',''
  ) );
#932 = ORIENTED_EDGE('',*,*,#933,.T.);
#933 = EDGE_CURVE('',#824,#934,#936,.T.);
#934 = VERTEX_POINT('',#935);
#935 = CARTESIAN_POINT('',(86.081056667838,-44.,263.69399555769));
#936 = SURFACE_CURVE('',#937,(#989),.PCURVE_S1.);
#937 = B_SPLINE_CURVE_WITH_KNOTS('',8,(#938,#939,#940,#941,#942,#943,
    #944,#945,#946,#947,#948,#949,#950,#951,#952,#953,#954,#955,#956,
    #957,#958,#959,#960,#961,#962,#963,#964,#965,#966,#967,#968,#969,
    #970,#971,#972,#973,#974,#975,#976,#977,#978,#979,#980,#981,#982,
    #983,#984,#985,#986,#987,#988),.UNSPECIFIED.,.F.,.F.,(9,7,7,7,7,7,7,
    9),(0.,4.641039598956E-02,0.121147532973,0.211888107209,
    0.311339328486,0.608231988586,0.938937042759,1.),.UNSPECIFIED.);
#938 = CARTESIAN_POINT('',(95.23271652494,-44.,252.16344701777));
#939 = CARTESIAN_POINT('',(95.241313690553,-44.,252.18873941248));
#940 = CARTESIAN_POINT('',(95.249139199978,-44.,252.21420431218));
#941 = CARTESIAN_POINT('',(95.256273787893,-44.,252.24005131741));
#942 = CARTESIAN_POINT('',(95.262769659727,-44.,252.26649315864));
#943 = CARTESIAN_POINT('',(95.268649994081,-44.,252.29373551455));
#944 = CARTESIAN_POINT('',(95.27391086615,-44.,252.32196883932));
#945 = CARTESIAN_POINT('',(95.278525592116,-44.,252.35136219883));
#946 = CARTESIAN_POINT('',(95.288773584667,-44.,252.43149199956));
#947 = CARTESIAN_POINT('',(95.293309755403,-44.,252.48431010535));
#948 = CARTESIAN_POINT('',(95.29587965066,-44.,252.54110280913));
#949 = CARTESIAN_POINT('',(95.296191248584,-44.,252.60228939228));
#950 = CARTESIAN_POINT('',(95.293911187248,-44.,252.66808132454));
#951 = CARTESIAN_POINT('',(95.288725310643,-44.,252.73850573038));
#952 = CARTESIAN_POINT('',(95.280378347899,-44.,252.81345158733));
#953 = CARTESIAN_POINT('',(95.254480317054,-44.,252.98891830113));
#954 = CARTESIAN_POINT('',(95.235338376576,-44.,253.091499555));
#955 = CARTESIAN_POINT('',(95.210912358609,-44.,253.20007551695));
#956 = CARTESIAN_POINT('',(95.180998594424,-44.,253.31410220335));
#957 = CARTESIAN_POINT('',(95.145538504532,-44.,253.43298198035));
#958 = CARTESIAN_POINT('',(95.104584661454,-44.,253.55612743909));
#959 = CARTESIAN_POINT('',(95.058259008482,-44.,253.68298802137));
#960 = CARTESIAN_POINT('',(94.950264159302,-44.,253.95561857156));
#961 = CARTESIAN_POINT('',(94.887544543214,-44.,254.10204544495));
#962 = CARTESIAN_POINT('',(94.818790365929,-44.,254.25170654586));
#963 = CARTESIAN_POINT('',(94.744277072278,-44.,254.40404537942));
#964 = CARTESIAN_POINT('',(94.664306676188,-44.,254.55858537145));
#965 = CARTESIAN_POINT('',(94.579183174118,-44.,254.71492742229));
#966 = CARTESIAN_POINT('',(94.489197660444,-44.,254.8727428283));
#967 = CARTESIAN_POINT('',(94.11228895957,-44.,255.50648171));
#968 = CARTESIAN_POINT('',(93.789339424961,-44.,255.99144913668));
#969 = CARTESIAN_POINT('',(93.432843943351,-44.,256.48002575282));
#970 = CARTESIAN_POINT('',(93.048906639283,-44.,256.96887393285));
#971 = CARTESIAN_POINT('',(92.642238801328,-44.,257.45580515505));
#972 = CARTESIAN_POINT('',(92.216639778693,-44.,257.93962909388));
#973 = CARTESIAN_POINT('',(91.774907301423,-44.,258.4197801928));
#974 = CARTESIAN_POINT('',(90.811228025426,-44.,259.42695721536));
#975 = CARTESIAN_POINT('',(90.286378779847,-44.,259.95256606193));
#976 = CARTESIAN_POINT('',(89.747765557551,-44.,260.47253659605));
#977 = CARTESIAN_POINT('',(89.198047991971,-44.,260.98656071354));
#978 = CARTESIAN_POINT('',(88.639506868399,-44.,261.49441446463));
#979 = CARTESIAN_POINT('',(88.074168027648,-44.,261.99591423208));
#980 = CARTESIAN_POINT('',(87.503880951041,-44.,262.49090367797));
#981 = CARTESIAN_POINT('',(86.824545766455,-44.,263.06937432803));
#982 = CARTESIAN_POINT('',(86.718555532903,-44.,263.15930797975));
#983 = CARTESIAN_POINT('',(86.612471423061,-44.,263.24901040998));
#984 = CARTESIAN_POINT('',(86.506305208356,-44.,263.33848003445));
#985 = CARTESIAN_POINT('',(86.400068715597,-44.,263.42771517654));
#986 = CARTESIAN_POINT('',(86.293773826977,-44.,263.51671406733));
#987 = CARTESIAN_POINT('',(86.187432480071,-44.,263.60547484557));
#988 = CARTESIAN_POINT('',(86.081056667838,-44.,263.69399555769));
#989 = PCURVE('',#72,#990);
#990 = DEFINITIONAL_REPRESENTATION('',(#991),#1043);
#991 = B_SPLINE_CURVE_WITH_KNOTS('',8,(#992,#993,#994,#995,#996,#997,
    #998,#999,#1000,#1001,#1002,#1003,#1004,#1005,#1006,#1007,#1008,
    #1009,#1010,#1011,#1012,#1013,#1014,#1015,#1016,#1017,#1018,#1019,
    #1020,#1021,#1022,#1023,#1024,#1025,#1026,#1027,#1028,#1029,#1030,
    #1031,#1032,#1033,#1034,#1035,#1036,#1037,#1038,#1039,#1040,#1041,
    #1042),.UNSPECIFIED.,.F.,.F.,(9,7,7,7,7,7,7,9),(0.,
    4.641039598956E-02,0.121147532973,0.211888107209,0.311339328486,
    0.608231988586,0.938937042759,1.),.UNSPECIFIED.);
#992 = CARTESIAN_POINT('',(-6.502538533835,59.532827213795));
#993 = CARTESIAN_POINT('',(-6.477246139132,59.541424379408));
#994 = CARTESIAN_POINT('',(-6.451781239432,59.549249888833));
#995 = CARTESIAN_POINT('',(-6.425934234204,59.556384476749));
#996 = CARTESIAN_POINT('',(-6.399492392975,59.562880348582));
#997 = CARTESIAN_POINT('',(-6.37225003706,59.568760682937));
#998 = CARTESIAN_POINT('',(-6.344016712294,59.574021555006));
#999 = CARTESIAN_POINT('',(-6.314623352779,59.578636280972));
#1000 = CARTESIAN_POINT('',(-6.234493552046,59.588884273523));
#1001 = CARTESIAN_POINT('',(-6.181675446259,59.593420444259));
#1002 = CARTESIAN_POINT('',(-6.124882742478,59.595990339515));
#1003 = CARTESIAN_POINT('',(-6.06369615933,59.59630193744));
#1004 = CARTESIAN_POINT('',(-5.99790422707,59.594021876104));
#1005 = CARTESIAN_POINT('',(-5.927479821231,59.588835999499));
#1006 = CARTESIAN_POINT('',(-5.85253396428,59.580489036755));
#1007 = CARTESIAN_POINT('',(-5.67706725048,59.554591005909));
#1008 = CARTESIAN_POINT('',(-5.574485996609,59.535449065432));
#1009 = CARTESIAN_POINT('',(-5.465910034658,59.511023047465));
#1010 = CARTESIAN_POINT('',(-5.351883348261,59.48110928328));
#1011 = CARTESIAN_POINT('',(-5.233003571262,59.445649193388));
#1012 = CARTESIAN_POINT('',(-5.109858112523,59.40469535031));
#1013 = CARTESIAN_POINT('',(-4.982997530236,59.358369697338));
#1014 = CARTESIAN_POINT('',(-4.710366980046,59.250374848158));
#1015 = CARTESIAN_POINT('',(-4.563940106659,59.187655232069));
#1016 = CARTESIAN_POINT('',(-4.41427900575,59.118901054785));
#1017 = CARTESIAN_POINT('',(-4.261940172191,59.044387761134));
#1018 = CARTESIAN_POINT('',(-4.107400180155,58.964417365044));
#1019 = CARTESIAN_POINT('',(-3.951058129317,58.879293862974));
#1020 = CARTESIAN_POINT('',(-3.793242723309,58.7893083493));
#1021 = CARTESIAN_POINT('',(-3.159503841615,58.412399648425));
#1022 = CARTESIAN_POINT('',(-2.674536414932,58.089450113817));
#1023 = CARTESIAN_POINT('',(-2.185959798793,57.732954632207));
#1024 = CARTESIAN_POINT('',(-1.697111618755,57.349017328139));
#1025 = CARTESIAN_POINT('',(-1.210180396562,56.942349490184));
#1026 = CARTESIAN_POINT('',(-0.726356457732,56.516750467548));
#1027 = CARTESIAN_POINT('',(-0.246205358814,56.075017990279));
#1028 = CARTESIAN_POINT('',(0.760971663754,55.111338714282));
#1029 = CARTESIAN_POINT('',(1.286580510322,54.586489468703));
#1030 = CARTESIAN_POINT('',(1.806551044439,54.047876246407));
#1031 = CARTESIAN_POINT('',(2.320575161929,53.498158680827));
#1032 = CARTESIAN_POINT('',(2.828428913022,52.939617557255));
#1033 = CARTESIAN_POINT('',(3.32992868047,52.374278716504));
#1034 = CARTESIAN_POINT('',(3.824918126356,51.803991639897));
#1035 = CARTESIAN_POINT('',(4.403388776421,51.12465645531));
#1036 = CARTESIAN_POINT('',(4.493322428139,51.018666221759));
#1037 = CARTESIAN_POINT('',(4.583024858373,50.912582111917));
#1038 = CARTESIAN_POINT('',(4.672494482838,50.806415897211));
#1039 = CARTESIAN_POINT('',(4.761729624929,50.700179404453));
#1040 = CARTESIAN_POINT('',(4.850728515719,50.593884515833));
#1041 = CARTESIAN_POINT('',(4.939489293957,50.487543168927));
#1042 = CARTESIAN_POINT('',(5.028010006076,50.381167356694));
#1043 = ( GEOMETRIC_REPRESENTATION_CONTEXT(2) 
PARAMETRIC_REPRESENTATION_CONTEXT() REPRESENTATION_CONTEXT('2D SPACE',''
  ) );
#1044 = ORIENTED_EDGE('',*,*,#1045,.T.);
#1045 = EDGE_CURVE('',#934,#1046,#1048,.T.);
#1046 = VERTEX_POINT('',#1047);
#1047 = CARTESIAN_POINT('',(40.979379542606,-44.,280.45362911136));
#1048 = SURFACE_CURVE('',#1049,(#1088),.PCURVE_S1.);
#1049 = B_SPLINE_CURVE_WITH_KNOTS('',7,(#1050,#1051,#1052,#1053,#1054,
    #1055,#1056,#1057,#1058,#1059,#1060,#1061,#1062,#1063,#1064,#1065,
    #1066,#1067,#1068,#1069,#1070,#1071,#1072,#1073,#1074,#1075,#1076,
    #1077,#1078,#1079,#1080,#1081,#1082,#1083,#1084,#1085,#1086,#1087),
  .UNSPECIFIED.,.F.,.F.,(8,6,6,6,6,6,8),(0.,0.134263455302,
    0.329621766793,0.52002313032,0.544273803022,0.921161711144,1.),
  .UNSPECIFIED.);
#1050 = CARTESIAN_POINT('',(86.081056667838,-44.,263.69399555769));
#1051 = CARTESIAN_POINT('',(85.290141231731,-44.,264.35215643242));
#1052 = CARTESIAN_POINT('',(84.499492419941,-44.,264.99493000618));
#1053 = CARTESIAN_POINT('',(83.709006874272,-44.,265.62170747339));
#1054 = CARTESIAN_POINT('',(82.918544711243,-44.,266.23192149226));
#1055 = CARTESIAN_POINT('',(82.127925500052,-44.,266.8250665142));
#1056 = CARTESIAN_POINT('',(81.336924240539,-44.,267.40071911327));
#1057 = CARTESIAN_POINT('',(79.393377165251,-44.,268.77023506279));
#1058 = CARTESIAN_POINT('',(78.240053227273,-44.,269.54423106546));
#1059 = CARTESIAN_POINT('',(77.084491300973,-44.,270.27952488066));
#1060 = CARTESIAN_POINT('',(75.925553199388,-44.,270.9756487386));
#1061 = CARTESIAN_POINT('',(74.761723676925,-44.,271.63278783861));
#1062 = CARTESIAN_POINT('',(73.591182000334,-44.,272.25176644335));
#1063 = CARTESIAN_POINT('',(71.262714794906,-44.,273.40130373552));
#1064 = CARTESIAN_POINT('',(70.105201900935,-44.,273.93371797565));
#1065 = CARTESIAN_POINT('',(68.937593714068,-44.,274.43242824167));
#1066 = CARTESIAN_POINT('',(67.757893142652,-44.,274.89917114219));
#1067 = CARTESIAN_POINT('',(66.564135372643,-44.,275.3360329065));
#1068 = CARTESIAN_POINT('',(65.354633934997,-44.,275.74530738493));
#1069 = CARTESIAN_POINT('',(63.971804671329,-44.,276.17832829284));
#1070 = CARTESIAN_POINT('',(63.815297804515,-44.,276.22684175302));
#1071 = CARTESIAN_POINT('',(63.658508961711,-44.,276.27495280794));
#1072 = CARTESIAN_POINT('',(63.501450892596,-44.,276.32266216742));
#1073 = CARTESIAN_POINT('',(63.344118854107,-44.,276.36997586023));
#1074 = CARTESIAN_POINT('',(63.186521459595,-44.,276.41689582457));
#1075 = CARTESIAN_POINT('',(60.575290553823,-44.,277.18656801145));
#1076 = CARTESIAN_POINT('',(58.058688662836,-44.,277.81545090757));
#1077 = CARTESIAN_POINT('',(55.491664255105,-44.,278.36328724565));
#1078 = CARTESIAN_POINT('',(52.885265966795,-44.,278.84258246233));
#1079 = CARTESIAN_POINT('',(50.248574647607,-44.,279.26504829053));
#1080 = CARTESIAN_POINT('',(47.588953880222,-44.,279.64166657229));
#1081 = CARTESIAN_POINT('',(44.352313214977,-44.,280.0543845994));
#1082 = CARTESIAN_POINT('',(43.791658052226,-44.,280.12423627207));
#1083 = CARTESIAN_POINT('',(43.230328288428,-44.,280.19263742702));
#1084 = CARTESIAN_POINT('',(42.668380816154,-44.,280.25968323291));
#1085 = CARTESIAN_POINT('',(42.105871052001,-44.,280.32546812088));
#1086 = CARTESIAN_POINT('',(41.542852936588,-44.,280.39008578453));
#1087 = CARTESIAN_POINT('',(40.979378934557,-44.,280.45362917993));
#1088 = PCURVE('',#72,#1089);
#1089 = DEFINITIONAL_REPRESENTATION('',(#1090),#1129);
#1090 = B_SPLINE_CURVE_WITH_KNOTS('',7,(#1091,#1092,#1093,#1094,#1095,
    #1096,#1097,#1098,#1099,#1100,#1101,#1102,#1103,#1104,#1105,#1106,
    #1107,#1108,#1109,#1110,#1111,#1112,#1113,#1114,#1115,#1116,#1117,
    #1118,#1119,#1120,#1121,#1122,#1123,#1124,#1125,#1126,#1127,#1128),
  .UNSPECIFIED.,.F.,.F.,(8,6,6,6,6,6,8),(0.,0.134263455302,
    0.329621766793,0.52002313032,0.544273803022,0.921161711144,1.),
  .UNSPECIFIED.);
#1091 = CARTESIAN_POINT('',(5.028010006076,50.381167356694));
#1092 = CARTESIAN_POINT('',(5.686170880807,49.590251920587));
#1093 = CARTESIAN_POINT('',(6.328944454567,48.799603108797));
#1094 = CARTESIAN_POINT('',(6.955721921783,48.009117563128));
#1095 = CARTESIAN_POINT('',(7.565935940653,47.218655400099));
#1096 = CARTESIAN_POINT('',(8.159080962588,46.428036188907));
#1097 = CARTESIAN_POINT('',(8.734733561659,45.637034929395));
#1098 = CARTESIAN_POINT('',(10.104249511183,43.693487854106));
#1099 = CARTESIAN_POINT('',(10.878245513852,42.540163916128));
#1100 = CARTESIAN_POINT('',(11.613539329049,41.384601989829));
#1101 = CARTESIAN_POINT('',(12.309663186989,40.225663888244));
#1102 = CARTESIAN_POINT('',(12.966802286998,39.061834365781));
#1103 = CARTESIAN_POINT('',(13.58578089174,37.891292689189));
#1104 = CARTESIAN_POINT('',(14.735318183915,35.562825483762));
#1105 = CARTESIAN_POINT('',(15.267732424037,34.405312589791));
#1106 = CARTESIAN_POINT('',(15.766442690058,33.237704402924));
#1107 = CARTESIAN_POINT('',(16.233185590583,32.058003831508));
#1108 = CARTESIAN_POINT('',(16.670047354894,30.864246061499));
#1109 = CARTESIAN_POINT('',(17.079321833321,29.654744623853));
#1110 = CARTESIAN_POINT('',(17.512342741227,28.271915360185));
#1111 = CARTESIAN_POINT('',(17.560856201413,28.115408493371));
#1112 = CARTESIAN_POINT('',(17.608967256332,27.958619650567));
#1113 = CARTESIAN_POINT('',(17.656676615807,27.801561581452));
#1114 = CARTESIAN_POINT('',(17.703990308622,27.644229542963));
#1115 = CARTESIAN_POINT('',(17.750910272956,27.486632148451));
#1116 = CARTESIAN_POINT('',(18.520582459835,24.875401242678));
#1117 = CARTESIAN_POINT('',(19.149465355965,22.358799351692));
#1118 = CARTESIAN_POINT('',(19.697301694042,19.791774943961));
#1119 = CARTESIAN_POINT('',(20.176596910725,17.18537665565));
#1120 = CARTESIAN_POINT('',(20.599062738916,14.548685336463));
#1121 = CARTESIAN_POINT('',(20.975681020678,11.889064569077));
#1122 = CARTESIAN_POINT('',(21.388399047787,8.652423903833));
#1123 = CARTESIAN_POINT('',(21.45825072046,8.091768741082));
#1124 = CARTESIAN_POINT('',(21.526651875406,7.530438977284));
#1125 = CARTESIAN_POINT('',(21.593697681297,6.96849150501));
#1126 = CARTESIAN_POINT('',(21.659482569269,6.405981740857));
#1127 = CARTESIAN_POINT('',(21.724100232922,5.842963625444));
#1128 = CARTESIAN_POINT('',(21.787643628324,5.279489623412));
#1129 = ( GEOMETRIC_REPRESENTATION_CONTEXT(2) 
PARAMETRIC_REPRESENTATION_CONTEXT() REPRESENTATION_CONTEXT('2D SPACE',''
  ) );
#1130 = ORIENTED_EDGE('',*,*,#1131,.F.);
#1131 = EDGE_CURVE('',#1132,#1046,#1134,.T.);
#1132 = VERTEX_POINT('',#1133);
#1133 = CARTESIAN_POINT('',(31.214473997874,-44.,281.44870317283));
#1134 = SURFACE_CURVE('',#1135,(#1140,#1151),.PCURVE_S1.);
#1135 = CIRCLE('',#1136,5.);
#1136 = AXIS2_PLACEMENT_3D('',#1137,#1138,#1139);
#1137 = CARTESIAN_POINT('',(36.,-44.,280.));
#1138 = DIRECTION('',(0.,-1.,0.));
#1139 = DIRECTION('',(1.,0.,0.));
#1140 = PCURVE('',#72,#1141);
#1141 = DEFINITIONAL_REPRESENTATION('',(#1142),#1150);
#1142 = ( BOUNDED_CURVE() B_SPLINE_CURVE(2,(#1143,#1144,#1145,#1146,
#1147,#1148,#1149),.UNSPECIFIED.,.T.,.F.) B_SPLINE_CURVE_WITH_KNOTS((1,2
    ,2,2,2,1),(-2.094395102393,0.,2.094395102393,4.188790204786,
6.28318530718,8.377580409573),.UNSPECIFIED.) CURVE() 
GEOMETRIC_REPRESENTATION_ITEM() RATIONAL_B_SPLINE_CURVE((1.,0.5,1.,0.5,
1.,0.5,1.)) REPRESENTATION_ITEM('') );
#1143 = CARTESIAN_POINT('',(21.334014448385,5.300110688856));
#1144 = CARTESIAN_POINT('',(29.99426848623,5.300110688856));
#1145 = CARTESIAN_POINT('',(25.664141467308,-2.199889311144));
#1146 = CARTESIAN_POINT('',(21.334014448385,-9.699889311144));
#1147 = CARTESIAN_POINT('',(17.003887429463,-2.199889311144));
#1148 = CARTESIAN_POINT('',(12.673760410541,5.300110688856));
#1149 = CARTESIAN_POINT('',(21.334014448385,5.300110688856));
#1150 = ( GEOMETRIC_REPRESENTATION_CONTEXT(2) 
PARAMETRIC_REPRESENTATION_CONTEXT() REPRESENTATION_CONTEXT('2D SPACE',''
  ) );
#1151 = PCURVE('',#1152,#1157);
#1152 = CYLINDRICAL_SURFACE('',#1153,5.);
#1153 = AXIS2_PLACEMENT_3D('',#1154,#1155,#1156);
#1154 = CARTESIAN_POINT('',(36.,-47.,280.));
#1155 = DIRECTION('',(0.,-1.,0.));
#1156 = DIRECTION('',(1.,0.,0.));
#1157 = DEFINITIONAL_REPRESENTATION('',(#1158),#1162);
#1158 = LINE('',#1159,#1160);
#1159 = CARTESIAN_POINT('',(0.,-3.));
#1160 = VECTOR('',#1161,1.);
#1161 = DIRECTION('',(1.,0.));
#1162 = ( GEOMETRIC_REPRESENTATION_CONTEXT(2) 
PARAMETRIC_REPRESENTATION_CONTEXT() REPRESENTATION_CONTEXT('2D SPACE',''
  ) );
#1163 = ORIENTED_EDGE('',*,*,#1164,.T.);
#1164 = EDGE_CURVE('',#1132,#281,#1165,.T.);
#1165 = SURFACE_CURVE('',#1166,(#1217),.PCURVE_S1.);
#1166 = B_SPLINE_CURVE_WITH_KNOTS('',7,(#1167,#1168,#1169,#1170,#1171,
    #1172,#1173,#1174,#1175,#1176,#1177,#1178,#1179,#1180,#1181,#1182,
    #1183,#1184,#1185,#1186,#1187,#1188,#1189,#1190,#1191,#1192,#1193,
    #1194,#1195,#1196,#1197,#1198,#1199,#1200,#1201,#1202,#1203,#1204,
    #1205,#1206,#1207,#1208,#1209,#1210,#1211,#1212,#1213,#1214,#1215,
    #1216),.UNSPECIFIED.,.F.,.F.,(8,6,6,6,6,6,6,6,8),(0.,0.430358109862,
    0.682491782912,0.807827325373,0.87004604032,0.901700349162,
    0.917546221964,0.933406967926,1.),.UNSPECIFIED.);
#1167 = CARTESIAN_POINT('',(31.214474603799,-44.,281.44870311835));
#1168 = CARTESIAN_POINT('',(29.15838721668,-44.,281.63356570947));
#1169 = CARTESIAN_POINT('',(27.107810872217,-44.,281.79862646143));
#1170 = CARTESIAN_POINT('',(25.063025687517,-44.,281.93543892153));
#1171 = CARTESIAN_POINT('',(23.024796319881,-44.,282.03535519631));
#1172 = CARTESIAN_POINT('',(20.994368302336,-44.,282.08947465285));
#1173 = CARTESIAN_POINT('',(18.973396080984,-44.,282.08870942735));
#1174 = CARTESIAN_POINT('',(15.786443398736,-44.,281.98603597859));
#1175 = CARTESIAN_POINT('',(14.61303639099,-44.,281.92614681606));
#1176 = CARTESIAN_POINT('',(13.443999884743,-44.,281.84247468098));
#1177 = CARTESIAN_POINT('',(12.279824044136,-44.,281.73319930196));
#1178 = CARTESIAN_POINT('',(11.121055732656,-44.,281.59652554108));
#1179 = CARTESIAN_POINT('',(9.968283791935,-44.,281.43071045296));
#1180 = CARTESIAN_POINT('',(8.252369814004,-44.,281.13635989225));
#1181 = CARTESIAN_POINT('',(7.684250323149,-44.,281.03101282629));
#1182 = CARTESIAN_POINT('',(7.117843392371,-44.,280.91785207685));
#1183 = CARTESIAN_POINT('',(6.55322808925,-44.,280.79667965874));
#1184 = CARTESIAN_POINT('',(5.990485349345,-44.,280.6673041052));
#1185 = CARTESIAN_POINT('',(5.429697731216,-44.,280.52954167586));
#1186 = CARTESIAN_POINT('',(4.59357679417,-44.,280.31057976404));
#1187 = CARTESIAN_POINT('',(4.316706897923,-44.,280.23583212978));
#1188 = CARTESIAN_POINT('',(4.040349759158,-44.,280.15895323304));
#1189 = CARTESIAN_POINT('',(3.764515728767,-44.,280.0799222513));
#1190 = CARTESIAN_POINT('',(3.489215232072,-44.,279.99871896842));
#1191 = CARTESIAN_POINT('',(3.214458768821,-44.,279.91532377467));
#1192 = CARTESIAN_POINT('',(2.800754349848,-44.,279.78616481964));
#1193 = CARTESIAN_POINT('',(2.66139533767,-44.,279.74203971575));
#1194 = CARTESIAN_POINT('',(2.522181268642,-44.,279.6973398574));
#1195 = CARTESIAN_POINT('',(2.383113539103,-44.,279.65206279391));
#1196 = CARTESIAN_POINT('',(2.244193549751,-44.,279.60620612152));
#1197 = CARTESIAN_POINT('',(2.105422705638,-44.,279.55976748344));
#1198 = CARTESIAN_POINT('',(1.89741030006,-44.,279.48920530662));
#1199 = CARTESIAN_POINT('',(1.828055911654,-44.,279.46551962901));
#1200 = CARTESIAN_POINT('',(1.758739427747,-44.,279.44168724741));
#1201 = CARTESIAN_POINT('',(1.689461025384,-44.,279.4177078754));
#1202 = CARTESIAN_POINT('',(1.620220881872,-44.,279.39358122968));
#1203 = CARTESIAN_POINT('',(1.551019174772,-44.,279.36930703013));
#1204 = CARTESIAN_POINT('',(1.412628071589,-44.,279.32044004657));
#1205 = CARTESIAN_POINT('',(1.343439019251,-44.,279.29584707851));
#1206 = CARTESIAN_POINT('',(1.274287314451,-44.,279.27110519997));
#1207 = CARTESIAN_POINT('',(1.20517850983,-44.,279.24621599643));
#1208 = CARTESIAN_POINT('',(1.136103117378,-44.,279.22117584276));
#1209 = CARTESIAN_POINT('',(1.067072790652,-44.,279.19598846565));
#1210 = CARTESIAN_POINT('',(0.708398040445,-44.,279.06426552281));
#1211 = CARTESIAN_POINT('',(0.419367436987,-44.,278.95522961491));
#1212 = CARTESIAN_POINT('',(0.131051563119,-44.,278.84355741165));
#1213 = CARTESIAN_POINT('',(-0.156484631951,-44.,278.72926267269));
#1214 = CARTESIAN_POINT('',(-0.44317623449,-44.,278.61235812268));
#1215 = CARTESIAN_POINT('',(-0.728958366252,-44.,278.4928554512));
#1216 = CARTESIAN_POINT('',(-1.013766184467,-44.,278.37076531282));
#1217 = PCURVE('',#72,#1218);
#1218 = DEFINITIONAL_REPRESENTATION('',(#1219),#1270);
#1219 = B_SPLINE_CURVE_WITH_KNOTS('',7,(#1220,#1221,#1222,#1223,#1224,
    #1225,#1226,#1227,#1228,#1229,#1230,#1231,#1232,#1233,#1234,#1235,
    #1236,#1237,#1238,#1239,#1240,#1241,#1242,#1243,#1244,#1245,#1246,
    #1247,#1248,#1249,#1250,#1251,#1252,#1253,#1254,#1255,#1256,#1257,
    #1258,#1259,#1260,#1261,#1262,#1263,#1264,#1265,#1266,#1267,#1268,
    #1269),.UNSPECIFIED.,.F.,.F.,(8,6,6,6,6,6,6,6,8),(0.,0.430358109862,
    0.682491782912,0.807827325373,0.87004604032,0.901700349162,
    0.917546221964,0.933406967926,1.),.UNSPECIFIED.);
#1220 = CARTESIAN_POINT('',(22.78271756674,-4.485414707345));
#1221 = CARTESIAN_POINT('',(22.967580157862,-6.541502094464));
#1222 = CARTESIAN_POINT('',(23.132640909823,-8.592078438927));
#1223 = CARTESIAN_POINT('',(23.269453369922,-10.63686362362));
#1224 = CARTESIAN_POINT('',(23.369369644703,-12.67509299126));
#1225 = CARTESIAN_POINT('',(23.423489101236,-14.7055210088));
#1226 = CARTESIAN_POINT('',(23.422723875738,-16.72649323016));
#1227 = CARTESIAN_POINT('',(23.320050426976,-19.9134459124));
#1228 = CARTESIAN_POINT('',(23.260161264446,-21.08685292015));
#1229 = CARTESIAN_POINT('',(23.176489129375,-22.2558894264));
#1230 = CARTESIAN_POINT('',(23.067213750352,-23.420065267));
#1231 = CARTESIAN_POINT('',(22.930539989475,-24.57883357848));
#1232 = CARTESIAN_POINT('',(22.764724901347,-25.7316055192));
#1233 = CARTESIAN_POINT('',(22.470374340639,-27.44751949714));
#1234 = CARTESIAN_POINT('',(22.365027274678,-28.01563898799));
#1235 = CARTESIAN_POINT('',(22.251866525235,-28.58204591877));
#1236 = CARTESIAN_POINT('',(22.130694107129,-29.14666122189));
#1237 = CARTESIAN_POINT('',(22.001318553587,-29.70940396179));
#1238 = CARTESIAN_POINT('',(21.863556124247,-30.27019157992));
#1239 = CARTESIAN_POINT('',(21.644594212428,-31.10631251697));
#1240 = CARTESIAN_POINT('',(21.569846578168,-31.38318241322));
#1241 = CARTESIAN_POINT('',(21.492967681434,-31.65953955198));
#1242 = CARTESIAN_POINT('',(21.41393669969,-31.93537358237));
#1243 = CARTESIAN_POINT('',(21.332733416807,-32.21067407907));
#1244 = CARTESIAN_POINT('',(21.249338223061,-32.48543054232));
#1245 = CARTESIAN_POINT('',(21.120179268035,-32.89913496129));
#1246 = CARTESIAN_POINT('',(21.076054164139,-33.03849397347));
#1247 = CARTESIAN_POINT('',(21.031354305794,-33.1777080425));
#1248 = CARTESIAN_POINT('',(20.986077242302,-33.31677577204));
#1249 = CARTESIAN_POINT('',(20.940220569913,-33.45569576139));
#1250 = CARTESIAN_POINT('',(20.893781931835,-33.5944666055));
#1251 = CARTESIAN_POINT('',(20.823219755008,-33.80247901108));
#1252 = CARTESIAN_POINT('',(20.799534077398,-33.87183339949));
#1253 = CARTESIAN_POINT('',(20.775701695803,-33.94114988339));
#1254 = CARTESIAN_POINT('',(20.751722323787,-34.01042828576));
#1255 = CARTESIAN_POINT('',(20.727595678069,-34.07966842927));
#1256 = CARTESIAN_POINT('',(20.703321478521,-34.14887013637));
#1257 = CARTESIAN_POINT('',(20.654454494962,-34.28726123955));
#1258 = CARTESIAN_POINT('',(20.629861526903,-34.35645029189));
#1259 = CARTESIAN_POINT('',(20.605119648362,-34.42560199669));
#1260 = CARTESIAN_POINT('',(20.58023044482,-34.49471080131));
#1261 = CARTESIAN_POINT('',(20.555190291149,-34.56378619376));
#1262 = CARTESIAN_POINT('',(20.530002914042,-34.63281652049));
#1263 = CARTESIAN_POINT('',(20.398279971203,-34.99149127069));
#1264 = CARTESIAN_POINT('',(20.289244063301,-35.28052187415));
#1265 = CARTESIAN_POINT('',(20.17757186004,-35.56883774802));
#1266 = CARTESIAN_POINT('',(20.063277121085,-35.85637394309));
#1267 = CARTESIAN_POINT('',(19.946372571067,-36.14306554563));
#1268 = CARTESIAN_POINT('',(19.826869899587,-36.42884767739));
#1269 = CARTESIAN_POINT('',(19.704779761214,-36.71365549561));
#1270 = ( GEOMETRIC_REPRESENTATION_CONTEXT(2) 
PARAMETRIC_REPRESENTATION_CONTEXT() REPRESENTATION_CONTEXT('2D SPACE',''
  ) );
#1271 = ADVANCED_FACE('',(#1272),#118,.F.);
#1272 = FACE_BOUND('',#1273,.T.);
#1273 = EDGE_LOOP('',(#1274,#1300,#1301,#1302));
#1274 = ORIENTED_EDGE('',*,*,#1275,.T.);
#1275 = EDGE_CURVE('',#133,#99,#1276,.T.);
#1276 = SURFACE_CURVE('',#1277,(#1282,#1289),.PCURVE_S1.);
#1277 = CIRCLE('',#1278,1.2);
#1278 = AXIS2_PLACEMENT_3D('',#1279,#1280,#1281);
#1279 = CARTESIAN_POINT('',(-6.,-46.,278.));
#1280 = DIRECTION('',(-0.,-1.,0.));
#1281 = DIRECTION('',(-0.79854082641,0.,0.601940652022));
#1282 = PCURVE('',#118,#1283);
#1283 = DEFINITIONAL_REPRESENTATION('',(#1284),#1288);
#1284 = LINE('',#1285,#1286);
#1285 = CARTESIAN_POINT('',(-2.49566351664,-3.));
#1286 = VECTOR('',#1287,1.);
#1287 = DIRECTION('',(-1.,-0.));
#1288 = ( GEOMETRIC_REPRESENTATION_CONTEXT(2) 
PARAMETRIC_REPRESENTATION_CONTEXT() REPRESENTATION_CONTEXT('2D SPACE',''
  ) );
#1289 = PCURVE('',#162,#1290);
#1290 = DEFINITIONAL_REPRESENTATION('',(#1291),#1299);
#1291 = ( BOUNDED_CURVE() B_SPLINE_CURVE(2,(#1292,#1293,#1294,#1295,
#1296,#1297,#1298),.UNSPECIFIED.,.T.,.F.) B_SPLINE_CURVE_WITH_KNOTS((1,2
    ,2,2,2,1),(-2.094395102393,0.,2.094395102393,4.188790204786,
6.28318530718,8.377580409573),.UNSPECIFIED.) CURVE() 
GEOMETRIC_REPRESENTATION_ITEM() RATIONAL_B_SPLINE_CURVE((1.,0.5,1.,0.5,
1.,0.5,1.)) REPRESENTATION_ITEM('') );
#1292 = CARTESIAN_POINT('',(20.056343230811,-42.65813830283));
#1293 = CARTESIAN_POINT('',(18.396607290899,-43.90924845376));
#1294 = CARTESIAN_POINT('',(18.142982087216,-41.84631989076));
#1295 = CARTESIAN_POINT('',(17.889356883533,-39.78339132776));
#1296 = CARTESIAN_POINT('',(19.802718027129,-40.59520973983));
#1297 = CARTESIAN_POINT('',(21.716079170724,-41.4070281519));
#1298 = CARTESIAN_POINT('',(20.056343230811,-42.65813830283));
#1299 = ( GEOMETRIC_REPRESENTATION_CONTEXT(2) 
PARAMETRIC_REPRESENTATION_CONTEXT() REPRESENTATION_CONTEXT('2D SPACE',''
  ) );
#1300 = ORIENTED_EDGE('',*,*,#98,.T.);
#1301 = ORIENTED_EDGE('',*,*,#218,.F.);
#1302 = ORIENTED_EDGE('',*,*,#188,.F.);
#1303 = ADVANCED_FACE('',(#1304,#1308,#1339),#162,.F.);
#1304 = FACE_BOUND('',#1305,.F.);
#1305 = EDGE_LOOP('',(#1306,#1307));
#1306 = ORIENTED_EDGE('',*,*,#132,.T.);
#1307 = ORIENTED_EDGE('',*,*,#1275,.T.);
#1308 = FACE_BOUND('',#1309,.F.);
#1309 = EDGE_LOOP('',(#1310));
#1310 = ORIENTED_EDGE('',*,*,#1311,.F.);
#1311 = EDGE_CURVE('',#1312,#1312,#1314,.T.);
#1312 = VERTEX_POINT('',#1313);
#1313 = CARTESIAN_POINT('',(31.7,-46.,265.));
#1314 = SURFACE_CURVE('',#1315,(#1320,#1327),.PCURVE_S1.);
#1315 = CIRCLE('',#1316,2.7);
#1316 = AXIS2_PLACEMENT_3D('',#1317,#1318,#1319);
#1317 = CARTESIAN_POINT('',(29.,-46.,265.));
#1318 = DIRECTION('',(-0.,1.,0.));
#1319 = DIRECTION('',(1.,0.,0.));
#1320 = PCURVE('',#162,#1321);
#1321 = DEFINITIONAL_REPRESENTATION('',(#1322),#1326);
#1322 = CIRCLE('',#1323,2.7);
#1323 = AXIS2_PLACEMENT_2D('',#1324,#1325);
#1324 = CARTESIAN_POINT('',(6.334014448385,-6.699889311144));
#1325 = DIRECTION('',(0.,1.));
#1326 = ( GEOMETRIC_REPRESENTATION_CONTEXT(2) 
PARAMETRIC_REPRESENTATION_CONTEXT() REPRESENTATION_CONTEXT('2D SPACE',''
  ) );
#1327 = PCURVE('',#1328,#1333);
#1328 = CYLINDRICAL_SURFACE('',#1329,2.7);
#1329 = AXIS2_PLACEMENT_3D('',#1330,#1331,#1332);
#1330 = CARTESIAN_POINT('',(29.,-43.,265.));
#1331 = DIRECTION('',(-0.,1.,-0.));
#1332 = DIRECTION('',(1.,0.,0.));
#1333 = DEFINITIONAL_REPRESENTATION('',(#1334),#1338);
#1334 = LINE('',#1335,#1336);
#1335 = CARTESIAN_POINT('',(-6.28318530718,-3.));
#1336 = VECTOR('',#1337,1.);
#1337 = DIRECTION('',(1.,-0.));
#1338 = ( GEOMETRIC_REPRESENTATION_CONTEXT(2) 
PARAMETRIC_REPRESENTATION_CONTEXT() REPRESENTATION_CONTEXT('2D SPACE',''
  ) );
#1339 = FACE_BOUND('',#1340,.F.);
#1340 = EDGE_LOOP('',(#1341));
#1341 = ORIENTED_EDGE('',*,*,#1342,.F.);
#1342 = EDGE_CURVE('',#1343,#1343,#1345,.T.);
#1343 = VERTEX_POINT('',#1344);
#1344 = CARTESIAN_POINT('',(37.2,-46.,280.));
#1345 = SURFACE_CURVE('',#1346,(#1351,#1358),.PCURVE_S1.);
#1346 = CIRCLE('',#1347,1.2);
#1347 = AXIS2_PLACEMENT_3D('',#1348,#1349,#1350);
#1348 = CARTESIAN_POINT('',(36.,-46.,280.));
#1349 = DIRECTION('',(-0.,1.,0.));
#1350 = DIRECTION('',(1.,0.,0.));
#1351 = PCURVE('',#162,#1352);
#1352 = DEFINITIONAL_REPRESENTATION('',(#1353),#1357);
#1353 = CIRCLE('',#1354,1.2);
#1354 = AXIS2_PLACEMENT_2D('',#1355,#1356);
#1355 = CARTESIAN_POINT('',(21.334014448385,0.300110688856));
#1356 = DIRECTION('',(0.,1.));
#1357 = ( GEOMETRIC_REPRESENTATION_CONTEXT(2) 
PARAMETRIC_REPRESENTATION_CONTEXT() REPRESENTATION_CONTEXT('2D SPACE',''
  ) );
#1358 = PCURVE('',#264,#1359);
#1359 = DEFINITIONAL_REPRESENTATION('',(#1360),#1364);
#1360 = LINE('',#1361,#1362);
#1361 = CARTESIAN_POINT('',(-6.28318530718,-3.));
#1362 = VECTOR('',#1363,1.);
#1363 = DIRECTION('',(1.,-0.));
#1364 = ( GEOMETRIC_REPRESENTATION_CONTEXT(2) 
PARAMETRIC_REPRESENTATION_CONTEXT() REPRESENTATION_CONTEXT('2D SPACE',''
  ) );
#1365 = ADVANCED_FACE('',(#1366),#264,.F.);
#1366 = FACE_BOUND('',#1367,.T.);
#1367 = EDGE_LOOP('',(#1368,#1369,#1390,#1391));
#1368 = ORIENTED_EDGE('',*,*,#247,.T.);
#1369 = ORIENTED_EDGE('',*,*,#1370,.T.);
#1370 = EDGE_CURVE('',#248,#1343,#1371,.T.);
#1371 = SEAM_CURVE('',#1372,(#1376,#1383),.PCURVE_S1.);
#1372 = LINE('',#1373,#1374);
#1373 = CARTESIAN_POINT('',(37.2,-43.,280.));
#1374 = VECTOR('',#1375,1.);
#1375 = DIRECTION('',(0.,-1.,0.));
#1376 = PCURVE('',#264,#1377);
#1377 = DEFINITIONAL_REPRESENTATION('',(#1378),#1382);
#1378 = LINE('',#1379,#1380);
#1379 = CARTESIAN_POINT('',(-6.28318530718,0.));
#1380 = VECTOR('',#1381,1.);
#1381 = DIRECTION('',(-0.,-1.));
#1382 = ( GEOMETRIC_REPRESENTATION_CONTEXT(2) 
PARAMETRIC_REPRESENTATION_CONTEXT() REPRESENTATION_CONTEXT('2D SPACE',''
  ) );
#1383 = PCURVE('',#264,#1384);
#1384 = DEFINITIONAL_REPRESENTATION('',(#1385),#1389);
#1385 = LINE('',#1386,#1387);
#1386 = CARTESIAN_POINT('',(-0.,0.));
#1387 = VECTOR('',#1388,1.);
#1388 = DIRECTION('',(-0.,-1.));
#1389 = ( GEOMETRIC_REPRESENTATION_CONTEXT(2) 
PARAMETRIC_REPRESENTATION_CONTEXT() REPRESENTATION_CONTEXT('2D SPACE',''
  ) );
#1390 = ORIENTED_EDGE('',*,*,#1342,.F.);
#1391 = ORIENTED_EDGE('',*,*,#1370,.F.);
#1392 = ADVANCED_FACE('',(#1393),#301,.T.);
#1393 = FACE_BOUND('',#1394,.T.);
#1394 = EDGE_LOOP('',(#1395,#1415,#1416,#1436));
#1395 = ORIENTED_EDGE('',*,*,#1396,.T.);
#1396 = EDGE_CURVE('',#1397,#279,#1399,.T.);
#1397 = VERTEX_POINT('',#1398);
#1398 = CARTESIAN_POINT('',(-8.816375049966,-44.8,273.86865257114));
#1399 = SURFACE_CURVE('',#1400,(#1406),.PCURVE_S1.);
#1400 = B_SPLINE_CURVE_WITH_KNOTS('',4,(#1401,#1402,#1403,#1404,#1405),
  .UNSPECIFIED.,.F.,.F.,(5,5),(0.,1.),.PIECEWISE_BEZIER_KNOTS.);
#1401 = CARTESIAN_POINT('',(-8.816375049966,-44.8000006,273.86865257114)
  );
#1402 = CARTESIAN_POINT('',(-8.816375049966,-44.5750003,273.86865257114)
  );
#1403 = CARTESIAN_POINT('',(-8.816375049966,-44.35,273.86865257114));
#1404 = CARTESIAN_POINT('',(-8.816375049966,-44.1249997,273.86865257114)
  );
#1405 = CARTESIAN_POINT('',(-8.816375049966,-43.8999994,273.86865257114)
  );
#1406 = PCURVE('',#301,#1407);
#1407 = DEFINITIONAL_REPRESENTATION('',(#1408),#1414);
#1408 = B_SPLINE_CURVE_WITH_KNOTS('',4,(#1409,#1410,#1411,#1412,#1413),
  .UNSPECIFIED.,.F.,.F.,(5,5),(6.666657776748E-07,0.999999333334),
  .PIECEWISE_BEZIER_KNOTS.);
#1409 = CARTESIAN_POINT('',(4.114044900542,-2.2));
#1410 = CARTESIAN_POINT('',(4.114044900542,-2.425));
#1411 = CARTESIAN_POINT('',(4.114044900542,-2.65));
#1412 = CARTESIAN_POINT('',(4.114044900542,-2.875));
#1413 = CARTESIAN_POINT('',(4.114044900542,-3.1));
#1414 = ( GEOMETRIC_REPRESENTATION_CONTEXT(2) 
PARAMETRIC_REPRESENTATION_CONTEXT() REPRESENTATION_CONTEXT('2D SPACE',''
  ) );
#1415 = ORIENTED_EDGE('',*,*,#278,.T.);
#1416 = ORIENTED_EDGE('',*,*,#1417,.F.);
#1417 = EDGE_CURVE('',#1418,#281,#1420,.T.);
#1418 = VERTEX_POINT('',#1419);
#1419 = CARTESIAN_POINT('',(-1.013765657795,-44.8,278.3707655386));
#1420 = SURFACE_CURVE('',#1421,(#1427),.PCURVE_S1.);
#1421 = B_SPLINE_CURVE_WITH_KNOTS('',4,(#1422,#1423,#1424,#1425,#1426),
  .UNSPECIFIED.,.F.,.F.,(5,5),(0.,1.),.PIECEWISE_BEZIER_KNOTS.);
#1422 = CARTESIAN_POINT('',(-1.013765657795,-44.8000006,278.3707655386)
  );
#1423 = CARTESIAN_POINT('',(-1.013765657795,-44.5750003,278.3707655386)
  );
#1424 = CARTESIAN_POINT('',(-1.013765657795,-44.35,278.3707655386));
#1425 = CARTESIAN_POINT('',(-1.013765657795,-44.1249997,278.3707655386)
  );
#1426 = CARTESIAN_POINT('',(-1.013765657795,-43.8999994,278.3707655386)
  );
#1427 = PCURVE('',#301,#1428);
#1428 = DEFINITIONAL_REPRESENTATION('',(#1429),#1435);
#1429 = B_SPLINE_CURVE_WITH_KNOTS('',4,(#1430,#1431,#1432,#1433,#1434),
  .UNSPECIFIED.,.F.,.F.,(5,5),(6.666657776748E-07,0.999999333334),
  .PIECEWISE_BEZIER_KNOTS.);
#1430 = CARTESIAN_POINT('',(6.357406541017,-2.2));
#1431 = CARTESIAN_POINT('',(6.357406541017,-2.425));
#1432 = CARTESIAN_POINT('',(6.357406541017,-2.65));
#1433 = CARTESIAN_POINT('',(6.357406541017,-2.875));
#1434 = CARTESIAN_POINT('',(6.357406541017,-3.1));
#1435 = ( GEOMETRIC_REPRESENTATION_CONTEXT(2) 
PARAMETRIC_REPRESENTATION_CONTEXT() REPRESENTATION_CONTEXT('2D SPACE',''
  ) );
#1436 = ORIENTED_EDGE('',*,*,#1437,.F.);
#1437 = EDGE_CURVE('',#1397,#1418,#1438,.T.);
#1438 = SURFACE_CURVE('',#1439,(#1444),.PCURVE_S1.);
#1439 = CIRCLE('',#1440,5.);
#1440 = AXIS2_PLACEMENT_3D('',#1441,#1442,#1443);
#1441 = CARTESIAN_POINT('',(-6.,-44.8,278.));
#1442 = DIRECTION('',(0.,-1.,-0.));
#1443 = DIRECTION('',(-0.563275009993,0.,-0.826269485772));
#1444 = PCURVE('',#301,#1445);
#1445 = DEFINITIONAL_REPRESENTATION('',(#1446),#1450);
#1446 = LINE('',#1447,#1448);
#1447 = CARTESIAN_POINT('',(4.114044900542,-2.2));
#1448 = VECTOR('',#1449,1.);
#1449 = DIRECTION('',(1.,0.));
#1450 = ( GEOMETRIC_REPRESENTATION_CONTEXT(2) 
PARAMETRIC_REPRESENTATION_CONTEXT() REPRESENTATION_CONTEXT('2D SPACE',''
  ) );
#1451 = ADVANCED_FACE('',(#1452),#1152,.T.);
#1452 = FACE_BOUND('',#1453,.T.);
#1453 = EDGE_LOOP('',(#1454,#1474,#1491,#1509));
#1454 = ORIENTED_EDGE('',*,*,#1455,.F.);
#1455 = EDGE_CURVE('',#1456,#1046,#1458,.T.);
#1456 = VERTEX_POINT('',#1457);
#1457 = CARTESIAN_POINT('',(40.979379542606,-44.8,280.45362911136));
#1458 = SURFACE_CURVE('',#1459,(#1465),.PCURVE_S1.);
#1459 = B_SPLINE_CURVE_WITH_KNOTS('',4,(#1460,#1461,#1462,#1463,#1464),
  .UNSPECIFIED.,.F.,.F.,(5,5),(0.,1.),.PIECEWISE_BEZIER_KNOTS.);
#1460 = CARTESIAN_POINT('',(40.979379542606,-44.8000006,280.45362911136)
  );
#1461 = CARTESIAN_POINT('',(40.979379542606,-44.5750003,280.45362911136)
  );
#1462 = CARTESIAN_POINT('',(40.979379542606,-44.35,280.45362911136));
#1463 = CARTESIAN_POINT('',(40.979379542606,-44.1249997,280.45362911136)
  );
#1464 = CARTESIAN_POINT('',(40.979379542606,-43.8999994,280.45362911136)
  );
#1465 = PCURVE('',#1152,#1466);
#1466 = DEFINITIONAL_REPRESENTATION('',(#1467),#1473);
#1467 = B_SPLINE_CURVE_WITH_KNOTS('',4,(#1468,#1469,#1470,#1471,#1472),
  .UNSPECIFIED.,.F.,.F.,(5,5),(6.666657776748E-07,0.999999333334),
  .PIECEWISE_BEZIER_KNOTS.);
#1468 = CARTESIAN_POINT('',(6.374036056091,-2.2));
#1469 = CARTESIAN_POINT('',(6.374036056091,-2.425));
#1470 = CARTESIAN_POINT('',(6.374036056091,-2.65));
#1471 = CARTESIAN_POINT('',(6.374036056091,-2.875));
#1472 = CARTESIAN_POINT('',(6.374036056091,-3.1));
#1473 = ( GEOMETRIC_REPRESENTATION_CONTEXT(2) 
PARAMETRIC_REPRESENTATION_CONTEXT() REPRESENTATION_CONTEXT('2D SPACE',''
  ) );
#1474 = ORIENTED_EDGE('',*,*,#1475,.T.);
#1475 = EDGE_CURVE('',#1456,#1476,#1478,.T.);
#1476 = VERTEX_POINT('',#1477);
#1477 = CARTESIAN_POINT('',(31.214473997874,-44.8,281.44870317283));
#1478 = SURFACE_CURVE('',#1479,(#1484),.PCURVE_S1.);
#1479 = CIRCLE('',#1480,5.);
#1480 = AXIS2_PLACEMENT_3D('',#1481,#1482,#1483);
#1481 = CARTESIAN_POINT('',(36.,-44.8,280.));
#1482 = DIRECTION('',(0.,1.,0.));
#1483 = DIRECTION('',(0.995875908521,-0.,9.072582227366E-02));
#1484 = PCURVE('',#1152,#1485);
#1485 = DEFINITIONAL_REPRESENTATION('',(#1486),#1490);
#1486 = LINE('',#1487,#1488);
#1487 = CARTESIAN_POINT('',(6.374036056091,-2.2));
#1488 = VECTOR('',#1489,1.);
#1489 = DIRECTION('',(-1.,-0.));
#1490 = ( GEOMETRIC_REPRESENTATION_CONTEXT(2) 
PARAMETRIC_REPRESENTATION_CONTEXT() REPRESENTATION_CONTEXT('2D SPACE',''
  ) );
#1491 = ORIENTED_EDGE('',*,*,#1492,.T.);
#1492 = EDGE_CURVE('',#1476,#1132,#1493,.T.);
#1493 = SURFACE_CURVE('',#1494,(#1500),.PCURVE_S1.);
#1494 = B_SPLINE_CURVE_WITH_KNOTS('',4,(#1495,#1496,#1497,#1498,#1499),
  .UNSPECIFIED.,.F.,.F.,(5,5),(0.,1.),.PIECEWISE_BEZIER_KNOTS.);
#1495 = CARTESIAN_POINT('',(31.214473997874,-44.8000006,281.44870317283)
  );
#1496 = CARTESIAN_POINT('',(31.214473997874,-44.5750003,281.44870317283)
  );
#1497 = CARTESIAN_POINT('',(31.214473997874,-44.35,281.44870317283));
#1498 = CARTESIAN_POINT('',(31.214473997874,-44.1249997,281.44870317283)
  );
#1499 = CARTESIAN_POINT('',(31.214473997874,-43.8999994,281.44870317283)
  );
#1500 = PCURVE('',#1152,#1501);
#1501 = DEFINITIONAL_REPRESENTATION('',(#1502),#1508);
#1502 = B_SPLINE_CURVE_WITH_KNOTS('',4,(#1503,#1504,#1505,#1506,#1507),
  .UNSPECIFIED.,.F.,.F.,(5,5),(6.666657776748E-07,0.999999333334),
  .PIECEWISE_BEZIER_KNOTS.);
#1503 = CARTESIAN_POINT('',(2.847636816433,-2.2));
#1504 = CARTESIAN_POINT('',(2.847636816433,-2.425));
#1505 = CARTESIAN_POINT('',(2.847636816433,-2.65));
#1506 = CARTESIAN_POINT('',(2.847636816433,-2.875));
#1507 = CARTESIAN_POINT('',(2.847636816433,-3.1));
#1508 = ( GEOMETRIC_REPRESENTATION_CONTEXT(2) 
PARAMETRIC_REPRESENTATION_CONTEXT() REPRESENTATION_CONTEXT('2D SPACE',''
  ) );
#1509 = ORIENTED_EDGE('',*,*,#1131,.T.);
#1510 = ADVANCED_FACE('',(#1511),#1328,.F.);
#1511 = FACE_BOUND('',#1512,.T.);
#1512 = EDGE_LOOP('',(#1513,#1542,#1563,#1564));
#1513 = ORIENTED_EDGE('',*,*,#1514,.T.);
#1514 = EDGE_CURVE('',#1515,#1515,#1517,.T.);
#1515 = VERTEX_POINT('',#1516);
#1516 = CARTESIAN_POINT('',(31.7,-44.,265.));
#1517 = SURFACE_CURVE('',#1518,(#1523,#1530),.PCURVE_S1.);
#1518 = CIRCLE('',#1519,2.7);
#1519 = AXIS2_PLACEMENT_3D('',#1520,#1521,#1522);
#1520 = CARTESIAN_POINT('',(29.,-44.,265.));
#1521 = DIRECTION('',(-0.,1.,0.));
#1522 = DIRECTION('',(1.,0.,0.));
#1523 = PCURVE('',#1328,#1524);
#1524 = DEFINITIONAL_REPRESENTATION('',(#1525),#1529);
#1525 = LINE('',#1526,#1527);
#1526 = CARTESIAN_POINT('',(-6.28318530718,-1.));
#1527 = VECTOR('',#1528,1.);
#1528 = DIRECTION('',(1.,-0.));
#1529 = ( GEOMETRIC_REPRESENTATION_CONTEXT(2) 
PARAMETRIC_REPRESENTATION_CONTEXT() REPRESENTATION_CONTEXT('2D SPACE',''
  ) );
#1530 = PCURVE('',#1531,#1536);
#1531 = PLANE('',#1532);
#1532 = AXIS2_PLACEMENT_3D('',#1533,#1534,#1535);
#1533 = CARTESIAN_POINT('',(35.699889311144,-44.,258.66598555161));
#1534 = DIRECTION('',(0.,1.,0.));
#1535 = DIRECTION('',(0.,-0.,1.));
#1536 = DEFINITIONAL_REPRESENTATION('',(#1537),#1541);
#1537 = CIRCLE('',#1538,2.7);
#1538 = AXIS2_PLACEMENT_2D('',#1539,#1540);
#1539 = CARTESIAN_POINT('',(6.334014448385,-6.699889311144));
#1540 = DIRECTION('',(0.,1.));
#1541 = ( GEOMETRIC_REPRESENTATION_CONTEXT(2) 
PARAMETRIC_REPRESENTATION_CONTEXT() REPRESENTATION_CONTEXT('2D SPACE',''
  ) );
#1542 = ORIENTED_EDGE('',*,*,#1543,.T.);
#1543 = EDGE_CURVE('',#1515,#1312,#1544,.T.);
#1544 = SEAM_CURVE('',#1545,(#1549,#1556),.PCURVE_S1.);
#1545 = LINE('',#1546,#1547);
#1546 = CARTESIAN_POINT('',(31.7,-43.,265.));
#1547 = VECTOR('',#1548,1.);
#1548 = DIRECTION('',(0.,-1.,0.));
#1549 = PCURVE('',#1328,#1550);
#1550 = DEFINITIONAL_REPRESENTATION('',(#1551),#1555);
#1551 = LINE('',#1552,#1553);
#1552 = CARTESIAN_POINT('',(-6.28318530718,0.));
#1553 = VECTOR('',#1554,1.);
#1554 = DIRECTION('',(-0.,-1.));
#1555 = ( GEOMETRIC_REPRESENTATION_CONTEXT(2) 
PARAMETRIC_REPRESENTATION_CONTEXT() REPRESENTATION_CONTEXT('2D SPACE',''
  ) );
#1556 = PCURVE('',#1328,#1557);
#1557 = DEFINITIONAL_REPRESENTATION('',(#1558),#1562);
#1558 = LINE('',#1559,#1560);
#1559 = CARTESIAN_POINT('',(-0.,0.));
#1560 = VECTOR('',#1561,1.);
#1561 = DIRECTION('',(-0.,-1.));
#1562 = ( GEOMETRIC_REPRESENTATION_CONTEXT(2) 
PARAMETRIC_REPRESENTATION_CONTEXT() REPRESENTATION_CONTEXT('2D SPACE',''
  ) );
#1563 = ORIENTED_EDGE('',*,*,#1311,.F.);
#1564 = ORIENTED_EDGE('',*,*,#1543,.F.);
#1565 = ADVANCED_FACE('',(#1566,#1601),#1531,.T.);
#1566 = FACE_BOUND('',#1567,.T.);
#1567 = EDGE_LOOP('',(#1568));
#1568 = ORIENTED_EDGE('',*,*,#1569,.F.);
#1569 = EDGE_CURVE('',#1570,#1570,#1572,.T.);
#1570 = VERTEX_POINT('',#1571);
#1571 = CARTESIAN_POINT('',(34.,-44.,265.));
#1572 = SURFACE_CURVE('',#1573,(#1578,#1589),.PCURVE_S1.);
#1573 = CIRCLE('',#1574,5.);
#1574 = AXIS2_PLACEMENT_3D('',#1575,#1576,#1577);
#1575 = CARTESIAN_POINT('',(29.,-44.,265.));
#1576 = DIRECTION('',(0.,-1.,0.));
#1577 = DIRECTION('',(1.,0.,0.));
#1578 = PCURVE('',#1531,#1579);
#1579 = DEFINITIONAL_REPRESENTATION('',(#1580),#1588);
#1580 = ( BOUNDED_CURVE() B_SPLINE_CURVE(2,(#1581,#1582,#1583,#1584,
#1585,#1586,#1587),.UNSPECIFIED.,.T.,.F.) B_SPLINE_CURVE_WITH_KNOTS((1,2
    ,2,2,2,1),(-2.094395102393,0.,2.094395102393,4.188790204786,
6.28318530718,8.377580409573),.UNSPECIFIED.) CURVE() 
GEOMETRIC_REPRESENTATION_ITEM() RATIONAL_B_SPLINE_CURVE((1.,0.5,1.,0.5,
1.,0.5,1.)) REPRESENTATION_ITEM('') );
#1581 = CARTESIAN_POINT('',(6.334014448385,-1.699889311144));
#1582 = CARTESIAN_POINT('',(14.99426848623,-1.699889311144));
#1583 = CARTESIAN_POINT('',(10.664141467308,-9.199889311144));
#1584 = CARTESIAN_POINT('',(6.334014448385,-16.69988931114));
#1585 = CARTESIAN_POINT('',(2.003887429463,-9.199889311144));
#1586 = CARTESIAN_POINT('',(-2.326239589459,-1.699889311144));
#1587 = CARTESIAN_POINT('',(6.334014448385,-1.699889311144));
#1588 = ( GEOMETRIC_REPRESENTATION_CONTEXT(2) 
PARAMETRIC_REPRESENTATION_CONTEXT() REPRESENTATION_CONTEXT('2D SPACE',''
  ) );
#1589 = PCURVE('',#1590,#1595);
#1590 = CYLINDRICAL_SURFACE('',#1591,5.);
#1591 = AXIS2_PLACEMENT_3D('',#1592,#1593,#1594);
#1592 = CARTESIAN_POINT('',(29.,-47.,265.));
#1593 = DIRECTION('',(0.,-1.,0.));
#1594 = DIRECTION('',(1.,0.,0.));
#1595 = DEFINITIONAL_REPRESENTATION('',(#1596),#1600);
#1596 = LINE('',#1597,#1598);
#1597 = CARTESIAN_POINT('',(0.,-3.));
#1598 = VECTOR('',#1599,1.);
#1599 = DIRECTION('',(1.,0.));
#1600 = ( GEOMETRIC_REPRESENTATION_CONTEXT(2) 
PARAMETRIC_REPRESENTATION_CONTEXT() REPRESENTATION_CONTEXT('2D SPACE',''
  ) );
#1601 = FACE_BOUND('',#1602,.T.);
#1602 = EDGE_LOOP('',(#1603));
#1603 = ORIENTED_EDGE('',*,*,#1514,.F.);
#1604 = ADVANCED_FACE('',(#1605),#1590,.T.);
#1605 = FACE_BOUND('',#1606,.T.);
#1606 = EDGE_LOOP('',(#1607,#1630,#1645,#1646));
#1607 = ORIENTED_EDGE('',*,*,#1608,.F.);
#1608 = EDGE_CURVE('',#1609,#1570,#1611,.T.);
#1609 = VERTEX_POINT('',#1610);
#1610 = CARTESIAN_POINT('',(34.,-44.8,265.));
#1611 = SEAM_CURVE('',#1612,(#1616,#1623),.PCURVE_S1.);
#1612 = LINE('',#1613,#1614);
#1613 = CARTESIAN_POINT('',(34.,-47.,265.));
#1614 = VECTOR('',#1615,1.);
#1615 = DIRECTION('',(-0.,1.,-0.));
#1616 = PCURVE('',#1590,#1617);
#1617 = DEFINITIONAL_REPRESENTATION('',(#1618),#1622);
#1618 = LINE('',#1619,#1620);
#1619 = CARTESIAN_POINT('',(6.28318530718,0.));
#1620 = VECTOR('',#1621,1.);
#1621 = DIRECTION('',(0.,-1.));
#1622 = ( GEOMETRIC_REPRESENTATION_CONTEXT(2) 
PARAMETRIC_REPRESENTATION_CONTEXT() REPRESENTATION_CONTEXT('2D SPACE',''
  ) );
#1623 = PCURVE('',#1590,#1624);
#1624 = DEFINITIONAL_REPRESENTATION('',(#1625),#1629);
#1625 = LINE('',#1626,#1627);
#1626 = CARTESIAN_POINT('',(0.,0.));
#1627 = VECTOR('',#1628,1.);
#1628 = DIRECTION('',(0.,-1.));
#1629 = ( GEOMETRIC_REPRESENTATION_CONTEXT(2) 
PARAMETRIC_REPRESENTATION_CONTEXT() REPRESENTATION_CONTEXT('2D SPACE',''
  ) );
#1630 = ORIENTED_EDGE('',*,*,#1631,.F.);
#1631 = EDGE_CURVE('',#1609,#1609,#1632,.T.);
#1632 = SURFACE_CURVE('',#1633,(#1638),.PCURVE_S1.);
#1633 = CIRCLE('',#1634,5.);
#1634 = AXIS2_PLACEMENT_3D('',#1635,#1636,#1637);
#1635 = CARTESIAN_POINT('',(29.,-44.8,265.));
#1636 = DIRECTION('',(0.,-1.,0.));
#1637 = DIRECTION('',(1.,0.,0.));
#1638 = PCURVE('',#1590,#1639);
#1639 = DEFINITIONAL_REPRESENTATION('',(#1640),#1644);
#1640 = LINE('',#1641,#1642);
#1641 = CARTESIAN_POINT('',(0.,-2.2));
#1642 = VECTOR('',#1643,1.);
#1643 = DIRECTION('',(1.,0.));
#1644 = ( GEOMETRIC_REPRESENTATION_CONTEXT(2) 
PARAMETRIC_REPRESENTATION_CONTEXT() REPRESENTATION_CONTEXT('2D SPACE',''
  ) );
#1645 = ORIENTED_EDGE('',*,*,#1608,.T.);
#1646 = ORIENTED_EDGE('',*,*,#1569,.T.);
#1647 = ( GEOMETRIC_REPRESENTATION_CONTEXT(3) 
GLOBAL_UNCERTAINTY_ASSIGNED_CONTEXT((#1651)) 
GLOBAL_UNIT_ASSIGNED_CONTEXT((#1648,#1649,#1650)) REPRESENTATION_CONTEXT
('Context #1','3D Context with UNIT and UNCERTAINTY') );
#1648 = ( LENGTH_UNIT() NAMED_UNIT(*) SI_UNIT(.MILLI.,.METRE.) );
#1649 = ( NAMED_UNIT(*) PLANE_ANGLE_UNIT() SI_UNIT($,.RADIAN.) );
#1650 = ( NAMED_UNIT(*) SI_UNIT($,.STERADIAN.) SOLID_ANGLE_UNIT() );
#1651 = UNCERTAINTY_MEASURE_WITH_UNIT(LENGTH_MEASURE(2.E-06),#1648,
  'distance_accuracy_value','confusion accuracy');
#1652 = PRODUCT_RELATED_PRODUCT_CATEGORY('part',$,(#7));
ENDSEC;
END-ISO-10303-21;
