ISO-10303-21;
HEADER;
FILE_DESCRIPTION(('Open CASCADE Model'),'2;1');
FILE_NAME('Open CASCADE Shape Model','2026-09-07T18:33:56',('Author'),(
    'Open CASCADE'),'Open CASCADE STEP processor 7.9','Open CASCADE 7.9'
  ,'Unknown');
FILE_SCHEMA(('AUTOMOTIVE_DESIGN { 1 0 10303 214 1 1 1 1 }'));
ENDSEC;
DATA;
#1 = APPLICATION_PROTOCOL_DEFINITION('international standard',
  'automotive_design',2000,#2);
#2 = APPLICATION_CONTEXT(
  'core data for automotive mechanical design processes');
#3 = SHAPE_DEFINITION_REPRESENTATION(#4,#10);
#4 = PRODUCT_DEFINITION_SHAPE('','',#5);
#5 = PRODUCT_DEFINITION('design','',#6,#9);
#6 = PRODUCT_DEFINITION_FORMATION('','',#7);
#7 = PRODUCT('Open CASCADE STEP translator 7.9 1',
  'Open CASCADE STEP translator 7.9 1','',(#8));
#8 = PRODUCT_CONTEXT('',#2,'mechanical');
#9 = PRODUCT_DEFINITION_CONTEXT('part definition',#2,'design');
#10 = ADVANCED_BREP_SHAPE_REPRESENTATION('',(#11,#15),#3083);
#11 = AXIS2_PLACEMENT_3D('',#12,#13,#14);
#12 = CARTESIAN_POINT('',(0.,0.,0.));
#13 = DIRECTION('',(0.,0.,1.));
#14 = DIRECTION('',(1.,0.,-0.));
#15 = MANIFOLD_SOLID_BREP('',#16);
#16 = CLOSED_SHELL('',(#17,#137,#213,#289,#1562,#2779,#2806,#2833,#2860,
    #2887,#2914,#2941,#2968,#2975,#3002,#3029,#3056));
#17 = ADVANCED_FACE('',(#18),#32,.T.);
#18 = FACE_BOUND('',#19,.T.);
#19 = EDGE_LOOP('',(#20,#55,#83,#111));
#20 = ORIENTED_EDGE('',*,*,#21,.T.);
#21 = EDGE_CURVE('',#22,#24,#26,.T.);
#22 = VERTEX_POINT('',#23);
#23 = CARTESIAN_POINT('',(-20.,46.,232.));
#24 = VERTEX_POINT('',#25);
#25 = CARTESIAN_POINT('',(-20.,44.,232.));
#26 = SURFACE_CURVE('',#27,(#31,#43),.PCURVE_S1.);
#27 = LINE('',#28,#29);
#28 = CARTESIAN_POINT('',(-20.,46.,232.));
#29 = VECTOR('',#30,1.);
#30 = DIRECTION('',(0.,-1.,0.));
#31 = PCURVE('',#32,#37);
#32 = PLANE('',#33);
#33 = AXIS2_PLACEMENT_3D('',#34,#35,#36);
#34 = CARTESIAN_POINT('',(-20.,46.,232.));
#35 = DIRECTION('',(-0.999512076087,-0.,-3.123475237772E-02));
#36 = DIRECTION('',(-3.123475237772E-02,0.,0.999512076087));
#37 = DEFINITIONAL_REPRESENTATION('',(#38),#42);
#38 = LINE('',#39,#40);
#39 = CARTESIAN_POINT('',(0.,0.));
#40 = VECTOR('',#41,1.);
#41 = DIRECTION('',(0.,-1.));
#42 = ( GEOMETRIC_REPRESENTATION_CONTEXT(2) 
PARAMETRIC_REPRESENTATION_CONTEXT() REPRESENTATION_CONTEXT('2D SPACE',''
  ) );
#43 = PCURVE('',#44,#49);
#44 = PLANE('',#45);
#45 = AXIS2_PLACEMENT_3D('',#46,#47,#48);
#46 = CARTESIAN_POINT('',(34.,46.,229.));
#47 = DIRECTION('',(-5.547001962252E-02,-0.,-0.998460353205));
#48 = DIRECTION('',(-0.998460353205,0.,5.547001962252E-02));
#49 = DEFINITIONAL_REPRESENTATION('',(#50),#54);
#50 = LINE('',#51,#52);
#51 = CARTESIAN_POINT('',(54.08326913196,0.));
#52 = VECTOR('',#53,1.);
#53 = DIRECTION('',(0.,-1.));
#54 = ( GEOMETRIC_REPRESENTATION_CONTEXT(2) 
PARAMETRIC_REPRESENTATION_CONTEXT() REPRESENTATION_CONTEXT('2D SPACE',''
  ) );
#55 = ORIENTED_EDGE('',*,*,#56,.T.);
#56 = EDGE_CURVE('',#24,#57,#59,.T.);
#57 = VERTEX_POINT('',#58);
#58 = CARTESIAN_POINT('',(-21.,44.,264.));
#59 = SURFACE_CURVE('',#60,(#64,#71),.PCURVE_S1.);
#60 = LINE('',#61,#62);
#61 = CARTESIAN_POINT('',(-20.,44.,232.));
#62 = VECTOR('',#63,1.);
#63 = DIRECTION('',(-3.123475237772E-02,0.,0.999512076087));
#64 = PCURVE('',#32,#65);
#65 = DEFINITIONAL_REPRESENTATION('',(#66),#70);
#66 = LINE('',#67,#68);
#67 = CARTESIAN_POINT('',(0.,-2.));
#68 = VECTOR('',#69,1.);
#69 = DIRECTION('',(1.,0.));
#70 = ( GEOMETRIC_REPRESENTATION_CONTEXT(2) 
PARAMETRIC_REPRESENTATION_CONTEXT() REPRESENTATION_CONTEXT('2D SPACE',''
  ) );
#71 = PCURVE('',#72,#77);
#72 = PLANE('',#73);
#73 = AXIS2_PLACEMENT_3D('',#74,#75,#76);
#74 = CARTESIAN_POINT('',(43.090085896986,44.,256.39245893385));
#75 = DIRECTION('',(0.,1.,0.));
#76 = DIRECTION('',(0.,-0.,1.));
#77 = DEFINITIONAL_REPRESENTATION('',(#78),#82);
#78 = LINE('',#79,#80);
#79 = CARTESIAN_POINT('',(-24.39245893385,-63.09008589698));
#80 = VECTOR('',#81,1.);
#81 = DIRECTION('',(0.999512076087,-3.123475237772E-02));
#82 = ( GEOMETRIC_REPRESENTATION_CONTEXT(2) 
PARAMETRIC_REPRESENTATION_CONTEXT() REPRESENTATION_CONTEXT('2D SPACE',''
  ) );
#83 = ORIENTED_EDGE('',*,*,#84,.F.);
#84 = EDGE_CURVE('',#85,#57,#87,.T.);
#85 = VERTEX_POINT('',#86);
#86 = CARTESIAN_POINT('',(-21.,46.,264.));
#87 = SURFACE_CURVE('',#88,(#92,#99),.PCURVE_S1.);
#88 = LINE('',#89,#90);
#89 = CARTESIAN_POINT('',(-21.,46.,264.));
#90 = VECTOR('',#91,1.);
#91 = DIRECTION('',(0.,-1.,0.));
#92 = PCURVE('',#32,#93);
#93 = DEFINITIONAL_REPRESENTATION('',(#94),#98);
#94 = LINE('',#95,#96);
#95 = CARTESIAN_POINT('',(32.015621187164,0.));
#96 = VECTOR('',#97,1.);
#97 = DIRECTION('',(0.,-1.));
#98 = ( GEOMETRIC_REPRESENTATION_CONTEXT(2) 
PARAMETRIC_REPRESENTATION_CONTEXT() REPRESENTATION_CONTEXT('2D SPACE',''
  ) );
#99 = PCURVE('',#100,#105);
#100 = PLANE('',#101);
#101 = AXIS2_PLACEMENT_3D('',#102,#103,#104);
#102 = CARTESIAN_POINT('',(-21.,46.,264.));
#103 = DIRECTION('',(-0.794357832977,0.,0.607450107571));
#104 = DIRECTION('',(0.607450107571,0.,0.794357832977));
#105 = DEFINITIONAL_REPRESENTATION('',(#106),#110);
#106 = LINE('',#107,#108);
#107 = CARTESIAN_POINT('',(0.,0.));
#108 = VECTOR('',#109,1.);
#109 = DIRECTION('',(0.,-1.));
#110 = ( GEOMETRIC_REPRESENTATION_CONTEXT(2) 
PARAMETRIC_REPRESENTATION_CONTEXT() REPRESENTATION_CONTEXT('2D SPACE',''
  ) );
#111 = ORIENTED_EDGE('',*,*,#112,.F.);
#112 = EDGE_CURVE('',#22,#85,#113,.T.);
#113 = SURFACE_CURVE('',#114,(#118,#125),.PCURVE_S1.);
#114 = LINE('',#115,#116);
#115 = CARTESIAN_POINT('',(-20.,46.,232.));
#116 = VECTOR('',#117,1.);
#117 = DIRECTION('',(-3.123475237772E-02,0.,0.999512076087));
#118 = PCURVE('',#32,#119);
#119 = DEFINITIONAL_REPRESENTATION('',(#120),#124);
#120 = LINE('',#121,#122);
#121 = CARTESIAN_POINT('',(0.,0.));
#122 = VECTOR('',#123,1.);
#123 = DIRECTION('',(1.,0.));
#124 = ( GEOMETRIC_REPRESENTATION_CONTEXT(2) 
PARAMETRIC_REPRESENTATION_CONTEXT() REPRESENTATION_CONTEXT('2D SPACE',''
  ) );
#125 = PCURVE('',#126,#131);
#126 = PLANE('',#127);
#127 = AXIS2_PLACEMENT_3D('',#128,#129,#130);
#128 = CARTESIAN_POINT('',(43.090085896986,46.,256.39245893385));
#129 = DIRECTION('',(0.,1.,0.));
#130 = DIRECTION('',(0.,-0.,1.));
#131 = DEFINITIONAL_REPRESENTATION('',(#132),#136);
#132 = LINE('',#133,#134);
#133 = CARTESIAN_POINT('',(-24.39245893385,-63.09008589698));
#134 = VECTOR('',#135,1.);
#135 = DIRECTION('',(0.999512076087,-3.123475237772E-02));
#136 = ( GEOMETRIC_REPRESENTATION_CONTEXT(2) 
PARAMETRIC_REPRESENTATION_CONTEXT() REPRESENTATION_CONTEXT('2D SPACE',''
  ) );
#137 = ADVANCED_FACE('',(#138),#44,.T.);
#138 = FACE_BOUND('',#139,.T.);
#139 = EDGE_LOOP('',(#140,#170,#191,#192));
#140 = ORIENTED_EDGE('',*,*,#141,.T.);
#141 = EDGE_CURVE('',#142,#144,#146,.T.);
#142 = VERTEX_POINT('',#143);
#143 = CARTESIAN_POINT('',(34.,46.,229.));
#144 = VERTEX_POINT('',#145);
#145 = CARTESIAN_POINT('',(34.,44.,229.));
#146 = SURFACE_CURVE('',#147,(#151,#158),.PCURVE_S1.);
#147 = LINE('',#148,#149);
#148 = CARTESIAN_POINT('',(34.,46.,229.));
#149 = VECTOR('',#150,1.);
#150 = DIRECTION('',(0.,-1.,0.));
#151 = PCURVE('',#44,#152);
#152 = DEFINITIONAL_REPRESENTATION('',(#153),#157);
#153 = LINE('',#154,#155);
#154 = CARTESIAN_POINT('',(0.,0.));
#155 = VECTOR('',#156,1.);
#156 = DIRECTION('',(0.,-1.));
#157 = ( GEOMETRIC_REPRESENTATION_CONTEXT(2) 
PARAMETRIC_REPRESENTATION_CONTEXT() REPRESENTATION_CONTEXT('2D SPACE',''
  ) );
#158 = PCURVE('',#159,#164);
#159 = PLANE('',#160);
#160 = AXIS2_PLACEMENT_3D('',#161,#162,#163);
#161 = CARTESIAN_POINT('',(57.,46.,244.));
#162 = DIRECTION('',(0.546267780547,0.,-0.837610596839));
#163 = DIRECTION('',(-0.837610596839,0.,-0.546267780547));
#164 = DEFINITIONAL_REPRESENTATION('',(#165),#169);
#165 = LINE('',#166,#167);
#166 = CARTESIAN_POINT('',(27.459060435492,0.));
#167 = VECTOR('',#168,1.);
#168 = DIRECTION('',(-0.,-1.));
#169 = ( GEOMETRIC_REPRESENTATION_CONTEXT(2) 
PARAMETRIC_REPRESENTATION_CONTEXT() REPRESENTATION_CONTEXT('2D SPACE',''
  ) );
#170 = ORIENTED_EDGE('',*,*,#171,.T.);
#171 = EDGE_CURVE('',#144,#24,#172,.T.);
#172 = SURFACE_CURVE('',#173,(#177,#184),.PCURVE_S1.);
#173 = LINE('',#174,#175);
#174 = CARTESIAN_POINT('',(34.,44.,229.));
#175 = VECTOR('',#176,1.);
#176 = DIRECTION('',(-0.998460353205,0.,5.547001962252E-02));
#177 = PCURVE('',#44,#178);
#178 = DEFINITIONAL_REPRESENTATION('',(#179),#183);
#179 = LINE('',#180,#181);
#180 = CARTESIAN_POINT('',(0.,-2.));
#181 = VECTOR('',#182,1.);
#182 = DIRECTION('',(1.,0.));
#183 = ( GEOMETRIC_REPRESENTATION_CONTEXT(2) 
PARAMETRIC_REPRESENTATION_CONTEXT() REPRESENTATION_CONTEXT('2D SPACE',''
  ) );
#184 = PCURVE('',#72,#185);
#185 = DEFINITIONAL_REPRESENTATION('',(#186),#190);
#186 = LINE('',#187,#188);
#187 = CARTESIAN_POINT('',(-27.39245893385,-9.090085896986));
#188 = VECTOR('',#189,1.);
#189 = DIRECTION('',(5.547001962252E-02,-0.998460353205));
#190 = ( GEOMETRIC_REPRESENTATION_CONTEXT(2) 
PARAMETRIC_REPRESENTATION_CONTEXT() REPRESENTATION_CONTEXT('2D SPACE',''
  ) );
#191 = ORIENTED_EDGE('',*,*,#21,.F.);
#192 = ORIENTED_EDGE('',*,*,#193,.F.);
#193 = EDGE_CURVE('',#142,#22,#194,.T.);
#194 = SURFACE_CURVE('',#195,(#199,#206),.PCURVE_S1.);
#195 = LINE('',#196,#197);
#196 = CARTESIAN_POINT('',(34.,46.,229.));
#197 = VECTOR('',#198,1.);
#198 = DIRECTION('',(-0.998460353205,0.,5.547001962252E-02));
#199 = PCURVE('',#44,#200);
#200 = DEFINITIONAL_REPRESENTATION('',(#201),#205);
#201 = LINE('',#202,#203);
#202 = CARTESIAN_POINT('',(0.,0.));
#203 = VECTOR('',#204,1.);
#204 = DIRECTION('',(1.,0.));
#205 = ( GEOMETRIC_REPRESENTATION_CONTEXT(2) 
PARAMETRIC_REPRESENTATION_CONTEXT() REPRESENTATION_CONTEXT('2D SPACE',''
  ) );
#206 = PCURVE('',#126,#207);
#207 = DEFINITIONAL_REPRESENTATION('',(#208),#212);
#208 = LINE('',#209,#210);
#209 = CARTESIAN_POINT('',(-27.39245893385,-9.090085896986));
#210 = VECTOR('',#211,1.);
#211 = DIRECTION('',(5.547001962252E-02,-0.998460353205));
#212 = ( GEOMETRIC_REPRESENTATION_CONTEXT(2) 
PARAMETRIC_REPRESENTATION_CONTEXT() REPRESENTATION_CONTEXT('2D SPACE',''
  ) );
#213 = ADVANCED_FACE('',(#214),#100,.T.);
#214 = FACE_BOUND('',#215,.T.);
#215 = EDGE_LOOP('',(#216,#217,#240,#268));
#216 = ORIENTED_EDGE('',*,*,#84,.T.);
#217 = ORIENTED_EDGE('',*,*,#218,.T.);
#218 = EDGE_CURVE('',#57,#219,#221,.T.);
#219 = VERTEX_POINT('',#220);
#220 = CARTESIAN_POINT('',(-8.,44.,281.));
#221 = SURFACE_CURVE('',#222,(#226,#233),.PCURVE_S1.);
#222 = LINE('',#223,#224);
#223 = CARTESIAN_POINT('',(-21.,44.,264.));
#224 = VECTOR('',#225,1.);
#225 = DIRECTION('',(0.607450107571,0.,0.794357832977));
#226 = PCURVE('',#100,#227);
#227 = DEFINITIONAL_REPRESENTATION('',(#228),#232);
#228 = LINE('',#229,#230);
#229 = CARTESIAN_POINT('',(0.,-2.));
#230 = VECTOR('',#231,1.);
#231 = DIRECTION('',(1.,0.));
#232 = ( GEOMETRIC_REPRESENTATION_CONTEXT(2) 
PARAMETRIC_REPRESENTATION_CONTEXT() REPRESENTATION_CONTEXT('2D SPACE',''
  ) );
#233 = PCURVE('',#72,#234);
#234 = DEFINITIONAL_REPRESENTATION('',(#235),#239);
#235 = LINE('',#236,#237);
#236 = CARTESIAN_POINT('',(7.607541066149,-64.09008589698));
#237 = VECTOR('',#238,1.);
#238 = DIRECTION('',(0.794357832977,0.607450107571));
#239 = ( GEOMETRIC_REPRESENTATION_CONTEXT(2) 
PARAMETRIC_REPRESENTATION_CONTEXT() REPRESENTATION_CONTEXT('2D SPACE',''
  ) );
#240 = ORIENTED_EDGE('',*,*,#241,.F.);
#241 = EDGE_CURVE('',#242,#219,#244,.T.);
#242 = VERTEX_POINT('',#243);
#243 = CARTESIAN_POINT('',(-8.,46.,281.));
#244 = SURFACE_CURVE('',#245,(#249,#256),.PCURVE_S1.);
#245 = LINE('',#246,#247);
#246 = CARTESIAN_POINT('',(-8.,46.,281.));
#247 = VECTOR('',#248,1.);
#248 = DIRECTION('',(0.,-1.,0.));
#249 = PCURVE('',#100,#250);
#250 = DEFINITIONAL_REPRESENTATION('',(#251),#255);
#251 = LINE('',#252,#253);
#252 = CARTESIAN_POINT('',(21.400934559033,0.));
#253 = VECTOR('',#254,1.);
#254 = DIRECTION('',(0.,-1.));
#255 = ( GEOMETRIC_REPRESENTATION_CONTEXT(2) 
PARAMETRIC_REPRESENTATION_CONTEXT() REPRESENTATION_CONTEXT('2D SPACE',''
  ) );
#256 = PCURVE('',#257,#262);
#257 = PLANE('',#258);
#258 = AXIS2_PLACEMENT_3D('',#259,#260,#261);
#259 = CARTESIAN_POINT('',(-8.,46.,281.));
#260 = DIRECTION('',(-6.959826284904E-02,0.,0.997575100836));
#261 = DIRECTION('',(0.997575100836,0.,6.959826284904E-02));
#262 = DEFINITIONAL_REPRESENTATION('',(#263),#267);
#263 = LINE('',#264,#265);
#264 = CARTESIAN_POINT('',(0.,0.));
#265 = VECTOR('',#266,1.);
#266 = DIRECTION('',(0.,-1.));
#267 = ( GEOMETRIC_REPRESENTATION_CONTEXT(2) 
PARAMETRIC_REPRESENTATION_CONTEXT() REPRESENTATION_CONTEXT('2D SPACE',''
  ) );
#268 = ORIENTED_EDGE('',*,*,#269,.F.);
#269 = EDGE_CURVE('',#85,#242,#270,.T.);
#270 = SURFACE_CURVE('',#271,(#275,#282),.PCURVE_S1.);
#271 = LINE('',#272,#273);
#272 = CARTESIAN_POINT('',(-21.,46.,264.));
#273 = VECTOR('',#274,1.);
#274 = DIRECTION('',(0.607450107571,0.,0.794357832977));
#275 = PCURVE('',#100,#276);
#276 = DEFINITIONAL_REPRESENTATION('',(#277),#281);
#277 = LINE('',#278,#279);
#278 = CARTESIAN_POINT('',(0.,0.));
#279 = VECTOR('',#280,1.);
#280 = DIRECTION('',(1.,0.));
#281 = ( GEOMETRIC_REPRESENTATION_CONTEXT(2) 
PARAMETRIC_REPRESENTATION_CONTEXT() REPRESENTATION_CONTEXT('2D SPACE',''
  ) );
#282 = PCURVE('',#126,#283);
#283 = DEFINITIONAL_REPRESENTATION('',(#284),#288);
#284 = LINE('',#285,#286);
#285 = CARTESIAN_POINT('',(7.607541066149,-64.09008589698));
#286 = VECTOR('',#287,1.);
#287 = DIRECTION('',(0.794357832977,0.607450107571));
#288 = ( GEOMETRIC_REPRESENTATION_CONTEXT(2) 
PARAMETRIC_REPRESENTATION_CONTEXT() REPRESENTATION_CONTEXT('2D SPACE',''
  ) );
#289 = ADVANCED_FACE('',(#290,#507,#987,#1018,#1049),#126,.T.);
#290 = FACE_BOUND('',#291,.T.);
#291 = EDGE_LOOP('',(#292,#293,#294,#317,#345,#373,#401,#429,#457,#485,
    #506));
#292 = ORIENTED_EDGE('',*,*,#112,.T.);
#293 = ORIENTED_EDGE('',*,*,#269,.T.);
#294 = ORIENTED_EDGE('',*,*,#295,.T.);
#295 = EDGE_CURVE('',#242,#296,#298,.T.);
#296 = VERTEX_POINT('',#297);
#297 = CARTESIAN_POINT('',(35.,46.,284.));
#298 = SURFACE_CURVE('',#299,(#303,#310),.PCURVE_S1.);
#299 = LINE('',#300,#301);
#300 = CARTESIAN_POINT('',(-8.,46.,281.));
#301 = VECTOR('',#302,1.);
#302 = DIRECTION('',(0.997575100836,0.,6.959826284904E-02));
#303 = PCURVE('',#126,#304);
#304 = DEFINITIONAL_REPRESENTATION('',(#305),#309);
#305 = LINE('',#306,#307);
#306 = CARTESIAN_POINT('',(24.607541066149,-51.09008589698));
#307 = VECTOR('',#308,1.);
#308 = DIRECTION('',(6.959826284904E-02,0.997575100836));
#309 = ( GEOMETRIC_REPRESENTATION_CONTEXT(2) 
PARAMETRIC_REPRESENTATION_CONTEXT() REPRESENTATION_CONTEXT('2D SPACE',''
  ) );
#310 = PCURVE('',#257,#311);
#311 = DEFINITIONAL_REPRESENTATION('',(#312),#316);
#312 = LINE('',#313,#314);
#313 = CARTESIAN_POINT('',(0.,0.));
#314 = VECTOR('',#315,1.);
#315 = DIRECTION('',(1.,0.));
#316 = ( GEOMETRIC_REPRESENTATION_CONTEXT(2) 
PARAMETRIC_REPRESENTATION_CONTEXT() REPRESENTATION_CONTEXT('2D SPACE',''
  ) );
#317 = ORIENTED_EDGE('',*,*,#318,.T.);
#318 = EDGE_CURVE('',#296,#319,#321,.T.);
#319 = VERTEX_POINT('',#320);
#320 = CARTESIAN_POINT('',(75.,46.,275.));
#321 = SURFACE_CURVE('',#322,(#326,#333),.PCURVE_S1.);
#322 = LINE('',#323,#324);
#323 = CARTESIAN_POINT('',(35.,46.,284.));
#324 = VECTOR('',#325,1.);
#325 = DIRECTION('',(0.975609756098,0.,-0.219512195122));
#326 = PCURVE('',#126,#327);
#327 = DEFINITIONAL_REPRESENTATION('',(#328),#332);
#328 = LINE('',#329,#330);
#329 = CARTESIAN_POINT('',(27.607541066149,-8.090085896986));
#330 = VECTOR('',#331,1.);
#331 = DIRECTION('',(-0.219512195122,0.975609756098));
#332 = ( GEOMETRIC_REPRESENTATION_CONTEXT(2) 
PARAMETRIC_REPRESENTATION_CONTEXT() REPRESENTATION_CONTEXT('2D SPACE',''
  ) );
#333 = PCURVE('',#334,#339);
#334 = PLANE('',#335);
#335 = AXIS2_PLACEMENT_3D('',#336,#337,#338);
#336 = CARTESIAN_POINT('',(35.,46.,284.));
#337 = DIRECTION('',(0.219512195122,0.,0.975609756098));
#338 = DIRECTION('',(0.975609756098,0.,-0.219512195122));
#339 = DEFINITIONAL_REPRESENTATION('',(#340),#344);
#340 = LINE('',#341,#342);
#341 = CARTESIAN_POINT('',(0.,0.));
#342 = VECTOR('',#343,1.);
#343 = DIRECTION('',(1.,0.));
#344 = ( GEOMETRIC_REPRESENTATION_CONTEXT(2) 
PARAMETRIC_REPRESENTATION_CONTEXT() REPRESENTATION_CONTEXT('2D SPACE',''
  ) );
#345 = ORIENTED_EDGE('',*,*,#346,.T.);
#346 = EDGE_CURVE('',#319,#347,#349,.T.);
#347 = VERTEX_POINT('',#348);
#348 = CARTESIAN_POINT('',(114.,46.,259.));
#349 = SURFACE_CURVE('',#350,(#354,#361),.PCURVE_S1.);
#350 = LINE('',#351,#352);
#351 = CARTESIAN_POINT('',(75.,46.,275.));
#352 = VECTOR('',#353,1.);
#353 = DIRECTION('',(0.925168618375,0.,-0.379556356256));
#354 = PCURVE('',#126,#355);
#355 = DEFINITIONAL_REPRESENTATION('',(#356),#360);
#356 = LINE('',#357,#358);
#357 = CARTESIAN_POINT('',(18.607541066149,31.909914103014));
#358 = VECTOR('',#359,1.);
#359 = DIRECTION('',(-0.379556356256,0.925168618375));
#360 = ( GEOMETRIC_REPRESENTATION_CONTEXT(2) 
PARAMETRIC_REPRESENTATION_CONTEXT() REPRESENTATION_CONTEXT('2D SPACE',''
  ) );
#361 = PCURVE('',#362,#367);
#362 = PLANE('',#363);
#363 = AXIS2_PLACEMENT_3D('',#364,#365,#366);
#364 = CARTESIAN_POINT('',(75.,46.,275.));
#365 = DIRECTION('',(0.379556356256,0.,0.925168618375));
#366 = DIRECTION('',(0.925168618375,0.,-0.379556356256));
#367 = DEFINITIONAL_REPRESENTATION('',(#368),#372);
#368 = LINE('',#369,#370);
#369 = CARTESIAN_POINT('',(0.,0.));
#370 = VECTOR('',#371,1.);
#371 = DIRECTION('',(1.,0.));
#372 = ( GEOMETRIC_REPRESENTATION_CONTEXT(2) 
PARAMETRIC_REPRESENTATION_CONTEXT() REPRESENTATION_CONTEXT('2D SPACE',''
  ) );
#373 = ORIENTED_EDGE('',*,*,#374,.T.);
#374 = EDGE_CURVE('',#347,#375,#377,.T.);
#375 = VERTEX_POINT('',#376);
#376 = CARTESIAN_POINT('',(119.,46.,248.));
#377 = SURFACE_CURVE('',#378,(#382,#389),.PCURVE_S1.);
#378 = LINE('',#379,#380);
#379 = CARTESIAN_POINT('',(114.,46.,259.));
#380 = VECTOR('',#381,1.);
#381 = DIRECTION('',(0.413802944301,0.,-0.910366477463));
#382 = PCURVE('',#126,#383);
#383 = DEFINITIONAL_REPRESENTATION('',(#384),#388);
#384 = LINE('',#385,#386);
#385 = CARTESIAN_POINT('',(2.607541066149,70.909914103014));
#386 = VECTOR('',#387,1.);
#387 = DIRECTION('',(-0.910366477463,0.413802944301));
#388 = ( GEOMETRIC_REPRESENTATION_CONTEXT(2) 
PARAMETRIC_REPRESENTATION_CONTEXT() REPRESENTATION_CONTEXT('2D SPACE',''
  ) );
#389 = PCURVE('',#390,#395);
#390 = PLANE('',#391);
#391 = AXIS2_PLACEMENT_3D('',#392,#393,#394);
#392 = CARTESIAN_POINT('',(114.,46.,259.));
#393 = DIRECTION('',(0.910366477463,0.,0.413802944301));
#394 = DIRECTION('',(0.413802944301,0.,-0.910366477463));
#395 = DEFINITIONAL_REPRESENTATION('',(#396),#400);
#396 = LINE('',#397,#398);
#397 = CARTESIAN_POINT('',(0.,0.));
#398 = VECTOR('',#399,1.);
#399 = DIRECTION('',(1.,0.));
#400 = ( GEOMETRIC_REPRESENTATION_CONTEXT(2) 
PARAMETRIC_REPRESENTATION_CONTEXT() REPRESENTATION_CONTEXT('2D SPACE',''
  ) );
#401 = ORIENTED_EDGE('',*,*,#402,.T.);
#402 = EDGE_CURVE('',#375,#403,#405,.T.);
#403 = VERTEX_POINT('',#404);
#404 = CARTESIAN_POINT('',(109.,46.,244.));
#405 = SURFACE_CURVE('',#406,(#410,#417),.PCURVE_S1.);
#406 = LINE('',#407,#408);
#407 = CARTESIAN_POINT('',(119.,46.,248.));
#408 = VECTOR('',#409,1.);
#409 = DIRECTION('',(-0.928476690885,0.,-0.371390676354));
#410 = PCURVE('',#126,#411);
#411 = DEFINITIONAL_REPRESENTATION('',(#412),#416);
#412 = LINE('',#413,#414);
#413 = CARTESIAN_POINT('',(-8.392458933851,75.909914103014));
#414 = VECTOR('',#415,1.);
#415 = DIRECTION('',(-0.371390676354,-0.928476690885));
#416 = ( GEOMETRIC_REPRESENTATION_CONTEXT(2) 
PARAMETRIC_REPRESENTATION_CONTEXT() REPRESENTATION_CONTEXT('2D SPACE',''
  ) );
#417 = PCURVE('',#418,#423);
#418 = PLANE('',#419);
#419 = AXIS2_PLACEMENT_3D('',#420,#421,#422);
#420 = CARTESIAN_POINT('',(119.,46.,248.));
#421 = DIRECTION('',(0.371390676354,0.,-0.928476690885));
#422 = DIRECTION('',(-0.928476690885,0.,-0.371390676354));
#423 = DEFINITIONAL_REPRESENTATION('',(#424),#428);
#424 = LINE('',#425,#426);
#425 = CARTESIAN_POINT('',(0.,0.));
#426 = VECTOR('',#427,1.);
#427 = DIRECTION('',(1.,0.));
#428 = ( GEOMETRIC_REPRESENTATION_CONTEXT(2) 
PARAMETRIC_REPRESENTATION_CONTEXT() REPRESENTATION_CONTEXT('2D SPACE',''
  ) );
#429 = ORIENTED_EDGE('',*,*,#430,.T.);
#430 = EDGE_CURVE('',#403,#431,#433,.T.);
#431 = VERTEX_POINT('',#432);
#432 = CARTESIAN_POINT('',(75.,46.,250.));
#433 = SURFACE_CURVE('',#434,(#438,#445),.PCURVE_S1.);
#434 = LINE('',#435,#436);
#435 = CARTESIAN_POINT('',(109.,46.,244.));
#436 = VECTOR('',#437,1.);
#437 = DIRECTION('',(-0.984783558818,0.,0.173785333909));
#438 = PCURVE('',#126,#439);
#439 = DEFINITIONAL_REPRESENTATION('',(#440),#444);
#440 = LINE('',#441,#442);
#441 = CARTESIAN_POINT('',(-12.39245893385,65.909914103014));
#442 = VECTOR('',#443,1.);
#443 = DIRECTION('',(0.173785333909,-0.984783558818));
#444 = ( GEOMETRIC_REPRESENTATION_CONTEXT(2) 
PARAMETRIC_REPRESENTATION_CONTEXT() REPRESENTATION_CONTEXT('2D SPACE',''
  ) );
#445 = PCURVE('',#446,#451);
#446 = PLANE('',#447);
#447 = AXIS2_PLACEMENT_3D('',#448,#449,#450);
#448 = CARTESIAN_POINT('',(109.,46.,244.));
#449 = DIRECTION('',(-0.173785333909,-0.,-0.984783558818));
#450 = DIRECTION('',(-0.984783558818,0.,0.173785333909));
#451 = DEFINITIONAL_REPRESENTATION('',(#452),#456);
#452 = LINE('',#453,#454);
#453 = CARTESIAN_POINT('',(0.,0.));
#454 = VECTOR('',#455,1.);
#455 = DIRECTION('',(1.,0.));
#456 = ( GEOMETRIC_REPRESENTATION_CONTEXT(2) 
PARAMETRIC_REPRESENTATION_CONTEXT() REPRESENTATION_CONTEXT('2D SPACE',''
  ) );
#457 = ORIENTED_EDGE('',*,*,#458,.T.);
#458 = EDGE_CURVE('',#431,#459,#461,.T.);
#459 = VERTEX_POINT('',#460);
#460 = CARTESIAN_POINT('',(57.,46.,244.));
#461 = SURFACE_CURVE('',#462,(#466,#473),.PCURVE_S1.);
#462 = LINE('',#463,#464);
#463 = CARTESIAN_POINT('',(75.,46.,250.));
#464 = VECTOR('',#465,1.);
#465 = DIRECTION('',(-0.948683298051,0.,-0.316227766017));
#466 = PCURVE('',#126,#467);
#467 = DEFINITIONAL_REPRESENTATION('',(#468),#472);
#468 = LINE('',#469,#470);
#469 = CARTESIAN_POINT('',(-6.392458933851,31.909914103014));
#470 = VECTOR('',#471,1.);
#471 = DIRECTION('',(-0.316227766017,-0.948683298051));
#472 = ( GEOMETRIC_REPRESENTATION_CONTEXT(2) 
PARAMETRIC_REPRESENTATION_CONTEXT() REPRESENTATION_CONTEXT('2D SPACE',''
  ) );
#473 = PCURVE('',#474,#479);
#474 = PLANE('',#475);
#475 = AXIS2_PLACEMENT_3D('',#476,#477,#478);
#476 = CARTESIAN_POINT('',(75.,46.,250.));
#477 = DIRECTION('',(0.316227766017,0.,-0.948683298051));
#478 = DIRECTION('',(-0.948683298051,0.,-0.316227766017));
#479 = DEFINITIONAL_REPRESENTATION('',(#480),#484);
#480 = LINE('',#481,#482);
#481 = CARTESIAN_POINT('',(0.,0.));
#482 = VECTOR('',#483,1.);
#483 = DIRECTION('',(1.,0.));
#484 = ( GEOMETRIC_REPRESENTATION_CONTEXT(2) 
PARAMETRIC_REPRESENTATION_CONTEXT() REPRESENTATION_CONTEXT('2D SPACE',''
  ) );
#485 = ORIENTED_EDGE('',*,*,#486,.T.);
#486 = EDGE_CURVE('',#459,#142,#487,.T.);
#487 = SURFACE_CURVE('',#488,(#492,#499),.PCURVE_S1.);
#488 = LINE('',#489,#490);
#489 = CARTESIAN_POINT('',(57.,46.,244.));
#490 = VECTOR('',#491,1.);
#491 = DIRECTION('',(-0.837610596839,0.,-0.546267780547));
#492 = PCURVE('',#126,#493);
#493 = DEFINITIONAL_REPRESENTATION('',(#494),#498);
#494 = LINE('',#495,#496);
#495 = CARTESIAN_POINT('',(-12.39245893385,13.909914103014));
#496 = VECTOR('',#497,1.);
#497 = DIRECTION('',(-0.546267780547,-0.837610596839));
#498 = ( GEOMETRIC_REPRESENTATION_CONTEXT(2) 
PARAMETRIC_REPRESENTATION_CONTEXT() REPRESENTATION_CONTEXT('2D SPACE',''
  ) );
#499 = PCURVE('',#159,#500);
#500 = DEFINITIONAL_REPRESENTATION('',(#501),#505);
#501 = LINE('',#502,#503);
#502 = CARTESIAN_POINT('',(0.,0.));
#503 = VECTOR('',#504,1.);
#504 = DIRECTION('',(1.,0.));
#505 = ( GEOMETRIC_REPRESENTATION_CONTEXT(2) 
PARAMETRIC_REPRESENTATION_CONTEXT() REPRESENTATION_CONTEXT('2D SPACE',''
  ) );
#506 = ORIENTED_EDGE('',*,*,#193,.T.);
#507 = FACE_BOUND('',#508,.T.);
#508 = EDGE_LOOP('',(#509));
#509 = ORIENTED_EDGE('',*,*,#510,.F.);
#510 = EDGE_CURVE('',#511,#511,#513,.T.);
#511 = VERTEX_POINT('',#512);
#512 = CARTESIAN_POINT('',(25.,46.,253.));
#513 = SURFACE_CURVE('',#514,(#667,#823),.PCURVE_S1.);
#514 = B_SPLINE_CURVE_WITH_KNOTS('',7,(#515,#516,#517,#518,#519,#520,
    #521,#522,#523,#524,#525,#526,#527,#528,#529,#530,#531,#532,#533,
    #534,#535,#536,#537,#538,#539,#540,#541,#542,#543,#544,#545,#546,
    #547,#548,#549,#550,#551,#552,#553,#554,#555,#556,#557,#558,#559,
    #560,#561,#562,#563,#564,#565,#566,#567,#568,#569,#570,#571,#572,
    #573,#574,#575,#576,#577,#578,#579,#580,#581,#582,#583,#584,#585,
    #586,#587,#588,#589,#590,#591,#592,#593,#594,#595,#596,#597,#598,
    #599,#600,#601,#602,#603,#604,#605,#606,#607,#608,#609,#610,#611,
    #612,#613,#614,#615,#616,#617,#618,#619,#620,#621,#622,#623,#624,
    #625,#626,#627,#628,#629,#630,#631,#632,#633,#634,#635,#636,#637,
    #638,#639,#640,#641,#642,#643,#644,#645,#646,#647,#648,#649,#650,
    #651,#652,#653,#654,#655,#656,#657,#658,#659,#660,#661,#662,#663,
    #664,#665,#666),.UNSPECIFIED.,.T.,.F.,(8,6,6,6,6,6,6,6,6,6,6,6,6,6,6
    ,6,6,6,6,6,6,6,6,6,6,8),(0.,7.598762115818E-02,0.116595048148,
    0.158838893,0.186313820068,0.249994235466,0.294223095504,
    0.313674533244,0.341149632087,0.38339374105,0.42400142192,
    0.447514989936,0.463110019446,0.499999046233,0.552482172652,
    0.575995889752,0.61660382809,0.658848204897,0.686323477942,
    0.705775039012,0.750004179477,0.813684998633,0.841160099902,
    0.883404212596,0.924011897052,1.),.UNSPECIFIED.);
#515 = CARTESIAN_POINT('',(25.,46.,253.));
#516 = CARTESIAN_POINT('',(25.,46.,251.87441543263));
#517 = CARTESIAN_POINT('',(24.901844667253,46.,250.74853367918));
#518 = CARTESIAN_POINT('',(24.705443927257,46.,249.63322261875));
#519 = CARTESIAN_POINT('',(24.412808216966,46.,248.53854279012));
#520 = CARTESIAN_POINT('',(24.02739413768,46.,247.47387558539));
#521 = CARTESIAN_POINT('',(23.554009344752,46.,246.44794282311));
#522 = CARTESIAN_POINT('',(22.702330202744,46.,244.94545414928));
#523 = CARTESIAN_POINT('',(22.382327770384,46.,244.43541375786));
#524 = CARTESIAN_POINT('',(22.039847395741,46.,243.93977172876));
#525 = CARTESIAN_POINT('',(21.67586204071,46.,243.4595759542));
#526 = CARTESIAN_POINT('',(21.291397692987,46.,242.99577810567));
#527 = CARTESIAN_POINT('',(20.887522465194,46.,242.54924161623));
#528 = CARTESIAN_POINT('',(20.026146027553,46.,241.6749825373));
#529 = CARTESIAN_POINT('',(19.567132696945,46.,241.24873676331));
#530 = CARTESIAN_POINT('',(19.089536126392,46.,240.84287815055));
#531 = CARTESIAN_POINT('',(18.594615560404,46.,240.45816870948));
#532 = CARTESIAN_POINT('',(18.083646046857,46.,240.09527294444));
#533 = CARTESIAN_POINT('',(17.557910228294,46.,239.75476786924));
#534 = CARTESIAN_POINT('',(16.667987377873,46.,239.23057985732));
#535 = CARTESIAN_POINT('',(16.311579444446,46.,239.03368852108));
#536 = CARTESIAN_POINT('',(15.949817916412,46.,238.84661554811));
#537 = CARTESIAN_POINT('',(15.583053996259,46.,238.6694833957));
#538 = CARTESIAN_POINT('',(15.21163804981,46.,238.5024013685));
#539 = CARTESIAN_POINT('',(14.835919150535,46.,238.34546654277));
#540 = CARTESIAN_POINT('',(13.576248418096,46.,237.85874432007));
#541 = CARTESIAN_POINT('',(12.675023270857,46.,237.57370390162));
#542 = CARTESIAN_POINT('',(11.756866263461,46.,237.34469423798));
#543 = CARTESIAN_POINT('',(10.826053587825,46.,237.17246340878));
#544 = CARTESIAN_POINT('',(9.886833671839,46.,237.05748844581));
#545 = CARTESIAN_POINT('',(8.943422338665,46.,237.));
#546 = CARTESIAN_POINT('',(7.34475153291,46.,237.));
#547 = CARTESIAN_POINT('',(6.689505528415,46.,237.02773202313));
#548 = CARTESIAN_POINT('',(6.035666258748,46.,237.0831955578));
#549 = CARTESIAN_POINT('',(5.384644073858,46.,237.16633657878));
#550 = CARTESIAN_POINT('',(4.737854996099,46.,237.27704466837));
#551 = CARTESIAN_POINT('',(4.096720314919,46.,237.41515013759));
#552 = CARTESIAN_POINT('',(3.183815121669,46.,237.65310578707));
#553 = CARTESIAN_POINT('',(2.906334175863,46.,237.73104443589));
#554 = CARTESIAN_POINT('',(2.6303450876,46.,237.81421734586));
#555 = CARTESIAN_POINT('',(2.355969977396,46.,237.90260214193));
#556 = CARTESIAN_POINT('',(2.083331342822,46.,237.99617382202));
#557 = CARTESIAN_POINT('',(1.812552058507,46.,238.09490475699));
#558 = CARTESIAN_POINT('',(1.164080849468,46.,238.34546654277));
#559 = CARTESIAN_POINT('',(0.788361950193,46.,238.50240136849));
#560 = CARTESIAN_POINT('',(0.416946003744,46.,238.6694833957));
#561 = CARTESIAN_POINT('',(5.018208359143E-02,46.,238.84661554811));
#562 = CARTESIAN_POINT('',(-0.311579444443,46.,239.03368852108));
#563 = CARTESIAN_POINT('',(-0.66798737787,46.,239.23057985732));
#564 = CARTESIAN_POINT('',(-1.557910228291,46.,239.75476786924));
#565 = CARTESIAN_POINT('',(-2.083646046854,46.,240.09527294444));
#566 = CARTESIAN_POINT('',(-2.594615560401,46.,240.45816870947));
#567 = CARTESIAN_POINT('',(-3.08953612639,46.,240.84287815055));
#568 = CARTESIAN_POINT('',(-3.567132696942,46.,241.24873676331));
#569 = CARTESIAN_POINT('',(-4.02614602755,46.,241.67498253729));
#570 = CARTESIAN_POINT('',(-4.887522465191,46.,242.54924161622));
#571 = CARTESIAN_POINT('',(-5.291397692987,46.,242.99577810567));
#572 = CARTESIAN_POINT('',(-5.675862040707,46.,243.4595759542));
#573 = CARTESIAN_POINT('',(-6.039847395739,46.,243.93977172875));
#574 = CARTESIAN_POINT('',(-6.382327770384,46.,244.43541375786));
#575 = CARTESIAN_POINT('',(-6.702330202741,46.,244.94545414928));
#576 = CARTESIAN_POINT('',(-7.170706773406,46.,245.77174007998));
#577 = CARTESIAN_POINT('',(-7.334624195685,46.,246.07918527608));
#578 = CARTESIAN_POINT('',(-7.490527945421,46.,246.39084902089));
#579 = CARTESIAN_POINT('',(-7.638251991562,46.,246.70649846522));
#580 = CARTESIAN_POINT('',(-7.777640224524,46.,247.0258912173));
#581 = CARTESIAN_POINT('',(-7.9085472379,46.,247.3487749966));
#582 = CARTESIAN_POINT('',(-8.111947402879,46.,247.89117648708));
#583 = CARTESIAN_POINT('',(-8.189266261312,46.,248.10888623981));
#584 = CARTESIAN_POINT('',(-8.26275657573,46.,248.32794012868));
#585 = CARTESIAN_POINT('',(-8.332381786706,46.,248.54826023211));
#586 = CARTESIAN_POINT('',(-8.398107885137,46.,248.76976712411));
#587 = CARTESIAN_POINT('',(-8.459903412239,46.,248.99237987423));
#588 = CARTESIAN_POINT('',(-8.654546863282,46.,249.74501285297));
#589 = CARTESIAN_POINT('',(-8.769203041423,46.,250.2797472375));
#590 = CARTESIAN_POINT('',(-8.86132111207,46.,250.81911262063));
#591 = CARTESIAN_POINT('',(-8.930609796237,46.,251.3619807302));
#592 = CARTESIAN_POINT('',(-8.976870439634,46.,251.90720216311));
#593 = CARTESIAN_POINT('',(-9.,46.,252.45360621804));
#594 = CARTESIAN_POINT('',(-9.,46.,253.77737084521));
#595 = CARTESIAN_POINT('',(-8.953181955637,46.,254.55479684898));
#596 = CARTESIAN_POINT('',(-8.859534566515,46.,255.3287928519));
#597 = CARTESIAN_POINT('',(-8.719491146704,46.,256.09600209085));
#598 = CARTESIAN_POINT('',(-8.53385918144,46.,256.85318617222));
#599 = CARTESIAN_POINT('',(-8.30379722077,46.,257.59722300766));
#600 = CARTESIAN_POINT('',(-7.908547237902,46.,258.65122500339));
#601 = CARTESIAN_POINT('',(-7.777640224525,46.,258.97410878268));
#602 = CARTESIAN_POINT('',(-7.638251991564,46.,259.29350153476));
#603 = CARTESIAN_POINT('',(-7.490527945423,46.,259.60915097909));
#604 = CARTESIAN_POINT('',(-7.334624195687,46.,259.9208147239));
#605 = CARTESIAN_POINT('',(-7.170706773408,46.,260.22825992001));
#606 = CARTESIAN_POINT('',(-6.702330202744,46.,261.05454585071));
#607 = CARTESIAN_POINT('',(-6.382327770387,46.,261.56458624213));
#608 = CARTESIAN_POINT('',(-6.039847395741,46.,262.06022827123));
#609 = CARTESIAN_POINT('',(-5.67586204071,46.,262.54042404579));
#610 = CARTESIAN_POINT('',(-5.29139769299,46.,263.00422189432));
#611 = CARTESIAN_POINT('',(-4.887522465194,46.,263.45075838376));
#612 = CARTESIAN_POINT('',(-4.026146027554,46.,264.32501746269));
#613 = CARTESIAN_POINT('',(-3.567132696946,46.,264.75126323668));
#614 = CARTESIAN_POINT('',(-3.089536126393,46.,265.15712184944));
#615 = CARTESIAN_POINT('',(-2.594615560405,46.,265.54183129051));
#616 = CARTESIAN_POINT('',(-2.083646046858,46.,265.90472705555));
#617 = CARTESIAN_POINT('',(-1.557910228295,46.,266.24523213075));
#618 = CARTESIAN_POINT('',(-0.667987377873,46.,266.76942014267));
#619 = CARTESIAN_POINT('',(-0.311579444447,46.,266.96631147891));
#620 = CARTESIAN_POINT('',(5.018208358749E-02,46.,267.15338445188));
#621 = CARTESIAN_POINT('',(0.416946003741,46.,267.33051660429));
#622 = CARTESIAN_POINT('',(0.78836195019,46.,267.49759863149));
#623 = CARTESIAN_POINT('',(1.164080849464,46.,267.65453345722));
#624 = CARTESIAN_POINT('',(1.812552058503,46.,267.905095243));
#625 = CARTESIAN_POINT('',(2.083331342818,46.,268.00382617797));
#626 = CARTESIAN_POINT('',(2.355969977392,46.,268.09739785806));
#627 = CARTESIAN_POINT('',(2.630345087596,46.,268.18578265413));
#628 = CARTESIAN_POINT('',(2.90633417586,46.,268.2689555641));
#629 = CARTESIAN_POINT('',(3.183815121665,46.,268.34689421292));
#630 = CARTESIAN_POINT('',(4.096720314915,46.,268.5848498624));
#631 = CARTESIAN_POINT('',(4.737854996095,46.,268.72295533162));
#632 = CARTESIAN_POINT('',(5.384644073855,46.,268.83366342121));
#633 = CARTESIAN_POINT('',(6.035666258744,46.,268.91680444219));
#634 = CARTESIAN_POINT('',(6.689505528411,46.,268.97226797687));
#635 = CARTESIAN_POINT('',(7.344751532906,46.,269.));
#636 = CARTESIAN_POINT('',(8.943422338663,46.,269.));
#637 = CARTESIAN_POINT('',(9.886833671832,46.,268.94251155418));
#638 = CARTESIAN_POINT('',(10.826053587823,46.,268.82753659121));
#639 = CARTESIAN_POINT('',(11.756866263459,46.,268.65530576201));
#640 = CARTESIAN_POINT('',(12.675023270852,46.,268.42629609837));
#641 = CARTESIAN_POINT('',(13.576248418093,46.,268.14125567992));
#642 = CARTESIAN_POINT('',(14.835919150532,46.,267.65453345722));
#643 = CARTESIAN_POINT('',(15.211638049807,46.,267.4975986315));
#644 = CARTESIAN_POINT('',(15.583053996256,46.,267.3305166043));
#645 = CARTESIAN_POINT('',(15.949817916409,46.,267.15338445188));
#646 = CARTESIAN_POINT('',(16.311579444444,46.,266.96631147891));
#647 = CARTESIAN_POINT('',(16.66798737787,46.,266.76942014267));
#648 = CARTESIAN_POINT('',(17.557910228291,46.,266.24523213075));
#649 = CARTESIAN_POINT('',(18.083646046855,46.,265.90472705555));
#650 = CARTESIAN_POINT('',(18.594615560402,46.,265.54183129052));
#651 = CARTESIAN_POINT('',(19.08953612639,46.,265.15712184944));
#652 = CARTESIAN_POINT('',(19.567132696943,46.,264.75126323668));
#653 = CARTESIAN_POINT('',(20.026146027551,46.,264.3250174627));
#654 = CARTESIAN_POINT('',(20.887522465191,46.,263.45075838377));
#655 = CARTESIAN_POINT('',(21.291397692988,46.,263.00422189432));
#656 = CARTESIAN_POINT('',(21.675862040707,46.,262.54042404579));
#657 = CARTESIAN_POINT('',(22.039847395739,46.,262.06022827124));
#658 = CARTESIAN_POINT('',(22.382327770385,46.,261.56458624213));
#659 = CARTESIAN_POINT('',(22.702330202742,46.,261.05454585071));
#660 = CARTESIAN_POINT('',(23.554009344751,46.,259.55205717688));
#661 = CARTESIAN_POINT('',(24.027394137677,46.,258.5261244146));
#662 = CARTESIAN_POINT('',(24.412808216972,46.,257.46145720987));
#663 = CARTESIAN_POINT('',(24.705443927251,46.,256.36677738124));
#664 = CARTESIAN_POINT('',(24.901844667255,46.,255.25146632082));
#665 = CARTESIAN_POINT('',(25.,46.,254.12558456736));
#666 = CARTESIAN_POINT('',(25.,46.,253.));
#667 = PCURVE('',#126,#668);
#668 = DEFINITIONAL_REPRESENTATION('',(#669),#822);
#669 = B_SPLINE_CURVE_WITH_KNOTS('',7,(#670,#671,#672,#673,#674,#675,
    #676,#677,#678,#679,#680,#681,#682,#683,#684,#685,#686,#687,#688,
    #689,#690,#691,#692,#693,#694,#695,#696,#697,#698,#699,#700,#701,
    #702,#703,#704,#705,#706,#707,#708,#709,#710,#711,#712,#713,#714,
    #715,#716,#717,#718,#719,#720,#721,#722,#723,#724,#725,#726,#727,
    #728,#729,#730,#731,#732,#733,#734,#735,#736,#737,#738,#739,#740,
    #741,#742,#743,#744,#745,#746,#747,#748,#749,#750,#751,#752,#753,
    #754,#755,#756,#757,#758,#759,#760,#761,#762,#763,#764,#765,#766,
    #767,#768,#769,#770,#771,#772,#773,#774,#775,#776,#777,#778,#779,
    #780,#781,#782,#783,#784,#785,#786,#787,#788,#789,#790,#791,#792,
    #793,#794,#795,#796,#797,#798,#799,#800,#801,#802,#803,#804,#805,
    #806,#807,#808,#809,#810,#811,#812,#813,#814,#815,#816,#817,#818,
    #819,#820,#821),.UNSPECIFIED.,.T.,.F.,(8,6,6,6,6,6,6,6,6,6,6,6,6,6,6
    ,6,6,6,6,6,6,6,6,6,6,8),(0.,7.598762115818E-02,0.116595048148,
    0.158838893,0.186313820068,0.249994235466,0.294223095504,
    0.313674533244,0.341149632087,0.38339374105,0.42400142192,
    0.447514989936,0.463110019446,0.499999046233,0.552482172652,
    0.575995889752,0.61660382809,0.658848204897,0.686323477942,
    0.705775039012,0.750004179477,0.813684998633,0.841160099902,
    0.883404212596,0.924011897052,1.),.UNSPECIFIED.);
#670 = CARTESIAN_POINT('',(-3.392458933851,-18.09008589698));
#671 = CARTESIAN_POINT('',(-4.518043501217,-18.09008589698));
#672 = CARTESIAN_POINT('',(-5.643925254671,-18.18824122973));
#673 = CARTESIAN_POINT('',(-6.7592363151,-18.38464196972));
#674 = CARTESIAN_POINT('',(-7.853916143725,-18.67727768002));
#675 = CARTESIAN_POINT('',(-8.918583348455,-19.0626917593));
#676 = CARTESIAN_POINT('',(-9.944516110732,-19.53607655223));
#677 = CARTESIAN_POINT('',(-11.44700478456,-20.38775569424));
#678 = CARTESIAN_POINT('',(-11.95704517599,-20.7077581266));
#679 = CARTESIAN_POINT('',(-12.45268720508,-21.05023850124));
#680 = CARTESIAN_POINT('',(-12.93288297964,-21.41422385627));
#681 = CARTESIAN_POINT('',(-13.39668082818,-21.79868820399));
#682 = CARTESIAN_POINT('',(-13.84321731761,-22.20256343179));
#683 = CARTESIAN_POINT('',(-14.71747639655,-23.06393986943));
#684 = CARTESIAN_POINT('',(-15.14372217053,-23.52295320004));
#685 = CARTESIAN_POINT('',(-15.54958078329,-24.00054977059));
#686 = CARTESIAN_POINT('',(-15.93429022437,-24.49547033658));
#687 = CARTESIAN_POINT('',(-16.2971859894,-25.00643985012));
#688 = CARTESIAN_POINT('',(-16.6376910646,-25.53217566869));
#689 = CARTESIAN_POINT('',(-17.16187907652,-26.42209851911));
#690 = CARTESIAN_POINT('',(-17.35877041276,-26.77850645254));
#691 = CARTESIAN_POINT('',(-17.54584338573,-27.14026798057));
#692 = CARTESIAN_POINT('',(-17.72297553815,-27.50703190072));
#693 = CARTESIAN_POINT('',(-17.89005756535,-27.87844784717));
#694 = CARTESIAN_POINT('',(-18.04699239107,-28.25416674645));
#695 = CARTESIAN_POINT('',(-18.53371461377,-29.51383747889));
#696 = CARTESIAN_POINT('',(-18.81875503222,-30.41506262612));
#697 = CARTESIAN_POINT('',(-19.04776469586,-31.33321963352));
#698 = CARTESIAN_POINT('',(-19.21999552506,-32.26403230916));
#699 = CARTESIAN_POINT('',(-19.33497048803,-33.20325222514));
#700 = CARTESIAN_POINT('',(-19.39245893385,-34.14666355832));
#701 = CARTESIAN_POINT('',(-19.39245893385,-35.74533436407));
#702 = CARTESIAN_POINT('',(-19.36472691072,-36.40058036857));
#703 = CARTESIAN_POINT('',(-19.30926337604,-37.05441963823));
#704 = CARTESIAN_POINT('',(-19.22612235506,-37.70544182312));
#705 = CARTESIAN_POINT('',(-19.11541426547,-38.35223090088));
#706 = CARTESIAN_POINT('',(-18.97730879625,-38.99336558206));
#707 = CARTESIAN_POINT('',(-18.73935314678,-39.90627077531));
#708 = CARTESIAN_POINT('',(-18.66141449795,-40.18375172112));
#709 = CARTESIAN_POINT('',(-18.57824158799,-40.45974080938));
#710 = CARTESIAN_POINT('',(-18.48985679192,-40.73411591959));
#711 = CARTESIAN_POINT('',(-18.39628511183,-41.00675455416));
#712 = CARTESIAN_POINT('',(-18.29755417685,-41.27753383847));
#713 = CARTESIAN_POINT('',(-18.04699239107,-41.92600504751));
#714 = CARTESIAN_POINT('',(-17.89005756535,-42.30172394679));
#715 = CARTESIAN_POINT('',(-17.72297553815,-42.67313989324));
#716 = CARTESIAN_POINT('',(-17.54584338573,-43.03990381339));
#717 = CARTESIAN_POINT('',(-17.35877041276,-43.40166534142));
#718 = CARTESIAN_POINT('',(-17.16187907652,-43.75807327485));
#719 = CARTESIAN_POINT('',(-16.6376910646,-44.64799612527));
#720 = CARTESIAN_POINT('',(-16.29718598941,-45.17373194384));
#721 = CARTESIAN_POINT('',(-15.93429022437,-45.68470145738));
#722 = CARTESIAN_POINT('',(-15.54958078329,-46.17962202337));
#723 = CARTESIAN_POINT('',(-15.14372217053,-46.65721859392));
#724 = CARTESIAN_POINT('',(-14.71747639655,-47.11623192453));
#725 = CARTESIAN_POINT('',(-13.84321731762,-47.97760836217));
#726 = CARTESIAN_POINT('',(-13.39668082818,-48.38148358997));
#727 = CARTESIAN_POINT('',(-12.93288297965,-48.76594793769));
#728 = CARTESIAN_POINT('',(-12.45268720509,-49.12993329272));
#729 = CARTESIAN_POINT('',(-11.95704517599,-49.47241366737));
#730 = CARTESIAN_POINT('',(-11.44700478456,-49.79241609972));
#731 = CARTESIAN_POINT('',(-10.62071885386,-50.26079267039));
#732 = CARTESIAN_POINT('',(-10.31327365776,-50.42471009267));
#733 = CARTESIAN_POINT('',(-10.00160991295,-50.5806138424));
#734 = CARTESIAN_POINT('',(-9.685960468622,-50.72833788854));
#735 = CARTESIAN_POINT('',(-9.366567716542,-50.8677261215));
#736 = CARTESIAN_POINT('',(-9.043683937251,-50.99863313488));
#737 = CARTESIAN_POINT('',(-8.501282446769,-51.20203329986));
#738 = CARTESIAN_POINT('',(-8.283572694035,-51.27935215829));
#739 = CARTESIAN_POINT('',(-8.064518805165,-51.35284247271));
#740 = CARTESIAN_POINT('',(-7.844198701732,-51.42246768369));
#741 = CARTESIAN_POINT('',(-7.622691809739,-51.48819378212));
#742 = CARTESIAN_POINT('',(-7.400079059618,-51.54998930922));
#743 = CARTESIAN_POINT('',(-6.647446080873,-51.74463276026));
#744 = CARTESIAN_POINT('',(-6.112711696343,-51.8592889384));
#745 = CARTESIAN_POINT('',(-5.573346313213,-51.95140700905));
#746 = CARTESIAN_POINT('',(-5.03047820365,-52.02069569322));
#747 = CARTESIAN_POINT('',(-4.485256770735,-52.06695633661));
#748 = CARTESIAN_POINT('',(-3.938852715809,-52.09008589698));
#749 = CARTESIAN_POINT('',(-2.615088088635,-52.09008589698));
#750 = CARTESIAN_POINT('',(-1.83766208487,-52.04326785262));
#751 = CARTESIAN_POINT('',(-1.06366608195,-51.9496204635));
#752 = CARTESIAN_POINT('',(-0.296456842997,-51.80957704369));
#753 = CARTESIAN_POINT('',(0.460727238373,-51.62394507842));
#754 = CARTESIAN_POINT('',(1.204764073809,-51.39388311775));
#755 = CARTESIAN_POINT('',(2.258766069545,-50.99863313488));
#756 = CARTESIAN_POINT('',(2.581649848836,-50.86772612151));
#757 = CARTESIAN_POINT('',(2.901042600916,-50.72833788855));
#758 = CARTESIAN_POINT('',(3.216692045247,-50.5806138424));
#759 = CARTESIAN_POINT('',(3.528355790057,-50.42471009267));
#760 = CARTESIAN_POINT('',(3.835800986162,-50.26079267039));
#761 = CARTESIAN_POINT('',(4.662086916861,-49.79241609973));
#762 = CARTESIAN_POINT('',(5.172127308285,-49.47241366737));
#763 = CARTESIAN_POINT('',(5.667769337387,-49.12993329272));
#764 = CARTESIAN_POINT('',(6.147965111944,-48.76594793769));
#765 = CARTESIAN_POINT('',(6.611762960475,-48.38148358997));
#766 = CARTESIAN_POINT('',(7.058299449917,-47.97760836218));
#767 = CARTESIAN_POINT('',(7.932558528848,-47.11623192453));
#768 = CARTESIAN_POINT('',(8.358804302832,-46.65721859393));
#769 = CARTESIAN_POINT('',(8.76466291559,-46.17962202337));
#770 = CARTESIAN_POINT('',(9.149372356668,-45.68470145739));
#771 = CARTESIAN_POINT('',(9.512268121706,-45.17373194384));
#772 = CARTESIAN_POINT('',(9.852773196905,-44.64799612528));
#773 = CARTESIAN_POINT('',(10.376961208825,-43.75807327485));
#774 = CARTESIAN_POINT('',(10.57385254506,-43.40166534143));
#775 = CARTESIAN_POINT('',(10.760925518033,-43.03990381339));
#776 = CARTESIAN_POINT('',(10.938057670448,-42.67313989324));
#777 = CARTESIAN_POINT('',(11.105139697648,-42.30172394679));
#778 = CARTESIAN_POINT('',(11.262074523372,-41.92600504752));
#779 = CARTESIAN_POINT('',(11.512636309156,-41.27753383848));
#780 = CARTESIAN_POINT('',(11.611367244126,-41.00675455416));
#781 = CARTESIAN_POINT('',(11.704938924217,-40.73411591959));
#782 = CARTESIAN_POINT('',(11.793323720287,-40.45974080939));
#783 = CARTESIAN_POINT('',(11.876496630252,-40.18375172112));
#784 = CARTESIAN_POINT('',(11.954435279078,-39.90627077532));
#785 = CARTESIAN_POINT('',(12.192390928549,-38.99336558207));
#786 = CARTESIAN_POINT('',(12.330496397771,-38.35223090089));
#787 = CARTESIAN_POINT('',(12.441204487364,-37.70544182313));
#788 = CARTESIAN_POINT('',(12.524345508347,-37.05441963824));
#789 = CARTESIAN_POINT('',(12.579809043019,-36.40058036857));
#790 = CARTESIAN_POINT('',(12.607541066149,-35.74533436407));
#791 = CARTESIAN_POINT('',(12.607541066149,-34.14666355832));
#792 = CARTESIAN_POINT('',(12.55005262033,-33.20325222515));
#793 = CARTESIAN_POINT('',(12.435077657364,-32.26403230916));
#794 = CARTESIAN_POINT('',(12.262846828163,-31.33321963352));
#795 = CARTESIAN_POINT('',(12.033837164523,-30.41506262613));
#796 = CARTESIAN_POINT('',(11.748796746072,-29.51383747889));
#797 = CARTESIAN_POINT('',(11.262074523373,-28.25416674645));
#798 = CARTESIAN_POINT('',(11.10513969765,-27.87844784717));
#799 = CARTESIAN_POINT('',(10.938057670449,-27.50703190073));
#800 = CARTESIAN_POINT('',(10.760925518035,-27.14026798057));
#801 = CARTESIAN_POINT('',(10.573852545062,-26.77850645254));
#802 = CARTESIAN_POINT('',(10.376961208827,-26.42209851911));
#803 = CARTESIAN_POINT('',(9.852773196907,-25.53217566869));
#804 = CARTESIAN_POINT('',(9.512268121708,-25.00643985013));
#805 = CARTESIAN_POINT('',(9.149372356671,-24.49547033658));
#806 = CARTESIAN_POINT('',(8.764662915592,-24.00054977059));
#807 = CARTESIAN_POINT('',(8.358804302834,-23.52295320004));
#808 = CARTESIAN_POINT('',(7.93255852885,-23.06393986943));
#809 = CARTESIAN_POINT('',(7.05829944992,-22.20256343179));
#810 = CARTESIAN_POINT('',(6.611762960477,-21.79868820399));
#811 = CARTESIAN_POINT('',(6.147965111948,-21.41422385627));
#812 = CARTESIAN_POINT('',(5.667769337391,-21.05023850124));
#813 = CARTESIAN_POINT('',(5.172127308288,-20.7077581266));
#814 = CARTESIAN_POINT('',(4.662086916864,-20.38775569424));
#815 = CARTESIAN_POINT('',(3.159598243032,-19.53607655223));
#816 = CARTESIAN_POINT('',(2.133665480756,-19.0626917593));
#817 = CARTESIAN_POINT('',(1.068998276024,-18.67727768001));
#818 = CARTESIAN_POINT('',(-2.568155260215E-02,-18.38464196973));
#819 = CARTESIAN_POINT('',(-1.140992613028,-18.18824122973));
#820 = CARTESIAN_POINT('',(-2.266874366485,-18.09008589698));
#821 = CARTESIAN_POINT('',(-3.392458933851,-18.09008589698));
#822 = ( GEOMETRIC_REPRESENTATION_CONTEXT(2) 
PARAMETRIC_REPRESENTATION_CONTEXT() REPRESENTATION_CONTEXT('2D SPACE',''
  ) );
#823 = PCURVE('',#824,#832);
#824 = SURFACE_OF_LINEAR_EXTRUSION('',#825,#830);
#825 = ELLIPSE('',#826,17.,16.);
#826 = AXIS2_PLACEMENT_3D('',#827,#828,#829);
#827 = CARTESIAN_POINT('',(8.,47.,253.));
#828 = DIRECTION('',(0.,-1.,0.));
#829 = DIRECTION('',(1.,0.,0.));
#830 = VECTOR('',#831,1.);
#831 = DIRECTION('',(-0.,1.,-0.));
#832 = DEFINITIONAL_REPRESENTATION('',(#833),#986);
#833 = B_SPLINE_CURVE_WITH_KNOTS('',7,(#834,#835,#836,#837,#838,#839,
    #840,#841,#842,#843,#844,#845,#846,#847,#848,#849,#850,#851,#852,
    #853,#854,#855,#856,#857,#858,#859,#860,#861,#862,#863,#864,#865,
    #866,#867,#868,#869,#870,#871,#872,#873,#874,#875,#876,#877,#878,
    #879,#880,#881,#882,#883,#884,#885,#886,#887,#888,#889,#890,#891,
    #892,#893,#894,#895,#896,#897,#898,#899,#900,#901,#902,#903,#904,
    #905,#906,#907,#908,#909,#910,#911,#912,#913,#914,#915,#916,#917,
    #918,#919,#920,#921,#922,#923,#924,#925,#926,#927,#928,#929,#930,
    #931,#932,#933,#934,#935,#936,#937,#938,#939,#940,#941,#942,#943,
    #944,#945,#946,#947,#948,#949,#950,#951,#952,#953,#954,#955,#956,
    #957,#958,#959,#960,#961,#962,#963,#964,#965,#966,#967,#968,#969,
    #970,#971,#972,#973,#974,#975,#976,#977,#978,#979,#980,#981,#982,
    #983,#984,#985),.UNSPECIFIED.,.F.,.F.,(8,6,6,6,6,6,6,6,6,6,6,6,6,6,6
    ,6,6,6,6,6,6,6,6,6,6,8),(0.,7.598762115818E-02,0.116595048148,
    0.158838893,0.186313820068,0.249994235466,0.294223095504,
    0.313674533244,0.341149632087,0.38339374105,0.42400142192,
    0.447514989936,0.463110019446,0.499999046233,0.552482172652,
    0.575995889752,0.61660382809,0.658848204897,0.686323477942,
    0.705775039012,0.750004179477,0.813684998633,0.841160099902,
    0.883404212596,0.924011897052,1.),.UNSPECIFIED.);
#834 = CARTESIAN_POINT('',(6.28318530718,-1.));
#835 = CARTESIAN_POINT('',(6.212836271719,-1.));
#836 = CARTESIAN_POINT('',(6.14246866963,-1.));
#837 = CARTESIAN_POINT('',(6.072193025966,-1.));
#838 = CARTESIAN_POINT('',(6.002068387105,-1.));
#839 = CARTESIAN_POINT('',(5.932142641188,-1.));
#840 = CARTESIAN_POINT('',(5.862462111285,-1.));
#841 = CARTESIAN_POINT('',(5.756028385888,-1.));
#842 = CARTESIAN_POINT('',(5.719042750814,-1.));
#843 = CARTESIAN_POINT('',(5.682145506326,-1.));
#844 = CARTESIAN_POINT('',(5.645339880539,-1.));
#845 = CARTESIAN_POINT('',(5.608627636377,-1.));
#846 = CARTESIAN_POINT('',(5.572009657568,-1.));
#847 = CARTESIAN_POINT('',(5.49749101585,-1.));
#848 = CARTESIAN_POINT('',(5.459597571887,-1.));
#849 = CARTESIAN_POINT('',(5.42180551909,-1.));
#850 = CARTESIAN_POINT('',(5.384112807796,-1.));
#851 = CARTESIAN_POINT('',(5.346516072931,-1.));
#852 = CARTESIAN_POINT('',(5.309010963606,-1.));
#853 = CARTESIAN_POINT('',(5.247255902235,-1.));
#854 = CARTESIAN_POINT('',(5.222955872929,-1.));
#855 = CARTESIAN_POINT('',(5.198690897018,-1.));
#856 = CARTESIAN_POINT('',(5.174459326998,-1.));
#857 = CARTESIAN_POINT('',(5.150259369362,-1.));
#858 = CARTESIAN_POINT('',(5.126089098306,-1.));
#859 = CARTESIAN_POINT('',(5.045989537068,-1.));
#860 = CARTESIAN_POINT('',(4.99018241918,-1.));
#861 = CARTESIAN_POINT('',(4.93449770836,-1.));
#862 = CARTESIAN_POINT('',(4.878906584869,-1.));
#863 = CARTESIAN_POINT('',(4.823379194984,-1.));
#864 = CARTESIAN_POINT('',(4.767884412071,-1.));
#865 = CARTESIAN_POINT('',(4.673844952909,-1.));
#866 = CARTESIAN_POINT('',(4.635301065965,-1.));
#867 = CARTESIAN_POINT('',(4.596746411481,-1.));
#868 = CARTESIAN_POINT('',(4.558170404931,-1.));
#869 = CARTESIAN_POINT('',(4.519562724925,-1.));
#870 = CARTESIAN_POINT('',(4.480913252794,-1.));
#871 = CARTESIAN_POINT('',(4.425191569603,-1.));
#872 = CARTESIAN_POINT('',(4.408161154454,-1.));
#873 = CARTESIAN_POINT('',(4.391119943683,-1.));
#874 = CARTESIAN_POINT('',(4.374067137327,-1.));
#875 = CARTESIAN_POINT('',(4.357001958505,-1.));
#876 = CARTESIAN_POINT('',(4.339923653415,-1.));
#877 = CARTESIAN_POINT('',(4.298688862464,-1.));
#878 = CARTESIAN_POINT('',(4.274518591407,-1.));
#879 = CARTESIAN_POINT('',(4.250318633772,-1.));
#880 = CARTESIAN_POINT('',(4.226087063752,-1.));
#881 = CARTESIAN_POINT('',(4.20182208784,-1.));
#882 = CARTESIAN_POINT('',(4.177522058535,-1.));
#883 = CARTESIAN_POINT('',(4.115766997164,-1.));
#884 = CARTESIAN_POINT('',(4.078261887839,-1.));
#885 = CARTESIAN_POINT('',(4.040665152973,-1.));
#886 = CARTESIAN_POINT('',(4.00297244168,-1.));
#887 = CARTESIAN_POINT('',(3.965180388883,-1.));
#888 = CARTESIAN_POINT('',(3.92728694492,-1.));
#889 = CARTESIAN_POINT('',(3.852768303201,-1.));
#890 = CARTESIAN_POINT('',(3.816150324392,-1.));
#891 = CARTESIAN_POINT('',(3.779438080231,-1.));
#892 = CARTESIAN_POINT('',(3.742632454444,-1.));
#893 = CARTESIAN_POINT('',(3.705735209955,-1.));
#894 = CARTESIAN_POINT('',(3.668749574882,-1.));
#895 = CARTESIAN_POINT('',(3.610216894151,-1.));
#896 = CARTESIAN_POINT('',(3.588724758812,-1.));
#897 = CARTESIAN_POINT('',(3.567205735978,-1.));
#898 = CARTESIAN_POINT('',(3.545660918609,-1.));
#899 = CARTESIAN_POINT('',(3.524091513112,-1.));
#900 = CARTESIAN_POINT('',(3.50249889427,-1.));
#901 = CARTESIAN_POINT('',(3.466549336066,-1.));
#902 = CARTESIAN_POINT('',(3.452204481191,-1.));
#903 = CARTESIAN_POINT('',(3.437850543449,-1.));
#904 = CARTESIAN_POINT('',(3.423487992839,-1.));
#905 = CARTESIAN_POINT('',(3.409117321457,-1.));
#906 = CARTESIAN_POINT('',(3.3947390435,-1.));
#907 = CARTESIAN_POINT('',(3.346326090755,-1.));
#908 = CARTESIAN_POINT('',(3.31225822333,-1.));
#909 = CARTESIAN_POINT('',(3.278158312515,-1.));
#910 = CARTESIAN_POINT('',(3.244033909713,-1.));
#911 = CARTESIAN_POINT('',(3.209892516809,-1.));
#912 = CARTESIAN_POINT('',(3.175742264962,-1.));
#913 = CARTESIAN_POINT('',(3.093006975764,-1.));
#914 = CARTESIAN_POINT('',(3.044417868354,-1.));
#915 = CARTESIAN_POINT('',(2.995855727918,-1.));
#916 = CARTESIAN_POINT('',(2.94734314593,-1.));
#917 = CARTESIAN_POINT('',(2.898899364058,-1.));
#918 = CARTESIAN_POINT('',(2.850544086159,-1.));
#919 = CARTESIAN_POINT('',(2.78068641291,-1.));
#920 = CARTESIAN_POINT('',(2.759093794068,-1.));
#921 = CARTESIAN_POINT('',(2.737524388571,-1.));
#922 = CARTESIAN_POINT('',(2.715979571202,-1.));
#923 = CARTESIAN_POINT('',(2.694460548368,-1.));
#924 = CARTESIAN_POINT('',(2.672968413029,-1.));
#925 = CARTESIAN_POINT('',(2.614435732298,-1.));
#926 = CARTESIAN_POINT('',(2.577450097225,-1.));
#927 = CARTESIAN_POINT('',(2.540552852736,-1.));
#928 = CARTESIAN_POINT('',(2.503747226949,-1.));
#929 = CARTESIAN_POINT('',(2.467034982787,-1.));
#930 = CARTESIAN_POINT('',(2.430417003978,-1.));
#931 = CARTESIAN_POINT('',(2.35589836226,-1.));
#932 = CARTESIAN_POINT('',(2.318004918297,-1.));
#933 = CARTESIAN_POINT('',(2.2802128655,-1.));
#934 = CARTESIAN_POINT('',(2.242520154207,-1.));
#935 = CARTESIAN_POINT('',(2.204923419341,-1.));
#936 = CARTESIAN_POINT('',(2.167418310016,-1.));
#937 = CARTESIAN_POINT('',(2.105663248645,-1.));
#938 = CARTESIAN_POINT('',(2.08136321934,-1.));
#939 = CARTESIAN_POINT('',(2.057098243428,-1.));
#940 = CARTESIAN_POINT('',(2.032866673408,-1.));
#941 = CARTESIAN_POINT('',(2.008666715772,-1.));
#942 = CARTESIAN_POINT('',(1.984496444716,-1.));
#943 = CARTESIAN_POINT('',(1.943261653765,-1.));
#944 = CARTESIAN_POINT('',(1.926183348675,-1.));
#945 = CARTESIAN_POINT('',(1.909118169852,-1.));
#946 = CARTESIAN_POINT('',(1.892065363497,-1.));
#947 = CARTESIAN_POINT('',(1.875024152726,-1.));
#948 = CARTESIAN_POINT('',(1.857993737577,-1.));
#949 = CARTESIAN_POINT('',(1.802272054386,-1.));
#950 = CARTESIAN_POINT('',(1.763622582255,-1.));
#951 = CARTESIAN_POINT('',(1.725014902249,-1.));
#952 = CARTESIAN_POINT('',(1.686438895699,-1.));
#953 = CARTESIAN_POINT('',(1.647884241214,-1.));
#954 = CARTESIAN_POINT('',(1.609340354271,-1.));
#955 = CARTESIAN_POINT('',(1.515300895109,-1.));
#956 = CARTESIAN_POINT('',(1.459806112195,-1.));
#957 = CARTESIAN_POINT('',(1.404278722311,-1.));
#958 = CARTESIAN_POINT('',(1.34868759882,-1.));
#959 = CARTESIAN_POINT('',(1.293002888,-1.));
#960 = CARTESIAN_POINT('',(1.237195770112,-1.));
#961 = CARTESIAN_POINT('',(1.157096208874,-1.));
#962 = CARTESIAN_POINT('',(1.132925937818,-1.));
#963 = CARTESIAN_POINT('',(1.108725980182,-1.));
#964 = CARTESIAN_POINT('',(1.084494410162,-1.));
#965 = CARTESIAN_POINT('',(1.06022943425,-1.));
#966 = CARTESIAN_POINT('',(1.035929404945,-1.));
#967 = CARTESIAN_POINT('',(0.974174343574,-1.));
#968 = CARTESIAN_POINT('',(0.936669234249,-1.));
#969 = CARTESIAN_POINT('',(0.899072499383,-1.));
#970 = CARTESIAN_POINT('',(0.86137978809,-1.));
#971 = CARTESIAN_POINT('',(0.823587735293,-1.));
#972 = CARTESIAN_POINT('',(0.78569429133,-1.));
#973 = CARTESIAN_POINT('',(0.711175649612,-1.));
#974 = CARTESIAN_POINT('',(0.674557670803,-1.));
#975 = CARTESIAN_POINT('',(0.637845426641,-1.));
#976 = CARTESIAN_POINT('',(0.601039800854,-1.));
#977 = CARTESIAN_POINT('',(0.564142556365,-1.));
#978 = CARTESIAN_POINT('',(0.527156921292,-1.));
#979 = CARTESIAN_POINT('',(0.420723195895,-1.));
#980 = CARTESIAN_POINT('',(0.351042665992,-1.));
#981 = CARTESIAN_POINT('',(0.281116920074,-1.));
#982 = CARTESIAN_POINT('',(0.210992281214,-1.));
#983 = CARTESIAN_POINT('',(0.14071663755,-1.));
#984 = CARTESIAN_POINT('',(7.034903546036E-02,-1.));
#985 = CARTESIAN_POINT('',(0.,-1.));
#986 = ( GEOMETRIC_REPRESENTATION_CONTEXT(2) 
PARAMETRIC_REPRESENTATION_CONTEXT() REPRESENTATION_CONTEXT('2D SPACE',''
  ) );
#987 = FACE_BOUND('',#988,.T.);
#988 = EDGE_LOOP('',(#989));
#989 = ORIENTED_EDGE('',*,*,#990,.F.);
#990 = EDGE_CURVE('',#991,#991,#993,.T.);
#991 = VERTEX_POINT('',#992);
#992 = CARTESIAN_POINT('',(-4.8,46.,278.));
#993 = SURFACE_CURVE('',#994,(#999,#1006),.PCURVE_S1.);
#994 = CIRCLE('',#995,1.2);
#995 = AXIS2_PLACEMENT_3D('',#996,#997,#998);
#996 = CARTESIAN_POINT('',(-6.,46.,278.));
#997 = DIRECTION('',(-0.,1.,0.));
#998 = DIRECTION('',(1.,0.,0.));
#999 = PCURVE('',#126,#1000);
#1000 = DEFINITIONAL_REPRESENTATION('',(#1001),#1005);
#1001 = CIRCLE('',#1002,1.2);
#1002 = AXIS2_PLACEMENT_2D('',#1003,#1004);
#1003 = CARTESIAN_POINT('',(21.607541066149,-49.09008589698));
#1004 = DIRECTION('',(0.,1.));
#1005 = ( GEOMETRIC_REPRESENTATION_CONTEXT(2) 
PARAMETRIC_REPRESENTATION_CONTEXT() REPRESENTATION_CONTEXT('2D SPACE',''
  ) );
#1006 = PCURVE('',#1007,#1012);
#1007 = CYLINDRICAL_SURFACE('',#1008,1.2);
#1008 = AXIS2_PLACEMENT_3D('',#1009,#1010,#1011);
#1009 = CARTESIAN_POINT('',(-6.,47.,278.));
#1010 = DIRECTION('',(-0.,1.,-0.));
#1011 = DIRECTION('',(1.,0.,0.));
#1012 = DEFINITIONAL_REPRESENTATION('',(#1013),#1017);
#1013 = LINE('',#1014,#1015);
#1014 = CARTESIAN_POINT('',(-6.28318530718,-1.));
#1015 = VECTOR('',#1016,1.);
#1016 = DIRECTION('',(1.,-0.));
#1017 = ( GEOMETRIC_REPRESENTATION_CONTEXT(2) 
PARAMETRIC_REPRESENTATION_CONTEXT() REPRESENTATION_CONTEXT('2D SPACE',''
  ) );
#1018 = FACE_BOUND('',#1019,.T.);
#1019 = EDGE_LOOP('',(#1020));
#1020 = ORIENTED_EDGE('',*,*,#1021,.F.);
#1021 = EDGE_CURVE('',#1022,#1022,#1024,.T.);
#1022 = VERTEX_POINT('',#1023);
#1023 = CARTESIAN_POINT('',(37.2,46.,280.));
#1024 = SURFACE_CURVE('',#1025,(#1030,#1037),.PCURVE_S1.);
#1025 = CIRCLE('',#1026,1.2);
#1026 = AXIS2_PLACEMENT_3D('',#1027,#1028,#1029);
#1027 = CARTESIAN_POINT('',(36.,46.,280.));
#1028 = DIRECTION('',(-0.,1.,0.));
#1029 = DIRECTION('',(1.,0.,0.));
#1030 = PCURVE('',#126,#1031);
#1031 = DEFINITIONAL_REPRESENTATION('',(#1032),#1036);
#1032 = CIRCLE('',#1033,1.2);
#1033 = AXIS2_PLACEMENT_2D('',#1034,#1035);
#1034 = CARTESIAN_POINT('',(23.607541066149,-7.090085896986));
#1035 = DIRECTION('',(0.,1.));
#1036 = ( GEOMETRIC_REPRESENTATION_CONTEXT(2) 
PARAMETRIC_REPRESENTATION_CONTEXT() REPRESENTATION_CONTEXT('2D SPACE',''
  ) );
#1037 = PCURVE('',#1038,#1043);
#1038 = CYLINDRICAL_SURFACE('',#1039,1.2);
#1039 = AXIS2_PLACEMENT_3D('',#1040,#1041,#1042);
#1040 = CARTESIAN_POINT('',(36.,47.,280.));
#1041 = DIRECTION('',(-0.,1.,-0.));
#1042 = DIRECTION('',(1.,0.,0.));
#1043 = DEFINITIONAL_REPRESENTATION('',(#1044),#1048);
#1044 = LINE('',#1045,#1046);
#1045 = CARTESIAN_POINT('',(-6.28318530718,-1.));
#1046 = VECTOR('',#1047,1.);
#1047 = DIRECTION('',(1.,-0.));
#1048 = ( GEOMETRIC_REPRESENTATION_CONTEXT(2) 
PARAMETRIC_REPRESENTATION_CONTEXT() REPRESENTATION_CONTEXT('2D SPACE',''
  ) );
#1049 = FACE_BOUND('',#1050,.T.);
#1050 = EDGE_LOOP('',(#1051));
#1051 = ORIENTED_EDGE('',*,*,#1052,.F.);
#1052 = EDGE_CURVE('',#1053,#1053,#1055,.T.);
#1053 = VERTEX_POINT('',#1054);
#1054 = CARTESIAN_POINT('',(66.,46.,263.));
#1055 = SURFACE_CURVE('',#1056,(#1220,#1387),.PCURVE_S1.);
#1056 = B_SPLINE_CURVE_WITH_KNOTS('',8,(#1057,#1058,#1059,#1060,#1061,
    #1062,#1063,#1064,#1065,#1066,#1067,#1068,#1069,#1070,#1071,#1072,
    #1073,#1074,#1075,#1076,#1077,#1078,#1079,#1080,#1081,#1082,#1083,
    #1084,#1085,#1086,#1087,#1088,#1089,#1090,#1091,#1092,#1093,#1094,
    #1095,#1096,#1097,#1098,#1099,#1100,#1101,#1102,#1103,#1104,#1105,
    #1106,#1107,#1108,#1109,#1110,#1111,#1112,#1113,#1114,#1115,#1116,
    #1117,#1118,#1119,#1120,#1121,#1122,#1123,#1124,#1125,#1126,#1127,
    #1128,#1129,#1130,#1131,#1132,#1133,#1134,#1135,#1136,#1137,#1138,
    #1139,#1140,#1141,#1142,#1143,#1144,#1145,#1146,#1147,#1148,#1149,
    #1150,#1151,#1152,#1153,#1154,#1155,#1156,#1157,#1158,#1159,#1160,
    #1161,#1162,#1163,#1164,#1165,#1166,#1167,#1168,#1169,#1170,#1171,
    #1172,#1173,#1174,#1175,#1176,#1177,#1178,#1179,#1180,#1181,#1182,
    #1183,#1184,#1185,#1186,#1187,#1188,#1189,#1190,#1191,#1192,#1193,
    #1194,#1195,#1196,#1197,#1198,#1199,#1200,#1201,#1202,#1203,#1204,
    #1205,#1206,#1207,#1208,#1209,#1210,#1211,#1212,#1213,#1214,#1215,
    #1216,#1217,#1218,#1219),.UNSPECIFIED.,.T.,.F.,(9,7,7,7,7,7,7,7,7,7,
    7,7,7,7,7,7,7,7,7,7,7,7,7,9),(0.,2.682239059412E-02,
    4.548124605329E-02,7.636914636702E-02,0.108156863299,0.139081612881,
    0.249997416937,0.367772531274,0.399142512489,0.430944217325,
    0.465961888892,0.485553420888,0.500012576124,0.517838492827,
    0.545498634261,0.576385213883,0.608171571649,0.639094998965,
    0.750006060532,0.867776139093,0.899144779005,0.930945124077,
    0.965961298374,1.),.UNSPECIFIED.);
#1057 = CARTESIAN_POINT('',(66.,46.,263.));
#1058 = CARTESIAN_POINT('',(66.00000020086,46.,262.74122139757));
#1059 = CARTESIAN_POINT('',(65.980866157531,46.,262.48224791662));
#1060 = CARTESIAN_POINT('',(65.9425503998,46.,262.22503967211));
#1061 = CARTESIAN_POINT('',(65.885682462691,46.,261.97118290033));
#1062 = CARTESIAN_POINT('',(65.811338103713,46.,261.72194019158));
#1063 = CARTESIAN_POINT('',(65.720854220388,46.,261.47829209282));
#1064 = CARTESIAN_POINT('',(65.61568946807,46.,261.24097008039));
#1065 = CARTESIAN_POINT('',(65.414995037537,46.,260.85014226935));
#1066 = CARTESIAN_POINT('',(65.326250790329,46.,260.69306786226));
#1067 = CARTESIAN_POINT('',(65.231566689619,46.,260.53937724566));
#1068 = CARTESIAN_POINT('',(65.131398863109,46.,260.38914167669));
#1069 = CARTESIAN_POINT('',(65.026181901406,46.,260.24239004475));
#1070 = CARTESIAN_POINT('',(64.91632004641,46.,260.09911481082));
#1071 = CARTESIAN_POINT('',(64.802178379704,46.,259.9592779468));
#1072 = CARTESIAN_POINT('',(64.488564420946,46.,259.59691901481));
#1073 = CARTESIAN_POINT('',(64.282272336811,46.,259.38035516579));
#1074 = CARTESIAN_POINT('',(64.066621586189,46.,259.17278174573));
#1075 = CARTESIAN_POINT('',(63.842846693152,46.,258.97385167302));
#1076 = CARTESIAN_POINT('',(63.61200167378,46.,258.78320533508));
#1077 = CARTESIAN_POINT('',(63.374963941233,46.,258.60046693044));
#1078 = CARTESIAN_POINT('',(63.132433320289,46.,258.42524618445));
#1079 = CARTESIAN_POINT('',(62.630208746933,46.,258.08414764134));
#1080 = CARTESIAN_POINT('',(62.370304222795,46.,257.91874656536));
#1081 = CARTESIAN_POINT('',(62.105832335569,46.,257.76053473874));
#1082 = CARTESIAN_POINT('',(61.837324821757,46.,257.60915947376));
#1083 = CARTESIAN_POINT('',(61.565235608982,46.,257.4643052441));
#1084 = CARTESIAN_POINT('',(61.289947624674,46.,257.32568195387));
#1085 = CARTESIAN_POINT('',(61.011776222222,46.,257.19301909857));
#1086 = CARTESIAN_POINT('',(60.45778525862,46.,256.94255910307));
#1087 = CARTESIAN_POINT('',(60.182132768127,46.,256.82446663109));
#1088 = CARTESIAN_POINT('',(59.904255310307,46.,256.71156351758));
#1089 = CARTESIAN_POINT('',(59.624368987492,46.,256.60365014063));
#1090 = CARTESIAN_POINT('',(59.342663925296,46.,256.50054840452));
#1091 = CARTESIAN_POINT('',(59.059305750766,46.,256.40209800326));
#1092 = CARTESIAN_POINT('',(58.774437070521,46.,256.30815268415));
#1093 = CARTESIAN_POINT('',(57.461473389797,46.,255.89729993191));
#1094 = CARTESIAN_POINT('',(56.417732079832,46.,255.63249666582));
#1095 = CARTESIAN_POINT('',(55.361616139454,46.,255.41752069198));
#1096 = CARTESIAN_POINT('',(54.296748100179,46.,255.24890095629));
#1097 = CARTESIAN_POINT('',(53.226118067558,46.,255.12403842771));
#1098 = CARTESIAN_POINT('',(52.152057270112,46.,255.04137466633));
#1099 = CARTESIAN_POINT('',(51.076312092739,46.,254.99999974167));
#1100 = CARTESIAN_POINT('',(48.857125526393,46.,254.99999948349));
#1101 = CARTESIAN_POINT('',(47.715065714224,46.,255.04665170035));
#1102 = CARTESIAN_POINT('',(46.57498462804,46.,255.1398202436));
#1103 = CARTESIAN_POINT('',(45.438935217706,46.,255.28070234169));
#1104 = CARTESIAN_POINT('',(44.309775389052,46.,255.47124558309));
#1105 = CARTESIAN_POINT('',(43.191308442322,46.,255.71484616519));
#1106 = CARTESIAN_POINT('',(42.088193114149,46.,256.01585364195));
#1107 = CARTESIAN_POINT('',(40.718596751516,46.,256.48124151165));
#1108 = CARTESIAN_POINT('',(40.43214738811,46.,256.58381447042));
#1109 = CARTESIAN_POINT('',(40.147461825127,46.,256.69123443863));
#1110 = CARTESIAN_POINT('',(39.864711954343,46.,256.80367301394));
#1111 = CARTESIAN_POINT('',(39.584099663988,46.,256.92131803525));
#1112 = CARTESIAN_POINT('',(39.305858904393,46.,257.04437838266));
#1113 = CARTESIAN_POINT('',(39.030257753642,46.,257.17308877749));
#1114 = CARTESIAN_POINT('',(38.481191195022,46.,257.44419322701));
#1115 = CARTESIAN_POINT('',(38.207843708724,46.,257.58673508234));
#1116 = CARTESIAN_POINT('',(37.937852557707,46.,257.73562621859));
#1117 = CARTESIAN_POINT('',(37.671599381938,46.,257.89117207958));
#1118 = CARTESIAN_POINT('',(37.409552399132,46.,258.0536964637));
#1119 = CARTESIAN_POINT('',(37.152270401484,46.,258.22354766126));
#1120 = CARTESIAN_POINT('',(36.900411277965,46.,258.40111174802));
#1121 = CARTESIAN_POINT('',(36.384236011656,46.,258.79133552902));
#1122 = CARTESIAN_POINT('',(36.121415803098,46.,259.00559238357));
#1123 = CARTESIAN_POINT('',(35.867158166526,46.,259.23028178533));
#1124 = CARTESIAN_POINT('',(35.62275819915,46.,259.4660138605));
#1125 = CARTESIAN_POINT('',(35.389912714814,46.,259.71330997557));
#1126 = CARTESIAN_POINT('',(35.170693856039,46.,259.97257610587));
#1127 = CARTESIAN_POINT('',(34.967515968693,46.,260.24407027218));
#1128 = CARTESIAN_POINT('',(34.679917118189,46.,260.68663971407));
#1129 = CARTESIAN_POINT('',(34.582647309156,46.,260.84920688716));
#1130 = CARTESIAN_POINT('',(34.491780691795,46.,261.01553369122));
#1131 = CARTESIAN_POINT('',(34.407853216295,46.,261.18552721393));
#1132 = CARTESIAN_POINT('',(34.331427020343,46.,261.35902640163));
#1133 = CARTESIAN_POINT('',(34.263066829415,46.,261.53579144017));
#1134 = CARTESIAN_POINT('',(34.203308140443,46.,261.7154896184));
#1135 = CARTESIAN_POINT('',(34.115205577361,46.,262.03213813527));
#1136 = CARTESIAN_POINT('',(34.082729625455,46.,262.1679674927));
#1137 = CARTESIAN_POINT('',(34.055380389931,46.,262.30497754553));
#1138 = CARTESIAN_POINT('',(34.03332166088,46.,262.44296420535));
#1139 = CARTESIAN_POINT('',(34.016684367463,46.,262.58170679849));
#1140 = CARTESIAN_POINT('',(34.005560983689,46.,262.7209673678));
#1141 = CARTESIAN_POINT('',(33.99999993419,46.,262.86048997449));
#1142 = CARTESIAN_POINT('',(33.999999708298,46.,263.17199430577));
#1143 = CARTESIAN_POINT('',(34.008452515026,46.,263.34402173328));
#1144 = CARTESIAN_POINT('',(34.025361731572,46.,263.51555213864));
#1145 = CARTESIAN_POINT('',(34.050613489656,46.,263.68610725386));
#1146 = CARTESIAN_POINT('',(34.08399494123,46.,263.85525787339));
#1147 = CARTESIAN_POINT('',(34.125212458366,46.,264.02262104073));
#1148 = CARTESIAN_POINT('',(34.173909833159,46.,264.18785723504));
#1149 = CARTESIAN_POINT('',(34.316233459314,46.,264.60329702579));
#1150 = CARTESIAN_POINT('',(34.419830749382,46.,264.85010857102));
#1151 = CARTESIAN_POINT('',(34.539033076538,46.,265.090147113));
#1152 = CARTESIAN_POINT('',(34.672238019482,46.,265.32283764477));
#1153 = CARTESIAN_POINT('',(34.817870880752,46.,265.54788148263));
#1154 = CARTESIAN_POINT('',(34.974488247202,46.,265.76519691802));
#1155 = CARTESIAN_POINT('',(35.140839556502,46.,265.9748827436));
#1156 = CARTESIAN_POINT('',(35.511435579053,46.,266.40308098518));
#1157 = CARTESIAN_POINT('',(35.717727663187,46.,266.6196448342));
#1158 = CARTESIAN_POINT('',(35.93337841381,46.,266.82721825426));
#1159 = CARTESIAN_POINT('',(36.157153306848,46.,267.02614832697));
#1160 = CARTESIAN_POINT('',(36.387998326219,46.,267.21679466491));
#1161 = CARTESIAN_POINT('',(36.625036058766,46.,267.39953306955));
#1162 = CARTESIAN_POINT('',(36.86756667971,46.,267.57475381554));
#1163 = CARTESIAN_POINT('',(37.369791253066,46.,267.91585235865));
#1164 = CARTESIAN_POINT('',(37.629695777203,46.,268.08125343463));
#1165 = CARTESIAN_POINT('',(37.89416766443,46.,268.23946526125));
#1166 = CARTESIAN_POINT('',(38.162675178243,46.,268.39084052623));
#1167 = CARTESIAN_POINT('',(38.434764391017,46.,268.53569475589));
#1168 = CARTESIAN_POINT('',(38.710052375324,46.,268.67431804612));
#1169 = CARTESIAN_POINT('',(38.988223777777,46.,268.80698090142));
#1170 = CARTESIAN_POINT('',(39.542214741379,46.,269.05744089692));
#1171 = CARTESIAN_POINT('',(39.817867231872,46.,269.1755333689));
#1172 = CARTESIAN_POINT('',(40.095744689692,46.,269.28843648241));
#1173 = CARTESIAN_POINT('',(40.375631012508,46.,269.39634985936));
#1174 = CARTESIAN_POINT('',(40.657336074703,46.,269.49945159547));
#1175 = CARTESIAN_POINT('',(40.940694249234,46.,269.59790199673));
#1176 = CARTESIAN_POINT('',(41.225562929478,46.,269.69184731584));
#1177 = CARTESIAN_POINT('',(42.5385266102,46.,270.10270006808));
#1178 = CARTESIAN_POINT('',(43.582267920172,46.,270.36750333418));
#1179 = CARTESIAN_POINT('',(44.638383860539,46.,270.582479308));
#1180 = CARTESIAN_POINT('',(45.703251899823,46.,270.75109904373));
#1181 = CARTESIAN_POINT('',(46.773881932443,46.,270.87596157226));
#1182 = CARTESIAN_POINT('',(47.847942729887,46.,270.95862533367));
#1183 = CARTESIAN_POINT('',(48.92368790726,46.,271.00000025831));
#1184 = CARTESIAN_POINT('',(51.142874473611,46.,271.00000051649));
#1185 = CARTESIAN_POINT('',(52.284934285756,46.,270.95334829968));
#1186 = CARTESIAN_POINT('',(53.425015371999,46.,270.8601797563));
#1187 = CARTESIAN_POINT('',(54.561064782256,46.,270.7192976584));
#1188 = CARTESIAN_POINT('',(55.690224610966,46.,270.52875441682));
#1189 = CARTESIAN_POINT('',(56.808691557677,46.,270.28515383483));
#1190 = CARTESIAN_POINT('',(57.91180688585,46.,269.98414635804));
#1191 = CARTESIAN_POINT('',(59.281403248484,46.,269.51875848835));
#1192 = CARTESIAN_POINT('',(59.56785261189,46.,269.41618552957));
#1193 = CARTESIAN_POINT('',(59.852538174873,46.,269.30876556136));
#1194 = CARTESIAN_POINT('',(60.135288045657,46.,269.19632698605));
#1195 = CARTESIAN_POINT('',(60.415900336012,46.,269.07868196474));
#1196 = CARTESIAN_POINT('',(60.694141095607,46.,268.95562161733));
#1197 = CARTESIAN_POINT('',(60.969742246358,46.,268.8269112225));
#1198 = CARTESIAN_POINT('',(61.518808804978,46.,268.55580677298));
#1199 = CARTESIAN_POINT('',(61.792156291275,46.,268.41326491765));
#1200 = CARTESIAN_POINT('',(62.062147442293,46.,268.2643737814));
#1201 = CARTESIAN_POINT('',(62.328400618062,46.,268.10882792041));
#1202 = CARTESIAN_POINT('',(62.590447600868,46.,267.94630353629));
#1203 = CARTESIAN_POINT('',(62.847729598516,46.,267.77645233873));
#1204 = CARTESIAN_POINT('',(63.099588722036,46.,267.59888825197));
#1205 = CARTESIAN_POINT('',(63.615763988344,46.,267.20866447097));
#1206 = CARTESIAN_POINT('',(63.878584196902,46.,266.99440761642));
#1207 = CARTESIAN_POINT('',(64.132841833474,46.,266.76971821466));
#1208 = CARTESIAN_POINT('',(64.37724180085,46.,266.53398613949));
#1209 = CARTESIAN_POINT('',(64.610087285186,46.,266.28669002442));
#1210 = CARTESIAN_POINT('',(64.829306143961,46.,266.02742389412));
#1211 = CARTESIAN_POINT('',(65.032484031308,46.,265.75592972782));
#1212 = CARTESIAN_POINT('',(65.396176627602,46.,265.1962642278));
#1213 = CARTESIAN_POINT('',(65.557723632346,46.,264.90877101964));
#1214 = CARTESIAN_POINT('',(65.698807442262,46.,264.60996962544));
#1215 = CARTESIAN_POINT('',(65.816384063282,46.,264.30069442464));
#1216 = CARTESIAN_POINT('',(65.907404831756,46.,263.9823991923));
#1217 = CARTESIAN_POINT('',(65.969187504282,46.,263.65727131295));
#1218 = CARTESIAN_POINT('',(66.000000018775,46.,263.32839542208));
#1219 = CARTESIAN_POINT('',(66.,46.,263.));
#1220 = PCURVE('',#126,#1221);
#1221 = DEFINITIONAL_REPRESENTATION('',(#1222),#1386);
#1222 = B_SPLINE_CURVE_WITH_KNOTS('',8,(#1223,#1224,#1225,#1226,#1227,
    #1228,#1229,#1230,#1231,#1232,#1233,#1234,#1235,#1236,#1237,#1238,
    #1239,#1240,#1241,#1242,#1243,#1244,#1245,#1246,#1247,#1248,#1249,
    #1250,#1251,#1252,#1253,#1254,#1255,#1256,#1257,#1258,#1259,#1260,
    #1261,#1262,#1263,#1264,#1265,#1266,#1267,#1268,#1269,#1270,#1271,
    #1272,#1273,#1274,#1275,#1276,#1277,#1278,#1279,#1280,#1281,#1282,
    #1283,#1284,#1285,#1286,#1287,#1288,#1289,#1290,#1291,#1292,#1293,
    #1294,#1295,#1296,#1297,#1298,#1299,#1300,#1301,#1302,#1303,#1304,
    #1305,#1306,#1307,#1308,#1309,#1310,#1311,#1312,#1313,#1314,#1315,
    #1316,#1317,#1318,#1319,#1320,#1321,#1322,#1323,#1324,#1325,#1326,
    #1327,#1328,#1329,#1330,#1331,#1332,#1333,#1334,#1335,#1336,#1337,
    #1338,#1339,#1340,#1341,#1342,#1343,#1344,#1345,#1346,#1347,#1348,
    #1349,#1350,#1351,#1352,#1353,#1354,#1355,#1356,#1357,#1358,#1359,
    #1360,#1361,#1362,#1363,#1364,#1365,#1366,#1367,#1368,#1369,#1370,
    #1371,#1372,#1373,#1374,#1375,#1376,#1377,#1378,#1379,#1380,#1381,
    #1382,#1383,#1384,#1385),.UNSPECIFIED.,.F.,.F.,(9,7,7,7,7,7,7,7,7,7,
    7,7,7,7,7,7,7,7,7,7,7,7,7,9),(0.,2.682239059412E-02,
    4.548124605329E-02,7.636914636702E-02,0.108156863299,0.139081612881,
    0.249997416937,0.367772531274,0.399142512489,0.430944217325,
    0.465961888892,0.485553420888,0.500012576124,0.517838492827,
    0.545498634261,0.576385213883,0.608171571649,0.639094998965,
    0.750006060532,0.867776139093,0.899144779005,0.930945124077,
    0.965961298374,1.),.UNSPECIFIED.);
#1223 = CARTESIAN_POINT('',(6.607541066149,22.909914103014));
#1224 = CARTESIAN_POINT('',(6.348762463727,22.909914303874));
#1225 = CARTESIAN_POINT('',(6.089788982774,22.890780260545));
#1226 = CARTESIAN_POINT('',(5.832580738263,22.852464502814));
#1227 = CARTESIAN_POINT('',(5.578723966487,22.795596565705));
#1228 = CARTESIAN_POINT('',(5.329481257735,22.721252206727));
#1229 = CARTESIAN_POINT('',(5.085833158977,22.630768323402));
#1230 = CARTESIAN_POINT('',(4.848511146547,22.525603571084));
#1231 = CARTESIAN_POINT('',(4.457683335506,22.324909140552));
#1232 = CARTESIAN_POINT('',(4.300608928412,22.236164893343));
#1233 = CARTESIAN_POINT('',(4.146918311809,22.141480792633));
#1234 = CARTESIAN_POINT('',(3.996682742845,22.041312966123));
#1235 = CARTESIAN_POINT('',(3.849931110907,21.93609600442));
#1236 = CARTESIAN_POINT('',(3.70665587697,21.826234149424));
#1237 = CARTESIAN_POINT('',(3.566819012953,21.712092482718));
#1238 = CARTESIAN_POINT('',(3.204460080961,21.39847852396));
#1239 = CARTESIAN_POINT('',(2.987896231947,21.192186439826));
#1240 = CARTESIAN_POINT('',(2.780322811882,20.976535689203));
#1241 = CARTESIAN_POINT('',(2.581392739173,20.752760796166));
#1242 = CARTESIAN_POINT('',(2.390746401237,20.521915776795));
#1243 = CARTESIAN_POINT('',(2.208007996593,20.284878044247));
#1244 = CARTESIAN_POINT('',(2.032787250605,20.042347423303));
#1245 = CARTESIAN_POINT('',(1.691688707491,19.540122849947));
#1246 = CARTESIAN_POINT('',(1.526287631515,19.28021832581));
#1247 = CARTESIAN_POINT('',(1.36807580489,19.015746438583));
#1248 = CARTESIAN_POINT('',(1.21670053991,18.747238924771));
#1249 = CARTESIAN_POINT('',(1.071846310257,18.475149711996));
#1250 = CARTESIAN_POINT('',(0.933223020026,18.199861727689));
#1251 = CARTESIAN_POINT('',(0.800560164723,17.921690325236));
#1252 = CARTESIAN_POINT('',(0.550100169228,17.367699361634));
#1253 = CARTESIAN_POINT('',(0.432007697242,17.092046871142));
#1254 = CARTESIAN_POINT('',(0.31910458373,16.814169413321));
#1255 = CARTESIAN_POINT('',(0.21119120678,16.534283090506));
#1256 = CARTESIAN_POINT('',(0.108089470671,16.25257802831));
#1257 = CARTESIAN_POINT('',(9.639069414559E-03,15.96921985378));
#1258 = CARTESIAN_POINT('',(-8.430624969416E-02,15.684351173536));
#1259 = CARTESIAN_POINT('',(-0.495159001933,14.371387492812));
#1260 = CARTESIAN_POINT('',(-0.759962268027,13.327646182847));
#1261 = CARTESIAN_POINT('',(-0.974938241871,12.271530242468));
#1262 = CARTESIAN_POINT('',(-1.143557977559,11.206662203193));
#1263 = CARTESIAN_POINT('',(-1.268420506134,10.136032170572));
#1264 = CARTESIAN_POINT('',(-1.351084267516,9.061971373126));
#1265 = CARTESIAN_POINT('',(-1.392459192172,7.986226195753));
#1266 = CARTESIAN_POINT('',(-1.392459450353,5.767039629407));
#1267 = CARTESIAN_POINT('',(-1.345807233493,4.624979817238));
#1268 = CARTESIAN_POINT('',(-1.252638690244,3.484898731054));
#1269 = CARTESIAN_POINT('',(-1.111756592155,2.348849320721));
#1270 = CARTESIAN_POINT('',(-0.921213350752,1.219689492066));
#1271 = CARTESIAN_POINT('',(-0.677612768656,0.101222545336));
#1272 = CARTESIAN_POINT('',(-0.376605291901,-1.001892782837));
#1273 = CARTESIAN_POINT('',(8.878257779885E-02,-2.37148914547));
#1274 = CARTESIAN_POINT('',(0.191355536577,-2.657938508876));
#1275 = CARTESIAN_POINT('',(0.298775504782,-2.942624071859));
#1276 = CARTESIAN_POINT('',(0.411214080097,-3.225373942643));
#1277 = CARTESIAN_POINT('',(0.528859101407,-3.505986232997));
#1278 = CARTESIAN_POINT('',(0.651919448814,-3.784226992592));
#1279 = CARTESIAN_POINT('',(0.780629843645,-4.059828143344));
#1280 = CARTESIAN_POINT('',(1.051734293162,-4.608894701963));
#1281 = CARTESIAN_POINT('',(1.194276148494,-4.882242188261));
#1282 = CARTESIAN_POINT('',(1.343167284748,-5.152233339278));
#1283 = CARTESIAN_POINT('',(1.498713145733,-5.418486515047));
#1284 = CARTESIAN_POINT('',(1.661237529853,-5.680533497853));
#1285 = CARTESIAN_POINT('',(1.831088727413,-5.937815495502));
#1286 = CARTESIAN_POINT('',(2.008652814169,-6.189674619021));
#1287 = CARTESIAN_POINT('',(2.39887659517,-6.705849885329));
#1288 = CARTESIAN_POINT('',(2.613133449725,-6.968670093888));
#1289 = CARTESIAN_POINT('',(2.837822851484,-7.22292773046));
#1290 = CARTESIAN_POINT('',(3.073554926658,-7.467327697835));
#1291 = CARTESIAN_POINT('',(3.320851041719,-7.700173182171));
#1292 = CARTESIAN_POINT('',(3.580117172027,-7.919392040947));
#1293 = CARTESIAN_POINT('',(3.851611338329,-8.122569928293));
#1294 = CARTESIAN_POINT('',(4.294180780226,-8.410168778797));
#1295 = CARTESIAN_POINT('',(4.456747953312,-8.50743858783));
#1296 = CARTESIAN_POINT('',(4.623074757377,-8.598305205191));
#1297 = CARTESIAN_POINT('',(4.79306828008,-8.682232680691));
#1298 = CARTESIAN_POINT('',(4.966567467784,-8.758658876643));
#1299 = CARTESIAN_POINT('',(5.143332506321,-8.827019067571));
#1300 = CARTESIAN_POINT('',(5.323030684549,-8.886777756542));
#1301 = CARTESIAN_POINT('',(5.639679201422,-8.974880319625));
#1302 = CARTESIAN_POINT('',(5.775508558853,-9.007356271531));
#1303 = CARTESIAN_POINT('',(5.91251861168,-9.034705507054));
#1304 = CARTESIAN_POINT('',(6.050505271506,-9.056764236105));
#1305 = CARTESIAN_POINT('',(6.189247864644,-9.073401529523));
#1306 = CARTESIAN_POINT('',(6.328508433949,-9.084524913297));
#1307 = CARTESIAN_POINT('',(6.468031040644,-9.090085962796));
#1308 = CARTESIAN_POINT('',(6.779535371921,-9.090086188687));
#1309 = CARTESIAN_POINT('',(6.95156279943,-9.08163338196));
#1310 = CARTESIAN_POINT('',(7.123093204797,-9.064724165414));
#1311 = CARTESIAN_POINT('',(7.293648320018,-9.03947240733));
#1312 = CARTESIAN_POINT('',(7.462798939545,-9.006090955756));
#1313 = CARTESIAN_POINT('',(7.630162106887,-8.964873438619));
#1314 = CARTESIAN_POINT('',(7.795398301194,-8.916176063827));
#1315 = CARTESIAN_POINT('',(8.210838091943,-8.773852437672));
#1316 = CARTESIAN_POINT('',(8.457649637175,-8.670255147604));
#1317 = CARTESIAN_POINT('',(8.697688179154,-8.551052820447));
#1318 = CARTESIAN_POINT('',(8.930378710928,-8.417847877504));
#1319 = CARTESIAN_POINT('',(9.155422548781,-8.272215016234));
#1320 = CARTESIAN_POINT('',(9.372737984178,-8.115597649784));
#1321 = CARTESIAN_POINT('',(9.582423809749,-7.949246340484));
#1322 = CARTESIAN_POINT('',(10.010622051337,-7.578650317932));
#1323 = CARTESIAN_POINT('',(10.227185900349,-7.372358233799));
#1324 = CARTESIAN_POINT('',(10.434759320416,-7.156707483176));
#1325 = CARTESIAN_POINT('',(10.633689393125,-6.932932590138));
#1326 = CARTESIAN_POINT('',(10.82433573106,-6.702087570767));
#1327 = CARTESIAN_POINT('',(11.007074135703,-6.46504983822));
#1328 = CARTESIAN_POINT('',(11.182294881693,-6.222519217275));
#1329 = CARTESIAN_POINT('',(11.523393424806,-5.72029464392));
#1330 = CARTESIAN_POINT('',(11.688794500783,-5.460390119782));
#1331 = CARTESIAN_POINT('',(11.847006327408,-5.195918232556));
#1332 = CARTESIAN_POINT('',(11.998381592387,-4.927410718743));
#1333 = CARTESIAN_POINT('',(12.143235822041,-4.655321505969));
#1334 = CARTESIAN_POINT('',(12.281859112273,-4.380033521662));
#1335 = CARTESIAN_POINT('',(12.414521967574,-4.101862119209));
#1336 = CARTESIAN_POINT('',(12.66498196307,-3.547871155607));
#1337 = CARTESIAN_POINT('',(12.783074435056,-3.272218665114));
#1338 = CARTESIAN_POINT('',(12.895977548568,-2.994341207294));
#1339 = CARTESIAN_POINT('',(13.003890925517,-2.714454884478));
#1340 = CARTESIAN_POINT('',(13.106992661627,-2.432749822283));
#1341 = CARTESIAN_POINT('',(13.205443062883,-2.149391647752));
#1342 = CARTESIAN_POINT('',(13.299388381992,-1.864522967508));
#1343 = CARTESIAN_POINT('',(13.710241134229,-0.551559286785));
#1344 = CARTESIAN_POINT('',(13.975044400333,0.492182023186));
#1345 = CARTESIAN_POINT('',(14.190020374151,1.548297963553));
#1346 = CARTESIAN_POINT('',(14.358640109881,2.613166002837));
#1347 = CARTESIAN_POINT('',(14.483502638413,3.683796035457));
#1348 = CARTESIAN_POINT('',(14.566166399823,4.757856832901));
#1349 = CARTESIAN_POINT('',(14.607541324468,5.833602010275));
#1350 = CARTESIAN_POINT('',(14.607541582642,8.052788576625));
#1351 = CARTESIAN_POINT('',(14.560889365832,9.19484838877));
#1352 = CARTESIAN_POINT('',(14.467720822458,10.334929475013));
#1353 = CARTESIAN_POINT('',(14.326838724554,11.47097888527));
#1354 = CARTESIAN_POINT('',(14.136295482976,12.60013871398));
#1355 = CARTESIAN_POINT('',(13.892694900985,13.718605660691));
#1356 = CARTESIAN_POINT('',(13.591687424194,14.821720988864));
#1357 = CARTESIAN_POINT('',(13.126299554499,16.191317351499));
#1358 = CARTESIAN_POINT('',(13.023726595721,16.477766714904));
#1359 = CARTESIAN_POINT('',(12.916306627516,16.762452277888));
#1360 = CARTESIAN_POINT('',(12.803868052201,17.045202148671));
#1361 = CARTESIAN_POINT('',(12.68622303089,17.325814439026));
#1362 = CARTESIAN_POINT('',(12.563162683484,17.604055198621));
#1363 = CARTESIAN_POINT('',(12.434452288653,17.879656349373));
#1364 = CARTESIAN_POINT('',(12.163347839135,18.428722907992));
#1365 = CARTESIAN_POINT('',(12.020805983804,18.70207039429));
#1366 = CARTESIAN_POINT('',(11.87191484755,18.972061545307));
#1367 = CARTESIAN_POINT('',(11.716368986565,19.238314721076));
#1368 = CARTESIAN_POINT('',(11.553844602445,19.500361703882));
#1369 = CARTESIAN_POINT('',(11.383993404885,19.75764370153));
#1370 = CARTESIAN_POINT('',(11.206429318128,20.00950282505));
#1371 = CARTESIAN_POINT('',(10.816205537127,20.525678091359));
#1372 = CARTESIAN_POINT('',(10.601948682573,20.788498299916));
#1373 = CARTESIAN_POINT('',(10.377259280814,21.042755936489));
#1374 = CARTESIAN_POINT('',(10.14152720564,21.287155903865));
#1375 = CARTESIAN_POINT('',(9.894231090578,21.5200013882));
#1376 = CARTESIAN_POINT('',(9.634964960271,21.739220246975));
#1377 = CARTESIAN_POINT('',(9.363470793969,21.942398134322));
#1378 = CARTESIAN_POINT('',(8.803805293958,22.306090730616));
#1379 = CARTESIAN_POINT('',(8.516312085796,22.46763773536));
#1380 = CARTESIAN_POINT('',(8.21751069159,22.608721545277));
#1381 = CARTESIAN_POINT('',(7.90823549079,22.726298166296));
#1382 = CARTESIAN_POINT('',(7.589940258449,22.81731893477));
#1383 = CARTESIAN_POINT('',(7.264812379101,22.879101607296));
#1384 = CARTESIAN_POINT('',(6.935936488229,22.909914121789));
#1385 = CARTESIAN_POINT('',(6.607541066149,22.909914103014));
#1386 = ( GEOMETRIC_REPRESENTATION_CONTEXT(2) 
PARAMETRIC_REPRESENTATION_CONTEXT() REPRESENTATION_CONTEXT('2D SPACE',''
  ) );
#1387 = PCURVE('',#1388,#1396);
#1388 = SURFACE_OF_LINEAR_EXTRUSION('',#1389,#1394);
#1389 = ELLIPSE('',#1390,16.,8.);
#1390 = AXIS2_PLACEMENT_3D('',#1391,#1392,#1393);
#1391 = CARTESIAN_POINT('',(50.,47.,263.));
#1392 = DIRECTION('',(0.,-1.,0.));
#1393 = DIRECTION('',(1.,0.,0.));
#1394 = VECTOR('',#1395,1.);
#1395 = DIRECTION('',(-0.,1.,-0.));
#1396 = DEFINITIONAL_REPRESENTATION('',(#1397),#1561);
#1397 = B_SPLINE_CURVE_WITH_KNOTS('',8,(#1398,#1399,#1400,#1401,#1402,
    #1403,#1404,#1405,#1406,#1407,#1408,#1409,#1410,#1411,#1412,#1413,
    #1414,#1415,#1416,#1417,#1418,#1419,#1420,#1421,#1422,#1423,#1424,
    #1425,#1426,#1427,#1428,#1429,#1430,#1431,#1432,#1433,#1434,#1435,
    #1436,#1437,#1438,#1439,#1440,#1441,#1442,#1443,#1444,#1445,#1446,
    #1447,#1448,#1449,#1450,#1451,#1452,#1453,#1454,#1455,#1456,#1457,
    #1458,#1459,#1460,#1461,#1462,#1463,#1464,#1465,#1466,#1467,#1468,
    #1469,#1470,#1471,#1472,#1473,#1474,#1475,#1476,#1477,#1478,#1479,
    #1480,#1481,#1482,#1483,#1484,#1485,#1486,#1487,#1488,#1489,#1490,
    #1491,#1492,#1493,#1494,#1495,#1496,#1497,#1498,#1499,#1500,#1501,
    #1502,#1503,#1504,#1505,#1506,#1507,#1508,#1509,#1510,#1511,#1512,
    #1513,#1514,#1515,#1516,#1517,#1518,#1519,#1520,#1521,#1522,#1523,
    #1524,#1525,#1526,#1527,#1528,#1529,#1530,#1531,#1532,#1533,#1534,
    #1535,#1536,#1537,#1538,#1539,#1540,#1541,#1542,#1543,#1544,#1545,
    #1546,#1547,#1548,#1549,#1550,#1551,#1552,#1553,#1554,#1555,#1556,
    #1557,#1558,#1559,#1560),.UNSPECIFIED.,.F.,.F.,(9,7,7,7,7,7,7,7,7,7,
    7,7,7,7,7,7,7,7,7,7,7,7,7,9),(0.,2.682239059412E-02,
    4.548124605329E-02,7.636914636702E-02,0.108156863299,0.139081612881,
    0.249997416937,0.367772531274,0.399142512489,0.430944217325,
    0.465961888892,0.485553420888,0.500012576124,0.517838492827,
    0.545498634261,0.576385213883,0.608171571649,0.639094998965,
    0.750006060532,0.867776139093,0.899144779005,0.930945124077,
    0.965961298374,1.),.UNSPECIFIED.);
#1398 = CARTESIAN_POINT('',(6.28318530718,-1.));
#1399 = CARTESIAN_POINT('',(6.250837967317,-1.));
#1400 = CARTESIAN_POINT('',(6.218466341598,-1.));
#1401 = CARTESIAN_POINT('',(6.186263640458,-1.));
#1402 = CARTESIAN_POINT('',(6.154376540527,-1.));
#1403 = CARTESIAN_POINT('',(6.122917147571,-1.));
#1404 = CARTESIAN_POINT('',(6.091971351144,-1.));
#1405 = CARTESIAN_POINT('',(6.061603570947,-1.));
#1406 = CARTESIAN_POINT('',(6.011165471221,-1.));
#1407 = CARTESIAN_POINT('',(5.990768684413,-1.));
#1408 = CARTESIAN_POINT('',(5.97067570779,-1.));
#1409 = CARTESIAN_POINT('',(5.950890437754,-1.));
#1410 = CARTESIAN_POINT('',(5.93141291527,-1.));
#1411 = CARTESIAN_POINT('',(5.91223974734,-1.));
#1412 = CARTESIAN_POINT('',(5.893364528484,-1.));
#1413 = CARTESIAN_POINT('',(5.844010526162,-1.));
#1414 = CARTESIAN_POINT('',(5.814045922729,-1.));
#1415 = CARTESIAN_POINT('',(5.784836055189,-1.));
#1416 = CARTESIAN_POINT('',(5.75633700953,-1.));
#1417 = CARTESIAN_POINT('',(5.728506400929,-1.));
#1418 = CARTESIAN_POINT('',(5.701301181951,-1.));
#1419 = CARTESIAN_POINT('',(5.674676212446,-1.));
#1420 = CARTESIAN_POINT('',(5.621730847808,-1.));
#1421 = CARTESIAN_POINT('',(5.595450600242,-1.));
#1422 = CARTESIAN_POINT('',(5.569695341329,-1.));
#1423 = CARTESIAN_POINT('',(5.54442497394,-1.));
#1424 = CARTESIAN_POINT('',(5.519604155019,-1.));
#1425 = CARTESIAN_POINT('',(5.495200374161,-1.));
#1426 = CARTESIAN_POINT('',(5.471182766703,-1.));
#1427 = CARTESIAN_POINT('',(5.424502903474,-1.));
#1428 = CARTESIAN_POINT('',(5.401823571597,-1.));
#1429 = CARTESIAN_POINT('',(5.37945761661,-1.));
#1430 = CARTESIAN_POINT('',(5.357381969999,-1.));
#1431 = CARTESIAN_POINT('',(5.335575955532,-1.));
#1432 = CARTESIAN_POINT('',(5.314020700963,-1.));
#1433 = CARTESIAN_POINT('',(5.292698549742,-1.));
#1434 = CARTESIAN_POINT('',(5.195892668053,-1.));
#1435 = CARTESIAN_POINT('',(5.123035052943,-1.));
#1436 = CARTESIAN_POINT('',(5.052166066642,-1.));
#1437 = CARTESIAN_POINT('',(4.982790619528,-1.));
#1438 = CARTESIAN_POINT('',(4.914484512481,-1.));
#1439 = CARTESIAN_POINT('',(4.846892784935,-1.));
#1440 = CARTESIAN_POINT('',(4.779658448673,-1.));
#1441 = CARTESIAN_POINT('',(4.640959400204,-1.));
#1442 = CARTESIAN_POINT('',(4.569580142574,-1.));
#1443 = CARTESIAN_POINT('',(4.49777155567,-1.));
#1444 = CARTESIAN_POINT('',(4.425101439414,-1.));
#1445 = CARTESIAN_POINT('',(4.351148286068,-1.));
#1446 = CARTESIAN_POINT('',(4.275386159849,-1.));
#1447 = CARTESIAN_POINT('',(4.197214037718,-1.));
#1448 = CARTESIAN_POINT('',(4.093717811418,-1.));
#1449 = CARTESIAN_POINT('',(4.071703744848,-1.));
#1450 = CARTESIAN_POINT('',(4.049424510925,-1.));
#1451 = CARTESIAN_POINT('',(4.026859791,-1.));
#1452 = CARTESIAN_POINT('',(4.003987848737,-1.));
#1453 = CARTESIAN_POINT('',(3.980784765493,-1.));
#1454 = CARTESIAN_POINT('',(3.957223675709,-1.));
#1455 = CARTESIAN_POINT('',(3.908994725886,-1.));
#1456 = CARTESIAN_POINT('',(3.884319047437,-1.));
#1457 = CARTESIAN_POINT('',(3.859213200793,-1.));
#1458 = CARTESIAN_POINT('',(3.833642447554,-1.));
#1459 = CARTESIAN_POINT('',(3.807570589366,-1.));
#1460 = CARTESIAN_POINT('',(3.780958574028,-1.));
#1461 = CARTESIAN_POINT('',(3.753762195403,-1.));
#1462 = CARTESIAN_POINT('',(3.695280918699,-1.));
#1463 = CARTESIAN_POINT('',(3.663881073745,-1.));
#1464 = CARTESIAN_POINT('',(3.631644855773,-1.));
#1465 = CARTESIAN_POINT('',(3.598500447505,-1.));
#1466 = CARTESIAN_POINT('',(3.564386672377,-1.));
#1467 = CARTESIAN_POINT('',(3.52925158948,-1.));
#1468 = CARTESIAN_POINT('',(3.493051721969,-1.));
#1469 = CARTESIAN_POINT('',(3.434883590141,-1.));
#1470 = CARTESIAN_POINT('',(3.413678653355,-1.));
#1471 = CARTESIAN_POINT('',(3.392136556996,-1.));
#1472 = CARTESIAN_POINT('',(3.370263022902,-1.));
#1473 = CARTESIAN_POINT('',(3.348070316381,-1.));
#1474 = CARTESIAN_POINT('',(3.325578198116,-1.));
#1475 = CARTESIAN_POINT('',(3.302815557919,-1.));
#1476 = CARTESIAN_POINT('',(3.26285331401,-1.));
#1477 = CARTESIAN_POINT('',(3.245756901304,-1.));
#1478 = CARTESIAN_POINT('',(3.228551039575,-1.));
#1479 = CARTESIAN_POINT('',(3.211254467604,-1.));
#1480 = CARTESIAN_POINT('',(3.193887385258,-1.));
#1481 = CARTESIAN_POINT('',(3.17647172314,-1.));
#1482 = CARTESIAN_POINT('',(3.159031412242,-1.));
#1483 = CARTESIAN_POINT('',(3.120093343701,-1.));
#1484 = CARTESIAN_POINT('',(3.098589974813,-1.));
#1485 = CARTESIAN_POINT('',(3.077133491882,-1.));
#1486 = CARTESIAN_POINT('',(3.05576861736,-1.));
#1487 = CARTESIAN_POINT('',(3.034534650939,-1.));
#1488 = CARTESIAN_POINT('',(3.013466269289,-1.));
#1489 = CARTESIAN_POINT('',(2.992594325796,-1.));
#1490 = CARTESIAN_POINT('',(2.939908038532,-1.));
#1491 = CARTESIAN_POINT('',(2.908406320832,-1.));
#1492 = CARTESIAN_POINT('',(2.877524264252,-1.));
#1493 = CARTESIAN_POINT('',(2.847306657857,-1.));
#1494 = CARTESIAN_POINT('',(2.817773125079,-1.));
#1495 = CARTESIAN_POINT('',(2.788923478087,-1.));
#1496 = CARTESIAN_POINT('',(2.760739320985,-1.));
#1497 = CARTESIAN_POINT('',(2.702417872572,-1.));
#1498 = CARTESIAN_POINT('',(2.672453269139,-1.));
#1499 = CARTESIAN_POINT('',(2.6432434016,-1.));
#1500 = CARTESIAN_POINT('',(2.61474435594,-1.));
#1501 = CARTESIAN_POINT('',(2.586913747339,-1.));
#1502 = CARTESIAN_POINT('',(2.559708528362,-1.));
#1503 = CARTESIAN_POINT('',(2.533083558857,-1.));
#1504 = CARTESIAN_POINT('',(2.480138194218,-1.));
#1505 = CARTESIAN_POINT('',(2.453857946652,-1.));
#1506 = CARTESIAN_POINT('',(2.428102687739,-1.));
#1507 = CARTESIAN_POINT('',(2.402832320351,-1.));
#1508 = CARTESIAN_POINT('',(2.378011501429,-1.));
#1509 = CARTESIAN_POINT('',(2.353607720571,-1.));
#1510 = CARTESIAN_POINT('',(2.329590113113,-1.));
#1511 = CARTESIAN_POINT('',(2.282910249885,-1.));
#1512 = CARTESIAN_POINT('',(2.260230918007,-1.));
#1513 = CARTESIAN_POINT('',(2.23786496302,-1.));
#1514 = CARTESIAN_POINT('',(2.215789316409,-1.));
#1515 = CARTESIAN_POINT('',(2.193983301942,-1.));
#1516 = CARTESIAN_POINT('',(2.172428047373,-1.));
#1517 = CARTESIAN_POINT('',(2.151105896152,-1.));
#1518 = CARTESIAN_POINT('',(2.054300014462,-1.));
#1519 = CARTESIAN_POINT('',(1.981442399359,-1.));
#1520 = CARTESIAN_POINT('',(1.91057341304,-1.));
#1521 = CARTESIAN_POINT('',(1.841197965955,-1.));
#1522 = CARTESIAN_POINT('',(1.772891858877,-1.));
#1523 = CARTESIAN_POINT('',(1.705300131352,-1.));
#1524 = CARTESIAN_POINT('',(1.638065795082,-1.));
#1525 = CARTESIAN_POINT('',(1.499366746616,-1.));
#1526 = CARTESIAN_POINT('',(1.427987488979,-1.));
#1527 = CARTESIAN_POINT('',(1.356178902091,-1.));
#1528 = CARTESIAN_POINT('',(1.28350878581,-1.));
#1529 = CARTESIAN_POINT('',(1.20955563249,-1.));
#1530 = CARTESIAN_POINT('',(1.133793506253,-1.));
#1531 = CARTESIAN_POINT('',(1.055621384129,-1.));
#1532 = CARTESIAN_POINT('',(0.952125157828,-1.));
#1533 = CARTESIAN_POINT('',(0.930111091258,-1.));
#1534 = CARTESIAN_POINT('',(0.907831857335,-1.));
#1535 = CARTESIAN_POINT('',(0.88526713741,-1.));
#1536 = CARTESIAN_POINT('',(0.862395195147,-1.));
#1537 = CARTESIAN_POINT('',(0.839192111903,-1.));
#1538 = CARTESIAN_POINT('',(0.815631022119,-1.));
#1539 = CARTESIAN_POINT('',(0.767402072296,-1.));
#1540 = CARTESIAN_POINT('',(0.742726393847,-1.));
#1541 = CARTESIAN_POINT('',(0.717620547203,-1.));
#1542 = CARTESIAN_POINT('',(0.692049793964,-1.));
#1543 = CARTESIAN_POINT('',(0.665977935776,-1.));
#1544 = CARTESIAN_POINT('',(0.639365920438,-1.));
#1545 = CARTESIAN_POINT('',(0.612169541813,-1.));
#1546 = CARTESIAN_POINT('',(0.553688265109,-1.));
#1547 = CARTESIAN_POINT('',(0.522288420155,-1.));
#1548 = CARTESIAN_POINT('',(0.490052202183,-1.));
#1549 = CARTESIAN_POINT('',(0.456907793915,-1.));
#1550 = CARTESIAN_POINT('',(0.422794018787,-1.));
#1551 = CARTESIAN_POINT('',(0.38765893589,-1.));
#1552 = CARTESIAN_POINT('',(0.35145906838,-1.));
#1553 = CARTESIAN_POINT('',(0.277900682255,-1.));
#1554 = CARTESIAN_POINT('',(0.240602818037,-1.));
#1555 = CARTESIAN_POINT('',(0.202283301389,-1.));
#1556 = CARTESIAN_POINT('',(0.163009677189,-1.));
#1557 = CARTESIAN_POINT('',(0.122905337285,-1.));
#1558 = CARTESIAN_POINT('',(8.2158896564E-02,-1.));
#1559 = CARTESIAN_POINT('',(4.104943170875E-02,-1.));
#1560 = CARTESIAN_POINT('',(0.,-1.));
#1561 = ( GEOMETRIC_REPRESENTATION_CONTEXT(2) 
PARAMETRIC_REPRESENTATION_CONTEXT() REPRESENTATION_CONTEXT('2D SPACE',''
  ) );
#1562 = ADVANCED_FACE('',(#1563,#1750,#2222,#2248,#2274),#72,.F.);
#1563 = FACE_BOUND('',#1564,.F.);
#1564 = EDGE_LOOP('',(#1565,#1566,#1567,#1590,#1613,#1636,#1659,#1682,
    #1705,#1728,#1749));
#1565 = ORIENTED_EDGE('',*,*,#56,.T.);
#1566 = ORIENTED_EDGE('',*,*,#218,.T.);
#1567 = ORIENTED_EDGE('',*,*,#1568,.T.);
#1568 = EDGE_CURVE('',#219,#1569,#1571,.T.);
#1569 = VERTEX_POINT('',#1570);
#1570 = CARTESIAN_POINT('',(35.,44.,284.));
#1571 = SURFACE_CURVE('',#1572,(#1576,#1583),.PCURVE_S1.);
#1572 = LINE('',#1573,#1574);
#1573 = CARTESIAN_POINT('',(-8.,44.,281.));
#1574 = VECTOR('',#1575,1.);
#1575 = DIRECTION('',(0.997575100836,0.,6.959826284904E-02));
#1576 = PCURVE('',#72,#1577);
#1577 = DEFINITIONAL_REPRESENTATION('',(#1578),#1582);
#1578 = LINE('',#1579,#1580);
#1579 = CARTESIAN_POINT('',(24.607541066149,-51.09008589698));
#1580 = VECTOR('',#1581,1.);
#1581 = DIRECTION('',(6.959826284904E-02,0.997575100836));
#1582 = ( GEOMETRIC_REPRESENTATION_CONTEXT(2) 
PARAMETRIC_REPRESENTATION_CONTEXT() REPRESENTATION_CONTEXT('2D SPACE',''
  ) );
#1583 = PCURVE('',#257,#1584);
#1584 = DEFINITIONAL_REPRESENTATION('',(#1585),#1589);
#1585 = LINE('',#1586,#1587);
#1586 = CARTESIAN_POINT('',(0.,-2.));
#1587 = VECTOR('',#1588,1.);
#1588 = DIRECTION('',(1.,0.));
#1589 = ( GEOMETRIC_REPRESENTATION_CONTEXT(2) 
PARAMETRIC_REPRESENTATION_CONTEXT() REPRESENTATION_CONTEXT('2D SPACE',''
  ) );
#1590 = ORIENTED_EDGE('',*,*,#1591,.T.);
#1591 = EDGE_CURVE('',#1569,#1592,#1594,.T.);
#1592 = VERTEX_POINT('',#1593);
#1593 = CARTESIAN_POINT('',(75.,44.,275.));
#1594 = SURFACE_CURVE('',#1595,(#1599,#1606),.PCURVE_S1.);
#1595 = LINE('',#1596,#1597);
#1596 = CARTESIAN_POINT('',(35.,44.,284.));
#1597 = VECTOR('',#1598,1.);
#1598 = DIRECTION('',(0.975609756098,0.,-0.219512195122));
#1599 = PCURVE('',#72,#1600);
#1600 = DEFINITIONAL_REPRESENTATION('',(#1601),#1605);
#1601 = LINE('',#1602,#1603);
#1602 = CARTESIAN_POINT('',(27.607541066149,-8.090085896986));
#1603 = VECTOR('',#1604,1.);
#1604 = DIRECTION('',(-0.219512195122,0.975609756098));
#1605 = ( GEOMETRIC_REPRESENTATION_CONTEXT(2) 
PARAMETRIC_REPRESENTATION_CONTEXT() REPRESENTATION_CONTEXT('2D SPACE',''
  ) );
#1606 = PCURVE('',#334,#1607);
#1607 = DEFINITIONAL_REPRESENTATION('',(#1608),#1612);
#1608 = LINE('',#1609,#1610);
#1609 = CARTESIAN_POINT('',(0.,-2.));
#1610 = VECTOR('',#1611,1.);
#1611 = DIRECTION('',(1.,0.));
#1612 = ( GEOMETRIC_REPRESENTATION_CONTEXT(2) 
PARAMETRIC_REPRESENTATION_CONTEXT() REPRESENTATION_CONTEXT('2D SPACE',''
  ) );
#1613 = ORIENTED_EDGE('',*,*,#1614,.T.);
#1614 = EDGE_CURVE('',#1592,#1615,#1617,.T.);
#1615 = VERTEX_POINT('',#1616);
#1616 = CARTESIAN_POINT('',(114.,44.,259.));
#1617 = SURFACE_CURVE('',#1618,(#1622,#1629),.PCURVE_S1.);
#1618 = LINE('',#1619,#1620);
#1619 = CARTESIAN_POINT('',(75.,44.,275.));
#1620 = VECTOR('',#1621,1.);
#1621 = DIRECTION('',(0.925168618375,0.,-0.379556356256));
#1622 = PCURVE('',#72,#1623);
#1623 = DEFINITIONAL_REPRESENTATION('',(#1624),#1628);
#1624 = LINE('',#1625,#1626);
#1625 = CARTESIAN_POINT('',(18.607541066149,31.909914103014));
#1626 = VECTOR('',#1627,1.);
#1627 = DIRECTION('',(-0.379556356256,0.925168618375));
#1628 = ( GEOMETRIC_REPRESENTATION_CONTEXT(2) 
PARAMETRIC_REPRESENTATION_CONTEXT() REPRESENTATION_CONTEXT('2D SPACE',''
  ) );
#1629 = PCURVE('',#362,#1630);
#1630 = DEFINITIONAL_REPRESENTATION('',(#1631),#1635);
#1631 = LINE('',#1632,#1633);
#1632 = CARTESIAN_POINT('',(0.,-2.));
#1633 = VECTOR('',#1634,1.);
#1634 = DIRECTION('',(1.,0.));
#1635 = ( GEOMETRIC_REPRESENTATION_CONTEXT(2) 
PARAMETRIC_REPRESENTATION_CONTEXT() REPRESENTATION_CONTEXT('2D SPACE',''
  ) );
#1636 = ORIENTED_EDGE('',*,*,#1637,.T.);
#1637 = EDGE_CURVE('',#1615,#1638,#1640,.T.);
#1638 = VERTEX_POINT('',#1639);
#1639 = CARTESIAN_POINT('',(119.,44.,248.));
#1640 = SURFACE_CURVE('',#1641,(#1645,#1652),.PCURVE_S1.);
#1641 = LINE('',#1642,#1643);
#1642 = CARTESIAN_POINT('',(114.,44.,259.));
#1643 = VECTOR('',#1644,1.);
#1644 = DIRECTION('',(0.413802944301,0.,-0.910366477463));
#1645 = PCURVE('',#72,#1646);
#1646 = DEFINITIONAL_REPRESENTATION('',(#1647),#1651);
#1647 = LINE('',#1648,#1649);
#1648 = CARTESIAN_POINT('',(2.607541066149,70.909914103014));
#1649 = VECTOR('',#1650,1.);
#1650 = DIRECTION('',(-0.910366477463,0.413802944301));
#1651 = ( GEOMETRIC_REPRESENTATION_CONTEXT(2) 
PARAMETRIC_REPRESENTATION_CONTEXT() REPRESENTATION_CONTEXT('2D SPACE',''
  ) );
#1652 = PCURVE('',#390,#1653);
#1653 = DEFINITIONAL_REPRESENTATION('',(#1654),#1658);
#1654 = LINE('',#1655,#1656);
#1655 = CARTESIAN_POINT('',(0.,-2.));
#1656 = VECTOR('',#1657,1.);
#1657 = DIRECTION('',(1.,0.));
#1658 = ( GEOMETRIC_REPRESENTATION_CONTEXT(2) 
PARAMETRIC_REPRESENTATION_CONTEXT() REPRESENTATION_CONTEXT('2D SPACE',''
  ) );
#1659 = ORIENTED_EDGE('',*,*,#1660,.T.);
#1660 = EDGE_CURVE('',#1638,#1661,#1663,.T.);
#1661 = VERTEX_POINT('',#1662);
#1662 = CARTESIAN_POINT('',(109.,44.,244.));
#1663 = SURFACE_CURVE('',#1664,(#1668,#1675),.PCURVE_S1.);
#1664 = LINE('',#1665,#1666);
#1665 = CARTESIAN_POINT('',(119.,44.,248.));
#1666 = VECTOR('',#1667,1.);
#1667 = DIRECTION('',(-0.928476690885,0.,-0.371390676354));
#1668 = PCURVE('',#72,#1669);
#1669 = DEFINITIONAL_REPRESENTATION('',(#1670),#1674);
#1670 = LINE('',#1671,#1672);
#1671 = CARTESIAN_POINT('',(-8.392458933851,75.909914103014));
#1672 = VECTOR('',#1673,1.);
#1673 = DIRECTION('',(-0.371390676354,-0.928476690885));
#1674 = ( GEOMETRIC_REPRESENTATION_CONTEXT(2) 
PARAMETRIC_REPRESENTATION_CONTEXT() REPRESENTATION_CONTEXT('2D SPACE',''
  ) );
#1675 = PCURVE('',#418,#1676);
#1676 = DEFINITIONAL_REPRESENTATION('',(#1677),#1681);
#1677 = LINE('',#1678,#1679);
#1678 = CARTESIAN_POINT('',(-0.,-2.));
#1679 = VECTOR('',#1680,1.);
#1680 = DIRECTION('',(1.,0.));
#1681 = ( GEOMETRIC_REPRESENTATION_CONTEXT(2) 
PARAMETRIC_REPRESENTATION_CONTEXT() REPRESENTATION_CONTEXT('2D SPACE',''
  ) );
#1682 = ORIENTED_EDGE('',*,*,#1683,.T.);
#1683 = EDGE_CURVE('',#1661,#1684,#1686,.T.);
#1684 = VERTEX_POINT('',#1685);
#1685 = CARTESIAN_POINT('',(75.,44.,250.));
#1686 = SURFACE_CURVE('',#1687,(#1691,#1698),.PCURVE_S1.);
#1687 = LINE('',#1688,#1689);
#1688 = CARTESIAN_POINT('',(109.,44.,244.));
#1689 = VECTOR('',#1690,1.);
#1690 = DIRECTION('',(-0.984783558818,0.,0.173785333909));
#1691 = PCURVE('',#72,#1692);
#1692 = DEFINITIONAL_REPRESENTATION('',(#1693),#1697);
#1693 = LINE('',#1694,#1695);
#1694 = CARTESIAN_POINT('',(-12.39245893385,65.909914103014));
#1695 = VECTOR('',#1696,1.);
#1696 = DIRECTION('',(0.173785333909,-0.984783558818));
#1697 = ( GEOMETRIC_REPRESENTATION_CONTEXT(2) 
PARAMETRIC_REPRESENTATION_CONTEXT() REPRESENTATION_CONTEXT('2D SPACE',''
  ) );
#1698 = PCURVE('',#446,#1699);
#1699 = DEFINITIONAL_REPRESENTATION('',(#1700),#1704);
#1700 = LINE('',#1701,#1702);
#1701 = CARTESIAN_POINT('',(0.,-2.));
#1702 = VECTOR('',#1703,1.);
#1703 = DIRECTION('',(1.,0.));
#1704 = ( GEOMETRIC_REPRESENTATION_CONTEXT(2) 
PARAMETRIC_REPRESENTATION_CONTEXT() REPRESENTATION_CONTEXT('2D SPACE',''
  ) );
#1705 = ORIENTED_EDGE('',*,*,#1706,.T.);
#1706 = EDGE_CURVE('',#1684,#1707,#1709,.T.);
#1707 = VERTEX_POINT('',#1708);
#1708 = CARTESIAN_POINT('',(57.,44.,244.));
#1709 = SURFACE_CURVE('',#1710,(#1714,#1721),.PCURVE_S1.);
#1710 = LINE('',#1711,#1712);
#1711 = CARTESIAN_POINT('',(75.,44.,250.));
#1712 = VECTOR('',#1713,1.);
#1713 = DIRECTION('',(-0.948683298051,0.,-0.316227766017));
#1714 = PCURVE('',#72,#1715);
#1715 = DEFINITIONAL_REPRESENTATION('',(#1716),#1720);
#1716 = LINE('',#1717,#1718);
#1717 = CARTESIAN_POINT('',(-6.392458933851,31.909914103014));
#1718 = VECTOR('',#1719,1.);
#1719 = DIRECTION('',(-0.316227766017,-0.948683298051));
#1720 = ( GEOMETRIC_REPRESENTATION_CONTEXT(2) 
PARAMETRIC_REPRESENTATION_CONTEXT() REPRESENTATION_CONTEXT('2D SPACE',''
  ) );
#1721 = PCURVE('',#474,#1722);
#1722 = DEFINITIONAL_REPRESENTATION('',(#1723),#1727);
#1723 = LINE('',#1724,#1725);
#1724 = CARTESIAN_POINT('',(-0.,-2.));
#1725 = VECTOR('',#1726,1.);
#1726 = DIRECTION('',(1.,0.));
#1727 = ( GEOMETRIC_REPRESENTATION_CONTEXT(2) 
PARAMETRIC_REPRESENTATION_CONTEXT() REPRESENTATION_CONTEXT('2D SPACE',''
  ) );
#1728 = ORIENTED_EDGE('',*,*,#1729,.T.);
#1729 = EDGE_CURVE('',#1707,#144,#1730,.T.);
#1730 = SURFACE_CURVE('',#1731,(#1735,#1742),.PCURVE_S1.);
#1731 = LINE('',#1732,#1733);
#1732 = CARTESIAN_POINT('',(57.,44.,244.));
#1733 = VECTOR('',#1734,1.);
#1734 = DIRECTION('',(-0.837610596839,0.,-0.546267780547));
#1735 = PCURVE('',#72,#1736);
#1736 = DEFINITIONAL_REPRESENTATION('',(#1737),#1741);
#1737 = LINE('',#1738,#1739);
#1738 = CARTESIAN_POINT('',(-12.39245893385,13.909914103014));
#1739 = VECTOR('',#1740,1.);
#1740 = DIRECTION('',(-0.546267780547,-0.837610596839));
#1741 = ( GEOMETRIC_REPRESENTATION_CONTEXT(2) 
PARAMETRIC_REPRESENTATION_CONTEXT() REPRESENTATION_CONTEXT('2D SPACE',''
  ) );
#1742 = PCURVE('',#159,#1743);
#1743 = DEFINITIONAL_REPRESENTATION('',(#1744),#1748);
#1744 = LINE('',#1745,#1746);
#1745 = CARTESIAN_POINT('',(-0.,-2.));
#1746 = VECTOR('',#1747,1.);
#1747 = DIRECTION('',(1.,0.));
#1748 = ( GEOMETRIC_REPRESENTATION_CONTEXT(2) 
PARAMETRIC_REPRESENTATION_CONTEXT() REPRESENTATION_CONTEXT('2D SPACE',''
  ) );
#1749 = ORIENTED_EDGE('',*,*,#171,.T.);
#1750 = FACE_BOUND('',#1751,.F.);
#1751 = EDGE_LOOP('',(#1752));
#1752 = ORIENTED_EDGE('',*,*,#1753,.F.);
#1753 = EDGE_CURVE('',#1754,#1754,#1756,.T.);
#1754 = VERTEX_POINT('',#1755);
#1755 = CARTESIAN_POINT('',(25.,44.,253.));
#1756 = SURFACE_CURVE('',#1757,(#1910,#2066),.PCURVE_S1.);
#1757 = B_SPLINE_CURVE_WITH_KNOTS('',7,(#1758,#1759,#1760,#1761,#1762,
    #1763,#1764,#1765,#1766,#1767,#1768,#1769,#1770,#1771,#1772,#1773,
    #1774,#1775,#1776,#1777,#1778,#1779,#1780,#1781,#1782,#1783,#1784,
    #1785,#1786,#1787,#1788,#1789,#1790,#1791,#1792,#1793,#1794,#1795,
    #1796,#1797,#1798,#1799,#1800,#1801,#1802,#1803,#1804,#1805,#1806,
    #1807,#1808,#1809,#1810,#1811,#1812,#1813,#1814,#1815,#1816,#1817,
    #1818,#1819,#1820,#1821,#1822,#1823,#1824,#1825,#1826,#1827,#1828,
    #1829,#1830,#1831,#1832,#1833,#1834,#1835,#1836,#1837,#1838,#1839,
    #1840,#1841,#1842,#1843,#1844,#1845,#1846,#1847,#1848,#1849,#1850,
    #1851,#1852,#1853,#1854,#1855,#1856,#1857,#1858,#1859,#1860,#1861,
    #1862,#1863,#1864,#1865,#1866,#1867,#1868,#1869,#1870,#1871,#1872,
    #1873,#1874,#1875,#1876,#1877,#1878,#1879,#1880,#1881,#1882,#1883,
    #1884,#1885,#1886,#1887,#1888,#1889,#1890,#1891,#1892,#1893,#1894,
    #1895,#1896,#1897,#1898,#1899,#1900,#1901,#1902,#1903,#1904,#1905,
    #1906,#1907,#1908,#1909),.UNSPECIFIED.,.T.,.F.,(8,6,6,6,6,6,6,6,6,6,
    6,6,6,6,6,6,6,6,6,6,6,6,6,6,6,8),(0.,7.598762115818E-02,
    0.116595048148,0.158838893,0.186313820068,0.249994235466,
    0.294223095504,0.313674533244,0.341149632087,0.38339374105,
    0.42400142192,0.447514989936,0.463110019446,0.499999046233,
    0.552482172652,0.575995889752,0.61660382809,0.658848204897,
    0.686323477942,0.705775039012,0.750004179477,0.813684998633,
    0.841160099902,0.883404212596,0.924011897052,1.),.UNSPECIFIED.);
#1758 = CARTESIAN_POINT('',(25.,44.,253.));
#1759 = CARTESIAN_POINT('',(25.,44.,251.87441543263));
#1760 = CARTESIAN_POINT('',(24.901844667253,44.,250.74853367918));
#1761 = CARTESIAN_POINT('',(24.705443927257,44.,249.63322261875));
#1762 = CARTESIAN_POINT('',(24.412808216966,44.,248.53854279012));
#1763 = CARTESIAN_POINT('',(24.02739413768,44.,247.47387558539));
#1764 = CARTESIAN_POINT('',(23.554009344752,44.,246.44794282311));
#1765 = CARTESIAN_POINT('',(22.702330202744,44.,244.94545414928));
#1766 = CARTESIAN_POINT('',(22.382327770384,44.,244.43541375786));
#1767 = CARTESIAN_POINT('',(22.039847395741,44.,243.93977172876));
#1768 = CARTESIAN_POINT('',(21.67586204071,44.,243.4595759542));
#1769 = CARTESIAN_POINT('',(21.291397692987,44.,242.99577810567));
#1770 = CARTESIAN_POINT('',(20.887522465194,44.,242.54924161623));
#1771 = CARTESIAN_POINT('',(20.026146027553,44.,241.6749825373));
#1772 = CARTESIAN_POINT('',(19.567132696945,44.,241.24873676331));
#1773 = CARTESIAN_POINT('',(19.089536126392,44.,240.84287815055));
#1774 = CARTESIAN_POINT('',(18.594615560404,44.,240.45816870948));
#1775 = CARTESIAN_POINT('',(18.083646046857,44.,240.09527294444));
#1776 = CARTESIAN_POINT('',(17.557910228294,44.,239.75476786924));
#1777 = CARTESIAN_POINT('',(16.667987377873,44.,239.23057985732));
#1778 = CARTESIAN_POINT('',(16.311579444446,44.,239.03368852108));
#1779 = CARTESIAN_POINT('',(15.949817916412,44.,238.84661554811));
#1780 = CARTESIAN_POINT('',(15.583053996259,44.,238.6694833957));
#1781 = CARTESIAN_POINT('',(15.21163804981,44.,238.5024013685));
#1782 = CARTESIAN_POINT('',(14.835919150535,44.,238.34546654277));
#1783 = CARTESIAN_POINT('',(13.576248418096,44.,237.85874432007));
#1784 = CARTESIAN_POINT('',(12.675023270857,44.,237.57370390162));
#1785 = CARTESIAN_POINT('',(11.756866263461,44.,237.34469423798));
#1786 = CARTESIAN_POINT('',(10.826053587825,44.,237.17246340878));
#1787 = CARTESIAN_POINT('',(9.886833671839,44.,237.05748844581));
#1788 = CARTESIAN_POINT('',(8.943422338665,44.,237.));
#1789 = CARTESIAN_POINT('',(7.34475153291,44.,237.));
#1790 = CARTESIAN_POINT('',(6.689505528415,44.,237.02773202313));
#1791 = CARTESIAN_POINT('',(6.035666258748,44.,237.0831955578));
#1792 = CARTESIAN_POINT('',(5.384644073858,44.,237.16633657878));
#1793 = CARTESIAN_POINT('',(4.737854996099,44.,237.27704466837));
#1794 = CARTESIAN_POINT('',(4.096720314919,44.,237.41515013759));
#1795 = CARTESIAN_POINT('',(3.183815121669,44.,237.65310578707));
#1796 = CARTESIAN_POINT('',(2.906334175863,44.,237.73104443589));
#1797 = CARTESIAN_POINT('',(2.6303450876,44.,237.81421734586));
#1798 = CARTESIAN_POINT('',(2.355969977396,44.,237.90260214193));
#1799 = CARTESIAN_POINT('',(2.083331342822,44.,237.99617382202));
#1800 = CARTESIAN_POINT('',(1.812552058507,44.,238.09490475699));
#1801 = CARTESIAN_POINT('',(1.164080849468,44.,238.34546654277));
#1802 = CARTESIAN_POINT('',(0.788361950193,44.,238.50240136849));
#1803 = CARTESIAN_POINT('',(0.416946003744,44.,238.6694833957));
#1804 = CARTESIAN_POINT('',(5.018208359143E-02,44.,238.84661554811));
#1805 = CARTESIAN_POINT('',(-0.311579444443,44.,239.03368852108));
#1806 = CARTESIAN_POINT('',(-0.66798737787,44.,239.23057985732));
#1807 = CARTESIAN_POINT('',(-1.557910228291,44.,239.75476786924));
#1808 = CARTESIAN_POINT('',(-2.083646046854,44.,240.09527294444));
#1809 = CARTESIAN_POINT('',(-2.594615560401,44.,240.45816870947));
#1810 = CARTESIAN_POINT('',(-3.08953612639,44.,240.84287815055));
#1811 = CARTESIAN_POINT('',(-3.567132696942,44.,241.24873676331));
#1812 = CARTESIAN_POINT('',(-4.02614602755,44.,241.67498253729));
#1813 = CARTESIAN_POINT('',(-4.887522465191,44.,242.54924161622));
#1814 = CARTESIAN_POINT('',(-5.291397692987,44.,242.99577810567));
#1815 = CARTESIAN_POINT('',(-5.675862040707,44.,243.4595759542));
#1816 = CARTESIAN_POINT('',(-6.039847395739,44.,243.93977172875));
#1817 = CARTESIAN_POINT('',(-6.382327770384,44.,244.43541375786));
#1818 = CARTESIAN_POINT('',(-6.702330202741,44.,244.94545414928));
#1819 = CARTESIAN_POINT('',(-7.170706773406,44.,245.77174007998));
#1820 = CARTESIAN_POINT('',(-7.334624195685,44.,246.07918527608));
#1821 = CARTESIAN_POINT('',(-7.490527945421,44.,246.39084902089));
#1822 = CARTESIAN_POINT('',(-7.638251991562,44.,246.70649846522));
#1823 = CARTESIAN_POINT('',(-7.777640224524,44.,247.0258912173));
#1824 = CARTESIAN_POINT('',(-7.9085472379,44.,247.3487749966));
#1825 = CARTESIAN_POINT('',(-8.111947402879,44.,247.89117648708));
#1826 = CARTESIAN_POINT('',(-8.189266261312,44.,248.10888623981));
#1827 = CARTESIAN_POINT('',(-8.26275657573,44.,248.32794012868));
#1828 = CARTESIAN_POINT('',(-8.332381786706,44.,248.54826023211));
#1829 = CARTESIAN_POINT('',(-8.398107885137,44.,248.76976712411));
#1830 = CARTESIAN_POINT('',(-8.459903412239,44.,248.99237987423));
#1831 = CARTESIAN_POINT('',(-8.654546863282,44.,249.74501285297));
#1832 = CARTESIAN_POINT('',(-8.769203041423,44.,250.2797472375));
#1833 = CARTESIAN_POINT('',(-8.86132111207,44.,250.81911262063));
#1834 = CARTESIAN_POINT('',(-8.930609796237,44.,251.3619807302));
#1835 = CARTESIAN_POINT('',(-8.976870439634,44.,251.90720216311));
#1836 = CARTESIAN_POINT('',(-9.,44.,252.45360621804));
#1837 = CARTESIAN_POINT('',(-9.,44.,253.77737084521));
#1838 = CARTESIAN_POINT('',(-8.953181955637,44.,254.55479684898));
#1839 = CARTESIAN_POINT('',(-8.859534566515,44.,255.3287928519));
#1840 = CARTESIAN_POINT('',(-8.719491146704,44.,256.09600209085));
#1841 = CARTESIAN_POINT('',(-8.53385918144,44.,256.85318617222));
#1842 = CARTESIAN_POINT('',(-8.30379722077,44.,257.59722300766));
#1843 = CARTESIAN_POINT('',(-7.908547237902,44.,258.65122500339));
#1844 = CARTESIAN_POINT('',(-7.777640224525,44.,258.97410878268));
#1845 = CARTESIAN_POINT('',(-7.638251991564,44.,259.29350153476));
#1846 = CARTESIAN_POINT('',(-7.490527945423,44.,259.60915097909));
#1847 = CARTESIAN_POINT('',(-7.334624195687,44.,259.9208147239));
#1848 = CARTESIAN_POINT('',(-7.170706773408,44.,260.22825992001));
#1849 = CARTESIAN_POINT('',(-6.702330202744,44.,261.05454585071));
#1850 = CARTESIAN_POINT('',(-6.382327770387,44.,261.56458624213));
#1851 = CARTESIAN_POINT('',(-6.039847395741,44.,262.06022827123));
#1852 = CARTESIAN_POINT('',(-5.67586204071,44.,262.54042404579));
#1853 = CARTESIAN_POINT('',(-5.29139769299,44.,263.00422189432));
#1854 = CARTESIAN_POINT('',(-4.887522465194,44.,263.45075838376));
#1855 = CARTESIAN_POINT('',(-4.026146027554,44.,264.32501746269));
#1856 = CARTESIAN_POINT('',(-3.567132696946,44.,264.75126323668));
#1857 = CARTESIAN_POINT('',(-3.089536126393,44.,265.15712184944));
#1858 = CARTESIAN_POINT('',(-2.594615560405,44.,265.54183129051));
#1859 = CARTESIAN_POINT('',(-2.083646046858,44.,265.90472705555));
#1860 = CARTESIAN_POINT('',(-1.557910228295,44.,266.24523213075));
#1861 = CARTESIAN_POINT('',(-0.667987377873,44.,266.76942014267));
#1862 = CARTESIAN_POINT('',(-0.311579444447,44.,266.96631147891));
#1863 = CARTESIAN_POINT('',(5.018208358749E-02,44.,267.15338445188));
#1864 = CARTESIAN_POINT('',(0.416946003741,44.,267.33051660429));
#1865 = CARTESIAN_POINT('',(0.78836195019,44.,267.49759863149));
#1866 = CARTESIAN_POINT('',(1.164080849464,44.,267.65453345722));
#1867 = CARTESIAN_POINT('',(1.812552058503,44.,267.905095243));
#1868 = CARTESIAN_POINT('',(2.083331342818,44.,268.00382617797));
#1869 = CARTESIAN_POINT('',(2.355969977392,44.,268.09739785806));
#1870 = CARTESIAN_POINT('',(2.630345087596,44.,268.18578265413));
#1871 = CARTESIAN_POINT('',(2.90633417586,44.,268.2689555641));
#1872 = CARTESIAN_POINT('',(3.183815121665,44.,268.34689421292));
#1873 = CARTESIAN_POINT('',(4.096720314915,44.,268.5848498624));
#1874 = CARTESIAN_POINT('',(4.737854996095,44.,268.72295533162));
#1875 = CARTESIAN_POINT('',(5.384644073855,44.,268.83366342121));
#1876 = CARTESIAN_POINT('',(6.035666258744,44.,268.91680444219));
#1877 = CARTESIAN_POINT('',(6.689505528411,44.,268.97226797687));
#1878 = CARTESIAN_POINT('',(7.344751532906,44.,269.));
#1879 = CARTESIAN_POINT('',(8.943422338663,44.,269.));
#1880 = CARTESIAN_POINT('',(9.886833671832,44.,268.94251155418));
#1881 = CARTESIAN_POINT('',(10.826053587823,44.,268.82753659121));
#1882 = CARTESIAN_POINT('',(11.756866263459,44.,268.65530576201));
#1883 = CARTESIAN_POINT('',(12.675023270852,44.,268.42629609837));
#1884 = CARTESIAN_POINT('',(13.576248418093,44.,268.14125567992));
#1885 = CARTESIAN_POINT('',(14.835919150532,44.,267.65453345722));
#1886 = CARTESIAN_POINT('',(15.211638049807,44.,267.4975986315));
#1887 = CARTESIAN_POINT('',(15.583053996256,44.,267.3305166043));
#1888 = CARTESIAN_POINT('',(15.949817916409,44.,267.15338445188));
#1889 = CARTESIAN_POINT('',(16.311579444444,44.,266.96631147891));
#1890 = CARTESIAN_POINT('',(16.66798737787,44.,266.76942014267));
#1891 = CARTESIAN_POINT('',(17.557910228291,44.,266.24523213075));
#1892 = CARTESIAN_POINT('',(18.083646046855,44.,265.90472705555));
#1893 = CARTESIAN_POINT('',(18.594615560402,44.,265.54183129052));
#1894 = CARTESIAN_POINT('',(19.08953612639,44.,265.15712184944));
#1895 = CARTESIAN_POINT('',(19.567132696943,44.,264.75126323668));
#1896 = CARTESIAN_POINT('',(20.026146027551,44.,264.3250174627));
#1897 = CARTESIAN_POINT('',(20.887522465191,44.,263.45075838377));
#1898 = CARTESIAN_POINT('',(21.291397692988,44.,263.00422189432));
#1899 = CARTESIAN_POINT('',(21.675862040707,44.,262.54042404579));
#1900 = CARTESIAN_POINT('',(22.039847395739,44.,262.06022827124));
#1901 = CARTESIAN_POINT('',(22.382327770385,44.,261.56458624213));
#1902 = CARTESIAN_POINT('',(22.702330202742,44.,261.05454585071));
#1903 = CARTESIAN_POINT('',(23.554009344751,44.,259.55205717688));
#1904 = CARTESIAN_POINT('',(24.027394137677,44.,258.5261244146));
#1905 = CARTESIAN_POINT('',(24.412808216972,44.,257.46145720987));
#1906 = CARTESIAN_POINT('',(24.705443927251,44.,256.36677738124));
#1907 = CARTESIAN_POINT('',(24.901844667255,44.,255.25146632082));
#1908 = CARTESIAN_POINT('',(25.,44.,254.12558456736));
#1909 = CARTESIAN_POINT('',(25.,44.,253.));
#1910 = PCURVE('',#72,#1911);
#1911 = DEFINITIONAL_REPRESENTATION('',(#1912),#2065);
#1912 = B_SPLINE_CURVE_WITH_KNOTS('',7,(#1913,#1914,#1915,#1916,#1917,
    #1918,#1919,#1920,#1921,#1922,#1923,#1924,#1925,#1926,#1927,#1928,
    #1929,#1930,#1931,#1932,#1933,#1934,#1935,#1936,#1937,#1938,#1939,
    #1940,#1941,#1942,#1943,#1944,#1945,#1946,#1947,#1948,#1949,#1950,
    #1951,#1952,#1953,#1954,#1955,#1956,#1957,#1958,#1959,#1960,#1961,
    #1962,#1963,#1964,#1965,#1966,#1967,#1968,#1969,#1970,#1971,#1972,
    #1973,#1974,#1975,#1976,#1977,#1978,#1979,#1980,#1981,#1982,#1983,
    #1984,#1985,#1986,#1987,#1988,#1989,#1990,#1991,#1992,#1993,#1994,
    #1995,#1996,#1997,#1998,#1999,#2000,#2001,#2002,#2003,#2004,#2005,
    #2006,#2007,#2008,#2009,#2010,#2011,#2012,#2013,#2014,#2015,#2016,
    #2017,#2018,#2019,#2020,#2021,#2022,#2023,#2024,#2025,#2026,#2027,
    #2028,#2029,#2030,#2031,#2032,#2033,#2034,#2035,#2036,#2037,#2038,
    #2039,#2040,#2041,#2042,#2043,#2044,#2045,#2046,#2047,#2048,#2049,
    #2050,#2051,#2052,#2053,#2054,#2055,#2056,#2057,#2058,#2059,#2060,
    #2061,#2062,#2063,#2064),.UNSPECIFIED.,.T.,.F.,(8,6,6,6,6,6,6,6,6,6,
    6,6,6,6,6,6,6,6,6,6,6,6,6,6,6,8),(0.,7.598762115818E-02,
    0.116595048148,0.158838893,0.186313820068,0.249994235466,
    0.294223095504,0.313674533244,0.341149632087,0.38339374105,
    0.42400142192,0.447514989936,0.463110019446,0.499999046233,
    0.552482172652,0.575995889752,0.61660382809,0.658848204897,
    0.686323477942,0.705775039012,0.750004179477,0.813684998633,
    0.841160099902,0.883404212596,0.924011897052,1.),.UNSPECIFIED.);
#1913 = CARTESIAN_POINT('',(-3.392458933851,-18.09008589698));
#1914 = CARTESIAN_POINT('',(-4.518043501217,-18.09008589698));
#1915 = CARTESIAN_POINT('',(-5.643925254671,-18.18824122973));
#1916 = CARTESIAN_POINT('',(-6.7592363151,-18.38464196972));
#1917 = CARTESIAN_POINT('',(-7.853916143725,-18.67727768002));
#1918 = CARTESIAN_POINT('',(-8.918583348455,-19.0626917593));
#1919 = CARTESIAN_POINT('',(-9.944516110732,-19.53607655223));
#1920 = CARTESIAN_POINT('',(-11.44700478456,-20.38775569424));
#1921 = CARTESIAN_POINT('',(-11.95704517599,-20.7077581266));
#1922 = CARTESIAN_POINT('',(-12.45268720508,-21.05023850124));
#1923 = CARTESIAN_POINT('',(-12.93288297964,-21.41422385627));
#1924 = CARTESIAN_POINT('',(-13.39668082818,-21.79868820399));
#1925 = CARTESIAN_POINT('',(-13.84321731761,-22.20256343179));
#1926 = CARTESIAN_POINT('',(-14.71747639655,-23.06393986943));
#1927 = CARTESIAN_POINT('',(-15.14372217053,-23.52295320004));
#1928 = CARTESIAN_POINT('',(-15.54958078329,-24.00054977059));
#1929 = CARTESIAN_POINT('',(-15.93429022437,-24.49547033658));
#1930 = CARTESIAN_POINT('',(-16.2971859894,-25.00643985012));
#1931 = CARTESIAN_POINT('',(-16.6376910646,-25.53217566869));
#1932 = CARTESIAN_POINT('',(-17.16187907652,-26.42209851911));
#1933 = CARTESIAN_POINT('',(-17.35877041276,-26.77850645254));
#1934 = CARTESIAN_POINT('',(-17.54584338573,-27.14026798057));
#1935 = CARTESIAN_POINT('',(-17.72297553815,-27.50703190072));
#1936 = CARTESIAN_POINT('',(-17.89005756535,-27.87844784717));
#1937 = CARTESIAN_POINT('',(-18.04699239107,-28.25416674645));
#1938 = CARTESIAN_POINT('',(-18.53371461377,-29.51383747889));
#1939 = CARTESIAN_POINT('',(-18.81875503222,-30.41506262612));
#1940 = CARTESIAN_POINT('',(-19.04776469586,-31.33321963352));
#1941 = CARTESIAN_POINT('',(-19.21999552506,-32.26403230916));
#1942 = CARTESIAN_POINT('',(-19.33497048803,-33.20325222514));
#1943 = CARTESIAN_POINT('',(-19.39245893385,-34.14666355832));
#1944 = CARTESIAN_POINT('',(-19.39245893385,-35.74533436407));
#1945 = CARTESIAN_POINT('',(-19.36472691072,-36.40058036857));
#1946 = CARTESIAN_POINT('',(-19.30926337604,-37.05441963823));
#1947 = CARTESIAN_POINT('',(-19.22612235506,-37.70544182312));
#1948 = CARTESIAN_POINT('',(-19.11541426547,-38.35223090088));
#1949 = CARTESIAN_POINT('',(-18.97730879625,-38.99336558206));
#1950 = CARTESIAN_POINT('',(-18.73935314678,-39.90627077531));
#1951 = CARTESIAN_POINT('',(-18.66141449795,-40.18375172112));
#1952 = CARTESIAN_POINT('',(-18.57824158799,-40.45974080938));
#1953 = CARTESIAN_POINT('',(-18.48985679192,-40.73411591959));
#1954 = CARTESIAN_POINT('',(-18.39628511183,-41.00675455416));
#1955 = CARTESIAN_POINT('',(-18.29755417685,-41.27753383847));
#1956 = CARTESIAN_POINT('',(-18.04699239107,-41.92600504751));
#1957 = CARTESIAN_POINT('',(-17.89005756535,-42.30172394679));
#1958 = CARTESIAN_POINT('',(-17.72297553815,-42.67313989324));
#1959 = CARTESIAN_POINT('',(-17.54584338573,-43.03990381339));
#1960 = CARTESIAN_POINT('',(-17.35877041276,-43.40166534142));
#1961 = CARTESIAN_POINT('',(-17.16187907652,-43.75807327485));
#1962 = CARTESIAN_POINT('',(-16.6376910646,-44.64799612527));
#1963 = CARTESIAN_POINT('',(-16.29718598941,-45.17373194384));
#1964 = CARTESIAN_POINT('',(-15.93429022437,-45.68470145738));
#1965 = CARTESIAN_POINT('',(-15.54958078329,-46.17962202337));
#1966 = CARTESIAN_POINT('',(-15.14372217053,-46.65721859392));
#1967 = CARTESIAN_POINT('',(-14.71747639655,-47.11623192453));
#1968 = CARTESIAN_POINT('',(-13.84321731762,-47.97760836217));
#1969 = CARTESIAN_POINT('',(-13.39668082818,-48.38148358997));
#1970 = CARTESIAN_POINT('',(-12.93288297965,-48.76594793769));
#1971 = CARTESIAN_POINT('',(-12.45268720509,-49.12993329272));
#1972 = CARTESIAN_POINT('',(-11.95704517599,-49.47241366737));
#1973 = CARTESIAN_POINT('',(-11.44700478456,-49.79241609972));
#1974 = CARTESIAN_POINT('',(-10.62071885386,-50.26079267039));
#1975 = CARTESIAN_POINT('',(-10.31327365776,-50.42471009267));
#1976 = CARTESIAN_POINT('',(-10.00160991295,-50.5806138424));
#1977 = CARTESIAN_POINT('',(-9.685960468622,-50.72833788854));
#1978 = CARTESIAN_POINT('',(-9.366567716542,-50.8677261215));
#1979 = CARTESIAN_POINT('',(-9.043683937251,-50.99863313488));
#1980 = CARTESIAN_POINT('',(-8.501282446769,-51.20203329986));
#1981 = CARTESIAN_POINT('',(-8.283572694035,-51.27935215829));
#1982 = CARTESIAN_POINT('',(-8.064518805165,-51.35284247271));
#1983 = CARTESIAN_POINT('',(-7.844198701732,-51.42246768369));
#1984 = CARTESIAN_POINT('',(-7.622691809739,-51.48819378212));
#1985 = CARTESIAN_POINT('',(-7.400079059618,-51.54998930922));
#1986 = CARTESIAN_POINT('',(-6.647446080873,-51.74463276026));
#1987 = CARTESIAN_POINT('',(-6.112711696343,-51.8592889384));
#1988 = CARTESIAN_POINT('',(-5.573346313213,-51.95140700905));
#1989 = CARTESIAN_POINT('',(-5.03047820365,-52.02069569322));
#1990 = CARTESIAN_POINT('',(-4.485256770735,-52.06695633661));
#1991 = CARTESIAN_POINT('',(-3.938852715809,-52.09008589698));
#1992 = CARTESIAN_POINT('',(-2.615088088635,-52.09008589698));
#1993 = CARTESIAN_POINT('',(-1.83766208487,-52.04326785262));
#1994 = CARTESIAN_POINT('',(-1.06366608195,-51.9496204635));
#1995 = CARTESIAN_POINT('',(-0.296456842997,-51.80957704369));
#1996 = CARTESIAN_POINT('',(0.460727238373,-51.62394507842));
#1997 = CARTESIAN_POINT('',(1.204764073809,-51.39388311775));
#1998 = CARTESIAN_POINT('',(2.258766069545,-50.99863313488));
#1999 = CARTESIAN_POINT('',(2.581649848836,-50.86772612151));
#2000 = CARTESIAN_POINT('',(2.901042600916,-50.72833788855));
#2001 = CARTESIAN_POINT('',(3.216692045247,-50.5806138424));
#2002 = CARTESIAN_POINT('',(3.528355790057,-50.42471009267));
#2003 = CARTESIAN_POINT('',(3.835800986162,-50.26079267039));
#2004 = CARTESIAN_POINT('',(4.662086916861,-49.79241609973));
#2005 = CARTESIAN_POINT('',(5.172127308285,-49.47241366737));
#2006 = CARTESIAN_POINT('',(5.667769337387,-49.12993329272));
#2007 = CARTESIAN_POINT('',(6.147965111944,-48.76594793769));
#2008 = CARTESIAN_POINT('',(6.611762960475,-48.38148358997));
#2009 = CARTESIAN_POINT('',(7.058299449917,-47.97760836218));
#2010 = CARTESIAN_POINT('',(7.932558528848,-47.11623192453));
#2011 = CARTESIAN_POINT('',(8.358804302832,-46.65721859393));
#2012 = CARTESIAN_POINT('',(8.76466291559,-46.17962202337));
#2013 = CARTESIAN_POINT('',(9.149372356668,-45.68470145739));
#2014 = CARTESIAN_POINT('',(9.512268121706,-45.17373194384));
#2015 = CARTESIAN_POINT('',(9.852773196905,-44.64799612528));
#2016 = CARTESIAN_POINT('',(10.376961208825,-43.75807327485));
#2017 = CARTESIAN_POINT('',(10.57385254506,-43.40166534143));
#2018 = CARTESIAN_POINT('',(10.760925518033,-43.03990381339));
#2019 = CARTESIAN_POINT('',(10.938057670448,-42.67313989324));
#2020 = CARTESIAN_POINT('',(11.105139697648,-42.30172394679));
#2021 = CARTESIAN_POINT('',(11.262074523372,-41.92600504752));
#2022 = CARTESIAN_POINT('',(11.512636309156,-41.27753383848));
#2023 = CARTESIAN_POINT('',(11.611367244126,-41.00675455416));
#2024 = CARTESIAN_POINT('',(11.704938924217,-40.73411591959));
#2025 = CARTESIAN_POINT('',(11.793323720287,-40.45974080939));
#2026 = CARTESIAN_POINT('',(11.876496630252,-40.18375172112));
#2027 = CARTESIAN_POINT('',(11.954435279078,-39.90627077532));
#2028 = CARTESIAN_POINT('',(12.192390928549,-38.99336558207));
#2029 = CARTESIAN_POINT('',(12.330496397771,-38.35223090089));
#2030 = CARTESIAN_POINT('',(12.441204487364,-37.70544182313));
#2031 = CARTESIAN_POINT('',(12.524345508347,-37.05441963824));
#2032 = CARTESIAN_POINT('',(12.579809043019,-36.40058036857));
#2033 = CARTESIAN_POINT('',(12.607541066149,-35.74533436407));
#2034 = CARTESIAN_POINT('',(12.607541066149,-34.14666355832));
#2035 = CARTESIAN_POINT('',(12.55005262033,-33.20325222515));
#2036 = CARTESIAN_POINT('',(12.435077657364,-32.26403230916));
#2037 = CARTESIAN_POINT('',(12.262846828163,-31.33321963352));
#2038 = CARTESIAN_POINT('',(12.033837164523,-30.41506262613));
#2039 = CARTESIAN_POINT('',(11.748796746072,-29.51383747889));
#2040 = CARTESIAN_POINT('',(11.262074523373,-28.25416674645));
#2041 = CARTESIAN_POINT('',(11.10513969765,-27.87844784717));
#2042 = CARTESIAN_POINT('',(10.938057670449,-27.50703190073));
#2043 = CARTESIAN_POINT('',(10.760925518035,-27.14026798057));
#2044 = CARTESIAN_POINT('',(10.573852545062,-26.77850645254));
#2045 = CARTESIAN_POINT('',(10.376961208827,-26.42209851911));
#2046 = CARTESIAN_POINT('',(9.852773196907,-25.53217566869));
#2047 = CARTESIAN_POINT('',(9.512268121708,-25.00643985013));
#2048 = CARTESIAN_POINT('',(9.149372356671,-24.49547033658));
#2049 = CARTESIAN_POINT('',(8.764662915592,-24.00054977059));
#2050 = CARTESIAN_POINT('',(8.358804302834,-23.52295320004));
#2051 = CARTESIAN_POINT('',(7.93255852885,-23.06393986943));
#2052 = CARTESIAN_POINT('',(7.05829944992,-22.20256343179));
#2053 = CARTESIAN_POINT('',(6.611762960477,-21.79868820399));
#2054 = CARTESIAN_POINT('',(6.147965111948,-21.41422385627));
#2055 = CARTESIAN_POINT('',(5.667769337391,-21.05023850124));
#2056 = CARTESIAN_POINT('',(5.172127308288,-20.7077581266));
#2057 = CARTESIAN_POINT('',(4.662086916864,-20.38775569424));
#2058 = CARTESIAN_POINT('',(3.159598243032,-19.53607655223));
#2059 = CARTESIAN_POINT('',(2.133665480756,-19.0626917593));
#2060 = CARTESIAN_POINT('',(1.068998276024,-18.67727768001));
#2061 = CARTESIAN_POINT('',(-2.568155260215E-02,-18.38464196973));
#2062 = CARTESIAN_POINT('',(-1.140992613028,-18.18824122973));
#2063 = CARTESIAN_POINT('',(-2.266874366485,-18.09008589698));
#2064 = CARTESIAN_POINT('',(-3.392458933851,-18.09008589698));
#2065 = ( GEOMETRIC_REPRESENTATION_CONTEXT(2) 
PARAMETRIC_REPRESENTATION_CONTEXT() REPRESENTATION_CONTEXT('2D SPACE',''
  ) );
#2066 = PCURVE('',#824,#2067);
#2067 = DEFINITIONAL_REPRESENTATION('',(#2068),#2221);
#2068 = B_SPLINE_CURVE_WITH_KNOTS('',7,(#2069,#2070,#2071,#2072,#2073,
    #2074,#2075,#2076,#2077,#2078,#2079,#2080,#2081,#2082,#2083,#2084,
    #2085,#2086,#2087,#2088,#2089,#2090,#2091,#2092,#2093,#2094,#2095,
    #2096,#2097,#2098,#2099,#2100,#2101,#2102,#2103,#2104,#2105,#2106,
    #2107,#2108,#2109,#2110,#2111,#2112,#2113,#2114,#2115,#2116,#2117,
    #2118,#2119,#2120,#2121,#2122,#2123,#2124,#2125,#2126,#2127,#2128,
    #2129,#2130,#2131,#2132,#2133,#2134,#2135,#2136,#2137,#2138,#2139,
    #2140,#2141,#2142,#2143,#2144,#2145,#2146,#2147,#2148,#2149,#2150,
    #2151,#2152,#2153,#2154,#2155,#2156,#2157,#2158,#2159,#2160,#2161,
    #2162,#2163,#2164,#2165,#2166,#2167,#2168,#2169,#2170,#2171,#2172,
    #2173,#2174,#2175,#2176,#2177,#2178,#2179,#2180,#2181,#2182,#2183,
    #2184,#2185,#2186,#2187,#2188,#2189,#2190,#2191,#2192,#2193,#2194,
    #2195,#2196,#2197,#2198,#2199,#2200,#2201,#2202,#2203,#2204,#2205,
    #2206,#2207,#2208,#2209,#2210,#2211,#2212,#2213,#2214,#2215,#2216,
    #2217,#2218,#2219,#2220),.UNSPECIFIED.,.F.,.F.,(8,6,6,6,6,6,6,6,6,6,
    6,6,6,6,6,6,6,6,6,6,6,6,6,6,6,8),(0.,7.598762115818E-02,
    0.116595048148,0.158838893,0.186313820068,0.249994235466,
    0.294223095504,0.313674533244,0.341149632087,0.38339374105,
    0.42400142192,0.447514989936,0.463110019446,0.499999046233,
    0.552482172652,0.575995889752,0.61660382809,0.658848204897,
    0.686323477942,0.705775039012,0.750004179477,0.813684998633,
    0.841160099902,0.883404212596,0.924011897052,1.),.UNSPECIFIED.);
#2069 = CARTESIAN_POINT('',(6.28318530718,-3.));
#2070 = CARTESIAN_POINT('',(6.212836271719,-3.));
#2071 = CARTESIAN_POINT('',(6.14246866963,-3.));
#2072 = CARTESIAN_POINT('',(6.072193025966,-3.));
#2073 = CARTESIAN_POINT('',(6.002068387105,-3.));
#2074 = CARTESIAN_POINT('',(5.932142641188,-3.));
#2075 = CARTESIAN_POINT('',(5.862462111285,-3.));
#2076 = CARTESIAN_POINT('',(5.756028385888,-3.));
#2077 = CARTESIAN_POINT('',(5.719042750814,-3.));
#2078 = CARTESIAN_POINT('',(5.682145506326,-3.));
#2079 = CARTESIAN_POINT('',(5.645339880539,-3.));
#2080 = CARTESIAN_POINT('',(5.608627636377,-3.));
#2081 = CARTESIAN_POINT('',(5.572009657568,-3.));
#2082 = CARTESIAN_POINT('',(5.49749101585,-3.));
#2083 = CARTESIAN_POINT('',(5.459597571887,-3.));
#2084 = CARTESIAN_POINT('',(5.42180551909,-3.));
#2085 = CARTESIAN_POINT('',(5.384112807796,-3.));
#2086 = CARTESIAN_POINT('',(5.346516072931,-3.));
#2087 = CARTESIAN_POINT('',(5.309010963606,-3.));
#2088 = CARTESIAN_POINT('',(5.247255902235,-3.));
#2089 = CARTESIAN_POINT('',(5.222955872929,-3.));
#2090 = CARTESIAN_POINT('',(5.198690897018,-3.));
#2091 = CARTESIAN_POINT('',(5.174459326998,-3.));
#2092 = CARTESIAN_POINT('',(5.150259369362,-3.));
#2093 = CARTESIAN_POINT('',(5.126089098306,-3.));
#2094 = CARTESIAN_POINT('',(5.045989537068,-3.));
#2095 = CARTESIAN_POINT('',(4.99018241918,-3.));
#2096 = CARTESIAN_POINT('',(4.93449770836,-3.));
#2097 = CARTESIAN_POINT('',(4.878906584869,-3.));
#2098 = CARTESIAN_POINT('',(4.823379194984,-3.));
#2099 = CARTESIAN_POINT('',(4.767884412071,-3.));
#2100 = CARTESIAN_POINT('',(4.673844952909,-3.));
#2101 = CARTESIAN_POINT('',(4.635301065965,-3.));
#2102 = CARTESIAN_POINT('',(4.596746411481,-3.));
#2103 = CARTESIAN_POINT('',(4.558170404931,-3.));
#2104 = CARTESIAN_POINT('',(4.519562724925,-3.));
#2105 = CARTESIAN_POINT('',(4.480913252794,-3.));
#2106 = CARTESIAN_POINT('',(4.425191569603,-3.));
#2107 = CARTESIAN_POINT('',(4.408161154454,-3.));
#2108 = CARTESIAN_POINT('',(4.391119943683,-3.));
#2109 = CARTESIAN_POINT('',(4.374067137327,-3.));
#2110 = CARTESIAN_POINT('',(4.357001958505,-3.));
#2111 = CARTESIAN_POINT('',(4.339923653415,-3.));
#2112 = CARTESIAN_POINT('',(4.298688862464,-3.));
#2113 = CARTESIAN_POINT('',(4.274518591407,-3.));
#2114 = CARTESIAN_POINT('',(4.250318633772,-3.));
#2115 = CARTESIAN_POINT('',(4.226087063752,-3.));
#2116 = CARTESIAN_POINT('',(4.20182208784,-3.));
#2117 = CARTESIAN_POINT('',(4.177522058535,-3.));
#2118 = CARTESIAN_POINT('',(4.115766997164,-3.));
#2119 = CARTESIAN_POINT('',(4.078261887839,-3.));
#2120 = CARTESIAN_POINT('',(4.040665152973,-3.));
#2121 = CARTESIAN_POINT('',(4.00297244168,-3.));
#2122 = CARTESIAN_POINT('',(3.965180388883,-3.));
#2123 = CARTESIAN_POINT('',(3.92728694492,-3.));
#2124 = CARTESIAN_POINT('',(3.852768303201,-3.));
#2125 = CARTESIAN_POINT('',(3.816150324392,-3.));
#2126 = CARTESIAN_POINT('',(3.779438080231,-3.));
#2127 = CARTESIAN_POINT('',(3.742632454444,-3.));
#2128 = CARTESIAN_POINT('',(3.705735209955,-3.));
#2129 = CARTESIAN_POINT('',(3.668749574882,-3.));
#2130 = CARTESIAN_POINT('',(3.610216894151,-3.));
#2131 = CARTESIAN_POINT('',(3.588724758812,-3.));
#2132 = CARTESIAN_POINT('',(3.567205735978,-3.));
#2133 = CARTESIAN_POINT('',(3.545660918609,-3.));
#2134 = CARTESIAN_POINT('',(3.524091513112,-3.));
#2135 = CARTESIAN_POINT('',(3.50249889427,-3.));
#2136 = CARTESIAN_POINT('',(3.466549336066,-3.));
#2137 = CARTESIAN_POINT('',(3.452204481191,-3.));
#2138 = CARTESIAN_POINT('',(3.437850543449,-3.));
#2139 = CARTESIAN_POINT('',(3.423487992839,-3.));
#2140 = CARTESIAN_POINT('',(3.409117321457,-3.));
#2141 = CARTESIAN_POINT('',(3.3947390435,-3.));
#2142 = CARTESIAN_POINT('',(3.346326090755,-3.));
#2143 = CARTESIAN_POINT('',(3.31225822333,-3.));
#2144 = CARTESIAN_POINT('',(3.278158312515,-3.));
#2145 = CARTESIAN_POINT('',(3.244033909713,-3.));
#2146 = CARTESIAN_POINT('',(3.209892516809,-3.));
#2147 = CARTESIAN_POINT('',(3.175742264962,-3.));
#2148 = CARTESIAN_POINT('',(3.093006975764,-3.));
#2149 = CARTESIAN_POINT('',(3.044417868354,-3.));
#2150 = CARTESIAN_POINT('',(2.995855727918,-3.));
#2151 = CARTESIAN_POINT('',(2.94734314593,-3.));
#2152 = CARTESIAN_POINT('',(2.898899364058,-3.));
#2153 = CARTESIAN_POINT('',(2.850544086159,-3.));
#2154 = CARTESIAN_POINT('',(2.78068641291,-3.));
#2155 = CARTESIAN_POINT('',(2.759093794068,-3.));
#2156 = CARTESIAN_POINT('',(2.737524388571,-3.));
#2157 = CARTESIAN_POINT('',(2.715979571202,-3.));
#2158 = CARTESIAN_POINT('',(2.694460548368,-3.));
#2159 = CARTESIAN_POINT('',(2.672968413029,-3.));
#2160 = CARTESIAN_POINT('',(2.614435732298,-3.));
#2161 = CARTESIAN_POINT('',(2.577450097225,-3.));
#2162 = CARTESIAN_POINT('',(2.540552852736,-3.));
#2163 = CARTESIAN_POINT('',(2.503747226949,-3.));
#2164 = CARTESIAN_POINT('',(2.467034982787,-3.));
#2165 = CARTESIAN_POINT('',(2.430417003978,-3.));
#2166 = CARTESIAN_POINT('',(2.35589836226,-3.));
#2167 = CARTESIAN_POINT('',(2.318004918297,-3.));
#2168 = CARTESIAN_POINT('',(2.2802128655,-3.));
#2169 = CARTESIAN_POINT('',(2.242520154207,-3.));
#2170 = CARTESIAN_POINT('',(2.204923419341,-3.));
#2171 = CARTESIAN_POINT('',(2.167418310016,-3.));
#2172 = CARTESIAN_POINT('',(2.105663248645,-3.));
#2173 = CARTESIAN_POINT('',(2.08136321934,-3.));
#2174 = CARTESIAN_POINT('',(2.057098243428,-3.));
#2175 = CARTESIAN_POINT('',(2.032866673408,-3.));
#2176 = CARTESIAN_POINT('',(2.008666715772,-3.));
#2177 = CARTESIAN_POINT('',(1.984496444716,-3.));
#2178 = CARTESIAN_POINT('',(1.943261653765,-3.));
#2179 = CARTESIAN_POINT('',(1.926183348675,-3.));
#2180 = CARTESIAN_POINT('',(1.909118169852,-3.));
#2181 = CARTESIAN_POINT('',(1.892065363497,-3.));
#2182 = CARTESIAN_POINT('',(1.875024152726,-3.));
#2183 = CARTESIAN_POINT('',(1.857993737577,-3.));
#2184 = CARTESIAN_POINT('',(1.802272054386,-3.));
#2185 = CARTESIAN_POINT('',(1.763622582255,-3.));
#2186 = CARTESIAN_POINT('',(1.725014902249,-3.));
#2187 = CARTESIAN_POINT('',(1.686438895699,-3.));
#2188 = CARTESIAN_POINT('',(1.647884241214,-3.));
#2189 = CARTESIAN_POINT('',(1.609340354271,-3.));
#2190 = CARTESIAN_POINT('',(1.515300895109,-3.));
#2191 = CARTESIAN_POINT('',(1.459806112195,-3.));
#2192 = CARTESIAN_POINT('',(1.404278722311,-3.));
#2193 = CARTESIAN_POINT('',(1.34868759882,-3.));
#2194 = CARTESIAN_POINT('',(1.293002888,-3.));
#2195 = CARTESIAN_POINT('',(1.237195770112,-3.));
#2196 = CARTESIAN_POINT('',(1.157096208874,-3.));
#2197 = CARTESIAN_POINT('',(1.132925937818,-3.));
#2198 = CARTESIAN_POINT('',(1.108725980182,-3.));
#2199 = CARTESIAN_POINT('',(1.084494410162,-3.));
#2200 = CARTESIAN_POINT('',(1.06022943425,-3.));
#2201 = CARTESIAN_POINT('',(1.035929404945,-3.));
#2202 = CARTESIAN_POINT('',(0.974174343574,-3.));
#2203 = CARTESIAN_POINT('',(0.936669234249,-3.));
#2204 = CARTESIAN_POINT('',(0.899072499383,-3.));
#2205 = CARTESIAN_POINT('',(0.86137978809,-3.));
#2206 = CARTESIAN_POINT('',(0.823587735293,-3.));
#2207 = CARTESIAN_POINT('',(0.78569429133,-3.));
#2208 = CARTESIAN_POINT('',(0.711175649612,-3.));
#2209 = CARTESIAN_POINT('',(0.674557670803,-3.));
#2210 = CARTESIAN_POINT('',(0.637845426641,-3.));
#2211 = CARTESIAN_POINT('',(0.601039800854,-3.));
#2212 = CARTESIAN_POINT('',(0.564142556365,-3.));
#2213 = CARTESIAN_POINT('',(0.527156921292,-3.));
#2214 = CARTESIAN_POINT('',(0.420723195895,-3.));
#2215 = CARTESIAN_POINT('',(0.351042665992,-3.));
#2216 = CARTESIAN_POINT('',(0.281116920074,-3.));
#2217 = CARTESIAN_POINT('',(0.210992281214,-3.));
#2218 = CARTESIAN_POINT('',(0.14071663755,-3.));
#2219 = CARTESIAN_POINT('',(7.034903546036E-02,-3.));
#2220 = CARTESIAN_POINT('',(0.,-3.));
#2221 = ( GEOMETRIC_REPRESENTATION_CONTEXT(2) 
PARAMETRIC_REPRESENTATION_CONTEXT() REPRESENTATION_CONTEXT('2D SPACE',''
  ) );
#2222 = FACE_BOUND('',#2223,.F.);
#2223 = EDGE_LOOP('',(#2224));
#2224 = ORIENTED_EDGE('',*,*,#2225,.F.);
#2225 = EDGE_CURVE('',#2226,#2226,#2228,.T.);
#2226 = VERTEX_POINT('',#2227);
#2227 = CARTESIAN_POINT('',(-4.8,44.,278.));
#2228 = SURFACE_CURVE('',#2229,(#2234,#2241),.PCURVE_S1.);
#2229 = CIRCLE('',#2230,1.2);
#2230 = AXIS2_PLACEMENT_3D('',#2231,#2232,#2233);
#2231 = CARTESIAN_POINT('',(-6.,44.,278.));
#2232 = DIRECTION('',(-0.,1.,0.));
#2233 = DIRECTION('',(1.,0.,0.));
#2234 = PCURVE('',#72,#2235);
#2235 = DEFINITIONAL_REPRESENTATION('',(#2236),#2240);
#2236 = CIRCLE('',#2237,1.2);
#2237 = AXIS2_PLACEMENT_2D('',#2238,#2239);
#2238 = CARTESIAN_POINT('',(21.607541066149,-49.09008589698));
#2239 = DIRECTION('',(0.,1.));
#2240 = ( GEOMETRIC_REPRESENTATION_CONTEXT(2) 
PARAMETRIC_REPRESENTATION_CONTEXT() REPRESENTATION_CONTEXT('2D SPACE',''
  ) );
#2241 = PCURVE('',#1007,#2242);
#2242 = DEFINITIONAL_REPRESENTATION('',(#2243),#2247);
#2243 = LINE('',#2244,#2245);
#2244 = CARTESIAN_POINT('',(-6.28318530718,-3.));
#2245 = VECTOR('',#2246,1.);
#2246 = DIRECTION('',(1.,-0.));
#2247 = ( GEOMETRIC_REPRESENTATION_CONTEXT(2) 
PARAMETRIC_REPRESENTATION_CONTEXT() REPRESENTATION_CONTEXT('2D SPACE',''
  ) );
#2248 = FACE_BOUND('',#2249,.F.);
#2249 = EDGE_LOOP('',(#2250));
#2250 = ORIENTED_EDGE('',*,*,#2251,.F.);
#2251 = EDGE_CURVE('',#2252,#2252,#2254,.T.);
#2252 = VERTEX_POINT('',#2253);
#2253 = CARTESIAN_POINT('',(37.2,44.,280.));
#2254 = SURFACE_CURVE('',#2255,(#2260,#2267),.PCURVE_S1.);
#2255 = CIRCLE('',#2256,1.2);
#2256 = AXIS2_PLACEMENT_3D('',#2257,#2258,#2259);
#2257 = CARTESIAN_POINT('',(36.,44.,280.));
#2258 = DIRECTION('',(-0.,1.,0.));
#2259 = DIRECTION('',(1.,0.,0.));
#2260 = PCURVE('',#72,#2261);
#2261 = DEFINITIONAL_REPRESENTATION('',(#2262),#2266);
#2262 = CIRCLE('',#2263,1.2);
#2263 = AXIS2_PLACEMENT_2D('',#2264,#2265);
#2264 = CARTESIAN_POINT('',(23.607541066149,-7.090085896986));
#2265 = DIRECTION('',(0.,1.));
#2266 = ( GEOMETRIC_REPRESENTATION_CONTEXT(2) 
PARAMETRIC_REPRESENTATION_CONTEXT() REPRESENTATION_CONTEXT('2D SPACE',''
  ) );
#2267 = PCURVE('',#1038,#2268);
#2268 = DEFINITIONAL_REPRESENTATION('',(#2269),#2273);
#2269 = LINE('',#2270,#2271);
#2270 = CARTESIAN_POINT('',(-6.28318530718,-3.));
#2271 = VECTOR('',#2272,1.);
#2272 = DIRECTION('',(1.,-0.));
#2273 = ( GEOMETRIC_REPRESENTATION_CONTEXT(2) 
PARAMETRIC_REPRESENTATION_CONTEXT() REPRESENTATION_CONTEXT('2D SPACE',''
  ) );
#2274 = FACE_BOUND('',#2275,.F.);
#2275 = EDGE_LOOP('',(#2276));
#2276 = ORIENTED_EDGE('',*,*,#2277,.F.);
#2277 = EDGE_CURVE('',#2278,#2278,#2280,.T.);
#2278 = VERTEX_POINT('',#2279);
#2279 = CARTESIAN_POINT('',(66.,44.,263.));
#2280 = SURFACE_CURVE('',#2281,(#2445,#2612),.PCURVE_S1.);
#2281 = B_SPLINE_CURVE_WITH_KNOTS('',8,(#2282,#2283,#2284,#2285,#2286,
    #2287,#2288,#2289,#2290,#2291,#2292,#2293,#2294,#2295,#2296,#2297,
    #2298,#2299,#2300,#2301,#2302,#2303,#2304,#2305,#2306,#2307,#2308,
    #2309,#2310,#2311,#2312,#2313,#2314,#2315,#2316,#2317,#2318,#2319,
    #2320,#2321,#2322,#2323,#2324,#2325,#2326,#2327,#2328,#2329,#2330,
    #2331,#2332,#2333,#2334,#2335,#2336,#2337,#2338,#2339,#2340,#2341,
    #2342,#2343,#2344,#2345,#2346,#2347,#2348,#2349,#2350,#2351,#2352,
    #2353,#2354,#2355,#2356,#2357,#2358,#2359,#2360,#2361,#2362,#2363,
    #2364,#2365,#2366,#2367,#2368,#2369,#2370,#2371,#2372,#2373,#2374,
    #2375,#2376,#2377,#2378,#2379,#2380,#2381,#2382,#2383,#2384,#2385,
    #2386,#2387,#2388,#2389,#2390,#2391,#2392,#2393,#2394,#2395,#2396,
    #2397,#2398,#2399,#2400,#2401,#2402,#2403,#2404,#2405,#2406,#2407,
    #2408,#2409,#2410,#2411,#2412,#2413,#2414,#2415,#2416,#2417,#2418,
    #2419,#2420,#2421,#2422,#2423,#2424,#2425,#2426,#2427,#2428,#2429,
    #2430,#2431,#2432,#2433,#2434,#2435,#2436,#2437,#2438,#2439,#2440,
    #2441,#2442,#2443,#2444),.UNSPECIFIED.,.T.,.F.,(9,7,7,7,7,7,7,7,7,7,
    7,7,7,7,7,7,7,7,7,7,7,7,7,9),(0.,2.682239059412E-02,
    4.548124605329E-02,7.636914636702E-02,0.108156863299,0.139081612881,
    0.249997416937,0.367772531274,0.399142512489,0.430944217325,
    0.465961888892,0.485553420888,0.500012576124,0.517838492827,
    0.545498634261,0.576385213883,0.608171571649,0.639094998965,
    0.750006060532,0.867776139093,0.899144779005,0.930945124077,
    0.965961298374,1.),.UNSPECIFIED.);
#2282 = CARTESIAN_POINT('',(66.,44.,263.));
#2283 = CARTESIAN_POINT('',(66.00000020086,44.,262.74122139757));
#2284 = CARTESIAN_POINT('',(65.980866157531,44.,262.48224791662));
#2285 = CARTESIAN_POINT('',(65.9425503998,44.,262.22503967211));
#2286 = CARTESIAN_POINT('',(65.885682462691,44.,261.97118290033));
#2287 = CARTESIAN_POINT('',(65.811338103713,44.,261.72194019158));
#2288 = CARTESIAN_POINT('',(65.720854220388,44.,261.47829209282));
#2289 = CARTESIAN_POINT('',(65.61568946807,44.,261.24097008039));
#2290 = CARTESIAN_POINT('',(65.414995037537,44.,260.85014226935));
#2291 = CARTESIAN_POINT('',(65.326250790329,44.,260.69306786226));
#2292 = CARTESIAN_POINT('',(65.231566689619,44.,260.53937724566));
#2293 = CARTESIAN_POINT('',(65.131398863109,44.,260.38914167669));
#2294 = CARTESIAN_POINT('',(65.026181901406,44.,260.24239004475));
#2295 = CARTESIAN_POINT('',(64.91632004641,44.,260.09911481082));
#2296 = CARTESIAN_POINT('',(64.802178379704,44.,259.9592779468));
#2297 = CARTESIAN_POINT('',(64.488564420946,44.,259.59691901481));
#2298 = CARTESIAN_POINT('',(64.282272336811,44.,259.38035516579));
#2299 = CARTESIAN_POINT('',(64.066621586189,44.,259.17278174573));
#2300 = CARTESIAN_POINT('',(63.842846693152,44.,258.97385167302));
#2301 = CARTESIAN_POINT('',(63.61200167378,44.,258.78320533508));
#2302 = CARTESIAN_POINT('',(63.374963941233,44.,258.60046693044));
#2303 = CARTESIAN_POINT('',(63.132433320289,44.,258.42524618445));
#2304 = CARTESIAN_POINT('',(62.630208746933,44.,258.08414764134));
#2305 = CARTESIAN_POINT('',(62.370304222795,44.,257.91874656536));
#2306 = CARTESIAN_POINT('',(62.105832335569,44.,257.76053473874));
#2307 = CARTESIAN_POINT('',(61.837324821757,44.,257.60915947376));
#2308 = CARTESIAN_POINT('',(61.565235608982,44.,257.4643052441));
#2309 = CARTESIAN_POINT('',(61.289947624674,44.,257.32568195387));
#2310 = CARTESIAN_POINT('',(61.011776222222,44.,257.19301909857));
#2311 = CARTESIAN_POINT('',(60.45778525862,44.,256.94255910307));
#2312 = CARTESIAN_POINT('',(60.182132768127,44.,256.82446663109));
#2313 = CARTESIAN_POINT('',(59.904255310307,44.,256.71156351758));
#2314 = CARTESIAN_POINT('',(59.624368987492,44.,256.60365014063));
#2315 = CARTESIAN_POINT('',(59.342663925296,44.,256.50054840452));
#2316 = CARTESIAN_POINT('',(59.059305750766,44.,256.40209800326));
#2317 = CARTESIAN_POINT('',(58.774437070521,44.,256.30815268415));
#2318 = CARTESIAN_POINT('',(57.461473389797,44.,255.89729993191));
#2319 = CARTESIAN_POINT('',(56.417732079832,44.,255.63249666582));
#2320 = CARTESIAN_POINT('',(55.361616139454,44.,255.41752069198));
#2321 = CARTESIAN_POINT('',(54.296748100179,44.,255.24890095629));
#2322 = CARTESIAN_POINT('',(53.226118067558,44.,255.12403842771));
#2323 = CARTESIAN_POINT('',(52.152057270112,44.,255.04137466633));
#2324 = CARTESIAN_POINT('',(51.076312092739,44.,254.99999974167));
#2325 = CARTESIAN_POINT('',(48.857125526393,44.,254.99999948349));
#2326 = CARTESIAN_POINT('',(47.715065714224,44.,255.04665170035));
#2327 = CARTESIAN_POINT('',(46.57498462804,44.,255.1398202436));
#2328 = CARTESIAN_POINT('',(45.438935217706,44.,255.28070234169));
#2329 = CARTESIAN_POINT('',(44.309775389052,44.,255.47124558309));
#2330 = CARTESIAN_POINT('',(43.191308442322,44.,255.71484616519));
#2331 = CARTESIAN_POINT('',(42.088193114149,44.,256.01585364195));
#2332 = CARTESIAN_POINT('',(40.718596751516,44.,256.48124151165));
#2333 = CARTESIAN_POINT('',(40.43214738811,44.,256.58381447042));
#2334 = CARTESIAN_POINT('',(40.147461825127,44.,256.69123443863));
#2335 = CARTESIAN_POINT('',(39.864711954343,44.,256.80367301394));
#2336 = CARTESIAN_POINT('',(39.584099663988,44.,256.92131803525));
#2337 = CARTESIAN_POINT('',(39.305858904393,44.,257.04437838266));
#2338 = CARTESIAN_POINT('',(39.030257753642,44.,257.17308877749));
#2339 = CARTESIAN_POINT('',(38.481191195022,44.,257.44419322701));
#2340 = CARTESIAN_POINT('',(38.207843708724,44.,257.58673508234));
#2341 = CARTESIAN_POINT('',(37.937852557707,44.,257.73562621859));
#2342 = CARTESIAN_POINT('',(37.671599381938,44.,257.89117207958));
#2343 = CARTESIAN_POINT('',(37.409552399132,44.,258.0536964637));
#2344 = CARTESIAN_POINT('',(37.152270401484,44.,258.22354766126));
#2345 = CARTESIAN_POINT('',(36.900411277965,44.,258.40111174802));
#2346 = CARTESIAN_POINT('',(36.384236011656,44.,258.79133552902));
#2347 = CARTESIAN_POINT('',(36.121415803098,44.,259.00559238357));
#2348 = CARTESIAN_POINT('',(35.867158166526,44.,259.23028178533));
#2349 = CARTESIAN_POINT('',(35.62275819915,44.,259.4660138605));
#2350 = CARTESIAN_POINT('',(35.389912714814,44.,259.71330997557));
#2351 = CARTESIAN_POINT('',(35.170693856039,44.,259.97257610587));
#2352 = CARTESIAN_POINT('',(34.967515968693,44.,260.24407027218));
#2353 = CARTESIAN_POINT('',(34.679917118189,44.,260.68663971407));
#2354 = CARTESIAN_POINT('',(34.582647309156,44.,260.84920688716));
#2355 = CARTESIAN_POINT('',(34.491780691795,44.,261.01553369122));
#2356 = CARTESIAN_POINT('',(34.407853216295,44.,261.18552721393));
#2357 = CARTESIAN_POINT('',(34.331427020343,44.,261.35902640163));
#2358 = CARTESIAN_POINT('',(34.263066829415,44.,261.53579144017));
#2359 = CARTESIAN_POINT('',(34.203308140443,44.,261.7154896184));
#2360 = CARTESIAN_POINT('',(34.115205577361,44.,262.03213813527));
#2361 = CARTESIAN_POINT('',(34.082729625455,44.,262.1679674927));
#2362 = CARTESIAN_POINT('',(34.055380389931,44.,262.30497754553));
#2363 = CARTESIAN_POINT('',(34.03332166088,44.,262.44296420535));
#2364 = CARTESIAN_POINT('',(34.016684367463,44.,262.58170679849));
#2365 = CARTESIAN_POINT('',(34.005560983689,44.,262.7209673678));
#2366 = CARTESIAN_POINT('',(33.99999993419,44.,262.86048997449));
#2367 = CARTESIAN_POINT('',(33.999999708298,44.,263.17199430577));
#2368 = CARTESIAN_POINT('',(34.008452515026,44.,263.34402173328));
#2369 = CARTESIAN_POINT('',(34.025361731572,44.,263.51555213864));
#2370 = CARTESIAN_POINT('',(34.050613489656,44.,263.68610725386));
#2371 = CARTESIAN_POINT('',(34.08399494123,44.,263.85525787339));
#2372 = CARTESIAN_POINT('',(34.125212458366,44.,264.02262104073));
#2373 = CARTESIAN_POINT('',(34.173909833159,44.,264.18785723504));
#2374 = CARTESIAN_POINT('',(34.316233459314,44.,264.60329702579));
#2375 = CARTESIAN_POINT('',(34.419830749382,44.,264.85010857102));
#2376 = CARTESIAN_POINT('',(34.539033076538,44.,265.090147113));
#2377 = CARTESIAN_POINT('',(34.672238019482,44.,265.32283764477));
#2378 = CARTESIAN_POINT('',(34.817870880752,44.,265.54788148263));
#2379 = CARTESIAN_POINT('',(34.974488247202,44.,265.76519691802));
#2380 = CARTESIAN_POINT('',(35.140839556502,44.,265.9748827436));
#2381 = CARTESIAN_POINT('',(35.511435579053,44.,266.40308098518));
#2382 = CARTESIAN_POINT('',(35.717727663187,44.,266.6196448342));
#2383 = CARTESIAN_POINT('',(35.93337841381,44.,266.82721825426));
#2384 = CARTESIAN_POINT('',(36.157153306848,44.,267.02614832697));
#2385 = CARTESIAN_POINT('',(36.387998326219,44.,267.21679466491));
#2386 = CARTESIAN_POINT('',(36.625036058766,44.,267.39953306955));
#2387 = CARTESIAN_POINT('',(36.86756667971,44.,267.57475381554));
#2388 = CARTESIAN_POINT('',(37.369791253066,44.,267.91585235865));
#2389 = CARTESIAN_POINT('',(37.629695777203,44.,268.08125343463));
#2390 = CARTESIAN_POINT('',(37.89416766443,44.,268.23946526125));
#2391 = CARTESIAN_POINT('',(38.162675178243,44.,268.39084052623));
#2392 = CARTESIAN_POINT('',(38.434764391017,44.,268.53569475589));
#2393 = CARTESIAN_POINT('',(38.710052375324,44.,268.67431804612));
#2394 = CARTESIAN_POINT('',(38.988223777777,44.,268.80698090142));
#2395 = CARTESIAN_POINT('',(39.542214741379,44.,269.05744089692));
#2396 = CARTESIAN_POINT('',(39.817867231872,44.,269.1755333689));
#2397 = CARTESIAN_POINT('',(40.095744689692,44.,269.28843648241));
#2398 = CARTESIAN_POINT('',(40.375631012508,44.,269.39634985936));
#2399 = CARTESIAN_POINT('',(40.657336074703,44.,269.49945159547));
#2400 = CARTESIAN_POINT('',(40.940694249234,44.,269.59790199673));
#2401 = CARTESIAN_POINT('',(41.225562929478,44.,269.69184731584));
#2402 = CARTESIAN_POINT('',(42.5385266102,44.,270.10270006808));
#2403 = CARTESIAN_POINT('',(43.582267920172,44.,270.36750333418));
#2404 = CARTESIAN_POINT('',(44.638383860539,44.,270.582479308));
#2405 = CARTESIAN_POINT('',(45.703251899823,44.,270.75109904373));
#2406 = CARTESIAN_POINT('',(46.773881932443,44.,270.87596157226));
#2407 = CARTESIAN_POINT('',(47.847942729887,44.,270.95862533367));
#2408 = CARTESIAN_POINT('',(48.92368790726,44.,271.00000025831));
#2409 = CARTESIAN_POINT('',(51.142874473611,44.,271.00000051649));
#2410 = CARTESIAN_POINT('',(52.284934285756,44.,270.95334829968));
#2411 = CARTESIAN_POINT('',(53.425015371999,44.,270.8601797563));
#2412 = CARTESIAN_POINT('',(54.561064782256,44.,270.7192976584));
#2413 = CARTESIAN_POINT('',(55.690224610966,44.,270.52875441682));
#2414 = CARTESIAN_POINT('',(56.808691557677,44.,270.28515383483));
#2415 = CARTESIAN_POINT('',(57.91180688585,44.,269.98414635804));
#2416 = CARTESIAN_POINT('',(59.281403248484,44.,269.51875848835));
#2417 = CARTESIAN_POINT('',(59.56785261189,44.,269.41618552957));
#2418 = CARTESIAN_POINT('',(59.852538174873,44.,269.30876556136));
#2419 = CARTESIAN_POINT('',(60.135288045657,44.,269.19632698605));
#2420 = CARTESIAN_POINT('',(60.415900336012,44.,269.07868196474));
#2421 = CARTESIAN_POINT('',(60.694141095607,44.,268.95562161733));
#2422 = CARTESIAN_POINT('',(60.969742246358,44.,268.8269112225));
#2423 = CARTESIAN_POINT('',(61.518808804978,44.,268.55580677298));
#2424 = CARTESIAN_POINT('',(61.792156291275,44.,268.41326491765));
#2425 = CARTESIAN_POINT('',(62.062147442293,44.,268.2643737814));
#2426 = CARTESIAN_POINT('',(62.328400618062,44.,268.10882792041));
#2427 = CARTESIAN_POINT('',(62.590447600868,44.,267.94630353629));
#2428 = CARTESIAN_POINT('',(62.847729598516,44.,267.77645233873));
#2429 = CARTESIAN_POINT('',(63.099588722036,44.,267.59888825197));
#2430 = CARTESIAN_POINT('',(63.615763988344,44.,267.20866447097));
#2431 = CARTESIAN_POINT('',(63.878584196902,44.,266.99440761642));
#2432 = CARTESIAN_POINT('',(64.132841833474,44.,266.76971821466));
#2433 = CARTESIAN_POINT('',(64.37724180085,44.,266.53398613949));
#2434 = CARTESIAN_POINT('',(64.610087285186,44.,266.28669002442));
#2435 = CARTESIAN_POINT('',(64.829306143961,44.,266.02742389412));
#2436 = CARTESIAN_POINT('',(65.032484031308,44.,265.75592972782));
#2437 = CARTESIAN_POINT('',(65.396176627602,44.,265.1962642278));
#2438 = CARTESIAN_POINT('',(65.557723632346,44.,264.90877101964));
#2439 = CARTESIAN_POINT('',(65.698807442262,44.,264.60996962544));
#2440 = CARTESIAN_POINT('',(65.816384063282,44.,264.30069442464));
#2441 = CARTESIAN_POINT('',(65.907404831756,44.,263.9823991923));
#2442 = CARTESIAN_POINT('',(65.969187504282,44.,263.65727131295));
#2443 = CARTESIAN_POINT('',(66.000000018775,44.,263.32839542208));
#2444 = CARTESIAN_POINT('',(66.,44.,263.));
#2445 = PCURVE('',#72,#2446);
#2446 = DEFINITIONAL_REPRESENTATION('',(#2447),#2611);
#2447 = B_SPLINE_CURVE_WITH_KNOTS('',8,(#2448,#2449,#2450,#2451,#2452,
    #2453,#2454,#2455,#2456,#2457,#2458,#2459,#2460,#2461,#2462,#2463,
    #2464,#2465,#2466,#2467,#2468,#2469,#2470,#2471,#2472,#2473,#2474,
    #2475,#2476,#2477,#2478,#2479,#2480,#2481,#2482,#2483,#2484,#2485,
    #2486,#2487,#2488,#2489,#2490,#2491,#2492,#2493,#2494,#2495,#2496,
    #2497,#2498,#2499,#2500,#2501,#2502,#2503,#2504,#2505,#2506,#2507,
    #2508,#2509,#2510,#2511,#2512,#2513,#2514,#2515,#2516,#2517,#2518,
    #2519,#2520,#2521,#2522,#2523,#2524,#2525,#2526,#2527,#2528,#2529,
    #2530,#2531,#2532,#2533,#2534,#2535,#2536,#2537,#2538,#2539,#2540,
    #2541,#2542,#2543,#2544,#2545,#2546,#2547,#2548,#2549,#2550,#2551,
    #2552,#2553,#2554,#2555,#2556,#2557,#2558,#2559,#2560,#2561,#2562,
    #2563,#2564,#2565,#2566,#2567,#2568,#2569,#2570,#2571,#2572,#2573,
    #2574,#2575,#2576,#2577,#2578,#2579,#2580,#2581,#2582,#2583,#2584,
    #2585,#2586,#2587,#2588,#2589,#2590,#2591,#2592,#2593,#2594,#2595,
    #2596,#2597,#2598,#2599,#2600,#2601,#2602,#2603,#2604,#2605,#2606,
    #2607,#2608,#2609,#2610),.UNSPECIFIED.,.F.,.F.,(9,7,7,7,7,7,7,7,7,7,
    7,7,7,7,7,7,7,7,7,7,7,7,7,9),(0.,2.682239059412E-02,
    4.548124605329E-02,7.636914636702E-02,0.108156863299,0.139081612881,
    0.249997416937,0.367772531274,0.399142512489,0.430944217325,
    0.465961888892,0.485553420888,0.500012576124,0.517838492827,
    0.545498634261,0.576385213883,0.608171571649,0.639094998965,
    0.750006060532,0.867776139093,0.899144779005,0.930945124077,
    0.965961298374,1.),.UNSPECIFIED.);
#2448 = CARTESIAN_POINT('',(6.607541066149,22.909914103014));
#2449 = CARTESIAN_POINT('',(6.348762463727,22.909914303874));
#2450 = CARTESIAN_POINT('',(6.089788982774,22.890780260545));
#2451 = CARTESIAN_POINT('',(5.832580738263,22.852464502814));
#2452 = CARTESIAN_POINT('',(5.578723966487,22.795596565705));
#2453 = CARTESIAN_POINT('',(5.329481257735,22.721252206727));
#2454 = CARTESIAN_POINT('',(5.085833158977,22.630768323402));
#2455 = CARTESIAN_POINT('',(4.848511146547,22.525603571084));
#2456 = CARTESIAN_POINT('',(4.457683335506,22.324909140552));
#2457 = CARTESIAN_POINT('',(4.300608928412,22.236164893343));
#2458 = CARTESIAN_POINT('',(4.146918311809,22.141480792633));
#2459 = CARTESIAN_POINT('',(3.996682742845,22.041312966123));
#2460 = CARTESIAN_POINT('',(3.849931110907,21.93609600442));
#2461 = CARTESIAN_POINT('',(3.70665587697,21.826234149424));
#2462 = CARTESIAN_POINT('',(3.566819012953,21.712092482718));
#2463 = CARTESIAN_POINT('',(3.204460080961,21.39847852396));
#2464 = CARTESIAN_POINT('',(2.987896231947,21.192186439826));
#2465 = CARTESIAN_POINT('',(2.780322811882,20.976535689203));
#2466 = CARTESIAN_POINT('',(2.581392739173,20.752760796166));
#2467 = CARTESIAN_POINT('',(2.390746401237,20.521915776795));
#2468 = CARTESIAN_POINT('',(2.208007996593,20.284878044247));
#2469 = CARTESIAN_POINT('',(2.032787250605,20.042347423303));
#2470 = CARTESIAN_POINT('',(1.691688707491,19.540122849947));
#2471 = CARTESIAN_POINT('',(1.526287631515,19.28021832581));
#2472 = CARTESIAN_POINT('',(1.36807580489,19.015746438583));
#2473 = CARTESIAN_POINT('',(1.21670053991,18.747238924771));
#2474 = CARTESIAN_POINT('',(1.071846310257,18.475149711996));
#2475 = CARTESIAN_POINT('',(0.933223020026,18.199861727689));
#2476 = CARTESIAN_POINT('',(0.800560164723,17.921690325236));
#2477 = CARTESIAN_POINT('',(0.550100169228,17.367699361634));
#2478 = CARTESIAN_POINT('',(0.432007697242,17.092046871142));
#2479 = CARTESIAN_POINT('',(0.31910458373,16.814169413321));
#2480 = CARTESIAN_POINT('',(0.21119120678,16.534283090506));
#2481 = CARTESIAN_POINT('',(0.108089470671,16.25257802831));
#2482 = CARTESIAN_POINT('',(9.639069414559E-03,15.96921985378));
#2483 = CARTESIAN_POINT('',(-8.430624969416E-02,15.684351173536));
#2484 = CARTESIAN_POINT('',(-0.495159001933,14.371387492812));
#2485 = CARTESIAN_POINT('',(-0.759962268027,13.327646182847));
#2486 = CARTESIAN_POINT('',(-0.974938241871,12.271530242468));
#2487 = CARTESIAN_POINT('',(-1.143557977559,11.206662203193));
#2488 = CARTESIAN_POINT('',(-1.268420506134,10.136032170572));
#2489 = CARTESIAN_POINT('',(-1.351084267516,9.061971373126));
#2490 = CARTESIAN_POINT('',(-1.392459192172,7.986226195753));
#2491 = CARTESIAN_POINT('',(-1.392459450353,5.767039629407));
#2492 = CARTESIAN_POINT('',(-1.345807233493,4.624979817238));
#2493 = CARTESIAN_POINT('',(-1.252638690244,3.484898731054));
#2494 = CARTESIAN_POINT('',(-1.111756592155,2.348849320721));
#2495 = CARTESIAN_POINT('',(-0.921213350752,1.219689492066));
#2496 = CARTESIAN_POINT('',(-0.677612768656,0.101222545336));
#2497 = CARTESIAN_POINT('',(-0.376605291901,-1.001892782837));
#2498 = CARTESIAN_POINT('',(8.878257779885E-02,-2.37148914547));
#2499 = CARTESIAN_POINT('',(0.191355536577,-2.657938508876));
#2500 = CARTESIAN_POINT('',(0.298775504782,-2.942624071859));
#2501 = CARTESIAN_POINT('',(0.411214080097,-3.225373942643));
#2502 = CARTESIAN_POINT('',(0.528859101407,-3.505986232997));
#2503 = CARTESIAN_POINT('',(0.651919448814,-3.784226992592));
#2504 = CARTESIAN_POINT('',(0.780629843645,-4.059828143344));
#2505 = CARTESIAN_POINT('',(1.051734293162,-4.608894701963));
#2506 = CARTESIAN_POINT('',(1.194276148494,-4.882242188261));
#2507 = CARTESIAN_POINT('',(1.343167284748,-5.152233339278));
#2508 = CARTESIAN_POINT('',(1.498713145733,-5.418486515047));
#2509 = CARTESIAN_POINT('',(1.661237529853,-5.680533497853));
#2510 = CARTESIAN_POINT('',(1.831088727413,-5.937815495502));
#2511 = CARTESIAN_POINT('',(2.008652814169,-6.189674619021));
#2512 = CARTESIAN_POINT('',(2.39887659517,-6.705849885329));
#2513 = CARTESIAN_POINT('',(2.613133449725,-6.968670093888));
#2514 = CARTESIAN_POINT('',(2.837822851484,-7.22292773046));
#2515 = CARTESIAN_POINT('',(3.073554926658,-7.467327697835));
#2516 = CARTESIAN_POINT('',(3.320851041719,-7.700173182171));
#2517 = CARTESIAN_POINT('',(3.580117172027,-7.919392040947));
#2518 = CARTESIAN_POINT('',(3.851611338329,-8.122569928293));
#2519 = CARTESIAN_POINT('',(4.294180780226,-8.410168778797));
#2520 = CARTESIAN_POINT('',(4.456747953312,-8.50743858783));
#2521 = CARTESIAN_POINT('',(4.623074757377,-8.598305205191));
#2522 = CARTESIAN_POINT('',(4.79306828008,-8.682232680691));
#2523 = CARTESIAN_POINT('',(4.966567467784,-8.758658876643));
#2524 = CARTESIAN_POINT('',(5.143332506321,-8.827019067571));
#2525 = CARTESIAN_POINT('',(5.323030684549,-8.886777756542));
#2526 = CARTESIAN_POINT('',(5.639679201422,-8.974880319625));
#2527 = CARTESIAN_POINT('',(5.775508558853,-9.007356271531));
#2528 = CARTESIAN_POINT('',(5.91251861168,-9.034705507054));
#2529 = CARTESIAN_POINT('',(6.050505271506,-9.056764236105));
#2530 = CARTESIAN_POINT('',(6.189247864644,-9.073401529523));
#2531 = CARTESIAN_POINT('',(6.328508433949,-9.084524913297));
#2532 = CARTESIAN_POINT('',(6.468031040644,-9.090085962796));
#2533 = CARTESIAN_POINT('',(6.779535371921,-9.090086188687));
#2534 = CARTESIAN_POINT('',(6.95156279943,-9.08163338196));
#2535 = CARTESIAN_POINT('',(7.123093204797,-9.064724165414));
#2536 = CARTESIAN_POINT('',(7.293648320018,-9.03947240733));
#2537 = CARTESIAN_POINT('',(7.462798939545,-9.006090955756));
#2538 = CARTESIAN_POINT('',(7.630162106887,-8.964873438619));
#2539 = CARTESIAN_POINT('',(7.795398301194,-8.916176063827));
#2540 = CARTESIAN_POINT('',(8.210838091943,-8.773852437672));
#2541 = CARTESIAN_POINT('',(8.457649637175,-8.670255147604));
#2542 = CARTESIAN_POINT('',(8.697688179154,-8.551052820447));
#2543 = CARTESIAN_POINT('',(8.930378710928,-8.417847877504));
#2544 = CARTESIAN_POINT('',(9.155422548781,-8.272215016234));
#2545 = CARTESIAN_POINT('',(9.372737984178,-8.115597649784));
#2546 = CARTESIAN_POINT('',(9.582423809749,-7.949246340484));
#2547 = CARTESIAN_POINT('',(10.010622051337,-7.578650317932));
#2548 = CARTESIAN_POINT('',(10.227185900349,-7.372358233799));
#2549 = CARTESIAN_POINT('',(10.434759320416,-7.156707483176));
#2550 = CARTESIAN_POINT('',(10.633689393125,-6.932932590138));
#2551 = CARTESIAN_POINT('',(10.82433573106,-6.702087570767));
#2552 = CARTESIAN_POINT('',(11.007074135703,-6.46504983822));
#2553 = CARTESIAN_POINT('',(11.182294881693,-6.222519217275));
#2554 = CARTESIAN_POINT('',(11.523393424806,-5.72029464392));
#2555 = CARTESIAN_POINT('',(11.688794500783,-5.460390119782));
#2556 = CARTESIAN_POINT('',(11.847006327408,-5.195918232556));
#2557 = CARTESIAN_POINT('',(11.998381592387,-4.927410718743));
#2558 = CARTESIAN_POINT('',(12.143235822041,-4.655321505969));
#2559 = CARTESIAN_POINT('',(12.281859112273,-4.380033521662));
#2560 = CARTESIAN_POINT('',(12.414521967574,-4.101862119209));
#2561 = CARTESIAN_POINT('',(12.66498196307,-3.547871155607));
#2562 = CARTESIAN_POINT('',(12.783074435056,-3.272218665114));
#2563 = CARTESIAN_POINT('',(12.895977548568,-2.994341207294));
#2564 = CARTESIAN_POINT('',(13.003890925517,-2.714454884478));
#2565 = CARTESIAN_POINT('',(13.106992661627,-2.432749822283));
#2566 = CARTESIAN_POINT('',(13.205443062883,-2.149391647752));
#2567 = CARTESIAN_POINT('',(13.299388381992,-1.864522967508));
#2568 = CARTESIAN_POINT('',(13.710241134229,-0.551559286785));
#2569 = CARTESIAN_POINT('',(13.975044400333,0.492182023186));
#2570 = CARTESIAN_POINT('',(14.190020374151,1.548297963553));
#2571 = CARTESIAN_POINT('',(14.358640109881,2.613166002837));
#2572 = CARTESIAN_POINT('',(14.483502638413,3.683796035457));
#2573 = CARTESIAN_POINT('',(14.566166399823,4.757856832901));
#2574 = CARTESIAN_POINT('',(14.607541324468,5.833602010275));
#2575 = CARTESIAN_POINT('',(14.607541582642,8.052788576625));
#2576 = CARTESIAN_POINT('',(14.560889365832,9.19484838877));
#2577 = CARTESIAN_POINT('',(14.467720822458,10.334929475013));
#2578 = CARTESIAN_POINT('',(14.326838724554,11.47097888527));
#2579 = CARTESIAN_POINT('',(14.136295482976,12.60013871398));
#2580 = CARTESIAN_POINT('',(13.892694900985,13.718605660691));
#2581 = CARTESIAN_POINT('',(13.591687424194,14.821720988864));
#2582 = CARTESIAN_POINT('',(13.126299554499,16.191317351499));
#2583 = CARTESIAN_POINT('',(13.023726595721,16.477766714904));
#2584 = CARTESIAN_POINT('',(12.916306627516,16.762452277888));
#2585 = CARTESIAN_POINT('',(12.803868052201,17.045202148671));
#2586 = CARTESIAN_POINT('',(12.68622303089,17.325814439026));
#2587 = CARTESIAN_POINT('',(12.563162683484,17.604055198621));
#2588 = CARTESIAN_POINT('',(12.434452288653,17.879656349373));
#2589 = CARTESIAN_POINT('',(12.163347839135,18.428722907992));
#2590 = CARTESIAN_POINT('',(12.020805983804,18.70207039429));
#2591 = CARTESIAN_POINT('',(11.87191484755,18.972061545307));
#2592 = CARTESIAN_POINT('',(11.716368986565,19.238314721076));
#2593 = CARTESIAN_POINT('',(11.553844602445,19.500361703882));
#2594 = CARTESIAN_POINT('',(11.383993404885,19.75764370153));
#2595 = CARTESIAN_POINT('',(11.206429318128,20.00950282505));
#2596 = CARTESIAN_POINT('',(10.816205537127,20.525678091359));
#2597 = CARTESIAN_POINT('',(10.601948682573,20.788498299916));
#2598 = CARTESIAN_POINT('',(10.377259280814,21.042755936489));
#2599 = CARTESIAN_POINT('',(10.14152720564,21.287155903865));
#2600 = CARTESIAN_POINT('',(9.894231090578,21.5200013882));
#2601 = CARTESIAN_POINT('',(9.634964960271,21.739220246975));
#2602 = CARTESIAN_POINT('',(9.363470793969,21.942398134322));
#2603 = CARTESIAN_POINT('',(8.803805293958,22.306090730616));
#2604 = CARTESIAN_POINT('',(8.516312085796,22.46763773536));
#2605 = CARTESIAN_POINT('',(8.21751069159,22.608721545277));
#2606 = CARTESIAN_POINT('',(7.90823549079,22.726298166296));
#2607 = CARTESIAN_POINT('',(7.589940258449,22.81731893477));
#2608 = CARTESIAN_POINT('',(7.264812379101,22.879101607296));
#2609 = CARTESIAN_POINT('',(6.935936488229,22.909914121789));
#2610 = CARTESIAN_POINT('',(6.607541066149,22.909914103014));
#2611 = ( GEOMETRIC_REPRESENTATION_CONTEXT(2) 
PARAMETRIC_REPRESENTATION_CONTEXT() REPRESENTATION_CONTEXT('2D SPACE',''
  ) );
#2612 = PCURVE('',#1388,#2613);
#2613 = DEFINITIONAL_REPRESENTATION('',(#2614),#2778);
#2614 = B_SPLINE_CURVE_WITH_KNOTS('',8,(#2615,#2616,#2617,#2618,#2619,
    #2620,#2621,#2622,#2623,#2624,#2625,#2626,#2627,#2628,#2629,#2630,
    #2631,#2632,#2633,#2634,#2635,#2636,#2637,#2638,#2639,#2640,#2641,
    #2642,#2643,#2644,#2645,#2646,#2647,#2648,#2649,#2650,#2651,#2652,
    #2653,#2654,#2655,#2656,#2657,#2658,#2659,#2660,#2661,#2662,#2663,
    #2664,#2665,#2666,#2667,#2668,#2669,#2670,#2671,#2672,#2673,#2674,
    #2675,#2676,#2677,#2678,#2679,#2680,#2681,#2682,#2683,#2684,#2685,
    #2686,#2687,#2688,#2689,#2690,#2691,#2692,#2693,#2694,#2695,#2696,
    #2697,#2698,#2699,#2700,#2701,#2702,#2703,#2704,#2705,#2706,#2707,
    #2708,#2709,#2710,#2711,#2712,#2713,#2714,#2715,#2716,#2717,#2718,
    #2719,#2720,#2721,#2722,#2723,#2724,#2725,#2726,#2727,#2728,#2729,
    #2730,#2731,#2732,#2733,#2734,#2735,#2736,#2737,#2738,#2739,#2740,
    #2741,#2742,#2743,#2744,#2745,#2746,#2747,#2748,#2749,#2750,#2751,
    #2752,#2753,#2754,#2755,#2756,#2757,#2758,#2759,#2760,#2761,#2762,
    #2763,#2764,#2765,#2766,#2767,#2768,#2769,#2770,#2771,#2772,#2773,
    #2774,#2775,#2776,#2777),.UNSPECIFIED.,.F.,.F.,(9,7,7,7,7,7,7,7,7,7,
    7,7,7,7,7,7,7,7,7,7,7,7,7,9),(0.,2.682239059412E-02,
    4.548124605329E-02,7.636914636702E-02,0.108156863299,0.139081612881,
    0.249997416937,0.367772531274,0.399142512489,0.430944217325,
    0.465961888892,0.485553420888,0.500012576124,0.517838492827,
    0.545498634261,0.576385213883,0.608171571649,0.639094998965,
    0.750006060532,0.867776139093,0.899144779005,0.930945124077,
    0.965961298374,1.),.UNSPECIFIED.);
#2615 = CARTESIAN_POINT('',(6.28318530718,-3.));
#2616 = CARTESIAN_POINT('',(6.250837967317,-3.));
#2617 = CARTESIAN_POINT('',(6.218466341598,-3.));
#2618 = CARTESIAN_POINT('',(6.186263640458,-3.));
#2619 = CARTESIAN_POINT('',(6.154376540527,-3.));
#2620 = CARTESIAN_POINT('',(6.122917147571,-3.));
#2621 = CARTESIAN_POINT('',(6.091971351144,-3.));
#2622 = CARTESIAN_POINT('',(6.061603570947,-3.));
#2623 = CARTESIAN_POINT('',(6.011165471221,-3.));
#2624 = CARTESIAN_POINT('',(5.990768684413,-3.));
#2625 = CARTESIAN_POINT('',(5.97067570779,-3.));
#2626 = CARTESIAN_POINT('',(5.950890437754,-3.));
#2627 = CARTESIAN_POINT('',(5.93141291527,-3.));
#2628 = CARTESIAN_POINT('',(5.91223974734,-3.));
#2629 = CARTESIAN_POINT('',(5.893364528484,-3.));
#2630 = CARTESIAN_POINT('',(5.844010526162,-3.));
#2631 = CARTESIAN_POINT('',(5.814045922729,-3.));
#2632 = CARTESIAN_POINT('',(5.784836055189,-3.));
#2633 = CARTESIAN_POINT('',(5.75633700953,-3.));
#2634 = CARTESIAN_POINT('',(5.728506400929,-3.));
#2635 = CARTESIAN_POINT('',(5.701301181951,-3.));
#2636 = CARTESIAN_POINT('',(5.674676212446,-3.));
#2637 = CARTESIAN_POINT('',(5.621730847808,-3.));
#2638 = CARTESIAN_POINT('',(5.595450600242,-3.));
#2639 = CARTESIAN_POINT('',(5.569695341329,-3.));
#2640 = CARTESIAN_POINT('',(5.54442497394,-3.));
#2641 = CARTESIAN_POINT('',(5.519604155019,-3.));
#2642 = CARTESIAN_POINT('',(5.495200374161,-3.));
#2643 = CARTESIAN_POINT('',(5.471182766703,-3.));
#2644 = CARTESIAN_POINT('',(5.424502903474,-3.));
#2645 = CARTESIAN_POINT('',(5.401823571597,-3.));
#2646 = CARTESIAN_POINT('',(5.37945761661,-3.));
#2647 = CARTESIAN_POINT('',(5.357381969999,-3.));
#2648 = CARTESIAN_POINT('',(5.335575955532,-3.));
#2649 = CARTESIAN_POINT('',(5.314020700963,-3.));
#2650 = CARTESIAN_POINT('',(5.292698549742,-3.));
#2651 = CARTESIAN_POINT('',(5.195892668053,-3.));
#2652 = CARTESIAN_POINT('',(5.123035052943,-3.));
#2653 = CARTESIAN_POINT('',(5.052166066642,-3.));
#2654 = CARTESIAN_POINT('',(4.982790619528,-3.));
#2655 = CARTESIAN_POINT('',(4.914484512481,-3.));
#2656 = CARTESIAN_POINT('',(4.846892784935,-3.));
#2657 = CARTESIAN_POINT('',(4.779658448673,-3.));
#2658 = CARTESIAN_POINT('',(4.640959400204,-3.));
#2659 = CARTESIAN_POINT('',(4.569580142574,-3.));
#2660 = CARTESIAN_POINT('',(4.49777155567,-3.));
#2661 = CARTESIAN_POINT('',(4.425101439414,-3.));
#2662 = CARTESIAN_POINT('',(4.351148286068,-3.));
#2663 = CARTESIAN_POINT('',(4.275386159849,-3.));
#2664 = CARTESIAN_POINT('',(4.197214037718,-3.));
#2665 = CARTESIAN_POINT('',(4.093717811418,-3.));
#2666 = CARTESIAN_POINT('',(4.071703744848,-3.));
#2667 = CARTESIAN_POINT('',(4.049424510925,-3.));
#2668 = CARTESIAN_POINT('',(4.026859791,-3.));
#2669 = CARTESIAN_POINT('',(4.003987848737,-3.));
#2670 = CARTESIAN_POINT('',(3.980784765493,-3.));
#2671 = CARTESIAN_POINT('',(3.957223675709,-3.));
#2672 = CARTESIAN_POINT('',(3.908994725886,-3.));
#2673 = CARTESIAN_POINT('',(3.884319047437,-3.));
#2674 = CARTESIAN_POINT('',(3.859213200793,-3.));
#2675 = CARTESIAN_POINT('',(3.833642447554,-3.));
#2676 = CARTESIAN_POINT('',(3.807570589366,-3.));
#2677 = CARTESIAN_POINT('',(3.780958574028,-3.));
#2678 = CARTESIAN_POINT('',(3.753762195403,-3.));
#2679 = CARTESIAN_POINT('',(3.695280918699,-3.));
#2680 = CARTESIAN_POINT('',(3.663881073745,-3.));
#2681 = CARTESIAN_POINT('',(3.631644855773,-3.));
#2682 = CARTESIAN_POINT('',(3.598500447505,-3.));
#2683 = CARTESIAN_POINT('',(3.564386672377,-3.));
#2684 = CARTESIAN_POINT('',(3.52925158948,-3.));
#2685 = CARTESIAN_POINT('',(3.493051721969,-3.));
#2686 = CARTESIAN_POINT('',(3.434883590141,-3.));
#2687 = CARTESIAN_POINT('',(3.413678653355,-3.));
#2688 = CARTESIAN_POINT('',(3.392136556996,-3.));
#2689 = CARTESIAN_POINT('',(3.370263022902,-3.));
#2690 = CARTESIAN_POINT('',(3.348070316381,-3.));
#2691 = CARTESIAN_POINT('',(3.325578198116,-3.));
#2692 = CARTESIAN_POINT('',(3.302815557919,-3.));
#2693 = CARTESIAN_POINT('',(3.26285331401,-3.));
#2694 = CARTESIAN_POINT('',(3.245756901304,-3.));
#2695 = CARTESIAN_POINT('',(3.228551039575,-3.));
#2696 = CARTESIAN_POINT('',(3.211254467604,-3.));
#2697 = CARTESIAN_POINT('',(3.193887385258,-3.));
#2698 = CARTESIAN_POINT('',(3.17647172314,-3.));
#2699 = CARTESIAN_POINT('',(3.159031412242,-3.));
#2700 = CARTESIAN_POINT('',(3.120093343701,-3.));
#2701 = CARTESIAN_POINT('',(3.098589974813,-3.));
#2702 = CARTESIAN_POINT('',(3.077133491882,-3.));
#2703 = CARTESIAN_POINT('',(3.05576861736,-3.));
#2704 = CARTESIAN_POINT('',(3.034534650939,-3.));
#2705 = CARTESIAN_POINT('',(3.013466269289,-3.));
#2706 = CARTESIAN_POINT('',(2.992594325796,-3.));
#2707 = CARTESIAN_POINT('',(2.939908038532,-3.));
#2708 = CARTESIAN_POINT('',(2.908406320832,-3.));
#2709 = CARTESIAN_POINT('',(2.877524264252,-3.));
#2710 = CARTESIAN_POINT('',(2.847306657857,-3.));
#2711 = CARTESIAN_POINT('',(2.817773125079,-3.));
#2712 = CARTESIAN_POINT('',(2.788923478087,-3.));
#2713 = CARTESIAN_POINT('',(2.760739320985,-3.));
#2714 = CARTESIAN_POINT('',(2.702417872572,-3.));
#2715 = CARTESIAN_POINT('',(2.672453269139,-3.));
#2716 = CARTESIAN_POINT('',(2.6432434016,-3.));
#2717 = CARTESIAN_POINT('',(2.61474435594,-3.));
#2718 = CARTESIAN_POINT('',(2.586913747339,-3.));
#2719 = CARTESIAN_POINT('',(2.559708528362,-3.));
#2720 = CARTESIAN_POINT('',(2.533083558857,-3.));
#2721 = CARTESIAN_POINT('',(2.480138194218,-3.));
#2722 = CARTESIAN_POINT('',(2.453857946652,-3.));
#2723 = CARTESIAN_POINT('',(2.428102687739,-3.));
#2724 = CARTESIAN_POINT('',(2.402832320351,-3.));
#2725 = CARTESIAN_POINT('',(2.378011501429,-3.));
#2726 = CARTESIAN_POINT('',(2.353607720571,-3.));
#2727 = CARTESIAN_POINT('',(2.329590113113,-3.));
#2728 = CARTESIAN_POINT('',(2.282910249885,-3.));
#2729 = CARTESIAN_POINT('',(2.260230918007,-3.));
#2730 = CARTESIAN_POINT('',(2.23786496302,-3.));
#2731 = CARTESIAN_POINT('',(2.215789316409,-3.));
#2732 = CARTESIAN_POINT('',(2.193983301942,-3.));
#2733 = CARTESIAN_POINT('',(2.172428047373,-3.));
#2734 = CARTESIAN_POINT('',(2.151105896152,-3.));
#2735 = CARTESIAN_POINT('',(2.054300014462,-3.));
#2736 = CARTESIAN_POINT('',(1.981442399359,-3.));
#2737 = CARTESIAN_POINT('',(1.91057341304,-3.));
#2738 = CARTESIAN_POINT('',(1.841197965955,-3.));
#2739 = CARTESIAN_POINT('',(1.772891858877,-3.));
#2740 = CARTESIAN_POINT('',(1.705300131352,-3.));
#2741 = CARTESIAN_POINT('',(1.638065795082,-3.));
#2742 = CARTESIAN_POINT('',(1.499366746616,-3.));
#2743 = CARTESIAN_POINT('',(1.427987488979,-3.));
#2744 = CARTESIAN_POINT('',(1.356178902091,-3.));
#2745 = CARTESIAN_POINT('',(1.28350878581,-3.));
#2746 = CARTESIAN_POINT('',(1.20955563249,-3.));
#2747 = CARTESIAN_POINT('',(1.133793506253,-3.));
#2748 = CARTESIAN_POINT('',(1.055621384129,-3.));
#2749 = CARTESIAN_POINT('',(0.952125157828,-3.));
#2750 = CARTESIAN_POINT('',(0.930111091258,-3.));
#2751 = CARTESIAN_POINT('',(0.907831857335,-3.));
#2752 = CARTESIAN_POINT('',(0.88526713741,-3.));
#2753 = CARTESIAN_POINT('',(0.862395195147,-3.));
#2754 = CARTESIAN_POINT('',(0.839192111903,-3.));
#2755 = CARTESIAN_POINT('',(0.815631022119,-3.));
#2756 = CARTESIAN_POINT('',(0.767402072296,-3.));
#2757 = CARTESIAN_POINT('',(0.742726393847,-3.));
#2758 = CARTESIAN_POINT('',(0.717620547203,-3.));
#2759 = CARTESIAN_POINT('',(0.692049793964,-3.));
#2760 = CARTESIAN_POINT('',(0.665977935776,-3.));
#2761 = CARTESIAN_POINT('',(0.639365920438,-3.));
#2762 = CARTESIAN_POINT('',(0.612169541813,-3.));
#2763 = CARTESIAN_POINT('',(0.553688265109,-3.));
#2764 = CARTESIAN_POINT('',(0.522288420155,-3.));
#2765 = CARTESIAN_POINT('',(0.490052202183,-3.));
#2766 = CARTESIAN_POINT('',(0.456907793915,-3.));
#2767 = CARTESIAN_POINT('',(0.422794018787,-3.));
#2768 = CARTESIAN_POINT('',(0.38765893589,-3.));
#2769 = CARTESIAN_POINT('',(0.35145906838,-3.));
#2770 = CARTESIAN_POINT('',(0.277900682255,-3.));
#2771 = CARTESIAN_POINT('',(0.240602818037,-3.));
#2772 = CARTESIAN_POINT('',(0.202283301389,-3.));
#2773 = CARTESIAN_POINT('',(0.163009677189,-3.));
#2774 = CARTESIAN_POINT('',(0.122905337285,-3.));
#2775 = CARTESIAN_POINT('',(8.2158896564E-02,-3.));
#2776 = CARTESIAN_POINT('',(4.104943170875E-02,-3.));
#2777 = CARTESIAN_POINT('',(0.,-3.));
#2778 = ( GEOMETRIC_REPRESENTATION_CONTEXT(2) 
PARAMETRIC_REPRESENTATION_CONTEXT() REPRESENTATION_CONTEXT('2D SPACE',''
  ) );
#2779 = ADVANCED_FACE('',(#2780),#159,.T.);
#2780 = FACE_BOUND('',#2781,.T.);
#2781 = EDGE_LOOP('',(#2782,#2803,#2804,#2805));
#2782 = ORIENTED_EDGE('',*,*,#2783,.T.);
#2783 = EDGE_CURVE('',#459,#1707,#2784,.T.);
#2784 = SURFACE_CURVE('',#2785,(#2789,#2796),.PCURVE_S1.);
#2785 = LINE('',#2786,#2787);
#2786 = CARTESIAN_POINT('',(57.,46.,244.));
#2787 = VECTOR('',#2788,1.);
#2788 = DIRECTION('',(0.,-1.,0.));
#2789 = PCURVE('',#159,#2790);
#2790 = DEFINITIONAL_REPRESENTATION('',(#2791),#2795);
#2791 = LINE('',#2792,#2793);
#2792 = CARTESIAN_POINT('',(0.,0.));
#2793 = VECTOR('',#2794,1.);
#2794 = DIRECTION('',(-0.,-1.));
#2795 = ( GEOMETRIC_REPRESENTATION_CONTEXT(2) 
PARAMETRIC_REPRESENTATION_CONTEXT() REPRESENTATION_CONTEXT('2D SPACE',''
  ) );
#2796 = PCURVE('',#474,#2797);
#2797 = DEFINITIONAL_REPRESENTATION('',(#2798),#2802);
#2798 = LINE('',#2799,#2800);
#2799 = CARTESIAN_POINT('',(18.97366596101,0.));
#2800 = VECTOR('',#2801,1.);
#2801 = DIRECTION('',(-0.,-1.));
#2802 = ( GEOMETRIC_REPRESENTATION_CONTEXT(2) 
PARAMETRIC_REPRESENTATION_CONTEXT() REPRESENTATION_CONTEXT('2D SPACE',''
  ) );
#2803 = ORIENTED_EDGE('',*,*,#1729,.T.);
#2804 = ORIENTED_EDGE('',*,*,#141,.F.);
#2805 = ORIENTED_EDGE('',*,*,#486,.F.);
#2806 = ADVANCED_FACE('',(#2807),#257,.T.);
#2807 = FACE_BOUND('',#2808,.T.);
#2808 = EDGE_LOOP('',(#2809,#2810,#2811,#2832));
#2809 = ORIENTED_EDGE('',*,*,#241,.T.);
#2810 = ORIENTED_EDGE('',*,*,#1568,.T.);
#2811 = ORIENTED_EDGE('',*,*,#2812,.F.);
#2812 = EDGE_CURVE('',#296,#1569,#2813,.T.);
#2813 = SURFACE_CURVE('',#2814,(#2818,#2825),.PCURVE_S1.);
#2814 = LINE('',#2815,#2816);
#2815 = CARTESIAN_POINT('',(35.,46.,284.));
#2816 = VECTOR('',#2817,1.);
#2817 = DIRECTION('',(0.,-1.,0.));
#2818 = PCURVE('',#257,#2819);
#2819 = DEFINITIONAL_REPRESENTATION('',(#2820),#2824);
#2820 = LINE('',#2821,#2822);
#2821 = CARTESIAN_POINT('',(43.104524124505,0.));
#2822 = VECTOR('',#2823,1.);
#2823 = DIRECTION('',(0.,-1.));
#2824 = ( GEOMETRIC_REPRESENTATION_CONTEXT(2) 
PARAMETRIC_REPRESENTATION_CONTEXT() REPRESENTATION_CONTEXT('2D SPACE',''
  ) );
#2825 = PCURVE('',#334,#2826);
#2826 = DEFINITIONAL_REPRESENTATION('',(#2827),#2831);
#2827 = LINE('',#2828,#2829);
#2828 = CARTESIAN_POINT('',(0.,0.));
#2829 = VECTOR('',#2830,1.);
#2830 = DIRECTION('',(0.,-1.));
#2831 = ( GEOMETRIC_REPRESENTATION_CONTEXT(2) 
PARAMETRIC_REPRESENTATION_CONTEXT() REPRESENTATION_CONTEXT('2D SPACE',''
  ) );
#2832 = ORIENTED_EDGE('',*,*,#295,.F.);
#2833 = ADVANCED_FACE('',(#2834),#474,.T.);
#2834 = FACE_BOUND('',#2835,.T.);
#2835 = EDGE_LOOP('',(#2836,#2857,#2858,#2859));
#2836 = ORIENTED_EDGE('',*,*,#2837,.T.);
#2837 = EDGE_CURVE('',#431,#1684,#2838,.T.);
#2838 = SURFACE_CURVE('',#2839,(#2843,#2850),.PCURVE_S1.);
#2839 = LINE('',#2840,#2841);
#2840 = CARTESIAN_POINT('',(75.,46.,250.));
#2841 = VECTOR('',#2842,1.);
#2842 = DIRECTION('',(0.,-1.,0.));
#2843 = PCURVE('',#474,#2844);
#2844 = DEFINITIONAL_REPRESENTATION('',(#2845),#2849);
#2845 = LINE('',#2846,#2847);
#2846 = CARTESIAN_POINT('',(0.,0.));
#2847 = VECTOR('',#2848,1.);
#2848 = DIRECTION('',(-0.,-1.));
#2849 = ( GEOMETRIC_REPRESENTATION_CONTEXT(2) 
PARAMETRIC_REPRESENTATION_CONTEXT() REPRESENTATION_CONTEXT('2D SPACE',''
  ) );
#2850 = PCURVE('',#446,#2851);
#2851 = DEFINITIONAL_REPRESENTATION('',(#2852),#2856);
#2852 = LINE('',#2853,#2854);
#2853 = CARTESIAN_POINT('',(34.525353003264,0.));
#2854 = VECTOR('',#2855,1.);
#2855 = DIRECTION('',(0.,-1.));
#2856 = ( GEOMETRIC_REPRESENTATION_CONTEXT(2) 
PARAMETRIC_REPRESENTATION_CONTEXT() REPRESENTATION_CONTEXT('2D SPACE',''
  ) );
#2857 = ORIENTED_EDGE('',*,*,#1706,.T.);
#2858 = ORIENTED_EDGE('',*,*,#2783,.F.);
#2859 = ORIENTED_EDGE('',*,*,#458,.F.);
#2860 = ADVANCED_FACE('',(#2861),#334,.T.);
#2861 = FACE_BOUND('',#2862,.T.);
#2862 = EDGE_LOOP('',(#2863,#2864,#2865,#2886));
#2863 = ORIENTED_EDGE('',*,*,#2812,.T.);
#2864 = ORIENTED_EDGE('',*,*,#1591,.T.);
#2865 = ORIENTED_EDGE('',*,*,#2866,.F.);
#2866 = EDGE_CURVE('',#319,#1592,#2867,.T.);
#2867 = SURFACE_CURVE('',#2868,(#2872,#2879),.PCURVE_S1.);
#2868 = LINE('',#2869,#2870);
#2869 = CARTESIAN_POINT('',(75.,46.,275.));
#2870 = VECTOR('',#2871,1.);
#2871 = DIRECTION('',(0.,-1.,0.));
#2872 = PCURVE('',#334,#2873);
#2873 = DEFINITIONAL_REPRESENTATION('',(#2874),#2878);
#2874 = LINE('',#2875,#2876);
#2875 = CARTESIAN_POINT('',(41.,0.));
#2876 = VECTOR('',#2877,1.);
#2877 = DIRECTION('',(0.,-1.));
#2878 = ( GEOMETRIC_REPRESENTATION_CONTEXT(2) 
PARAMETRIC_REPRESENTATION_CONTEXT() REPRESENTATION_CONTEXT('2D SPACE',''
  ) );
#2879 = PCURVE('',#362,#2880);
#2880 = DEFINITIONAL_REPRESENTATION('',(#2881),#2885);
#2881 = LINE('',#2882,#2883);
#2882 = CARTESIAN_POINT('',(0.,0.));
#2883 = VECTOR('',#2884,1.);
#2884 = DIRECTION('',(0.,-1.));
#2885 = ( GEOMETRIC_REPRESENTATION_CONTEXT(2) 
PARAMETRIC_REPRESENTATION_CONTEXT() REPRESENTATION_CONTEXT('2D SPACE',''
  ) );
#2886 = ORIENTED_EDGE('',*,*,#318,.F.);
#2887 = ADVANCED_FACE('',(#2888),#446,.T.);
#2888 = FACE_BOUND('',#2889,.T.);
#2889 = EDGE_LOOP('',(#2890,#2911,#2912,#2913));
#2890 = ORIENTED_EDGE('',*,*,#2891,.T.);
#2891 = EDGE_CURVE('',#403,#1661,#2892,.T.);
#2892 = SURFACE_CURVE('',#2893,(#2897,#2904),.PCURVE_S1.);
#2893 = LINE('',#2894,#2895);
#2894 = CARTESIAN_POINT('',(109.,46.,244.));
#2895 = VECTOR('',#2896,1.);
#2896 = DIRECTION('',(0.,-1.,0.));
#2897 = PCURVE('',#446,#2898);
#2898 = DEFINITIONAL_REPRESENTATION('',(#2899),#2903);
#2899 = LINE('',#2900,#2901);
#2900 = CARTESIAN_POINT('',(0.,0.));
#2901 = VECTOR('',#2902,1.);
#2902 = DIRECTION('',(0.,-1.));
#2903 = ( GEOMETRIC_REPRESENTATION_CONTEXT(2) 
PARAMETRIC_REPRESENTATION_CONTEXT() REPRESENTATION_CONTEXT('2D SPACE',''
  ) );
#2904 = PCURVE('',#418,#2905);
#2905 = DEFINITIONAL_REPRESENTATION('',(#2906),#2910);
#2906 = LINE('',#2907,#2908);
#2907 = CARTESIAN_POINT('',(10.770329614269,0.));
#2908 = VECTOR('',#2909,1.);
#2909 = DIRECTION('',(-0.,-1.));
#2910 = ( GEOMETRIC_REPRESENTATION_CONTEXT(2) 
PARAMETRIC_REPRESENTATION_CONTEXT() REPRESENTATION_CONTEXT('2D SPACE',''
  ) );
#2911 = ORIENTED_EDGE('',*,*,#1683,.T.);
#2912 = ORIENTED_EDGE('',*,*,#2837,.F.);
#2913 = ORIENTED_EDGE('',*,*,#430,.F.);
#2914 = ADVANCED_FACE('',(#2915),#362,.T.);
#2915 = FACE_BOUND('',#2916,.T.);
#2916 = EDGE_LOOP('',(#2917,#2918,#2919,#2940));
#2917 = ORIENTED_EDGE('',*,*,#2866,.T.);
#2918 = ORIENTED_EDGE('',*,*,#1614,.T.);
#2919 = ORIENTED_EDGE('',*,*,#2920,.F.);
#2920 = EDGE_CURVE('',#347,#1615,#2921,.T.);
#2921 = SURFACE_CURVE('',#2922,(#2926,#2933),.PCURVE_S1.);
#2922 = LINE('',#2923,#2924);
#2923 = CARTESIAN_POINT('',(114.,46.,259.));
#2924 = VECTOR('',#2925,1.);
#2925 = DIRECTION('',(0.,-1.,0.));
#2926 = PCURVE('',#362,#2927);
#2927 = DEFINITIONAL_REPRESENTATION('',(#2928),#2932);
#2928 = LINE('',#2929,#2930);
#2929 = CARTESIAN_POINT('',(42.154477816716,0.));
#2930 = VECTOR('',#2931,1.);
#2931 = DIRECTION('',(0.,-1.));
#2932 = ( GEOMETRIC_REPRESENTATION_CONTEXT(2) 
PARAMETRIC_REPRESENTATION_CONTEXT() REPRESENTATION_CONTEXT('2D SPACE',''
  ) );
#2933 = PCURVE('',#390,#2934);
#2934 = DEFINITIONAL_REPRESENTATION('',(#2935),#2939);
#2935 = LINE('',#2936,#2937);
#2936 = CARTESIAN_POINT('',(0.,0.));
#2937 = VECTOR('',#2938,1.);
#2938 = DIRECTION('',(0.,-1.));
#2939 = ( GEOMETRIC_REPRESENTATION_CONTEXT(2) 
PARAMETRIC_REPRESENTATION_CONTEXT() REPRESENTATION_CONTEXT('2D SPACE',''
  ) );
#2940 = ORIENTED_EDGE('',*,*,#346,.F.);
#2941 = ADVANCED_FACE('',(#2942),#418,.T.);
#2942 = FACE_BOUND('',#2943,.T.);
#2943 = EDGE_LOOP('',(#2944,#2965,#2966,#2967));
#2944 = ORIENTED_EDGE('',*,*,#2945,.T.);
#2945 = EDGE_CURVE('',#375,#1638,#2946,.T.);
#2946 = SURFACE_CURVE('',#2947,(#2951,#2958),.PCURVE_S1.);
#2947 = LINE('',#2948,#2949);
#2948 = CARTESIAN_POINT('',(119.,46.,248.));
#2949 = VECTOR('',#2950,1.);
#2950 = DIRECTION('',(0.,-1.,0.));
#2951 = PCURVE('',#418,#2952);
#2952 = DEFINITIONAL_REPRESENTATION('',(#2953),#2957);
#2953 = LINE('',#2954,#2955);
#2954 = CARTESIAN_POINT('',(0.,0.));
#2955 = VECTOR('',#2956,1.);
#2956 = DIRECTION('',(-0.,-1.));
#2957 = ( GEOMETRIC_REPRESENTATION_CONTEXT(2) 
PARAMETRIC_REPRESENTATION_CONTEXT() REPRESENTATION_CONTEXT('2D SPACE',''
  ) );
#2958 = PCURVE('',#390,#2959);
#2959 = DEFINITIONAL_REPRESENTATION('',(#2960),#2964);
#2960 = LINE('',#2961,#2962);
#2961 = CARTESIAN_POINT('',(12.083045973595,0.));
#2962 = VECTOR('',#2963,1.);
#2963 = DIRECTION('',(0.,-1.));
#2964 = ( GEOMETRIC_REPRESENTATION_CONTEXT(2) 
PARAMETRIC_REPRESENTATION_CONTEXT() REPRESENTATION_CONTEXT('2D SPACE',''
  ) );
#2965 = ORIENTED_EDGE('',*,*,#1660,.T.);
#2966 = ORIENTED_EDGE('',*,*,#2891,.F.);
#2967 = ORIENTED_EDGE('',*,*,#402,.F.);
#2968 = ADVANCED_FACE('',(#2969),#390,.T.);
#2969 = FACE_BOUND('',#2970,.T.);
#2970 = EDGE_LOOP('',(#2971,#2972,#2973,#2974));
#2971 = ORIENTED_EDGE('',*,*,#2920,.T.);
#2972 = ORIENTED_EDGE('',*,*,#1637,.T.);
#2973 = ORIENTED_EDGE('',*,*,#2945,.F.);
#2974 = ORIENTED_EDGE('',*,*,#374,.F.);
#2975 = ADVANCED_FACE('',(#2976),#824,.T.);
#2976 = FACE_BOUND('',#2977,.T.);
#2977 = EDGE_LOOP('',(#2978,#2979,#3000,#3001));
#2978 = ORIENTED_EDGE('',*,*,#510,.T.);
#2979 = ORIENTED_EDGE('',*,*,#2980,.T.);
#2980 = EDGE_CURVE('',#511,#1754,#2981,.T.);
#2981 = SEAM_CURVE('',#2982,(#2986,#2993),.PCURVE_S1.);
#2982 = LINE('',#2983,#2984);
#2983 = CARTESIAN_POINT('',(25.,47.,253.));
#2984 = VECTOR('',#2985,1.);
#2985 = DIRECTION('',(0.,-1.,0.));
#2986 = PCURVE('',#824,#2987);
#2987 = DEFINITIONAL_REPRESENTATION('',(#2988),#2992);
#2988 = LINE('',#2989,#2990);
#2989 = CARTESIAN_POINT('',(6.28318530718,0.));
#2990 = VECTOR('',#2991,1.);
#2991 = DIRECTION('',(0.,-1.));
#2992 = ( GEOMETRIC_REPRESENTATION_CONTEXT(2) 
PARAMETRIC_REPRESENTATION_CONTEXT() REPRESENTATION_CONTEXT('2D SPACE',''
  ) );
#2993 = PCURVE('',#824,#2994);
#2994 = DEFINITIONAL_REPRESENTATION('',(#2995),#2999);
#2995 = LINE('',#2996,#2997);
#2996 = CARTESIAN_POINT('',(0.,0.));
#2997 = VECTOR('',#2998,1.);
#2998 = DIRECTION('',(0.,-1.));
#2999 = ( GEOMETRIC_REPRESENTATION_CONTEXT(2) 
PARAMETRIC_REPRESENTATION_CONTEXT() REPRESENTATION_CONTEXT('2D SPACE',''
  ) );
#3000 = ORIENTED_EDGE('',*,*,#1753,.F.);
#3001 = ORIENTED_EDGE('',*,*,#2980,.F.);
#3002 = ADVANCED_FACE('',(#3003),#1007,.F.);
#3003 = FACE_BOUND('',#3004,.T.);
#3004 = EDGE_LOOP('',(#3005,#3006,#3027,#3028));
#3005 = ORIENTED_EDGE('',*,*,#990,.T.);
#3006 = ORIENTED_EDGE('',*,*,#3007,.T.);
#3007 = EDGE_CURVE('',#991,#2226,#3008,.T.);
#3008 = SEAM_CURVE('',#3009,(#3013,#3020),.PCURVE_S1.);
#3009 = LINE('',#3010,#3011);
#3010 = CARTESIAN_POINT('',(-4.8,47.,278.));
#3011 = VECTOR('',#3012,1.);
#3012 = DIRECTION('',(0.,-1.,0.));
#3013 = PCURVE('',#1007,#3014);
#3014 = DEFINITIONAL_REPRESENTATION('',(#3015),#3019);
#3015 = LINE('',#3016,#3017);
#3016 = CARTESIAN_POINT('',(-6.28318530718,0.));
#3017 = VECTOR('',#3018,1.);
#3018 = DIRECTION('',(-0.,-1.));
#3019 = ( GEOMETRIC_REPRESENTATION_CONTEXT(2) 
PARAMETRIC_REPRESENTATION_CONTEXT() REPRESENTATION_CONTEXT('2D SPACE',''
  ) );
#3020 = PCURVE('',#1007,#3021);
#3021 = DEFINITIONAL_REPRESENTATION('',(#3022),#3026);
#3022 = LINE('',#3023,#3024);
#3023 = CARTESIAN_POINT('',(-0.,0.));
#3024 = VECTOR('',#3025,1.);
#3025 = DIRECTION('',(-0.,-1.));
#3026 = ( GEOMETRIC_REPRESENTATION_CONTEXT(2) 
PARAMETRIC_REPRESENTATION_CONTEXT() REPRESENTATION_CONTEXT('2D SPACE',''
  ) );
#3027 = ORIENTED_EDGE('',*,*,#2225,.F.);
#3028 = ORIENTED_EDGE('',*,*,#3007,.F.);
#3029 = ADVANCED_FACE('',(#3030),#1038,.F.);
#3030 = FACE_BOUND('',#3031,.T.);
#3031 = EDGE_LOOP('',(#3032,#3033,#3054,#3055));
#3032 = ORIENTED_EDGE('',*,*,#1021,.T.);
#3033 = ORIENTED_EDGE('',*,*,#3034,.T.);
#3034 = EDGE_CURVE('',#1022,#2252,#3035,.T.);
#3035 = SEAM_CURVE('',#3036,(#3040,#3047),.PCURVE_S1.);
#3036 = LINE('',#3037,#3038);
#3037 = CARTESIAN_POINT('',(37.2,47.,280.));
#3038 = VECTOR('',#3039,1.);
#3039 = DIRECTION('',(0.,-1.,0.));
#3040 = PCURVE('',#1038,#3041);
#3041 = DEFINITIONAL_REPRESENTATION('',(#3042),#3046);
#3042 = LINE('',#3043,#3044);
#3043 = CARTESIAN_POINT('',(-6.28318530718,0.));
#3044 = VECTOR('',#3045,1.);
#3045 = DIRECTION('',(-0.,-1.));
#3046 = ( GEOMETRIC_REPRESENTATION_CONTEXT(2) 
PARAMETRIC_REPRESENTATION_CONTEXT() REPRESENTATION_CONTEXT('2D SPACE',''
  ) );
#3047 = PCURVE('',#1038,#3048);
#3048 = DEFINITIONAL_REPRESENTATION('',(#3049),#3053);
#3049 = LINE('',#3050,#3051);
#3050 = CARTESIAN_POINT('',(-0.,0.));
#3051 = VECTOR('',#3052,1.);
#3052 = DIRECTION('',(-0.,-1.));
#3053 = ( GEOMETRIC_REPRESENTATION_CONTEXT(2) 
PARAMETRIC_REPRESENTATION_CONTEXT() REPRESENTATION_CONTEXT('2D SPACE',''
  ) );
#3054 = ORIENTED_EDGE('',*,*,#2251,.F.);
#3055 = ORIENTED_EDGE('',*,*,#3034,.F.);
#3056 = ADVANCED_FACE('',(#3057),#1388,.T.);
#3057 = FACE_BOUND('',#3058,.T.);
#3058 = EDGE_LOOP('',(#3059,#3060,#3081,#3082));
#3059 = ORIENTED_EDGE('',*,*,#1052,.T.);
#3060 = ORIENTED_EDGE('',*,*,#3061,.T.);
#3061 = EDGE_CURVE('',#1053,#2278,#3062,.T.);
#3062 = SEAM_CURVE('',#3063,(#3067,#3074),.PCURVE_S1.);
#3063 = LINE('',#3064,#3065);
#3064 = CARTESIAN_POINT('',(66.,47.,263.));
#3065 = VECTOR('',#3066,1.);
#3066 = DIRECTION('',(0.,-1.,0.));
#3067 = PCURVE('',#1388,#3068);
#3068 = DEFINITIONAL_REPRESENTATION('',(#3069),#3073);
#3069 = LINE('',#3070,#3071);
#3070 = CARTESIAN_POINT('',(6.28318530718,0.));
#3071 = VECTOR('',#3072,1.);
#3072 = DIRECTION('',(0.,-1.));
#3073 = ( GEOMETRIC_REPRESENTATION_CONTEXT(2) 
PARAMETRIC_REPRESENTATION_CONTEXT() REPRESENTATION_CONTEXT('2D SPACE',''
  ) );
#3074 = PCURVE('',#1388,#3075);
#3075 = DEFINITIONAL_REPRESENTATION('',(#3076),#3080);
#3076 = LINE('',#3077,#3078);
#3077 = CARTESIAN_POINT('',(0.,0.));
#3078 = VECTOR('',#3079,1.);
#3079 = DIRECTION('',(0.,-1.));
#3080 = ( GEOMETRIC_REPRESENTATION_CONTEXT(2) 
PARAMETRIC_REPRESENTATION_CONTEXT() REPRESENTATION_CONTEXT('2D SPACE',''
  ) );
#3081 = ORIENTED_EDGE('',*,*,#2277,.F.);
#3082 = ORIENTED_EDGE('',*,*,#3061,.F.);
#3083 = ( GEOMETRIC_REPRESENTATION_CONTEXT(3) 
GLOBAL_UNCERTAINTY_ASSIGNED_CONTEXT((#3087)) 
GLOBAL_UNIT_ASSIGNED_CONTEXT((#3084,#3085,#3086)) REPRESENTATION_CONTEXT
('Context #1','3D Context with UNIT and UNCERTAINTY') );
#3084 = ( LENGTH_UNIT() NAMED_UNIT(*) SI_UNIT(.MILLI.,.METRE.) );
#3085 = ( NAMED_UNIT(*) PLANE_ANGLE_UNIT() SI_UNIT($,.RADIAN.) );
#3086 = ( NAMED_UNIT(*) SI_UNIT($,.STERADIAN.) SOLID_ANGLE_UNIT() );
#3087 = UNCERTAINTY_MEASURE_WITH_UNIT(LENGTH_MEASURE(5.E-07),#3084,
  'distance_accuracy_value','confusion accuracy');
#3088 = PRODUCT_RELATED_PRODUCT_CATEGORY('part',$,(#7));
ENDSEC;
END-ISO-10303-21;
