ISO-10303-21;
HEADER;
FILE_DESCRIPTION(('Open CASCADE Model'),'2;1');
FILE_NAME('Open CASCADE Shape Model','2026-09-09T15:00:12',('Author'),(
    'Open CASCADE'),'Open CASCADE STEP processor 7.9','Open CASCADE 7.9'
  ,'Unknown');
FILE_SCHEMA(('AUTOMOTIVE_DESIGN { 1 0 10303 214 1 1 1 1 }'));
ENDSEC;
DATA;
#1 = APPLICATION_PROTOCOL_DEFINITION('international standard',
  'automotive_design',2000,#2);
#2 = APPLICATION_CONTEXT(
  'core data for automotive mechanical design processes');
#3 = SHAPE_DEFINITION_REPRESENTATION(#4,#10);
#4 = PRODUCT_DEFINITION_SHAPE('','',#5);
#5 = PRODUCT_DEFINITION('design','',#6,#9);
#6 = PRODUCT_DEFINITION_FORMATION('','',#7);
#7 = PRODUCT('Micro_Rex_Retrofit','Micro_Rex_Retrofit','',(#8));
#8 = PRODUCT_CONTEXT('',#2,'mechanical');
#9 = PRODUCT_DEFINITION_CONTEXT('part definition',#2,'design');
#10 = SHAPE_REPRESENTATION('',(#11,#15,#19,#23,#27,#31,#35,#39,#43,#47,
    #51,#55,#59,#63,#67,#71,#75),#79);
#11 = AXIS2_PLACEMENT_3D('',#12,#13,#14);
#12 = CARTESIAN_POINT('',(0.,0.,0.));
#13 = DIRECTION('',(0.,0.,1.));
#14 = DIRECTION('',(1.,0.,-0.));
#15 = AXIS2_PLACEMENT_3D('',#16,#17,#18);
#16 = CARTESIAN_POINT('',(0.,0.,0.));
#17 = DIRECTION('',(0.,0.,1.));
#18 = DIRECTION('',(1.,0.,-0.));
#19 = AXIS2_PLACEMENT_3D('',#20,#21,#22);
#20 = CARTESIAN_POINT('',(0.,0.,0.));
#21 = DIRECTION('',(0.,0.,1.));
#22 = DIRECTION('',(1.,0.,-0.));
#23 = AXIS2_PLACEMENT_3D('',#24,#25,#26);
#24 = CARTESIAN_POINT('',(0.,0.,0.));
#25 = DIRECTION('',(0.,0.,1.));
#26 = DIRECTION('',(1.,0.,-0.));
#27 = AXIS2_PLACEMENT_3D('',#28,#29,#30);
#28 = CARTESIAN_POINT('',(0.,0.,0.));
#29 = DIRECTION('',(0.,0.,1.));
#30 = DIRECTION('',(1.,0.,-0.));
#31 = AXIS2_PLACEMENT_3D('',#32,#33,#34);
#32 = CARTESIAN_POINT('',(0.,0.,0.));
#33 = DIRECTION('',(0.,0.,1.));
#34 = DIRECTION('',(1.,0.,-0.));
#35 = AXIS2_PLACEMENT_3D('',#36,#37,#38);
#36 = CARTESIAN_POINT('',(0.,0.,0.));
#37 = DIRECTION('',(0.,0.,1.));
#38 = DIRECTION('',(1.,0.,-0.));
#39 = AXIS2_PLACEMENT_3D('',#40,#41,#42);
#40 = CARTESIAN_POINT('',(0.,0.,0.));
#41 = DIRECTION('',(0.,0.,1.));
#42 = DIRECTION('',(1.,0.,-0.));
#43 = AXIS2_PLACEMENT_3D('',#44,#45,#46);
#44 = CARTESIAN_POINT('',(0.,0.,0.));
#45 = DIRECTION('',(0.,0.,1.));
#46 = DIRECTION('',(1.,0.,-0.));
#47 = AXIS2_PLACEMENT_3D('',#48,#49,#50);
#48 = CARTESIAN_POINT('',(0.,0.,0.));
#49 = DIRECTION('',(0.,0.,1.));
#50 = DIRECTION('',(1.,0.,-0.));
#51 = AXIS2_PLACEMENT_3D('',#52,#53,#54);
#52 = CARTESIAN_POINT('',(0.,0.,0.));
#53 = DIRECTION('',(0.,0.,1.));
#54 = DIRECTION('',(1.,0.,-0.));
#55 = AXIS2_PLACEMENT_3D('',#56,#57,#58);
#56 = CARTESIAN_POINT('',(0.,0.,0.));
#57 = DIRECTION('',(0.,0.,1.));
#58 = DIRECTION('',(1.,0.,-0.));
#59 = AXIS2_PLACEMENT_3D('',#60,#61,#62);
#60 = CARTESIAN_POINT('',(0.,0.,0.));
#61 = DIRECTION('',(0.,0.,1.));
#62 = DIRECTION('',(1.,0.,-0.));
#63 = AXIS2_PLACEMENT_3D('',#64,#65,#66);
#64 = CARTESIAN_POINT('',(0.,0.,0.));
#65 = DIRECTION('',(0.,0.,1.));
#66 = DIRECTION('',(1.,0.,-0.));
#67 = AXIS2_PLACEMENT_3D('',#68,#69,#70);
#68 = CARTESIAN_POINT('',(0.,0.,0.));
#69 = DIRECTION('',(0.,0.,1.));
#70 = DIRECTION('',(1.,0.,-0.));
#71 = AXIS2_PLACEMENT_3D('',#72,#73,#74);
#72 = CARTESIAN_POINT('',(0.,0.,0.));
#73 = DIRECTION('',(0.,0.,1.));
#74 = DIRECTION('',(1.,0.,-0.));
#75 = AXIS2_PLACEMENT_3D('',#76,#77,#78);
#76 = CARTESIAN_POINT('',(0.,0.,0.));
#77 = DIRECTION('',(0.,0.,1.));
#78 = DIRECTION('',(1.,0.,-0.));
#79 = ( GEOMETRIC_REPRESENTATION_CONTEXT(3) 
GLOBAL_UNCERTAINTY_ASSIGNED_CONTEXT((#83)) GLOBAL_UNIT_ASSIGNED_CONTEXT(
(#80,#81,#82)) REPRESENTATION_CONTEXT('Context #1',
  '3D Context with UNIT and UNCERTAINTY') );
#80 = ( LENGTH_UNIT() NAMED_UNIT(*) SI_UNIT(.MILLI.,.METRE.) );
#81 = ( NAMED_UNIT(*) PLANE_ANGLE_UNIT() SI_UNIT($,.RADIAN.) );
#82 = ( NAMED_UNIT(*) SI_UNIT($,.STERADIAN.) SOLID_ANGLE_UNIT() );
#83 = UNCERTAINTY_MEASURE_WITH_UNIT(LENGTH_MEASURE(5.E-07),#80,
  'distance_accuracy_value','confusion accuracy');
#84 = PRODUCT_RELATED_PRODUCT_CATEGORY('part',$,(#7));
#85 = SHAPE_DEFINITION_REPRESENTATION(#86,#92);
#86 = PRODUCT_DEFINITION_SHAPE('','',#87);
#87 = PRODUCT_DEFINITION('design','',#88,#91);
#88 = PRODUCT_DEFINITION_FORMATION('','',#89);
#89 = PRODUCT('skull_cheek_left','skull_cheek_left','',(#90));
#90 = PRODUCT_CONTEXT('',#2,'mechanical');
#91 = PRODUCT_DEFINITION_CONTEXT('part definition',#2,'design');
#92 = ADVANCED_BREP_SHAPE_REPRESENTATION('',(#11,#93),#2545);
#93 = MANIFOLD_SOLID_BREP('',#94);
#94 = CLOSED_SHELL('',(#95,#292,#1385,#1417,#2464,#2491,#2518));
#95 = ADVANCED_FACE('',(#96),#124,.T.);
#96 = FACE_BOUND('',#97,.T.);
#97 = EDGE_LOOP('',(#98,#175,#209,#265));
#98 = ORIENTED_EDGE('',*,*,#99,.T.);
#99 = EDGE_CURVE('',#100,#102,#104,.T.);
#100 = VERTEX_POINT('',#101);
#101 = CARTESIAN_POINT('',(-6.958248991692,46.,278.72232878242));
#102 = VERTEX_POINT('',#103);
#103 = CARTESIAN_POINT('',(-6.139682707192,46.,279.19184258243));
#104 = SURFACE_CURVE('',#105,(#123,#149),.PCURVE_S1.);
#105 = B_SPLINE_CURVE_WITH_KNOTS('',3,(#106,#107,#108,#109,#110,#111,
    #112,#113,#114,#115,#116,#117,#118,#119,#120,#121,#122),
  .UNSPECIFIED.,.F.,.F.,(4,1,2,1,1,1,1,1,1,1,1,1,1,4),(0.,
    11.913417860174,32.309495914545,49.802351599081,73.989124843977,
    106.54676603617,127.16229416426,149.25301619864,162.66942406363,
    180.69718044095,207.1168700682,236.54474800732,272.60026076196,
    279.18579573069),.UNSPECIFIED.);
#106 = CARTESIAN_POINT('',(-6.958248991692,46.,278.72232878242));
#107 = CARTESIAN_POINT('',(-10.4744649582,46.,276.64985445225));
#108 = CARTESIAN_POINT('',(-19.04402926464,46.,269.61126749912));
#109 = CARTESIAN_POINT('',(-21.77260788701,46.,259.1951865839));
#110 = CARTESIAN_POINT('',(-18.47970899747,46.,243.97133420268));
#111 = CARTESIAN_POINT('',(-11.41125275279,46.,231.75166535716));
#112 = CARTESIAN_POINT('',(16.816164978655,46.,233.10011911869));
#113 = CARTESIAN_POINT('',(41.478822832731,46.,234.89496939925));
#114 = CARTESIAN_POINT('',(64.393400413523,46.,251.09360736048));
#115 = CARTESIAN_POINT('',(81.79460606247,46.,241.87720595232));
#116 = CARTESIAN_POINT('',(104.2980913048,46.,250.79844931036));
#117 = CARTESIAN_POINT('',(84.552409335356,46.,270.24608744189));
#118 = CARTESIAN_POINT('',(65.242177135659,46.,280.6716446839));
#119 = CARTESIAN_POINT('',(33.656972576286,46.,284.47098300593));
#120 = CARTESIAN_POINT('',(9.243917949974,46.,286.37684449663));
#121 = CARTESIAN_POINT('',(-4.167069098292,46.,280.29274320304));
#122 = CARTESIAN_POINT('',(-6.139682707192,46.,279.19184258243));
#123 = PCURVE('',#124,#143);
#124 = SURFACE_OF_LINEAR_EXTRUSION('',#125,#141);
#125 = B_SPLINE_CURVE_WITH_KNOTS('',3,(#126,#127,#128,#129,#130,#131,
    #132,#133,#134,#135,#136,#137,#138,#139,#140),.UNSPECIFIED.,.T.,.F.,
  (1,1,2,1,1,1,1,1,1,1,1,1,1,1,2,1,1),(-41.67962892943,-17.49285568453,
    0.,20.396078054371,39.812565893319,75.868078647959,105.29595658708,
    131.71564621432,149.74340259164,163.15981045664,185.25053249102,
    205.86606061911,238.42370181131,262.6104750562,280.10333074074,
    300.49940879511,319.91589663406),.UNSPECIFIED.);
#126 = CARTESIAN_POINT('',(-18.47970899747,46.,243.97133420268));
#127 = CARTESIAN_POINT('',(-21.77260788701,46.,259.1951865839));
#128 = CARTESIAN_POINT('',(-18.41038532292,46.,272.030141016));
#129 = CARTESIAN_POINT('',(4.897484997785,46.,286.71615882302));
#130 = CARTESIAN_POINT('',(33.656972576286,46.,284.47098300593));
#131 = CARTESIAN_POINT('',(65.242177135659,46.,280.6716446839));
#132 = CARTESIAN_POINT('',(84.552409335356,46.,270.24608744189));
#133 = CARTESIAN_POINT('',(104.2980913048,46.,250.79844931036));
#134 = CARTESIAN_POINT('',(81.79460606247,46.,241.87720595232));
#135 = CARTESIAN_POINT('',(64.393400413523,46.,251.09360736048));
#136 = CARTESIAN_POINT('',(41.478822832731,46.,234.89496939925));
#137 = CARTESIAN_POINT('',(16.816164978655,46.,233.10011911869));
#138 = CARTESIAN_POINT('',(-11.41125275279,46.,231.75166535716));
#139 = CARTESIAN_POINT('',(-18.47970899747,46.,243.97133420268));
#140 = CARTESIAN_POINT('',(-21.77260788701,46.,259.1951865839));
#141 = VECTOR('',#142,1.);
#142 = DIRECTION('',(-0.,1.,-0.));
#143 = DEFINITIONAL_REPRESENTATION('',(#144),#148);
#144 = LINE('',#145,#146);
#145 = CARTESIAN_POINT('',(312.41282665528,0.));
#146 = VECTOR('',#147,1.);
#147 = DIRECTION('',(-1.,0.));
#148 = ( GEOMETRIC_REPRESENTATION_CONTEXT(2) 
PARAMETRIC_REPRESENTATION_CONTEXT() REPRESENTATION_CONTEXT('2D SPACE',''
  ) );
#149 = PCURVE('',#150,#155);
#150 = PLANE('',#151);
#151 = AXIS2_PLACEMENT_3D('',#152,#153,#154);
#152 = CARTESIAN_POINT('',(35.699889311144,46.,258.66598555161));
#153 = DIRECTION('',(0.,1.,0.));
#154 = DIRECTION('',(0.,-0.,1.));
#155 = DEFINITIONAL_REPRESENTATION('',(#156),#174);
#156 = B_SPLINE_CURVE_WITH_KNOTS('',3,(#157,#158,#159,#160,#161,#162,
    #163,#164,#165,#166,#167,#168,#169,#170,#171,#172,#173),
  .UNSPECIFIED.,.F.,.F.,(4,1,2,1,1,1,1,1,1,1,1,1,1,4),(0.,
    11.913417860174,32.309495914545,49.802351599081,73.989124843977,
    106.54676603617,127.16229416426,149.25301619864,162.66942406363,
    180.69718044095,207.1168700682,236.54474800732,272.60026076196,
    279.18579573069),.UNSPECIFIED.);
#157 = CARTESIAN_POINT('',(20.056343230811,-42.65813830283));
#158 = CARTESIAN_POINT('',(17.983868900638,-46.17435426935));
#159 = CARTESIAN_POINT('',(10.94528194751,-54.74391857578));
#160 = CARTESIAN_POINT('',(0.529201032289,-57.47249719816));
#161 = CARTESIAN_POINT('',(-14.69465134892,-54.17959830862));
#162 = CARTESIAN_POINT('',(-26.91432019444,-47.11114206393));
#163 = CARTESIAN_POINT('',(-25.56586643292,-18.88372433248));
#164 = CARTESIAN_POINT('',(-23.77101615236,5.778933521587));
#165 = CARTESIAN_POINT('',(-7.572378191133,28.693511102379));
#166 = CARTESIAN_POINT('',(-16.78877959928,46.094716751326));
#167 = CARTESIAN_POINT('',(-7.867536241253,68.598201993657));
#168 = CARTESIAN_POINT('',(11.580101890276,48.852520024212));
#169 = CARTESIAN_POINT('',(22.005659132287,29.542287824515));
#170 = CARTESIAN_POINT('',(25.804997454319,-2.042916734858));
#171 = CARTESIAN_POINT('',(27.710858945023,-26.45597136117));
#172 = CARTESIAN_POINT('',(21.626757651433,-39.86695840943));
#173 = CARTESIAN_POINT('',(20.525857030823,-41.83957201833));
#174 = ( GEOMETRIC_REPRESENTATION_CONTEXT(2) 
PARAMETRIC_REPRESENTATION_CONTEXT() REPRESENTATION_CONTEXT('2D SPACE',''
  ) );
#175 = ORIENTED_EDGE('',*,*,#176,.F.);
#176 = EDGE_CURVE('',#177,#102,#179,.T.);
#177 = VERTEX_POINT('',#178);
#178 = CARTESIAN_POINT('',(-6.139682707192,44.,279.19184258243));
#179 = SURFACE_CURVE('',#180,(#186,#195),.PCURVE_S1.);
#180 = B_SPLINE_CURVE_WITH_KNOTS('',4,(#181,#182,#183,#184,#185),
  .UNSPECIFIED.,.F.,.F.,(5,5),(0.,1.),.PIECEWISE_BEZIER_KNOTS.);
#181 = CARTESIAN_POINT('',(-6.139682707192,43.9999994,279.19184258243));
#182 = CARTESIAN_POINT('',(-6.139682707192,44.4999997,279.19184258243));
#183 = CARTESIAN_POINT('',(-6.139682707192,45.,279.19184258243));
#184 = CARTESIAN_POINT('',(-6.139682707192,45.5000003,279.19184258243));
#185 = CARTESIAN_POINT('',(-6.139682707192,46.0000006,279.19184258243));
#186 = PCURVE('',#124,#187);
#187 = DEFINITIONAL_REPRESENTATION('',(#188),#194);
#188 = B_SPLINE_CURVE_WITH_KNOTS('',4,(#189,#190,#191,#192,#193),
  .UNSPECIFIED.,.F.,.F.,(5,5),(2.999998199532E-07,0.9999997),
  .PIECEWISE_BEZIER_KNOTS.);
#189 = CARTESIAN_POINT('',(33.227030924589,-2.));
#190 = CARTESIAN_POINT('',(33.227030924589,-1.5));
#191 = CARTESIAN_POINT('',(33.227030924589,-1.));
#192 = CARTESIAN_POINT('',(33.227030924589,-0.5));
#193 = CARTESIAN_POINT('',(33.227030924589,-6.547511742717E-17));
#194 = ( GEOMETRIC_REPRESENTATION_CONTEXT(2) 
PARAMETRIC_REPRESENTATION_CONTEXT() REPRESENTATION_CONTEXT('2D SPACE',''
  ) );
#195 = PCURVE('',#196,#201);
#196 = CYLINDRICAL_SURFACE('',#197,1.2);
#197 = AXIS2_PLACEMENT_3D('',#198,#199,#200);
#198 = CARTESIAN_POINT('',(-6.,47.,278.));
#199 = DIRECTION('',(-0.,1.,-0.));
#200 = DIRECTION('',(1.,0.,0.));
#201 = DEFINITIONAL_REPRESENTATION('',(#202),#208);
#202 = B_SPLINE_CURVE_WITH_KNOTS('',4,(#203,#204,#205,#206,#207),
  .UNSPECIFIED.,.F.,.F.,(5,5),(2.999998199532E-07,0.9999997),
  .PIECEWISE_BEZIER_KNOTS.);
#203 = CARTESIAN_POINT('',(-7.970648370882,-3.));
#204 = CARTESIAN_POINT('',(-7.970648370882,-2.5));
#205 = CARTESIAN_POINT('',(-7.970648370881,-2.));
#206 = CARTESIAN_POINT('',(-7.970648370882,-1.5));
#207 = CARTESIAN_POINT('',(-7.970648370882,-1.));
#208 = ( GEOMETRIC_REPRESENTATION_CONTEXT(2) 
PARAMETRIC_REPRESENTATION_CONTEXT() REPRESENTATION_CONTEXT('2D SPACE',''
  ) );
#209 = ORIENTED_EDGE('',*,*,#210,.T.);
#210 = EDGE_CURVE('',#177,#211,#213,.T.);
#211 = VERTEX_POINT('',#212);
#212 = CARTESIAN_POINT('',(-6.958248991692,44.,278.72232878242));
#213 = SURFACE_CURVE('',#214,(#232,#239),.PCURVE_S1.);
#214 = B_SPLINE_CURVE_WITH_KNOTS('',3,(#215,#216,#217,#218,#219,#220,
    #221,#222,#223,#224,#225,#226,#227,#228,#229,#230,#231),
  .UNSPECIFIED.,.F.,.F.,(4,1,1,1,1,1,1,1,1,1,1,2,1,4),(33.227030924589,
    39.812565893319,75.868078647959,105.29595658708,131.71564621432,
    149.74340259164,163.15981045664,185.25053249102,205.86606061911,
    238.42370181131,262.6104750562,280.10333074074,300.49940879511,
    312.41282665528),.UNSPECIFIED.);
#215 = CARTESIAN_POINT('',(-6.139682707192,44.,279.19184258243));
#216 = CARTESIAN_POINT('',(-4.167069098292,44.,280.29274320304));
#217 = CARTESIAN_POINT('',(9.243917949974,44.,286.37684449663));
#218 = CARTESIAN_POINT('',(33.656972576286,44.,284.47098300593));
#219 = CARTESIAN_POINT('',(65.242177135659,44.,280.6716446839));
#220 = CARTESIAN_POINT('',(84.552409335356,44.,270.24608744189));
#221 = CARTESIAN_POINT('',(104.2980913048,44.,250.79844931036));
#222 = CARTESIAN_POINT('',(81.79460606247,44.,241.87720595232));
#223 = CARTESIAN_POINT('',(64.393400413523,44.,251.09360736048));
#224 = CARTESIAN_POINT('',(41.478822832731,44.,234.89496939925));
#225 = CARTESIAN_POINT('',(16.816164978655,44.,233.10011911869));
#226 = CARTESIAN_POINT('',(-11.41125275279,44.,231.75166535716));
#227 = CARTESIAN_POINT('',(-18.47970899747,44.,243.97133420268));
#228 = CARTESIAN_POINT('',(-21.77260788701,44.,259.1951865839));
#229 = CARTESIAN_POINT('',(-19.04402926464,44.,269.61126749912));
#230 = CARTESIAN_POINT('',(-10.4744649582,44.,276.64985445225));
#231 = CARTESIAN_POINT('',(-6.958248991692,44.,278.72232878242));
#232 = PCURVE('',#124,#233);
#233 = DEFINITIONAL_REPRESENTATION('',(#234),#238);
#234 = LINE('',#235,#236);
#235 = CARTESIAN_POINT('',(0.,-2.));
#236 = VECTOR('',#237,1.);
#237 = DIRECTION('',(1.,0.));
#238 = ( GEOMETRIC_REPRESENTATION_CONTEXT(2) 
PARAMETRIC_REPRESENTATION_CONTEXT() REPRESENTATION_CONTEXT('2D SPACE',''
  ) );
#239 = PCURVE('',#240,#245);
#240 = PLANE('',#241);
#241 = AXIS2_PLACEMENT_3D('',#242,#243,#244);
#242 = CARTESIAN_POINT('',(35.699889311144,44.,258.66598555161));
#243 = DIRECTION('',(0.,1.,0.));
#244 = DIRECTION('',(0.,-0.,1.));
#245 = DEFINITIONAL_REPRESENTATION('',(#246),#264);
#246 = B_SPLINE_CURVE_WITH_KNOTS('',3,(#247,#248,#249,#250,#251,#252,
    #253,#254,#255,#256,#257,#258,#259,#260,#261,#262,#263),
  .UNSPECIFIED.,.F.,.F.,(4,1,1,1,1,1,1,1,1,1,1,2,1,4),(33.227030924589,
    39.812565893319,75.868078647959,105.29595658708,131.71564621432,
    149.74340259164,163.15981045664,185.25053249102,205.86606061911,
    238.42370181131,262.6104750562,280.10333074074,300.49940879511,
    312.41282665528),.UNSPECIFIED.);
#247 = CARTESIAN_POINT('',(20.525857030823,-41.83957201833));
#248 = CARTESIAN_POINT('',(21.626757651433,-39.86695840943));
#249 = CARTESIAN_POINT('',(27.710858945023,-26.45597136117));
#250 = CARTESIAN_POINT('',(25.804997454319,-2.042916734858));
#251 = CARTESIAN_POINT('',(22.005659132287,29.542287824515));
#252 = CARTESIAN_POINT('',(11.580101890276,48.852520024212));
#253 = CARTESIAN_POINT('',(-7.867536241253,68.598201993657));
#254 = CARTESIAN_POINT('',(-16.78877959928,46.094716751326));
#255 = CARTESIAN_POINT('',(-7.572378191133,28.693511102379));
#256 = CARTESIAN_POINT('',(-23.77101615236,5.778933521587));
#257 = CARTESIAN_POINT('',(-25.56586643292,-18.88372433248));
#258 = CARTESIAN_POINT('',(-26.91432019444,-47.11114206393));
#259 = CARTESIAN_POINT('',(-14.69465134892,-54.17959830862));
#260 = CARTESIAN_POINT('',(0.529201032289,-57.47249719816));
#261 = CARTESIAN_POINT('',(10.94528194751,-54.74391857578));
#262 = CARTESIAN_POINT('',(17.983868900638,-46.17435426935));
#263 = CARTESIAN_POINT('',(20.056343230811,-42.65813830283));
#264 = ( GEOMETRIC_REPRESENTATION_CONTEXT(2) 
PARAMETRIC_REPRESENTATION_CONTEXT() REPRESENTATION_CONTEXT('2D SPACE',''
  ) );
#265 = ORIENTED_EDGE('',*,*,#266,.T.);
#266 = EDGE_CURVE('',#211,#100,#267,.T.);
#267 = SURFACE_CURVE('',#268,(#274,#283),.PCURVE_S1.);
#268 = B_SPLINE_CURVE_WITH_KNOTS('',4,(#269,#270,#271,#272,#273),
  .UNSPECIFIED.,.F.,.F.,(5,5),(0.,1.),.PIECEWISE_BEZIER_KNOTS.);
#269 = CARTESIAN_POINT('',(-6.958248991692,43.9999994,278.72232878242));
#270 = CARTESIAN_POINT('',(-6.958248991692,44.4999997,278.72232878242));
#271 = CARTESIAN_POINT('',(-6.958248991692,45.,278.72232878242));
#272 = CARTESIAN_POINT('',(-6.958248991692,45.5000003,278.72232878242));
#273 = CARTESIAN_POINT('',(-6.958248991692,46.0000006,278.72232878242));
#274 = PCURVE('',#124,#275);
#275 = DEFINITIONAL_REPRESENTATION('',(#276),#282);
#276 = B_SPLINE_CURVE_WITH_KNOTS('',4,(#277,#278,#279,#280,#281),
  .UNSPECIFIED.,.F.,.F.,(5,5),(2.999998199532E-07,0.9999997),
  .PIECEWISE_BEZIER_KNOTS.);
#277 = CARTESIAN_POINT('',(312.41282665528,-2.));
#278 = CARTESIAN_POINT('',(312.41282665528,-1.5));
#279 = CARTESIAN_POINT('',(312.41282665528,-1.));
#280 = CARTESIAN_POINT('',(312.41282665528,-0.5));
#281 = CARTESIAN_POINT('',(312.41282665528,-6.547511742717E-17));
#282 = ( GEOMETRIC_REPRESENTATION_CONTEXT(2) 
PARAMETRIC_REPRESENTATION_CONTEXT() REPRESENTATION_CONTEXT('2D SPACE',''
  ) );
#283 = PCURVE('',#196,#284);
#284 = DEFINITIONAL_REPRESENTATION('',(#285),#291);
#285 = B_SPLINE_CURVE_WITH_KNOTS('',4,(#286,#287,#288,#289,#290),
  .UNSPECIFIED.,.F.,.F.,(5,5),(2.999998199532E-07,0.9999997),
  .PIECEWISE_BEZIER_KNOTS.);
#286 = CARTESIAN_POINT('',(-2.49566351664,-3.));
#287 = CARTESIAN_POINT('',(-2.49566351664,-2.5));
#288 = CARTESIAN_POINT('',(-2.49566351664,-2.));
#289 = CARTESIAN_POINT('',(-2.49566351664,-1.5));
#290 = CARTESIAN_POINT('',(-2.49566351664,-1.));
#291 = ( GEOMETRIC_REPRESENTATION_CONTEXT(2) 
PARAMETRIC_REPRESENTATION_CONTEXT() REPRESENTATION_CONTEXT('2D SPACE',''
  ) );
#292 = ADVANCED_FACE('',(#293,#322,#820,#851),#150,.T.);
#293 = FACE_BOUND('',#294,.T.);
#294 = EDGE_LOOP('',(#295,#321));
#295 = ORIENTED_EDGE('',*,*,#296,.T.);
#296 = EDGE_CURVE('',#100,#102,#297,.T.);
#297 = SURFACE_CURVE('',#298,(#303,#314),.PCURVE_S1.);
#298 = CIRCLE('',#299,1.2);
#299 = AXIS2_PLACEMENT_3D('',#300,#301,#302);
#300 = CARTESIAN_POINT('',(-6.,46.,278.));
#301 = DIRECTION('',(5.921189464667E-15,-1.,-1.981720178251E-15));
#302 = DIRECTION('',(-0.79854082641,-5.921189464668E-15,0.601940652022)
  );
#303 = PCURVE('',#150,#304);
#304 = DEFINITIONAL_REPRESENTATION('',(#305),#313);
#305 = ( BOUNDED_CURVE() B_SPLINE_CURVE(2,(#306,#307,#308,#309,#310,#311
,#312),.UNSPECIFIED.,.T.,.F.) B_SPLINE_CURVE_WITH_KNOTS((1,2,2,2,2,1),(
    -2.094395102393,0.,2.094395102393,4.188790204786,6.28318530718,
8.377580409573),.UNSPECIFIED.) CURVE() GEOMETRIC_REPRESENTATION_ITEM() 
RATIONAL_B_SPLINE_CURVE((1.,0.5,1.,0.5,1.,0.5,1.)) REPRESENTATION_ITEM(
  '') );
#306 = CARTESIAN_POINT('',(20.056343230811,-42.65813830283));
#307 = CARTESIAN_POINT('',(18.396607290899,-43.90924845376));
#308 = CARTESIAN_POINT('',(18.142982087216,-41.84631989076));
#309 = CARTESIAN_POINT('',(17.889356883533,-39.78339132776));
#310 = CARTESIAN_POINT('',(19.802718027129,-40.59520973983));
#311 = CARTESIAN_POINT('',(21.716079170724,-41.4070281519));
#312 = CARTESIAN_POINT('',(20.056343230811,-42.65813830283));
#313 = ( GEOMETRIC_REPRESENTATION_CONTEXT(2) 
PARAMETRIC_REPRESENTATION_CONTEXT() REPRESENTATION_CONTEXT('2D SPACE',''
  ) );
#314 = PCURVE('',#196,#315);
#315 = DEFINITIONAL_REPRESENTATION('',(#316),#320);
#316 = LINE('',#317,#318);
#317 = CARTESIAN_POINT('',(-2.49566351664,-1.));
#318 = VECTOR('',#319,1.);
#319 = DIRECTION('',(-1.,-0.));
#320 = ( GEOMETRIC_REPRESENTATION_CONTEXT(2) 
PARAMETRIC_REPRESENTATION_CONTEXT() REPRESENTATION_CONTEXT('2D SPACE',''
  ) );
#321 = ORIENTED_EDGE('',*,*,#99,.F.);
#322 = FACE_BOUND('',#323,.T.);
#323 = EDGE_LOOP('',(#324));
#324 = ORIENTED_EDGE('',*,*,#325,.F.);
#325 = EDGE_CURVE('',#326,#326,#328,.T.);
#326 = VERTEX_POINT('',#327);
#327 = CARTESIAN_POINT('',(-5.,46.,262.));
#328 = SURFACE_CURVE('',#329,(#488,#650),.PCURVE_S1.);
#329 = B_SPLINE_CURVE_WITH_KNOTS('',7,(#330,#331,#332,#333,#334,#335,
    #336,#337,#338,#339,#340,#341,#342,#343,#344,#345,#346,#347,#348,
    #349,#350,#351,#352,#353,#354,#355,#356,#357,#358,#359,#360,#361,
    #362,#363,#364,#365,#366,#367,#368,#369,#370,#371,#372,#373,#374,
    #375,#376,#377,#378,#379,#380,#381,#382,#383,#384,#385,#386,#387,
    #388,#389,#390,#391,#392,#393,#394,#395,#396,#397,#398,#399,#400,
    #401,#402,#403,#404,#405,#406,#407,#408,#409,#410,#411,#412,#413,
    #414,#415,#416,#417,#418,#419,#420,#421,#422,#423,#424,#425,#426,
    #427,#428,#429,#430,#431,#432,#433,#434,#435,#436,#437,#438,#439,
    #440,#441,#442,#443,#444,#445,#446,#447,#448,#449,#450,#451,#452,
    #453,#454,#455,#456,#457,#458,#459,#460,#461,#462,#463,#464,#465,
    #466,#467,#468,#469,#470,#471,#472,#473,#474,#475,#476,#477,#478,
    #479,#480,#481,#482,#483,#484,#485,#486,#487),.UNSPECIFIED.,.T.,.F.,
  (8,6,6,6,6,6,6,6,6,6,6,6,6,6,6,6,6,6,6,6,6,6,6,6,6,6,8),(0.,
    5.945174336054E-02,9.456263493245E-02,0.137657873449,0.169133184986,
    0.191730587336,0.249993987442,0.308257387547,0.330854789897,
    0.362330101434,0.40542533995,0.440536231522,0.459774223609,
    0.500002069417,0.527612075977,0.55946855834,0.594579068159,
    0.637673838109,0.669148807421,0.691745964074,0.750008730693,
    0.808271497313,0.830868653966,0.862343623278,0.905438393228,
    0.940548903047,1.),.UNSPECIFIED.);
#330 = CARTESIAN_POINT('',(-5.,46.,262.));
#331 = CARTESIAN_POINT('',(-4.51893639989,46.,262.));
#332 = CARTESIAN_POINT('',(-4.037673085679,46.,261.95781349017));
#333 = CARTESIAN_POINT('',(-3.56109461525,46.,261.87337873122));
#334 = CARTESIAN_POINT('',(-3.093380412925,46.,261.74807656389));
#335 = CARTESIAN_POINT('',(-2.638130382215,46.,261.58413280888));
#336 = CARTESIAN_POINT('',(-2.198405063159,46.,261.38443818858));
#337 = CARTESIAN_POINT('',(-1.527727433813,46.,261.01538200257));
#338 = CARTESIAN_POINT('',(-1.284910828277,46.,260.86702180848));
#339 = CARTESIAN_POINT('',(-1.04874570635,46.,260.70797274725));
#340 = CARTESIAN_POINT('',(-0.819585702639,46.,260.53889457891));
#341 = CARTESIAN_POINT('',(-0.597705974672,46.,260.36044410303));
#342 = CARTESIAN_POINT('',(-0.383315056155,46.,260.17325868067));
#343 = CARTESIAN_POINT('',(7.720375588089E-02,46.,259.73821491733));
#344 = CARTESIAN_POINT('',(0.319451511549,46.,259.48624877351));
#345 = CARTESIAN_POINT('',(0.549922053906,46.,259.223150735));
#346 = CARTESIAN_POINT('',(0.768455438203,46.,258.94997044361));
#347 = CARTESIAN_POINT('',(0.97497151041,46.,258.66768800451));
#348 = CARTESIAN_POINT('',(1.169452096076,46.,258.37719957896));
#349 = CARTESIAN_POINT('',(1.485193933229,46.,257.86172932665));
#350 = CARTESIAN_POINT('',(1.612054523404,46.,257.64021039459));
#351 = CARTESIAN_POINT('',(1.73251394922,46.,257.41506038842));
#352 = CARTESIAN_POINT('',(1.846588106954,46.,257.18657672777));
#353 = CARTESIAN_POINT('',(1.954298364279,46.,256.95503937595));
#354 = CARTESIAN_POINT('',(2.055670124904,46.,256.7207101717));
#355 = CARTESIAN_POINT('',(2.21897973208,46.,256.31376783249));
#356 = CARTESIAN_POINT('',(2.28397478823,46.,256.142391077));
#357 = CARTESIAN_POINT('',(2.34572681088,46.,255.96979257229));
#358 = CARTESIAN_POINT('',(2.404245907837,46.,255.79605972985));
#359 = CARTESIAN_POINT('',(2.459542045496,46.,255.62127669489));
#360 = CARTESIAN_POINT('',(2.511625048839,46.,255.44552434627));
#361 = CARTESIAN_POINT('',(2.686531871563,46.,254.81343489684));
#362 = CARTESIAN_POINT('',(2.791254256868,46.,254.352093257));
#363 = CARTESIAN_POINT('',(2.874851852083,46.,253.8861434385));
#364 = CARTESIAN_POINT('',(2.937452221756,46.,253.41681403137));
#365 = CARTESIAN_POINT('',(2.979149230156,46.,252.94527795121));
#366 = CARTESIAN_POINT('',(3.,46.,252.47265311561));
#367 = CARTESIAN_POINT('',(3.,46.,251.52734688438));
#368 = CARTESIAN_POINT('',(2.979149230156,46.,251.05472204878));
#369 = CARTESIAN_POINT('',(2.937452221756,46.,250.58318596863));
#370 = CARTESIAN_POINT('',(2.874851852084,46.,250.11385656149));
#371 = CARTESIAN_POINT('',(2.791254256869,46.,249.64790674299));
#372 = CARTESIAN_POINT('',(2.686531871563,46.,249.18656510315));
#373 = CARTESIAN_POINT('',(2.51162504884,46.,248.55447565372));
#374 = CARTESIAN_POINT('',(2.459542045496,46.,248.3787233051));
#375 = CARTESIAN_POINT('',(2.404245907838,46.,248.20394027014));
#376 = CARTESIAN_POINT('',(2.345726810881,46.,248.0302074277));
#377 = CARTESIAN_POINT('',(2.283974788231,46.,247.85760892299));
#378 = CARTESIAN_POINT('',(2.218979732081,46.,247.68623216751));
#379 = CARTESIAN_POINT('',(2.055670124905,46.,247.27928982829));
#380 = CARTESIAN_POINT('',(1.954298364279,46.,247.04496062404));
#381 = CARTESIAN_POINT('',(1.846588106955,46.,246.81342327222));
#382 = CARTESIAN_POINT('',(1.732513949221,46.,246.58493961157));
#383 = CARTESIAN_POINT('',(1.612054523405,46.,246.3597896054));
#384 = CARTESIAN_POINT('',(1.48519393323,46.,246.13827067334));
#385 = CARTESIAN_POINT('',(1.169452096077,46.,245.62280042103));
#386 = CARTESIAN_POINT('',(0.974971510411,46.,245.33231199548));
#387 = CARTESIAN_POINT('',(0.768455438204,46.,245.05002955638));
#388 = CARTESIAN_POINT('',(0.549922053907,46.,244.77684926499));
#389 = CARTESIAN_POINT('',(0.31945151155,46.,244.51375122649));
#390 = CARTESIAN_POINT('',(7.720375588208E-02,46.,244.26178508266));
#391 = CARTESIAN_POINT('',(-0.383315056153,46.,243.82674131932));
#392 = CARTESIAN_POINT('',(-0.597705974671,46.,243.63955589696));
#393 = CARTESIAN_POINT('',(-0.819585702637,46.,243.46110542108));
#394 = CARTESIAN_POINT('',(-1.048745706348,46.,243.29202725274));
#395 = CARTESIAN_POINT('',(-1.284910828276,46.,243.13297819151));
#396 = CARTESIAN_POINT('',(-1.527727433812,46.,242.98461799742));
#397 = CARTESIAN_POINT('',(-1.913192374336,46.,242.77250682125));
#398 = CARTESIAN_POINT('',(-2.051498462091,46.,242.70082723427));
#399 = CARTESIAN_POINT('',(-2.191592146545,46.,242.63265547663));
#400 = CARTESIAN_POINT('',(-2.333391156254,46.,242.56809533526));
#401 = CARTESIAN_POINT('',(-2.476805023896,46.,242.50724714966));
#402 = CARTESIAN_POINT('',(-2.621734530834,46.,242.45020654133));
#403 = CARTESIAN_POINT('',(-3.074070186981,46.,242.28593697087));
#404 = CARTESIAN_POINT('',(-3.386272314858,46.,242.19183301985));
#405 = CARTESIAN_POINT('',(-3.703618823503,46.,242.1156060664));
#406 = CARTESIAN_POINT('',(-4.024958832048,46.,242.05793418126));
#407 = CARTESIAN_POINT('',(-4.349048126467,46.,242.01930865638));
#408 = CARTESIAN_POINT('',(-4.67454455741,46.,242.));
#409 = CARTESIAN_POINT('',(-5.223373305833,46.,242.));
#410 = CARTESIAN_POINT('',(-5.446753898627,46.,242.00909575187));
#411 = CARTESIAN_POINT('',(-5.669686402323,46.,242.02728757355));
#412 = CARTESIAN_POINT('',(-5.891731800023,46.,242.05451833699));
#413 = CARTESIAN_POINT('',(-6.112467203937,46.,242.09067744521));
#414 = CARTESIAN_POINT('',(-6.331485625318,46.,242.13560480933));
#415 = CARTESIAN_POINT('',(-6.798667086002,46.,242.25081171632));
#416 = CARTESIAN_POINT('',(-7.046147631227,46.,242.32393141774));
#417 = CARTESIAN_POINT('',(-7.290243333055,46.,242.40814133327));
#418 = CARTESIAN_POINT('',(-7.530431700178,46.,242.50305892372));
#419 = CARTESIAN_POINT('',(-7.766254037615,46.,242.60825280151));
#420 = CARTESIAN_POINT('',(-7.997309575454,46.,242.72325840798));
#421 = CARTESIAN_POINT('',(-8.472272566186,46.,242.98461799742));
#422 = CARTESIAN_POINT('',(-8.715089171722,46.,243.13297819151));
#423 = CARTESIAN_POINT('',(-8.95125429365,46.,243.29202725274));
#424 = CARTESIAN_POINT('',(-9.180414297361,46.,243.46110542108));
#425 = CARTESIAN_POINT('',(-9.402294025327,46.,243.63955589696));
#426 = CARTESIAN_POINT('',(-9.616684943845,46.,243.82674131932));
#427 = CARTESIAN_POINT('',(-10.07720375588,46.,244.26178508266));
#428 = CARTESIAN_POINT('',(-10.31945151154,46.,244.51375122648));
#429 = CARTESIAN_POINT('',(-10.5499220539,46.,244.77684926499));
#430 = CARTESIAN_POINT('',(-10.7684554382,46.,245.05002955638));
#431 = CARTESIAN_POINT('',(-10.97497151041,46.,245.33231199548));
#432 = CARTESIAN_POINT('',(-11.16945209607,46.,245.62280042103));
#433 = CARTESIAN_POINT('',(-11.48519393322,46.,246.13827067334));
#434 = CARTESIAN_POINT('',(-11.6120545234,46.,246.3597896054));
#435 = CARTESIAN_POINT('',(-11.73251394922,46.,246.58493961157));
#436 = CARTESIAN_POINT('',(-11.84658810695,46.,246.81342327222));
#437 = CARTESIAN_POINT('',(-11.95429836427,46.,247.04496062404));
#438 = CARTESIAN_POINT('',(-12.0556701249,46.,247.27928982829));
#439 = CARTESIAN_POINT('',(-12.21897973208,46.,247.6862321675));
#440 = CARTESIAN_POINT('',(-12.28397478823,46.,247.85760892299));
#441 = CARTESIAN_POINT('',(-12.34572681088,46.,248.0302074277));
#442 = CARTESIAN_POINT('',(-12.40424590783,46.,248.20394027014));
#443 = CARTESIAN_POINT('',(-12.45954204549,46.,248.3787233051));
#444 = CARTESIAN_POINT('',(-12.51162504883,46.,248.55447565372));
#445 = CARTESIAN_POINT('',(-12.68653187156,46.,249.18656510315));
#446 = CARTESIAN_POINT('',(-12.79125425686,46.,249.64790674299));
#447 = CARTESIAN_POINT('',(-12.87485185208,46.,250.11385656149));
#448 = CARTESIAN_POINT('',(-12.93745222175,46.,250.58318596862));
#449 = CARTESIAN_POINT('',(-12.97914923015,46.,251.05472204878));
#450 = CARTESIAN_POINT('',(-13.,46.,251.52734688438));
#451 = CARTESIAN_POINT('',(-13.,46.,252.47265311561));
#452 = CARTESIAN_POINT('',(-12.97914923015,46.,252.94527795121));
#453 = CARTESIAN_POINT('',(-12.93745222175,46.,253.41681403137));
#454 = CARTESIAN_POINT('',(-12.87485185208,46.,253.8861434385));
#455 = CARTESIAN_POINT('',(-12.79125425686,46.,254.352093257));
#456 = CARTESIAN_POINT('',(-12.68653187156,46.,254.81343489684));
#457 = CARTESIAN_POINT('',(-12.51162504884,46.,255.44552434627));
#458 = CARTESIAN_POINT('',(-12.45954204549,46.,255.62127669489));
#459 = CARTESIAN_POINT('',(-12.40424590783,46.,255.79605972985));
#460 = CARTESIAN_POINT('',(-12.34572681088,46.,255.96979257229));
#461 = CARTESIAN_POINT('',(-12.28397478823,46.,256.142391077));
#462 = CARTESIAN_POINT('',(-12.21897973208,46.,256.31376783248));
#463 = CARTESIAN_POINT('',(-12.0556701249,46.,256.7207101717));
#464 = CARTESIAN_POINT('',(-11.95429836427,46.,256.95503937595));
#465 = CARTESIAN_POINT('',(-11.84658810695,46.,257.18657672777));
#466 = CARTESIAN_POINT('',(-11.73251394922,46.,257.41506038842));
#467 = CARTESIAN_POINT('',(-11.6120545234,46.,257.64021039459));
#468 = CARTESIAN_POINT('',(-11.48519393323,46.,257.86172932665));
#469 = CARTESIAN_POINT('',(-11.16945209607,46.,258.37719957896));
#470 = CARTESIAN_POINT('',(-10.97497151041,46.,258.66768800451));
#471 = CARTESIAN_POINT('',(-10.7684554382,46.,258.94997044361));
#472 = CARTESIAN_POINT('',(-10.5499220539,46.,259.223150735));
#473 = CARTESIAN_POINT('',(-10.31945151155,46.,259.48624877351));
#474 = CARTESIAN_POINT('',(-10.07720375588,46.,259.73821491733));
#475 = CARTESIAN_POINT('',(-9.616684943847,46.,260.17325868067));
#476 = CARTESIAN_POINT('',(-9.402294025328,46.,260.36044410303));
#477 = CARTESIAN_POINT('',(-9.180414297363,46.,260.53889457891));
#478 = CARTESIAN_POINT('',(-8.951254293652,46.,260.70797274725));
#479 = CARTESIAN_POINT('',(-8.715089171723,46.,260.86702180848));
#480 = CARTESIAN_POINT('',(-8.472272566188,46.,261.01538200257));
#481 = CARTESIAN_POINT('',(-7.801594936841,46.,261.38443818858));
#482 = CARTESIAN_POINT('',(-7.361869617788,46.,261.58413280888));
#483 = CARTESIAN_POINT('',(-6.906619587072,46.,261.74807656389));
#484 = CARTESIAN_POINT('',(-6.438905384752,46.,261.87337873122));
#485 = CARTESIAN_POINT('',(-5.962326914321,46.,261.95781349017));
#486 = CARTESIAN_POINT('',(-5.48106360011,46.,262.));
#487 = CARTESIAN_POINT('',(-5.,46.,262.));
#488 = PCURVE('',#150,#489);
#489 = DEFINITIONAL_REPRESENTATION('',(#490),#649);
#490 = B_SPLINE_CURVE_WITH_KNOTS('',7,(#491,#492,#493,#494,#495,#496,
    #497,#498,#499,#500,#501,#502,#503,#504,#505,#506,#507,#508,#509,
    #510,#511,#512,#513,#514,#515,#516,#517,#518,#519,#520,#521,#522,
    #523,#524,#525,#526,#527,#528,#529,#530,#531,#532,#533,#534,#535,
    #536,#537,#538,#539,#540,#541,#542,#543,#544,#545,#546,#547,#548,
    #549,#550,#551,#552,#553,#554,#555,#556,#557,#558,#559,#560,#561,
    #562,#563,#564,#565,#566,#567,#568,#569,#570,#571,#572,#573,#574,
    #575,#576,#577,#578,#579,#580,#581,#582,#583,#584,#585,#586,#587,
    #588,#589,#590,#591,#592,#593,#594,#595,#596,#597,#598,#599,#600,
    #601,#602,#603,#604,#605,#606,#607,#608,#609,#610,#611,#612,#613,
    #614,#615,#616,#617,#618,#619,#620,#621,#622,#623,#624,#625,#626,
    #627,#628,#629,#630,#631,#632,#633,#634,#635,#636,#637,#638,#639,
    #640,#641,#642,#643,#644,#645,#646,#647,#648),.UNSPECIFIED.,.T.,.F.,
  (8,6,6,6,6,6,6,6,6,6,6,6,6,6,6,6,6,6,6,6,6,6,6,6,6,6,8),(0.,
    5.945174336054E-02,9.456263493245E-02,0.137657873449,0.169133184986,
    0.191730587336,0.249993987442,0.308257387547,0.330854789897,
    0.362330101434,0.40542533995,0.440536231522,0.459774223609,
    0.500002069417,0.527612075977,0.55946855834,0.594579068159,
    0.637673838109,0.669148807421,0.691745964074,0.750008730693,
    0.808271497313,0.830868653966,0.862343623278,0.905438393228,
    0.940548903047,1.),.UNSPECIFIED.);
#491 = CARTESIAN_POINT('',(3.334014448385,-40.69988931114));
#492 = CARTESIAN_POINT('',(3.334014448385,-40.21882571103));
#493 = CARTESIAN_POINT('',(3.291827938556,-39.73756239682));
#494 = CARTESIAN_POINT('',(3.207393179612,-39.26098392639));
#495 = CARTESIAN_POINT('',(3.082091012275,-38.79326972406));
#496 = CARTESIAN_POINT('',(2.918147257271,-38.33801969336));
#497 = CARTESIAN_POINT('',(2.718452636966,-37.8982943743));
#498 = CARTESIAN_POINT('',(2.349396450963,-37.22761674495));
#499 = CARTESIAN_POINT('',(2.20103625687,-36.98480013942));
#500 = CARTESIAN_POINT('',(2.041987195642,-36.74863501749));
#501 = CARTESIAN_POINT('',(1.872909027297,-36.51947501378));
#502 = CARTESIAN_POINT('',(1.694458551417,-36.29759528581));
#503 = CARTESIAN_POINT('',(1.507273129064,-36.08320436729));
#504 = CARTESIAN_POINT('',(1.072229365723,-35.62268555526));
#505 = CARTESIAN_POINT('',(0.820263221896,-35.38043779959));
#506 = CARTESIAN_POINT('',(0.557165183391,-35.14996725723));
#507 = CARTESIAN_POINT('',(0.283984892001,-34.93143387294));
#508 = CARTESIAN_POINT('',(1.702452904717E-03,-34.72491780073));
#509 = CARTESIAN_POINT('',(-0.288785972651,-34.53043721506));
#510 = CARTESIAN_POINT('',(-0.80425622496,-34.21469537791));
#511 = CARTESIAN_POINT('',(-1.025775157016,-34.08783478774));
#512 = CARTESIAN_POINT('',(-1.250925163185,-33.96737536192));
#513 = CARTESIAN_POINT('',(-1.479408823841,-33.85330120419));
#514 = CARTESIAN_POINT('',(-1.710946175662,-33.74559094686));
#515 = CARTESIAN_POINT('',(-1.94527537991,-33.64421918624));
#516 = CARTESIAN_POINT('',(-2.352217719124,-33.48090957906));
#517 = CARTESIAN_POINT('',(-2.523594474605,-33.41591452291));
#518 = CARTESIAN_POINT('',(-2.696192979321,-33.35416250026));
#519 = CARTESIAN_POINT('',(-2.869925821756,-33.2956434033));
#520 = CARTESIAN_POINT('',(-3.044708856718,-33.24034726564));
#521 = CARTESIAN_POINT('',(-3.220461205336,-33.1882642623));
#522 = CARTESIAN_POINT('',(-3.852550654772,-33.01335743958));
#523 = CARTESIAN_POINT('',(-4.313892294606,-32.90863505427));
#524 = CARTESIAN_POINT('',(-4.77984211311,-32.82503745906));
#525 = CARTESIAN_POINT('',(-5.249171520242,-32.76243708938));
#526 = CARTESIAN_POINT('',(-5.720707600399,-32.72074008098));
#527 = CARTESIAN_POINT('',(-6.193332435997,-32.69988931114));
#528 = CARTESIAN_POINT('',(-7.138638667229,-32.69988931114));
#529 = CARTESIAN_POINT('',(-7.611263502829,-32.72074008098));
#530 = CARTESIAN_POINT('',(-8.082799582984,-32.76243708938));
#531 = CARTESIAN_POINT('',(-8.552128990117,-32.82503745906));
#532 = CARTESIAN_POINT('',(-9.018078808622,-32.90863505427));
#533 = CARTESIAN_POINT('',(-9.479420448455,-33.01335743958));
#534 = CARTESIAN_POINT('',(-10.11150989789,-33.1882642623));
#535 = CARTESIAN_POINT('',(-10.28726224651,-33.24034726564));
#536 = CARTESIAN_POINT('',(-10.46204528147,-33.2956434033));
#537 = CARTESIAN_POINT('',(-10.6357781239,-33.35416250026));
#538 = CARTESIAN_POINT('',(-10.80837662862,-33.41591452291));
#539 = CARTESIAN_POINT('',(-10.9797533841,-33.48090957906));
#540 = CARTESIAN_POINT('',(-11.38669572331,-33.64421918624));
#541 = CARTESIAN_POINT('',(-11.62102492756,-33.74559094686));
#542 = CARTESIAN_POINT('',(-11.85256227938,-33.85330120419));
#543 = CARTESIAN_POINT('',(-12.08104594004,-33.96737536192));
#544 = CARTESIAN_POINT('',(-12.30619594621,-34.08783478773));
#545 = CARTESIAN_POINT('',(-12.52771487826,-34.21469537791));
#546 = CARTESIAN_POINT('',(-13.04318513057,-34.53043721506));
#547 = CARTESIAN_POINT('',(-13.33367355613,-34.72491780073));
#548 = CARTESIAN_POINT('',(-13.61595599522,-34.93143387294));
#549 = CARTESIAN_POINT('',(-13.88913628661,-35.14996725723));
#550 = CARTESIAN_POINT('',(-14.15223432512,-35.38043779959));
#551 = CARTESIAN_POINT('',(-14.40420046895,-35.62268555526));
#552 = CARTESIAN_POINT('',(-14.83924423229,-36.08320436729));
#553 = CARTESIAN_POINT('',(-15.02642965464,-36.29759528581));
#554 = CARTESIAN_POINT('',(-15.20488013052,-36.51947501378));
#555 = CARTESIAN_POINT('',(-15.37395829887,-36.74863501749));
#556 = CARTESIAN_POINT('',(-15.53300736009,-36.98480013942));
#557 = CARTESIAN_POINT('',(-15.68136755419,-37.22761674495));
#558 = CARTESIAN_POINT('',(-15.89347873035,-37.61308168548));
#559 = CARTESIAN_POINT('',(-15.96515831734,-37.75138777323));
#560 = CARTESIAN_POINT('',(-16.03333007498,-37.89148145769));
#561 = CARTESIAN_POINT('',(-16.09789021634,-38.03328046739));
#562 = CARTESIAN_POINT('',(-16.15873840195,-38.17669433504));
#563 = CARTESIAN_POINT('',(-16.21577901028,-38.32162384197));
#564 = CARTESIAN_POINT('',(-16.38004858074,-38.77395949812));
#565 = CARTESIAN_POINT('',(-16.47415253176,-39.086161626));
#566 = CARTESIAN_POINT('',(-16.5503794852,-39.40350813464));
#567 = CARTESIAN_POINT('',(-16.60805137034,-39.72484814319));
#568 = CARTESIAN_POINT('',(-16.64667689522,-40.04893743761));
#569 = CARTESIAN_POINT('',(-16.66598555161,-40.37443386855));
#570 = CARTESIAN_POINT('',(-16.66598555161,-40.92326261697));
#571 = CARTESIAN_POINT('',(-16.65688979973,-41.14664320977));
#572 = CARTESIAN_POINT('',(-16.63869797806,-41.36957571346));
#573 = CARTESIAN_POINT('',(-16.61146721462,-41.59162111116));
#574 = CARTESIAN_POINT('',(-16.57530810639,-41.81235651508));
#575 = CARTESIAN_POINT('',(-16.53038074228,-42.03137493646));
#576 = CARTESIAN_POINT('',(-16.41517383528,-42.49855639714));
#577 = CARTESIAN_POINT('',(-16.34205413386,-42.74603694237));
#578 = CARTESIAN_POINT('',(-16.25784421833,-42.99013264419));
#579 = CARTESIAN_POINT('',(-16.16292662788,-43.23032101132));
#580 = CARTESIAN_POINT('',(-16.0577327501,-43.46614334875));
#581 = CARTESIAN_POINT('',(-15.94272714363,-43.69719888659));
#582 = CARTESIAN_POINT('',(-15.68136755419,-44.17216187733));
#583 = CARTESIAN_POINT('',(-15.5330073601,-44.41497848286));
#584 = CARTESIAN_POINT('',(-15.37395829887,-44.65114360479));
#585 = CARTESIAN_POINT('',(-15.20488013052,-44.8803036085));
#586 = CARTESIAN_POINT('',(-15.02642965464,-45.10218333647));
#587 = CARTESIAN_POINT('',(-14.83924423229,-45.31657425498));
#588 = CARTESIAN_POINT('',(-14.40420046895,-45.77709306702));
#589 = CARTESIAN_POINT('',(-14.15223432512,-46.01934082269));
#590 = CARTESIAN_POINT('',(-13.88913628662,-46.24981136505));
#591 = CARTESIAN_POINT('',(-13.61595599523,-46.46834474934));
#592 = CARTESIAN_POINT('',(-13.33367355613,-46.67486082155));
#593 = CARTESIAN_POINT('',(-13.04318513057,-46.86934140722));
#594 = CARTESIAN_POINT('',(-12.52771487827,-47.18508324437));
#595 = CARTESIAN_POINT('',(-12.30619594621,-47.31194383454));
#596 = CARTESIAN_POINT('',(-12.08104594004,-47.43240326036));
#597 = CARTESIAN_POINT('',(-11.85256227938,-47.54647741809));
#598 = CARTESIAN_POINT('',(-11.62102492756,-47.65418767542));
#599 = CARTESIAN_POINT('',(-11.38669572332,-47.75555943604));
#600 = CARTESIAN_POINT('',(-10.9797533841,-47.91886904322));
#601 = CARTESIAN_POINT('',(-10.80837662862,-47.98386409937));
#602 = CARTESIAN_POINT('',(-10.6357781239,-48.04561612202));
#603 = CARTESIAN_POINT('',(-10.46204528147,-48.10413521898));
#604 = CARTESIAN_POINT('',(-10.28726224651,-48.15943135664));
#605 = CARTESIAN_POINT('',(-10.11150989789,-48.21151435998));
#606 = CARTESIAN_POINT('',(-9.479420448458,-48.3864211827));
#607 = CARTESIAN_POINT('',(-9.018078808624,-48.49114356801));
#608 = CARTESIAN_POINT('',(-8.552128990119,-48.57474116322));
#609 = CARTESIAN_POINT('',(-8.082799582987,-48.6373415329));
#610 = CARTESIAN_POINT('',(-7.611263502831,-48.6790385413));
#611 = CARTESIAN_POINT('',(-7.138638667232,-48.69988931114));
#612 = CARTESIAN_POINT('',(-6.193332436,-48.69988931114));
#613 = CARTESIAN_POINT('',(-5.720707600401,-48.6790385413));
#614 = CARTESIAN_POINT('',(-5.249171520245,-48.6373415329));
#615 = CARTESIAN_POINT('',(-4.779842113113,-48.57474116322));
#616 = CARTESIAN_POINT('',(-4.313892294607,-48.49114356801));
#617 = CARTESIAN_POINT('',(-3.852550654774,-48.3864211827));
#618 = CARTESIAN_POINT('',(-3.220461205338,-48.21151435998));
#619 = CARTESIAN_POINT('',(-3.044708856719,-48.15943135664));
#620 = CARTESIAN_POINT('',(-2.869925821757,-48.10413521898));
#621 = CARTESIAN_POINT('',(-2.696192979322,-48.04561612202));
#622 = CARTESIAN_POINT('',(-2.523594474607,-47.98386409937));
#623 = CARTESIAN_POINT('',(-2.352217719125,-47.91886904322));
#624 = CARTESIAN_POINT('',(-1.945275379911,-47.75555943604));
#625 = CARTESIAN_POINT('',(-1.710946175663,-47.65418767542));
#626 = CARTESIAN_POINT('',(-1.479408823843,-47.54647741809));
#627 = CARTESIAN_POINT('',(-1.250925163187,-47.43240326036));
#628 = CARTESIAN_POINT('',(-1.025775157017,-47.31194383454));
#629 = CARTESIAN_POINT('',(-0.804256224961,-47.18508324437));
#630 = CARTESIAN_POINT('',(-0.288785972653,-46.86934140722));
#631 = CARTESIAN_POINT('',(1.702452903391E-03,-46.67486082155));
#632 = CARTESIAN_POINT('',(0.283984891999,-46.46834474934));
#633 = CARTESIAN_POINT('',(0.557165183389,-46.24981136505));
#634 = CARTESIAN_POINT('',(0.820263221895,-46.01934082269));
#635 = CARTESIAN_POINT('',(1.072229365722,-45.77709306702));
#636 = CARTESIAN_POINT('',(1.507273129063,-45.31657425499));
#637 = CARTESIAN_POINT('',(1.694458551417,-45.10218333647));
#638 = CARTESIAN_POINT('',(1.872909027296,-44.8803036085));
#639 = CARTESIAN_POINT('',(2.041987195641,-44.65114360479));
#640 = CARTESIAN_POINT('',(2.20103625687,-44.41497848286));
#641 = CARTESIAN_POINT('',(2.349396450962,-44.17216187733));
#642 = CARTESIAN_POINT('',(2.718452636966,-43.50148424798));
#643 = CARTESIAN_POINT('',(2.91814725727,-43.06175892893));
#644 = CARTESIAN_POINT('',(3.082091012276,-42.60650889821));
#645 = CARTESIAN_POINT('',(3.207393179612,-42.13879469589));
#646 = CARTESIAN_POINT('',(3.291827938555,-41.66221622546));
#647 = CARTESIAN_POINT('',(3.334014448385,-41.18095291125));
#648 = CARTESIAN_POINT('',(3.334014448385,-40.69988931114));
#649 = ( GEOMETRIC_REPRESENTATION_CONTEXT(2) 
PARAMETRIC_REPRESENTATION_CONTEXT() REPRESENTATION_CONTEXT('2D SPACE',''
  ) );
#650 = PCURVE('',#651,#659);
#651 = SURFACE_OF_LINEAR_EXTRUSION('',#652,#657);
#652 = ELLIPSE('',#653,10.,8.);
#653 = AXIS2_PLACEMENT_3D('',#654,#655,#656);
#654 = CARTESIAN_POINT('',(-5.,47.,252.));
#655 = DIRECTION('',(0.,-1.,0.));
#656 = DIRECTION('',(1.110223024625E-16,0.,1.));
#657 = VECTOR('',#658,1.);
#658 = DIRECTION('',(-0.,1.,-0.));
#659 = DEFINITIONAL_REPRESENTATION('',(#660),#819);
#660 = B_SPLINE_CURVE_WITH_KNOTS('',7,(#661,#662,#663,#664,#665,#666,
    #667,#668,#669,#670,#671,#672,#673,#674,#675,#676,#677,#678,#679,
    #680,#681,#682,#683,#684,#685,#686,#687,#688,#689,#690,#691,#692,
    #693,#694,#695,#696,#697,#698,#699,#700,#701,#702,#703,#704,#705,
    #706,#707,#708,#709,#710,#711,#712,#713,#714,#715,#716,#717,#718,
    #719,#720,#721,#722,#723,#724,#725,#726,#727,#728,#729,#730,#731,
    #732,#733,#734,#735,#736,#737,#738,#739,#740,#741,#742,#743,#744,
    #745,#746,#747,#748,#749,#750,#751,#752,#753,#754,#755,#756,#757,
    #758,#759,#760,#761,#762,#763,#764,#765,#766,#767,#768,#769,#770,
    #771,#772,#773,#774,#775,#776,#777,#778,#779,#780,#781,#782,#783,
    #784,#785,#786,#787,#788,#789,#790,#791,#792,#793,#794,#795,#796,
    #797,#798,#799,#800,#801,#802,#803,#804,#805,#806,#807,#808,#809,
    #810,#811,#812,#813,#814,#815,#816,#817,#818),.UNSPECIFIED.,.F.,.F.,
  (8,6,6,6,6,6,6,6,6,6,6,6,6,6,6,6,6,6,6,6,6,6,6,6,6,6,8),(0.,
    5.945174336054E-02,9.456263493245E-02,0.137657873449,0.169133184986,
    0.191730587336,0.249993987442,0.308257387547,0.330854789897,
    0.362330101434,0.40542533995,0.440536231522,0.459774223609,
    0.500002069417,0.527612075977,0.55946855834,0.594579068159,
    0.637673838109,0.669148807421,0.691745964074,0.750008730693,
    0.808271497313,0.830868653966,0.862343623278,0.905438393228,
    0.940548903047,1.),.UNSPECIFIED.);
#661 = CARTESIAN_POINT('',(6.28318530718,-1.));
#662 = CARTESIAN_POINT('',(6.223052357166,-1.));
#663 = CARTESIAN_POINT('',(6.162894458154,-1.));
#664 = CARTESIAN_POINT('',(6.102966913006,-1.));
#665 = CARTESIAN_POINT('',(6.043436121437,-1.));
#666 = CARTESIAN_POINT('',(5.984435935527,-1.));
#667 = CARTESIAN_POINT('',(5.926083251679,-1.));
#668 = CARTESIAN_POINT('',(5.834484767939,-1.));
#669 = CARTESIAN_POINT('',(5.80072777334,-1.));
#670 = CARTESIAN_POINT('',(5.767236814829,-1.));
#671 = CARTESIAN_POINT('',(5.734019020384,-1.));
#672 = CARTESIAN_POINT('',(5.701077378872,-1.));
#673 = CARTESIAN_POINT('',(5.668411434422,-1.));
#674 = CARTESIAN_POINT('',(5.596256442294,-1.));
#675 = CARTESIAN_POINT('',(5.556906720983,-1.));
#676 = CARTESIAN_POINT('',(5.517957483971,-1.));
#677 = CARTESIAN_POINT('',(5.479395097748,-1.));
#678 = CARTESIAN_POINT('',(5.441202556347,-1.));
#679 = CARTESIAN_POINT('',(5.403359169755,-1.));
#680 = CARTESIAN_POINT('',(5.338437698011,-1.));
#681 = CARTESIAN_POINT('',(5.311209009173,-1.));
#682 = CARTESIAN_POINT('',(5.284144837824,-1.));
#683 = CARTESIAN_POINT('',(5.257235905014,-1.));
#684 = CARTESIAN_POINT('',(5.230472806037,-1.));
#685 = CARTESIAN_POINT('',(5.20384581562,-1.));
#686 = CARTESIAN_POINT('',(5.158318462756,-1.));
#687 = CARTESIAN_POINT('',(5.139357240536,-1.));
#688 = CARTESIAN_POINT('',(5.12045735906,-1.));
#689 = CARTESIAN_POINT('',(5.101615148331,-1.));
#690 = CARTESIAN_POINT('',(5.082826935753,-1.));
#691 = CARTESIAN_POINT('',(5.06408904613,-1.));
#692 = CARTESIAN_POINT('',(4.997205737911,-1.));
#693 = CARTESIAN_POINT('',(4.949326960885,-1.));
#694 = CARTESIAN_POINT('',(4.901693144395,-1.));
#695 = CARTESIAN_POINT('',(4.854242797143,-1.));
#696 = CARTESIAN_POINT('',(4.806916796395,-1.));
#697 = CARTESIAN_POINT('',(4.759654291946,-1.));
#698 = CARTESIAN_POINT('',(4.665123668823,-1.));
#699 = CARTESIAN_POINT('',(4.617861164375,-1.));
#700 = CARTESIAN_POINT('',(4.570535163627,-1.));
#701 = CARTESIAN_POINT('',(4.523084816374,-1.));
#702 = CARTESIAN_POINT('',(4.475450999884,-1.));
#703 = CARTESIAN_POINT('',(4.427572222858,-1.));
#704 = CARTESIAN_POINT('',(4.36068891464,-1.));
#705 = CARTESIAN_POINT('',(4.341951025017,-1.));
#706 = CARTESIAN_POINT('',(4.323162812439,-1.));
#707 = CARTESIAN_POINT('',(4.30432060171,-1.));
#708 = CARTESIAN_POINT('',(4.285420720233,-1.));
#709 = CARTESIAN_POINT('',(4.266459498013,-1.));
#710 = CARTESIAN_POINT('',(4.22093214515,-1.));
#711 = CARTESIAN_POINT('',(4.194305154733,-1.));
#712 = CARTESIAN_POINT('',(4.167542055756,-1.));
#713 = CARTESIAN_POINT('',(4.140633122946,-1.));
#714 = CARTESIAN_POINT('',(4.113568951596,-1.));
#715 = CARTESIAN_POINT('',(4.086340262759,-1.));
#716 = CARTESIAN_POINT('',(4.021418791015,-1.));
#717 = CARTESIAN_POINT('',(3.983575404423,-1.));
#718 = CARTESIAN_POINT('',(3.945382863021,-1.));
#719 = CARTESIAN_POINT('',(3.906820476798,-1.));
#720 = CARTESIAN_POINT('',(3.867871239786,-1.));
#721 = CARTESIAN_POINT('',(3.828521518475,-1.));
#722 = CARTESIAN_POINT('',(3.756366526347,-1.));
#723 = CARTESIAN_POINT('',(3.723700581897,-1.));
#724 = CARTESIAN_POINT('',(3.690758940386,-1.));
#725 = CARTESIAN_POINT('',(3.657541145941,-1.));
#726 = CARTESIAN_POINT('',(3.624050187429,-1.));
#727 = CARTESIAN_POINT('',(3.59029319283,-1.));
#728 = CARTESIAN_POINT('',(3.537647924013,-1.));
#729 = CARTESIAN_POINT('',(3.518936976956,-1.));
#730 = CARTESIAN_POINT('',(3.500152288606,-1.));
#731 = CARTESIAN_POINT('',(3.481296486013,-1.));
#732 = CARTESIAN_POINT('',(3.46237265413,-1.));
#733 = CARTESIAN_POINT('',(3.443384412578,-1.));
#734 = CARTESIAN_POINT('',(3.384504553362,-1.));
#735 = CARTESIAN_POINT('',(3.344403433858,-1.));
#736 = CARTESIAN_POINT('',(3.304080274806,-1.));
#737 = CARTESIAN_POINT('',(3.263582802654,-1.));
#738 = CARTESIAN_POINT('',(3.222961625638,-1.));
#739 = CARTESIAN_POINT('',(3.182274583914,-1.));
#740 = CARTESIAN_POINT('',(3.113670990361,-1.));
#741 = CARTESIAN_POINT('',(3.085748424159,-1.));
#742 = CARTESIAN_POINT('',(3.057846290305,-1.));
#743 = CARTESIAN_POINT('',(3.029983945288,-1.));
#744 = CARTESIAN_POINT('',(3.002179451691,-1.));
#745 = CARTESIAN_POINT('',(2.974450263108,-1.));
#746 = CARTESIAN_POINT('',(2.914927026926,-1.));
#747 = CARTESIAN_POINT('',(2.883161699316,-1.));
#748 = CARTESIAN_POINT('',(2.851543859522,-1.));
#749 = CARTESIAN_POINT('',(2.820093882329,-1.));
#750 = CARTESIAN_POINT('',(2.78882826086,-1.));
#751 = CARTESIAN_POINT('',(2.757760670985,-1.));
#752 = CARTESIAN_POINT('',(2.69289211435,-1.));
#753 = CARTESIAN_POINT('',(2.65913511975,-1.));
#754 = CARTESIAN_POINT('',(2.625644161239,-1.));
#755 = CARTESIAN_POINT('',(2.592426366794,-1.));
#756 = CARTESIAN_POINT('',(2.559484725283,-1.));
#757 = CARTESIAN_POINT('',(2.526818780832,-1.));
#758 = CARTESIAN_POINT('',(2.454663788705,-1.));
#759 = CARTESIAN_POINT('',(2.415314067394,-1.));
#760 = CARTESIAN_POINT('',(2.376364830382,-1.));
#761 = CARTESIAN_POINT('',(2.337802444159,-1.));
#762 = CARTESIAN_POINT('',(2.299609902757,-1.));
#763 = CARTESIAN_POINT('',(2.261766516165,-1.));
#764 = CARTESIAN_POINT('',(2.196845044421,-1.));
#765 = CARTESIAN_POINT('',(2.169616355583,-1.));
#766 = CARTESIAN_POINT('',(2.142552184234,-1.));
#767 = CARTESIAN_POINT('',(2.115643251424,-1.));
#768 = CARTESIAN_POINT('',(2.088880152447,-1.));
#769 = CARTESIAN_POINT('',(2.06225316203,-1.));
#770 = CARTESIAN_POINT('',(2.016725809167,-1.));
#771 = CARTESIAN_POINT('',(1.997764586946,-1.));
#772 = CARTESIAN_POINT('',(1.97886470547,-1.));
#773 = CARTESIAN_POINT('',(1.960022494741,-1.));
#774 = CARTESIAN_POINT('',(1.941234282163,-1.));
#775 = CARTESIAN_POINT('',(1.92249639254,-1.));
#776 = CARTESIAN_POINT('',(1.855613084321,-1.));
#777 = CARTESIAN_POINT('',(1.807734307296,-1.));
#778 = CARTESIAN_POINT('',(1.760100490805,-1.));
#779 = CARTESIAN_POINT('',(1.712650143553,-1.));
#780 = CARTESIAN_POINT('',(1.665324142805,-1.));
#781 = CARTESIAN_POINT('',(1.618061638357,-1.));
#782 = CARTESIAN_POINT('',(1.523531015233,-1.));
#783 = CARTESIAN_POINT('',(1.476268510785,-1.));
#784 = CARTESIAN_POINT('',(1.428942510037,-1.));
#785 = CARTESIAN_POINT('',(1.381492162785,-1.));
#786 = CARTESIAN_POINT('',(1.333858346294,-1.));
#787 = CARTESIAN_POINT('',(1.285979569269,-1.));
#788 = CARTESIAN_POINT('',(1.21909626105,-1.));
#789 = CARTESIAN_POINT('',(1.200358371427,-1.));
#790 = CARTESIAN_POINT('',(1.181570158849,-1.));
#791 = CARTESIAN_POINT('',(1.16272794812,-1.));
#792 = CARTESIAN_POINT('',(1.143828066644,-1.));
#793 = CARTESIAN_POINT('',(1.124866844423,-1.));
#794 = CARTESIAN_POINT('',(1.07933949156,-1.));
#795 = CARTESIAN_POINT('',(1.052712501143,-1.));
#796 = CARTESIAN_POINT('',(1.025949402166,-1.));
#797 = CARTESIAN_POINT('',(0.999040469356,-1.));
#798 = CARTESIAN_POINT('',(0.971976298007,-1.));
#799 = CARTESIAN_POINT('',(0.944747609169,-1.));
#800 = CARTESIAN_POINT('',(0.879826137425,-1.));
#801 = CARTESIAN_POINT('',(0.841982750833,-1.));
#802 = CARTESIAN_POINT('',(0.803790209431,-1.));
#803 = CARTESIAN_POINT('',(0.765227823208,-1.));
#804 = CARTESIAN_POINT('',(0.726278586196,-1.));
#805 = CARTESIAN_POINT('',(0.686928864885,-1.));
#806 = CARTESIAN_POINT('',(0.614773872758,-1.));
#807 = CARTESIAN_POINT('',(0.582107928307,-1.));
#808 = CARTESIAN_POINT('',(0.549166286796,-1.));
#809 = CARTESIAN_POINT('',(0.515948492351,-1.));
#810 = CARTESIAN_POINT('',(0.48245753384,-1.));
#811 = CARTESIAN_POINT('',(0.448700539241,-1.));
#812 = CARTESIAN_POINT('',(0.357102055501,-1.));
#813 = CARTESIAN_POINT('',(0.298749371654,-1.));
#814 = CARTESIAN_POINT('',(0.239749185741,-1.));
#815 = CARTESIAN_POINT('',(0.180218394176,-1.));
#816 = CARTESIAN_POINT('',(0.120290849025,-1.));
#817 = CARTESIAN_POINT('',(6.01329500138E-02,-1.));
#818 = CARTESIAN_POINT('',(0.,-1.));
#819 = ( GEOMETRIC_REPRESENTATION_CONTEXT(2) 
PARAMETRIC_REPRESENTATION_CONTEXT() REPRESENTATION_CONTEXT('2D SPACE',''
  ) );
#820 = FACE_BOUND('',#821,.T.);
#821 = EDGE_LOOP('',(#822));
#822 = ORIENTED_EDGE('',*,*,#823,.F.);
#823 = EDGE_CURVE('',#824,#824,#826,.T.);
#824 = VERTEX_POINT('',#825);
#825 = CARTESIAN_POINT('',(37.2,46.,280.));
#826 = SURFACE_CURVE('',#827,(#832,#839),.PCURVE_S1.);
#827 = CIRCLE('',#828,1.2);
#828 = AXIS2_PLACEMENT_3D('',#829,#830,#831);
#829 = CARTESIAN_POINT('',(36.,46.,280.));
#830 = DIRECTION('',(-0.,1.,0.));
#831 = DIRECTION('',(1.,0.,0.));
#832 = PCURVE('',#150,#833);
#833 = DEFINITIONAL_REPRESENTATION('',(#834),#838);
#834 = CIRCLE('',#835,1.2);
#835 = AXIS2_PLACEMENT_2D('',#836,#837);
#836 = CARTESIAN_POINT('',(21.334014448385,0.300110688856));
#837 = DIRECTION('',(0.,1.));
#838 = ( GEOMETRIC_REPRESENTATION_CONTEXT(2) 
PARAMETRIC_REPRESENTATION_CONTEXT() REPRESENTATION_CONTEXT('2D SPACE',''
  ) );
#839 = PCURVE('',#840,#845);
#840 = CYLINDRICAL_SURFACE('',#841,1.2);
#841 = AXIS2_PLACEMENT_3D('',#842,#843,#844);
#842 = CARTESIAN_POINT('',(36.,47.,280.));
#843 = DIRECTION('',(-0.,1.,-0.));
#844 = DIRECTION('',(1.,0.,0.));
#845 = DEFINITIONAL_REPRESENTATION('',(#846),#850);
#846 = LINE('',#847,#848);
#847 = CARTESIAN_POINT('',(-6.28318530718,-1.));
#848 = VECTOR('',#849,1.);
#849 = DIRECTION('',(1.,-0.));
#850 = ( GEOMETRIC_REPRESENTATION_CONTEXT(2) 
PARAMETRIC_REPRESENTATION_CONTEXT() REPRESENTATION_CONTEXT('2D SPACE',''
  ) );
#851 = FACE_BOUND('',#852,.T.);
#852 = EDGE_LOOP('',(#853));
#853 = ORIENTED_EDGE('',*,*,#854,.F.);
#854 = EDGE_CURVE('',#855,#855,#857,.T.);
#855 = VERTEX_POINT('',#856);
#856 = CARTESIAN_POINT('',(81.,46.,263.));
#857 = SURFACE_CURVE('',#858,(#1029,#1203),.PCURVE_S1.);
#858 = B_SPLINE_CURVE_WITH_KNOTS('',7,(#859,#860,#861,#862,#863,#864,
    #865,#866,#867,#868,#869,#870,#871,#872,#873,#874,#875,#876,#877,
    #878,#879,#880,#881,#882,#883,#884,#885,#886,#887,#888,#889,#890,
    #891,#892,#893,#894,#895,#896,#897,#898,#899,#900,#901,#902,#903,
    #904,#905,#906,#907,#908,#909,#910,#911,#912,#913,#914,#915,#916,
    #917,#918,#919,#920,#921,#922,#923,#924,#925,#926,#927,#928,#929,
    #930,#931,#932,#933,#934,#935,#936,#937,#938,#939,#940,#941,#942,
    #943,#944,#945,#946,#947,#948,#949,#950,#951,#952,#953,#954,#955,
    #956,#957,#958,#959,#960,#961,#962,#963,#964,#965,#966,#967,#968,
    #969,#970,#971,#972,#973,#974,#975,#976,#977,#978,#979,#980,#981,
    #982,#983,#984,#985,#986,#987,#988,#989,#990,#991,#992,#993,#994,
    #995,#996,#997,#998,#999,#1000,#1001,#1002,#1003,#1004,#1005,#1006,
    #1007,#1008,#1009,#1010,#1011,#1012,#1013,#1014,#1015,#1016,#1017,
    #1018,#1019,#1020,#1021,#1022,#1023,#1024,#1025,#1026,#1027,#1028),
  .UNSPECIFIED.,.T.,.F.,(8,6,6,6,6,6,6,6,6,6,6,6,6,6,6,6,6,6,6,6,6,6,6,6
    ,6,6,6,6,8),(0.,2.280861663072E-02,3.979282869297E-02,
    6.772934262884E-02,9.758875672366E-02,0.12797711889,0.186107942007,
    0.249976514119,0.310022261816,0.367395369596,0.39821168733,
    0.42860615339,0.468204142801,0.486912630164,0.499971327052,
    0.514941199431,0.539772039932,0.567711669401,0.597574413474,
    0.627966164607,0.686103470583,0.749979165438,0.81003160955,
    0.867411115687,0.898230870115,0.928628725823,0.968231131277,
    0.980496761682,1.),.UNSPECIFIED.);
#859 = CARTESIAN_POINT('',(81.,46.,263.));
#860 = CARTESIAN_POINT('',(81.,46.,262.8003943804));
#861 = CARTESIAN_POINT('',(80.983214238898,46.,262.60070328533));
#862 = CARTESIAN_POINT('',(80.949618450735,46.,262.40283274978));
#863 = CARTESIAN_POINT('',(80.90000851633,46.,262.20826826955));
#864 = CARTESIAN_POINT('',(80.835658545934,46.,262.01814866289));
#865 = CARTESIAN_POINT('',(80.758075356878,46.,261.83332083342));
#866 = CARTESIAN_POINT('',(80.602408074889,46.,261.52112550268));
#867 = CARTESIAN_POINT('',(80.529473230244,46.,261.3910621681));
#868 = CARTESIAN_POINT('',(80.450637046876,46.,261.26433379087));
#869 = CARTESIAN_POINT('',(80.366478092575,46.,261.14100764333));
#870 = CARTESIAN_POINT('',(80.27753184589,46.,261.02108871122));
#871 = CARTESIAN_POINT('',(80.184270831953,46.,260.90453261969));
#872 = CARTESIAN_POINT('',(79.927253337942,46.,260.60492396322));
#873 = CARTESIAN_POINT('',(79.756891172997,46.,260.42754313946));
#874 = CARTESIAN_POINT('',(79.577745637237,46.,260.25864959085));
#875 = CARTESIAN_POINT('',(79.391246932277,46.,260.09779463517));
#876 = CARTESIAN_POINT('',(79.198544195068,46.,259.94451592343));
#877 = CARTESIAN_POINT('',(79.000513410811,46.,259.79833046743));
#878 = CARTESIAN_POINT('',(78.581023317804,46.,259.50955440711));
#879 = CARTESIAN_POINT('',(78.358984626867,46.,259.36796858208));
#880 = CARTESIAN_POINT('',(78.1324392869,46.,259.23342936831));
#881 = CARTESIAN_POINT('',(77.902039759742,46.,259.10548048943));
#882 = CARTESIAN_POINT('',(77.668310314448,46.,258.98372316206));
#883 = CARTESIAN_POINT('',(77.43166108289,46.,258.86779297171));
#884 = CARTESIAN_POINT('',(76.948876599799,46.,258.64496936413));
#885 = CARTESIAN_POINT('',(76.702682255367,46.,258.53828809851));
#886 = CARTESIAN_POINT('',(76.454146534892,46.,258.4369761438));
#887 = CARTESIAN_POINT('',(76.203555251403,46.,258.34075131521));
#888 = CARTESIAN_POINT('',(75.951146715737,46.,258.24936925524));
#889 = CARTESIAN_POINT('',(75.697116323685,46.,258.1626124103));
#890 = CARTESIAN_POINT('',(74.952866408516,46.,257.92280521853));
#891 = CARTESIAN_POINT('',(74.458820648388,46.,257.78156519547));
#892 = CARTESIAN_POINT('',(73.960549562024,46.,257.65519992895));
#893 = CARTESIAN_POINT('',(73.458892418269,46.,257.54275555776));
#894 = CARTESIAN_POINT('',(72.954516322563,46.,257.44347030558));
#895 = CARTESIAN_POINT('',(72.447922865687,46.,257.35674787925));
#896 = CARTESIAN_POINT('',(71.380806641531,46.,257.20013433688));
#897 = CARTESIAN_POINT('',(70.819986488881,46.,257.13276257707));
#898 = CARTESIAN_POINT('',(70.257523343221,46.,257.07939629703));
#899 = CARTESIAN_POINT('',(69.693889354044,46.,257.03963191378));
#900 = CARTESIAN_POINT('',(69.129510134648,46.,257.0132116332));
#901 = CARTESIAN_POINT('',(68.564767738253,46.,257.));
#902 = CARTESIAN_POINT('',(67.469036178565,46.,257.));
#903 = CARTESIAN_POINT('',(66.938090435678,46.,257.01167736535));
#904 = CARTESIAN_POINT('',(66.407448130553,46.,257.03503015323));
#905 = CARTESIAN_POINT('',(65.877426613329,46.,257.07016350005));
#906 = CARTESIAN_POINT('',(65.348374924655,46.,257.11727911199));
#907 = CARTESIAN_POINT('',(64.820675744172,46.,257.1766912581));
#908 = CARTESIAN_POINT('',(63.792232437124,46.,257.31783462613));
#909 = CARTESIAN_POINT('',(63.291395891113,46.,257.39844700718));
#910 = CARTESIAN_POINT('',(62.792563188342,46.,257.49111378747));
#911 = CARTESIAN_POINT('',(62.296194132863,46.,257.59637601561));
#912 = CARTESIAN_POINT('',(61.802882757271,46.,257.71490097695));
#913 = CARTESIAN_POINT('',(61.313374612125,46.,257.84755112795));
#914 = CARTESIAN_POINT('',(60.568222893785,46.,258.07501167797));
#915 = CARTESIAN_POINT('',(60.30922800456,46.,258.15891055206));
#916 = CARTESIAN_POINT('',(60.051764395952,46.,258.24741143854));
#917 = CARTESIAN_POINT('',(59.796015933155,46.,258.34072339682));
#918 = CARTESIAN_POINT('',(59.542205988934,46.,258.43908180318));
#919 = CARTESIAN_POINT('',(59.290601562196,46.,258.54275875711));
#920 = CARTESIAN_POINT('',(58.795849147912,46.,258.75990714027));
#921 = CARTESIAN_POINT('',(58.552663528444,46.,258.87321175202));
#922 = CARTESIAN_POINT('',(58.312242996442,46.,258.99231625023));
#923 = CARTESIAN_POINT('',(58.074972401351,46.,259.11757697533));
#924 = CARTESIAN_POINT('',(57.841342482068,46.,259.24938651021));
#925 = CARTESIAN_POINT('',(57.611963162769,46.,259.38819672657));
#926 = CARTESIAN_POINT('',(57.095275462992,46.,259.72525115654));
#927 = CARTESIAN_POINT('',(56.811874036919,46.,259.92849316794));
#928 = CARTESIAN_POINT('',(56.538501653387,46.,260.14579362856));
#929 = CARTESIAN_POINT('',(56.277539094723,46.,260.37857360276));
#930 = CARTESIAN_POINT('',(56.032611259148,46.,260.62812961717));
#931 = CARTESIAN_POINT('',(55.808489386142,46.,260.89553476762));
#932 = CARTESIAN_POINT('',(55.518089502875,46.,261.31703191881));
#933 = CARTESIAN_POINT('',(55.430985361695,46.,261.45638087989));
#934 = CARTESIAN_POINT('',(55.350647687485,46.,261.59983755443));
#935 = CARTESIAN_POINT('',(55.277859684421,46.,261.74729857847));
#936 = CARTESIAN_POINT('',(55.213460633923,46.,261.89853743255));
#937 = CARTESIAN_POINT('',(55.158274225713,46.,262.05317152278));
#938 = CARTESIAN_POINT('',(55.081399524279,46.,262.3205100401));
#939 = CARTESIAN_POINT('',(55.054626427609,46.,262.43178008517));
#940 = CARTESIAN_POINT('',(55.032926502262,46.,262.54420047023));
#941 = CARTESIAN_POINT('',(55.01650208338,46.,262.65752247095));
#942 = CARTESIAN_POINT('',(55.00550021167,46.,262.77147059125));
#943 = CARTESIAN_POINT('',(55.,46.,262.88574100535));
#944 = CARTESIAN_POINT('',(55.,46.,263.13098110651));
#945 = CARTESIAN_POINT('',(55.007228153791,46.,263.26198229997));
#946 = CARTESIAN_POINT('',(55.021687023892,46.,263.39249312356));
#947 = CARTESIAN_POINT('',(55.043238612751,46.,263.52206052575));
#948 = CARTESIAN_POINT('',(55.071631315274,46.,263.6502850873));
#949 = CARTESIAN_POINT('',(55.106526871356,46.,263.77681724823));
#950 = CARTESIAN_POINT('',(55.2155356177,46.,264.10792447855));
#951 = CARTESIAN_POINT('',(55.30032990659,46.,264.30897423741));
#952 = CARTESIAN_POINT('',(55.400170230065,46.,264.50340229992));
#953 = CARTESIAN_POINT('',(55.513066437434,46.,264.69066161613));
#954 = CARTESIAN_POINT('',(55.637160468092,46.,264.87055232129));
#955 = CARTESIAN_POINT('',(55.770849903878,46.,265.04315103471));
#956 = CARTESIAN_POINT('',(56.072746662057,46.,265.39507603677));
#957 = CARTESIAN_POINT('',(56.243108827005,46.,265.57245686053));
#958 = CARTESIAN_POINT('',(56.422254362761,46.,265.74135040914));
#959 = CARTESIAN_POINT('',(56.608753067721,46.,265.90220536482));
#960 = CARTESIAN_POINT('',(56.801455804934,46.,266.05548407656));
#961 = CARTESIAN_POINT('',(56.999486589188,46.,266.20166953256));
#962 = CARTESIAN_POINT('',(57.418976682195,46.,266.49044559288));
#963 = CARTESIAN_POINT('',(57.641015373132,46.,266.63203141791));
#964 = CARTESIAN_POINT('',(57.867560713099,46.,266.76657063168));
#965 = CARTESIAN_POINT('',(58.097960240257,46.,266.89451951056));
#966 = CARTESIAN_POINT('',(58.331689685551,46.,267.01627683793));
#967 = CARTESIAN_POINT('',(58.56833891711,46.,267.13220702828));
#968 = CARTESIAN_POINT('',(59.051123400199,46.,267.35503063586));
#969 = CARTESIAN_POINT('',(59.297317744634,46.,267.46171190148));
#970 = CARTESIAN_POINT('',(59.545853465107,46.,267.56302385619));
#971 = CARTESIAN_POINT('',(59.796444748596,46.,267.65924868478));
#972 = CARTESIAN_POINT('',(60.048853284263,46.,267.75063074475));
#973 = CARTESIAN_POINT('',(60.302883676314,46.,267.83738758969));
#974 = CARTESIAN_POINT('',(61.047133591481,46.,268.07719478146));
#975 = CARTESIAN_POINT('',(61.541179351621,46.,268.21843480452));
#976 = CARTESIAN_POINT('',(62.039450437957,46.,268.34480007104));
#977 = CARTESIAN_POINT('',(62.541107581749,46.,268.45724444223));
#978 = CARTESIAN_POINT('',(63.045483677426,46.,268.55652969441));
#979 = CARTESIAN_POINT('',(63.552077134315,46.,268.64325212074));
#980 = CARTESIAN_POINT('',(64.619193358469,46.,268.79986566311));
#981 = CARTESIAN_POINT('',(65.180013511119,46.,268.86723742292));
#982 = CARTESIAN_POINT('',(65.742476656779,46.,268.92060370296));
#983 = CARTESIAN_POINT('',(66.306110645955,46.,268.96036808621));
#984 = CARTESIAN_POINT('',(66.870489865352,46.,268.98678836679));
#985 = CARTESIAN_POINT('',(67.435232261746,46.,269.));
#986 = CARTESIAN_POINT('',(68.530963821435,46.,269.));
#987 = CARTESIAN_POINT('',(69.061909564321,46.,268.98832263464));
#988 = CARTESIAN_POINT('',(69.592551869447,46.,268.96496984676));
#989 = CARTESIAN_POINT('',(70.122573386671,46.,268.92983649994));
#990 = CARTESIAN_POINT('',(70.651625075344,46.,268.882720888));
#991 = CARTESIAN_POINT('',(71.179324255828,46.,268.82330874189));
#992 = CARTESIAN_POINT('',(72.207767562876,46.,268.68216537387));
#993 = CARTESIAN_POINT('',(72.708604108887,46.,268.60155299281));
#994 = CARTESIAN_POINT('',(73.207436811658,46.,268.50888621252));
#995 = CARTESIAN_POINT('',(73.703805867137,46.,268.40362398438));
#996 = CARTESIAN_POINT('',(74.197117242729,46.,268.28509902304));
#997 = CARTESIAN_POINT('',(74.686625387875,46.,268.15244887204));
#998 = CARTESIAN_POINT('',(75.431777106215,46.,267.92498832202));
#999 = CARTESIAN_POINT('',(75.690771995441,46.,267.84108944793));
#1000 = CARTESIAN_POINT('',(75.948235604048,46.,267.75258856145));
#1001 = CARTESIAN_POINT('',(76.203984066845,46.,267.65927660317));
#1002 = CARTESIAN_POINT('',(76.457794011067,46.,267.56091819681));
#1003 = CARTESIAN_POINT('',(76.709398437804,46.,267.45724124289));
#1004 = CARTESIAN_POINT('',(77.204150852089,46.,267.24009285972));
#1005 = CARTESIAN_POINT('',(77.447336471557,46.,267.12678824797));
#1006 = CARTESIAN_POINT('',(77.687757003558,46.,267.00768374976));
#1007 = CARTESIAN_POINT('',(77.92502759865,46.,266.88242302466));
#1008 = CARTESIAN_POINT('',(78.158657517933,46.,266.75061348978));
#1009 = CARTESIAN_POINT('',(78.38803683723,46.,266.61180327343));
#1010 = CARTESIAN_POINT('',(78.904724537011,46.,266.27474884345));
#1011 = CARTESIAN_POINT('',(79.188125963072,46.,266.07150683205));
#1012 = CARTESIAN_POINT('',(79.461498346627,46.,265.85420637142));
#1013 = CARTESIAN_POINT('',(79.722460905265,46.,265.62142639724));
#1014 = CARTESIAN_POINT('',(79.967388740857,46.,265.37187038282));
#1015 = CARTESIAN_POINT('',(80.191510613857,46.,265.10446523237));
#1016 = CARTESIAN_POINT('',(80.449814541385,46.,264.72955334064));
#1017 = CARTESIAN_POINT('',(80.508284422213,46.,264.63913405996));
#1018 = CARTESIAN_POINT('',(80.563948280723,46.,264.54695278584));
#1019 = CARTESIAN_POINT('',(80.616594520085,46.,264.45302657859));
#1020 = CARTESIAN_POINT('',(80.66599975298,46.,264.35739421988));
#1021 = CARTESIAN_POINT('',(80.711935806452,46.,264.26011988387));
#1022 = CARTESIAN_POINT('',(80.821342841211,46.,264.00416097995));
#1023 = CARTESIAN_POINT('',(80.879200460474,46.,263.84303141207));
#1024 = CARTESIAN_POINT('',(80.926773950769,46.,263.67840144433));
#1025 = CARTESIAN_POINT('',(80.963185628875,46.,263.51090407854));
#1026 = CARTESIAN_POINT('',(80.987733106759,46.,263.34132753276));
#1027 = CARTESIAN_POINT('',(81.,46.,263.17063662696));
#1028 = CARTESIAN_POINT('',(81.,46.,263.));
#1029 = PCURVE('',#150,#1030);
#1030 = DEFINITIONAL_REPRESENTATION('',(#1031),#1202);
#1031 = B_SPLINE_CURVE_WITH_KNOTS('',7,(#1032,#1033,#1034,#1035,#1036,
    #1037,#1038,#1039,#1040,#1041,#1042,#1043,#1044,#1045,#1046,#1047,
    #1048,#1049,#1050,#1051,#1052,#1053,#1054,#1055,#1056,#1057,#1058,
    #1059,#1060,#1061,#1062,#1063,#1064,#1065,#1066,#1067,#1068,#1069,
    #1070,#1071,#1072,#1073,#1074,#1075,#1076,#1077,#1078,#1079,#1080,
    #1081,#1082,#1083,#1084,#1085,#1086,#1087,#1088,#1089,#1090,#1091,
    #1092,#1093,#1094,#1095,#1096,#1097,#1098,#1099,#1100,#1101,#1102,
    #1103,#1104,#1105,#1106,#1107,#1108,#1109,#1110,#1111,#1112,#1113,
    #1114,#1115,#1116,#1117,#1118,#1119,#1120,#1121,#1122,#1123,#1124,
    #1125,#1126,#1127,#1128,#1129,#1130,#1131,#1132,#1133,#1134,#1135,
    #1136,#1137,#1138,#1139,#1140,#1141,#1142,#1143,#1144,#1145,#1146,
    #1147,#1148,#1149,#1150,#1151,#1152,#1153,#1154,#1155,#1156,#1157,
    #1158,#1159,#1160,#1161,#1162,#1163,#1164,#1165,#1166,#1167,#1168,
    #1169,#1170,#1171,#1172,#1173,#1174,#1175,#1176,#1177,#1178,#1179,
    #1180,#1181,#1182,#1183,#1184,#1185,#1186,#1187,#1188,#1189,#1190,
    #1191,#1192,#1193,#1194,#1195,#1196,#1197,#1198,#1199,#1200,#1201),
  .UNSPECIFIED.,.T.,.F.,(8,6,6,6,6,6,6,6,6,6,6,6,6,6,6,6,6,6,6,6,6,6,6,6
    ,6,6,6,6,8),(0.,2.280861663072E-02,3.979282869297E-02,
    6.772934262884E-02,9.758875672366E-02,0.12797711889,0.186107942007,
    0.249976514119,0.310022261816,0.367395369596,0.39821168733,
    0.42860615339,0.468204142801,0.486912630164,0.499971327052,
    0.514941199431,0.539772039932,0.567711669401,0.597574413474,
    0.627966164607,0.686103470583,0.749979165438,0.81003160955,
    0.867411115687,0.898230870115,0.928628725823,0.968231131277,
    0.980496761682,1.),.UNSPECIFIED.);
#1032 = CARTESIAN_POINT('',(4.334014448385,45.300110688856));
#1033 = CARTESIAN_POINT('',(4.134408828789,45.300110688856));
#1034 = CARTESIAN_POINT('',(3.934717733723,45.283324927754));
#1035 = CARTESIAN_POINT('',(3.736847198171,45.24972913959));
#1036 = CARTESIAN_POINT('',(3.54228271794,45.200119205186));
#1037 = CARTESIAN_POINT('',(3.352163111284,45.13576923479));
#1038 = CARTESIAN_POINT('',(3.167335281814,45.058186045733));
#1039 = CARTESIAN_POINT('',(2.855139951073,44.902518763744));
#1040 = CARTESIAN_POINT('',(2.725076616489,44.829583919099));
#1041 = CARTESIAN_POINT('',(2.59834823926,44.750747735732));
#1042 = CARTESIAN_POINT('',(2.475022091721,44.66658878143));
#1043 = CARTESIAN_POINT('',(2.355103159612,44.577642534745));
#1044 = CARTESIAN_POINT('',(2.238547068078,44.484381520809));
#1045 = CARTESIAN_POINT('',(1.938938411608,44.227364026797));
#1046 = CARTESIAN_POINT('',(1.761557587849,44.057001861853));
#1047 = CARTESIAN_POINT('',(1.592664039241,43.877856326093));
#1048 = CARTESIAN_POINT('',(1.431809083559,43.691357621133));
#1049 = CARTESIAN_POINT('',(1.278530371822,43.498654883923));
#1050 = CARTESIAN_POINT('',(1.132344915822,43.300624099667));
#1051 = CARTESIAN_POINT('',(0.843568855502,42.88113400666));
#1052 = CARTESIAN_POINT('',(0.701983030468,42.659095315723));
#1053 = CARTESIAN_POINT('',(0.567443816697,42.432549975756));
#1054 = CARTESIAN_POINT('',(0.439494937818,42.202150448598));
#1055 = CARTESIAN_POINT('',(0.317737610449,41.968421003303));
#1056 = CARTESIAN_POINT('',(0.201807420096,41.731771771746));
#1057 = CARTESIAN_POINT('',(-2.101618748429E-02,41.248987288655));
#1058 = CARTESIAN_POINT('',(-0.127697453102,41.002792944223));
#1059 = CARTESIAN_POINT('',(-0.229009407806,40.754257223748));
#1060 = CARTESIAN_POINT('',(-0.325234236396,40.503665940258));
#1061 = CARTESIAN_POINT('',(-0.416616296368,40.251257404593));
#1062 = CARTESIAN_POINT('',(-0.503373141307,39.997227012541));
#1063 = CARTESIAN_POINT('',(-0.743180333084,39.252977097372));
#1064 = CARTESIAN_POINT('',(-0.884420356139,38.758931337244));
#1065 = CARTESIAN_POINT('',(-1.010785622665,38.26066025088));
#1066 = CARTESIAN_POINT('',(-1.123229993851,37.759003107125));
#1067 = CARTESIAN_POINT('',(-1.222515246027,37.254627011418));
#1068 = CARTESIAN_POINT('',(-1.309237672358,36.748033554543));
#1069 = CARTESIAN_POINT('',(-1.465851214733,35.680917330386));
#1070 = CARTESIAN_POINT('',(-1.533222974543,35.120097177737));
#1071 = CARTESIAN_POINT('',(-1.586589254576,34.557634032076));
#1072 = CARTESIAN_POINT('',(-1.62635363783,33.9940000429));
#1073 = CARTESIAN_POINT('',(-1.652773918409,33.429620823504));
#1074 = CARTESIAN_POINT('',(-1.665985551615,32.864878427109));
#1075 = CARTESIAN_POINT('',(-1.665985551615,31.769146867421));
#1076 = CARTESIAN_POINT('',(-1.654308186261,31.238201124534));
#1077 = CARTESIAN_POINT('',(-1.630955398376,30.707558819409));
#1078 = CARTESIAN_POINT('',(-1.595822051557,30.177537302185));
#1079 = CARTESIAN_POINT('',(-1.548706439621,29.648485613511));
#1080 = CARTESIAN_POINT('',(-1.489294293513,29.120786433028));
#1081 = CARTESIAN_POINT('',(-1.348150925484,28.09234312598));
#1082 = CARTESIAN_POINT('',(-1.267538544426,27.591506579969));
#1083 = CARTESIAN_POINT('',(-1.174871764136,27.092673877198));
#1084 = CARTESIAN_POINT('',(-1.069609536002,26.596304821719));
#1085 = CARTESIAN_POINT('',(-0.951084574661,26.102993446127));
#1086 = CARTESIAN_POINT('',(-0.818434423656,25.613485300981));
#1087 = CARTESIAN_POINT('',(-0.590973873638,24.868333582641));
#1088 = CARTESIAN_POINT('',(-0.507074999546,24.609338693416));
#1089 = CARTESIAN_POINT('',(-0.418574113071,24.351875084808));
#1090 = CARTESIAN_POINT('',(-0.325262154786,24.096126622011));
#1091 = CARTESIAN_POINT('',(-0.226903748434,23.84231667779));
#1092 = CARTESIAN_POINT('',(-0.123226794505,23.590712251052));
#1093 = CARTESIAN_POINT('',(9.392158866149E-02,23.095959836767));
#1094 = CARTESIAN_POINT('',(0.207226200409,22.8527742173));
#1095 = CARTESIAN_POINT('',(0.326330698623,22.612353685297));
#1096 = CARTESIAN_POINT('',(0.451591423725,22.375083090206));
#1097 = CARTESIAN_POINT('',(0.5834009586,22.141453170923));
#1098 = CARTESIAN_POINT('',(0.722211174956,21.912073851625));
#1099 = CARTESIAN_POINT('',(1.059265604927,21.395386151848));
#1100 = CARTESIAN_POINT('',(1.262507616334,21.111984725775));
#1101 = CARTESIAN_POINT('',(1.479808076948,20.838612342243));
#1102 = CARTESIAN_POINT('',(1.71258805115,20.577649783579));
#1103 = CARTESIAN_POINT('',(1.962144065559,20.332721948004));
#1104 = CARTESIAN_POINT('',(2.22954921601,20.108600074998));
#1105 = CARTESIAN_POINT('',(2.651046367203,19.818200191731));
#1106 = CARTESIAN_POINT('',(2.790395328277,19.73109605055));
#1107 = CARTESIAN_POINT('',(2.933852002821,19.650758376341));
#1108 = CARTESIAN_POINT('',(3.081313026863,19.577970373276));
#1109 = CARTESIAN_POINT('',(3.232551880944,19.513571322778));
#1110 = CARTESIAN_POINT('',(3.387185971167,19.458384914569));
#1111 = CARTESIAN_POINT('',(3.654524488493,19.381510213135));
#1112 = CARTESIAN_POINT('',(3.765794533563,19.354737116464));
#1113 = CARTESIAN_POINT('',(3.878214918621,19.333037191117));
#1114 = CARTESIAN_POINT('',(3.991536919345,19.316612772236));
#1115 = CARTESIAN_POINT('',(4.105485039635,19.305610900526));
#1116 = CARTESIAN_POINT('',(4.219755453741,19.300110688856));
#1117 = CARTESIAN_POINT('',(4.464995554899,19.300110688856));
#1118 = CARTESIAN_POINT('',(4.595996748362,19.307338842647));
#1119 = CARTESIAN_POINT('',(4.726507571946,19.321797712748));
#1120 = CARTESIAN_POINT('',(4.856074974135,19.343349301607));
#1121 = CARTESIAN_POINT('',(4.984299535692,19.37174200413));
#1122 = CARTESIAN_POINT('',(5.110831696616,19.406637560212));
#1123 = CARTESIAN_POINT('',(5.44193892694,19.515646306556));
#1124 = CARTESIAN_POINT('',(5.642988685798,19.600440595446));
#1125 = CARTESIAN_POINT('',(5.837416748306,19.700280918921));
#1126 = CARTESIAN_POINT('',(6.024676064519,19.81317712629));
#1127 = CARTESIAN_POINT('',(6.20456676968,19.937271156947));
#1128 = CARTESIAN_POINT('',(6.377165483097,20.070960592733));
#1129 = CARTESIAN_POINT('',(6.729090485161,20.372857350913));
#1130 = CARTESIAN_POINT('',(6.906471308923,20.54321951586));
#1131 = CARTESIAN_POINT('',(7.075364857528,20.722365051616));
#1132 = CARTESIAN_POINT('',(7.23621981321,20.908863756576));
#1133 = CARTESIAN_POINT('',(7.38949852495,21.10156649379));
#1134 = CARTESIAN_POINT('',(7.535683980948,21.299597278043));
#1135 = CARTESIAN_POINT('',(7.824460041268,21.719087371051));
#1136 = CARTESIAN_POINT('',(7.966045866303,21.941126061987));
#1137 = CARTESIAN_POINT('',(8.100585080074,22.167671401955));
#1138 = CARTESIAN_POINT('',(8.228533958952,22.398070929113));
#1139 = CARTESIAN_POINT('',(8.350291286322,22.631800374407));
#1140 = CARTESIAN_POINT('',(8.466221476675,22.868449605965));
#1141 = CARTESIAN_POINT('',(8.689045084255,23.351234089055));
#1142 = CARTESIAN_POINT('',(8.795726349873,23.597428433489));
#1143 = CARTESIAN_POINT('',(8.897038304576,23.845964153962));
#1144 = CARTESIAN_POINT('',(8.993263133166,24.096555437451));
#1145 = CARTESIAN_POINT('',(9.084645193139,24.348963973119));
#1146 = CARTESIAN_POINT('',(9.171402038077,24.60299436517));
#1147 = CARTESIAN_POINT('',(9.411209229854,25.347244280337));
#1148 = CARTESIAN_POINT('',(9.552449252911,25.841290040477));
#1149 = CARTESIAN_POINT('',(9.678814519433,26.339561126813));
#1150 = CARTESIAN_POINT('',(9.791258890624,26.841218270605));
#1151 = CARTESIAN_POINT('',(9.890544142796,27.345594366282));
#1152 = CARTESIAN_POINT('',(9.977266569129,27.85218782317));
#1153 = CARTESIAN_POINT('',(10.133880111503,28.919304047324));
#1154 = CARTESIAN_POINT('',(10.201251871314,29.480124199974));
#1155 = CARTESIAN_POINT('',(10.254618151346,30.042587345635));
#1156 = CARTESIAN_POINT('',(10.294382534601,30.606221334811));
#1157 = CARTESIAN_POINT('',(10.32080281518,31.170600554207));
#1158 = CARTESIAN_POINT('',(10.334014448385,31.735342950602));
#1159 = CARTESIAN_POINT('',(10.334014448385,32.831074510291));
#1160 = CARTESIAN_POINT('',(10.322337083032,33.362020253177));
#1161 = CARTESIAN_POINT('',(10.298984295147,33.892662558302));
#1162 = CARTESIAN_POINT('',(10.263850948328,34.422684075527));
#1163 = CARTESIAN_POINT('',(10.216735336392,34.9517357642));
#1164 = CARTESIAN_POINT('',(10.157323190284,35.479434944684));
#1165 = CARTESIAN_POINT('',(10.016179822255,36.507878251732));
#1166 = CARTESIAN_POINT('',(9.935567441197,37.008714797742));
#1167 = CARTESIAN_POINT('',(9.842900660907,37.507547500514));
#1168 = CARTESIAN_POINT('',(9.737638432773,38.003916555992));
#1169 = CARTESIAN_POINT('',(9.619113471432,38.497227931584));
#1170 = CARTESIAN_POINT('',(9.486463320427,38.986736076731));
#1171 = CARTESIAN_POINT('',(9.259002770409,39.73188779507));
#1172 = CARTESIAN_POINT('',(9.175103896316,39.990882684296));
#1173 = CARTESIAN_POINT('',(9.086603009842,40.248346292903));
#1174 = CARTESIAN_POINT('',(8.993291051557,40.5040947557));
#1175 = CARTESIAN_POINT('',(8.894932645205,40.757904699922));
#1176 = CARTESIAN_POINT('',(8.791255691276,41.00950912666));
#1177 = CARTESIAN_POINT('',(8.574107308109,41.504261540944));
#1178 = CARTESIAN_POINT('',(8.460802696362,41.747447160412));
#1179 = CARTESIAN_POINT('',(8.341698198148,41.987867692414));
#1180 = CARTESIAN_POINT('',(8.216437473046,42.225138287505));
#1181 = CARTESIAN_POINT('',(8.08462793817,42.458768206789));
#1182 = CARTESIAN_POINT('',(7.945817721816,42.688147526086));
#1183 = CARTESIAN_POINT('',(7.608763291842,43.204835225867));
#1184 = CARTESIAN_POINT('',(7.405521280443,43.488236651927));
#1185 = CARTESIAN_POINT('',(7.188220819814,43.761609035483));
#1186 = CARTESIAN_POINT('',(6.955440845629,44.022571594121));
#1187 = CARTESIAN_POINT('',(6.705884831207,44.267499429713));
#1188 = CARTESIAN_POINT('',(6.438479680762,44.491621302713));
#1189 = CARTESIAN_POINT('',(6.063567789029,44.74992523024));
#1190 = CARTESIAN_POINT('',(5.973148508353,44.808395111069));
#1191 = CARTESIAN_POINT('',(5.880967234229,44.864058969579));
#1192 = CARTESIAN_POINT('',(5.787041026976,44.916705208941));
#1193 = CARTESIAN_POINT('',(5.691408668268,44.966110441836));
#1194 = CARTESIAN_POINT('',(5.594134332259,45.012046495307));
#1195 = CARTESIAN_POINT('',(5.338175428335,45.121453530067));
#1196 = CARTESIAN_POINT('',(5.177045860455,45.17931114933));
#1197 = CARTESIAN_POINT('',(5.012415892722,45.226884639625));
#1198 = CARTESIAN_POINT('',(4.844918526925,45.263296317731));
#1199 = CARTESIAN_POINT('',(4.675341981146,45.287843795615));
#1200 = CARTESIAN_POINT('',(4.504651075348,45.300110688856));
#1201 = CARTESIAN_POINT('',(4.334014448385,45.300110688856));
#1202 = ( GEOMETRIC_REPRESENTATION_CONTEXT(2) 
PARAMETRIC_REPRESENTATION_CONTEXT() REPRESENTATION_CONTEXT('2D SPACE',''
  ) );
#1203 = PCURVE('',#1204,#1212);
#1204 = SURFACE_OF_LINEAR_EXTRUSION('',#1205,#1210);
#1205 = ELLIPSE('',#1206,13.,6.);
#1206 = AXIS2_PLACEMENT_3D('',#1207,#1208,#1209);
#1207 = CARTESIAN_POINT('',(68.,47.,263.));
#1208 = DIRECTION('',(0.,-1.,0.));
#1209 = DIRECTION('',(1.,0.,0.));
#1210 = VECTOR('',#1211,1.);
#1211 = DIRECTION('',(-0.,1.,-0.));
#1212 = DEFINITIONAL_REPRESENTATION('',(#1213),#1384);
#1213 = B_SPLINE_CURVE_WITH_KNOTS('',7,(#1214,#1215,#1216,#1217,#1218,
    #1219,#1220,#1221,#1222,#1223,#1224,#1225,#1226,#1227,#1228,#1229,
    #1230,#1231,#1232,#1233,#1234,#1235,#1236,#1237,#1238,#1239,#1240,
    #1241,#1242,#1243,#1244,#1245,#1246,#1247,#1248,#1249,#1250,#1251,
    #1252,#1253,#1254,#1255,#1256,#1257,#1258,#1259,#1260,#1261,#1262,
    #1263,#1264,#1265,#1266,#1267,#1268,#1269,#1270,#1271,#1272,#1273,
    #1274,#1275,#1276,#1277,#1278,#1279,#1280,#1281,#1282,#1283,#1284,
    #1285,#1286,#1287,#1288,#1289,#1290,#1291,#1292,#1293,#1294,#1295,
    #1296,#1297,#1298,#1299,#1300,#1301,#1302,#1303,#1304,#1305,#1306,
    #1307,#1308,#1309,#1310,#1311,#1312,#1313,#1314,#1315,#1316,#1317,
    #1318,#1319,#1320,#1321,#1322,#1323,#1324,#1325,#1326,#1327,#1328,
    #1329,#1330,#1331,#1332,#1333,#1334,#1335,#1336,#1337,#1338,#1339,
    #1340,#1341,#1342,#1343,#1344,#1345,#1346,#1347,#1348,#1349,#1350,
    #1351,#1352,#1353,#1354,#1355,#1356,#1357,#1358,#1359,#1360,#1361,
    #1362,#1363,#1364,#1365,#1366,#1367,#1368,#1369,#1370,#1371,#1372,
    #1373,#1374,#1375,#1376,#1377,#1378,#1379,#1380,#1381,#1382,#1383),
  .UNSPECIFIED.,.F.,.F.,(8,6,6,6,6,6,6,6,6,6,6,6,6,6,6,6,6,6,6,6,6,6,6,6
    ,6,6,6,6,8),(0.,2.280861663072E-02,3.979282869297E-02,
    6.772934262884E-02,9.758875672366E-02,0.12797711889,0.186107942007,
    0.249976514119,0.310022261816,0.367395369596,0.39821168733,
    0.42860615339,0.468204142801,0.486912630164,0.499971327052,
    0.514941199431,0.539772039932,0.567711669401,0.597574413474,
    0.627966164607,0.686103470583,0.749979165438,0.81003160955,
    0.867411115687,0.898230870115,0.928628725823,0.968231131277,
    0.980496761682,1.),.UNSPECIFIED.);
#1214 = CARTESIAN_POINT('',(6.28318530718,-1.));
#1215 = CARTESIAN_POINT('',(6.249917703913,-1.));
#1216 = CARTESIAN_POINT('',(6.216635883943,-1.));
#1217 = CARTESIAN_POINT('',(6.183597221522,-1.));
#1218 = CARTESIAN_POINT('',(6.150989312703,-1.));
#1219 = CARTESIAN_POINT('',(6.118952790754,-1.));
#1220 = CARTESIAN_POINT('',(6.087594444,-1.));
#1221 = CARTESIAN_POINT('',(6.034201811558,-1.));
#1222 = CARTESIAN_POINT('',(6.011818536105,-1.));
#1223 = CARTESIAN_POINT('',(5.98985577679,-1.));
#1224 = CARTESIAN_POINT('',(5.968318248499,-1.));
#1225 = CARTESIAN_POINT('',(5.947202879241,-1.));
#1226 = CARTESIAN_POINT('',(5.926500132797,-1.));
#1227 = CARTESIAN_POINT('',(5.872793917555,-1.));
#1228 = CARTESIAN_POINT('',(5.840482292325,-1.));
#1229 = CARTESIAN_POINT('',(5.809176363109,-1.));
#1230 = CARTESIAN_POINT('',(5.778803888304,-1.));
#1231 = CARTESIAN_POINT('',(5.749294547478,-1.));
#1232 = CARTESIAN_POINT('',(5.720574728404,-1.));
#1233 = CARTESIAN_POINT('',(5.662629169759,-1.));
#1234 = CARTESIAN_POINT('',(5.633517676078,-1.));
#1235 = CARTESIAN_POINT('',(5.605144856142,-1.));
#1236 = CARTESIAN_POINT('',(5.577442344881,-1.));
#1237 = CARTESIAN_POINT('',(5.550351147964,-1.));
#1238 = CARTESIAN_POINT('',(5.523816606792,-1.));
#1239 = CARTESIAN_POINT('',(5.471296578816,-1.));
#1240 = CARTESIAN_POINT('',(5.445332859474,-1.));
#1241 = CARTESIAN_POINT('',(5.419844224218,-1.));
#1242 = CARTESIAN_POINT('',(5.394787966543,-1.));
#1243 = CARTESIAN_POINT('',(5.370126929932,-1.));
#1244 = CARTESIAN_POINT('',(5.345827337337,-1.));
#1245 = CARTESIAN_POINT('',(5.276006194342,-1.));
#1246 = CARTESIAN_POINT('',(5.231370061857,-1.));
#1247 = CARTESIAN_POINT('',(5.187729185051,-1.));
#1248 = CARTESIAN_POINT('',(5.144925249545,-1.));
#1249 = CARTESIAN_POINT('',(5.102823918385,-1.));
#1250 = CARTESIAN_POINT('',(5.061307548357,-1.));
#1251 = CARTESIAN_POINT('',(4.975171511802,-1.));
#1252 = CARTESIAN_POINT('',(4.930657258425,-1.));
#1253 = CARTESIAN_POINT('',(4.886580357966,-1.));
#1254 = CARTESIAN_POINT('',(4.842821969248,-1.));
#1255 = CARTESIAN_POINT('',(4.799274423196,-1.));
#1256 = CARTESIAN_POINT('',(4.755832652558,-1.));
#1257 = CARTESIAN_POINT('',(4.671545609505,-1.));
#1258 = CARTESIAN_POINT('',(4.630703599321,-1.));
#1259 = CARTESIAN_POINT('',(4.589773777051,-1.));
#1260 = CARTESIAN_POINT('',(4.548668932328,-1.));
#1261 = CARTESIAN_POINT('',(4.507299811064,-1.));
#1262 = CARTESIAN_POINT('',(4.4655689649,-1.));
#1263 = CARTESIAN_POINT('',(4.3830345619,-1.));
#1264 = CARTESIAN_POINT('',(4.342277221993,-1.));
#1265 = CARTESIAN_POINT('',(4.300988268516,-1.));
#1266 = CARTESIAN_POINT('',(4.259057476457,-1.));
#1267 = CARTESIAN_POINT('',(4.21636370113,-1.));
#1268 = CARTESIAN_POINT('',(4.172760858259,-1.));
#1269 = CARTESIAN_POINT('',(4.10403906827,-1.));
#1270 = CARTESIAN_POINT('',(4.079708237787,-1.));
#1271 = CARTESIAN_POINT('',(4.055029944569,-1.));
#1272 = CARTESIAN_POINT('',(4.02997139844,-1.));
#1273 = CARTESIAN_POINT('',(4.004496521302,-1.));
#1274 = CARTESIAN_POINT('',(3.978563908232,-1.));
#1275 = CARTESIAN_POINT('',(3.926045156244,-1.));
#1276 = CARTESIAN_POINT('',(3.899476059113,-1.));
#1277 = CARTESIAN_POINT('',(3.872366063639,-1.));
#1278 = CARTESIAN_POINT('',(3.844661642336,-1.));
#1279 = CARTESIAN_POINT('',(3.816304690289,-1.));
#1280 = CARTESIAN_POINT('',(3.787227621355,-1.));
#1281 = CARTESIAN_POINT('',(3.718413414175,-1.));
#1282 = CARTESIAN_POINT('',(3.678169884183,-1.));
#1283 = CARTESIAN_POINT('',(3.636362667881,-1.));
#1284 = CARTESIAN_POINT('',(3.592779139112,-1.));
#1285 = CARTESIAN_POINT('',(3.547227980533,-1.));
#1286 = CARTESIAN_POINT('',(3.499531661225,-1.));
#1287 = CARTESIAN_POINT('',(3.425815975965,-1.));
#1288 = CARTESIAN_POINT('',(3.401652775951,-1.));
#1289 = CARTESIAN_POINT('',(3.376973207104,-1.));
#1290 = CARTESIAN_POINT('',(3.351786289485,-1.));
#1291 = CARTESIAN_POINT('',(3.32611684278,-1.));
#1292 = CARTESIAN_POINT('',(3.300010023314,-1.));
#1293 = CARTESIAN_POINT('',(3.255062906841,-1.));
#1294 = CARTESIAN_POINT('',(3.236408129842,-1.));
#1295 = CARTESIAN_POINT('',(3.21760438298,-1.));
#1296 = CARTESIAN_POINT('',(3.198683534951,-1.));
#1297 = CARTESIAN_POINT('',(3.179680872608,-1.));
#1298 = CARTESIAN_POINT('',(3.160635819364,-1.));
#1299 = CARTESIAN_POINT('',(3.119762469171,-1.));
#1300 = CARTESIAN_POINT('',(3.097928975325,-1.));
#1301 = CARTESIAN_POINT('',(3.076160107284,-1.));
#1302 = CARTESIAN_POINT('',(3.054514543971,-1.));
#1303 = CARTESIAN_POINT('',(3.033043164155,-1.));
#1304 = CARTESIAN_POINT('',(3.011790502601,-1.));
#1305 = CARTESIAN_POINT('',(2.955972527585,-1.));
#1306 = CARTESIAN_POINT('',(2.921864633862,-1.));
#1307 = CARTESIAN_POINT('',(2.888604947862,-1.));
#1308 = CARTESIAN_POINT('',(2.8562505653,-1.));
#1309 = CARTESIAN_POINT('',(2.824817520794,-1.));
#1310 = CARTESIAN_POINT('',(2.794285422256,-1.));
#1311 = CARTESIAN_POINT('',(2.731201263966,-1.));
#1312 = CARTESIAN_POINT('',(2.698889638735,-1.));
#1313 = CARTESIAN_POINT('',(2.667583709519,-1.));
#1314 = CARTESIAN_POINT('',(2.637211234714,-1.));
#1315 = CARTESIAN_POINT('',(2.607701893887,-1.));
#1316 = CARTESIAN_POINT('',(2.578982074814,-1.));
#1317 = CARTESIAN_POINT('',(2.52103651617,-1.));
#1318 = CARTESIAN_POINT('',(2.491925022488,-1.));
#1319 = CARTESIAN_POINT('',(2.463552202553,-1.));
#1320 = CARTESIAN_POINT('',(2.435849691291,-1.));
#1321 = CARTESIAN_POINT('',(2.408758494375,-1.));
#1322 = CARTESIAN_POINT('',(2.382223953202,-1.));
#1323 = CARTESIAN_POINT('',(2.329703925226,-1.));
#1324 = CARTESIAN_POINT('',(2.303740205884,-1.));
#1325 = CARTESIAN_POINT('',(2.278251570629,-1.));
#1326 = CARTESIAN_POINT('',(2.253195312953,-1.));
#1327 = CARTESIAN_POINT('',(2.228534276342,-1.));
#1328 = CARTESIAN_POINT('',(2.204234683747,-1.));
#1329 = CARTESIAN_POINT('',(2.134413540752,-1.));
#1330 = CARTESIAN_POINT('',(2.089777408266,-1.));
#1331 = CARTESIAN_POINT('',(2.046136531463,-1.));
#1332 = CARTESIAN_POINT('',(2.003332595954,-1.));
#1333 = CARTESIAN_POINT('',(1.961231264796,-1.));
#1334 = CARTESIAN_POINT('',(1.919714894767,-1.));
#1335 = CARTESIAN_POINT('',(1.833578858212,-1.));
#1336 = CARTESIAN_POINT('',(1.789064604836,-1.));
#1337 = CARTESIAN_POINT('',(1.744987704377,-1.));
#1338 = CARTESIAN_POINT('',(1.701229315658,-1.));
#1339 = CARTESIAN_POINT('',(1.657681769607,-1.));
#1340 = CARTESIAN_POINT('',(1.614239998968,-1.));
#1341 = CARTESIAN_POINT('',(1.529952955915,-1.));
#1342 = CARTESIAN_POINT('',(1.489110945732,-1.));
#1343 = CARTESIAN_POINT('',(1.448181123461,-1.));
#1344 = CARTESIAN_POINT('',(1.407076278738,-1.));
#1345 = CARTESIAN_POINT('',(1.365707157474,-1.));
#1346 = CARTESIAN_POINT('',(1.323976311311,-1.));
#1347 = CARTESIAN_POINT('',(1.241441908311,-1.));
#1348 = CARTESIAN_POINT('',(1.200684568403,-1.));
#1349 = CARTESIAN_POINT('',(1.159395614926,-1.));
#1350 = CARTESIAN_POINT('',(1.117464822867,-1.));
#1351 = CARTESIAN_POINT('',(1.074771047541,-1.));
#1352 = CARTESIAN_POINT('',(1.031168204669,-1.));
#1353 = CARTESIAN_POINT('',(0.96244641468,-1.));
#1354 = CARTESIAN_POINT('',(0.938115584197,-1.));
#1355 = CARTESIAN_POINT('',(0.91343729098,-1.));
#1356 = CARTESIAN_POINT('',(0.88837874485,-1.));
#1357 = CARTESIAN_POINT('',(0.862903867712,-1.));
#1358 = CARTESIAN_POINT('',(0.836971254642,-1.));
#1359 = CARTESIAN_POINT('',(0.784452502654,-1.));
#1360 = CARTESIAN_POINT('',(0.757883405523,-1.));
#1361 = CARTESIAN_POINT('',(0.730773410049,-1.));
#1362 = CARTESIAN_POINT('',(0.703068988746,-1.));
#1363 = CARTESIAN_POINT('',(0.674712036699,-1.));
#1364 = CARTESIAN_POINT('',(0.645634967766,-1.));
#1365 = CARTESIAN_POINT('',(0.576820760584,-1.));
#1366 = CARTESIAN_POINT('',(0.536577230594,-1.));
#1367 = CARTESIAN_POINT('',(0.49477001429,-1.));
#1368 = CARTESIAN_POINT('',(0.451186485524,-1.));
#1369 = CARTESIAN_POINT('',(0.405635326942,-1.));
#1370 = CARTESIAN_POINT('',(0.357939007636,-1.));
#1371 = CARTESIAN_POINT('',(0.292370623761,-1.));
#1372 = CARTESIAN_POINT('',(0.276646373678,-1.));
#1373 = CARTESIAN_POINT('',(0.260701611799,-1.));
#1374 = CARTESIAN_POINT('',(0.244537080631,-1.));
#1375 = CARTESIAN_POINT('',(0.228156437495,-1.));
#1376 = CARTESIAN_POINT('',(0.211566708836,-1.));
#1377 = CARTESIAN_POINT('',(0.168084668634,-1.));
#1378 = CARTESIAN_POINT('',(0.140876154461,-1.));
#1379 = CARTESIAN_POINT('',(0.113217274906,-1.));
#1380 = CARTESIAN_POINT('',(8.518826979075E-02,-1.));
#1381 = CARTESIAN_POINT('',(5.688791397709E-02,-1.));
#1382 = CARTESIAN_POINT('',(2.843943782713E-02,-1.));
#1383 = CARTESIAN_POINT('',(0.,-1.));
#1384 = ( GEOMETRIC_REPRESENTATION_CONTEXT(2) 
PARAMETRIC_REPRESENTATION_CONTEXT() REPRESENTATION_CONTEXT('2D SPACE',''
  ) );
#1385 = ADVANCED_FACE('',(#1386),#196,.F.);
#1386 = FACE_BOUND('',#1387,.T.);
#1387 = EDGE_LOOP('',(#1388,#1414,#1415,#1416));
#1388 = ORIENTED_EDGE('',*,*,#1389,.T.);
#1389 = EDGE_CURVE('',#211,#177,#1390,.T.);
#1390 = SURFACE_CURVE('',#1391,(#1396,#1403),.PCURVE_S1.);
#1391 = CIRCLE('',#1392,1.2);
#1392 = AXIS2_PLACEMENT_3D('',#1393,#1394,#1395);
#1393 = CARTESIAN_POINT('',(-6.,44.,278.));
#1394 = DIRECTION('',(5.921189464667E-15,-1.,-1.981720178251E-15));
#1395 = DIRECTION('',(-0.79854082641,-5.921189464668E-15,0.601940652022)
  );
#1396 = PCURVE('',#196,#1397);
#1397 = DEFINITIONAL_REPRESENTATION('',(#1398),#1402);
#1398 = LINE('',#1399,#1400);
#1399 = CARTESIAN_POINT('',(-2.49566351664,-3.));
#1400 = VECTOR('',#1401,1.);
#1401 = DIRECTION('',(-1.,-0.));
#1402 = ( GEOMETRIC_REPRESENTATION_CONTEXT(2) 
PARAMETRIC_REPRESENTATION_CONTEXT() REPRESENTATION_CONTEXT('2D SPACE',''
  ) );
#1403 = PCURVE('',#240,#1404);
#1404 = DEFINITIONAL_REPRESENTATION('',(#1405),#1413);
#1405 = ( BOUNDED_CURVE() B_SPLINE_CURVE(2,(#1406,#1407,#1408,#1409,
#1410,#1411,#1412),.UNSPECIFIED.,.T.,.F.) B_SPLINE_CURVE_WITH_KNOTS((1,2
    ,2,2,2,1),(-2.094395102393,0.,2.094395102393,4.188790204786,
6.28318530718,8.377580409573),.UNSPECIFIED.) CURVE() 
GEOMETRIC_REPRESENTATION_ITEM() RATIONAL_B_SPLINE_CURVE((1.,0.5,1.,0.5,
1.,0.5,1.)) REPRESENTATION_ITEM('') );
#1406 = CARTESIAN_POINT('',(20.056343230811,-42.65813830283));
#1407 = CARTESIAN_POINT('',(18.396607290899,-43.90924845376));
#1408 = CARTESIAN_POINT('',(18.142982087216,-41.84631989076));
#1409 = CARTESIAN_POINT('',(17.889356883533,-39.78339132776));
#1410 = CARTESIAN_POINT('',(19.802718027129,-40.59520973983));
#1411 = CARTESIAN_POINT('',(21.716079170724,-41.4070281519));
#1412 = CARTESIAN_POINT('',(20.056343230811,-42.65813830283));
#1413 = ( GEOMETRIC_REPRESENTATION_CONTEXT(2) 
PARAMETRIC_REPRESENTATION_CONTEXT() REPRESENTATION_CONTEXT('2D SPACE',''
  ) );
#1414 = ORIENTED_EDGE('',*,*,#176,.T.);
#1415 = ORIENTED_EDGE('',*,*,#296,.F.);
#1416 = ORIENTED_EDGE('',*,*,#266,.F.);
#1417 = ADVANCED_FACE('',(#1418,#1422,#1912,#1938),#240,.F.);
#1418 = FACE_BOUND('',#1419,.F.);
#1419 = EDGE_LOOP('',(#1420,#1421));
#1420 = ORIENTED_EDGE('',*,*,#210,.T.);
#1421 = ORIENTED_EDGE('',*,*,#1389,.T.);
#1422 = FACE_BOUND('',#1423,.F.);
#1423 = EDGE_LOOP('',(#1424));
#1424 = ORIENTED_EDGE('',*,*,#1425,.F.);
#1425 = EDGE_CURVE('',#1426,#1426,#1428,.T.);
#1426 = VERTEX_POINT('',#1427);
#1427 = CARTESIAN_POINT('',(-5.,44.,262.));
#1428 = SURFACE_CURVE('',#1429,(#1588,#1750),.PCURVE_S1.);
#1429 = B_SPLINE_CURVE_WITH_KNOTS('',7,(#1430,#1431,#1432,#1433,#1434,
    #1435,#1436,#1437,#1438,#1439,#1440,#1441,#1442,#1443,#1444,#1445,
    #1446,#1447,#1448,#1449,#1450,#1451,#1452,#1453,#1454,#1455,#1456,
    #1457,#1458,#1459,#1460,#1461,#1462,#1463,#1464,#1465,#1466,#1467,
    #1468,#1469,#1470,#1471,#1472,#1473,#1474,#1475,#1476,#1477,#1478,
    #1479,#1480,#1481,#1482,#1483,#1484,#1485,#1486,#1487,#1488,#1489,
    #1490,#1491,#1492,#1493,#1494,#1495,#1496,#1497,#1498,#1499,#1500,
    #1501,#1502,#1503,#1504,#1505,#1506,#1507,#1508,#1509,#1510,#1511,
    #1512,#1513,#1514,#1515,#1516,#1517,#1518,#1519,#1520,#1521,#1522,
    #1523,#1524,#1525,#1526,#1527,#1528,#1529,#1530,#1531,#1532,#1533,
    #1534,#1535,#1536,#1537,#1538,#1539,#1540,#1541,#1542,#1543,#1544,
    #1545,#1546,#1547,#1548,#1549,#1550,#1551,#1552,#1553,#1554,#1555,
    #1556,#1557,#1558,#1559,#1560,#1561,#1562,#1563,#1564,#1565,#1566,
    #1567,#1568,#1569,#1570,#1571,#1572,#1573,#1574,#1575,#1576,#1577,
    #1578,#1579,#1580,#1581,#1582,#1583,#1584,#1585,#1586,#1587),
  .UNSPECIFIED.,.T.,.F.,(8,6,6,6,6,6,6,6,6,6,6,6,6,6,6,6,6,6,6,6,6,6,6,6
    ,6,6,8),(0.,5.945174336054E-02,9.456263493245E-02,0.137657873449,
    0.169133184986,0.191730587336,0.249993987442,0.308257387547,
    0.330854789897,0.362330101434,0.40542533995,0.440536231522,
    0.459774223609,0.500002069417,0.527612075977,0.55946855834,
    0.594579068159,0.637673838109,0.669148807421,0.691745964074,
    0.750008730693,0.808271497313,0.830868653966,0.862343623278,
    0.905438393228,0.940548903047,1.),.UNSPECIFIED.);
#1430 = CARTESIAN_POINT('',(-5.,44.,262.));
#1431 = CARTESIAN_POINT('',(-4.51893639989,44.,262.));
#1432 = CARTESIAN_POINT('',(-4.037673085679,44.,261.95781349017));
#1433 = CARTESIAN_POINT('',(-3.56109461525,44.,261.87337873122));
#1434 = CARTESIAN_POINT('',(-3.093380412925,44.,261.74807656389));
#1435 = CARTESIAN_POINT('',(-2.638130382215,44.,261.58413280888));
#1436 = CARTESIAN_POINT('',(-2.198405063159,44.,261.38443818858));
#1437 = CARTESIAN_POINT('',(-1.527727433813,44.,261.01538200257));
#1438 = CARTESIAN_POINT('',(-1.284910828277,44.,260.86702180848));
#1439 = CARTESIAN_POINT('',(-1.04874570635,44.,260.70797274725));
#1440 = CARTESIAN_POINT('',(-0.819585702639,44.,260.53889457891));
#1441 = CARTESIAN_POINT('',(-0.597705974672,44.,260.36044410303));
#1442 = CARTESIAN_POINT('',(-0.383315056155,44.,260.17325868067));
#1443 = CARTESIAN_POINT('',(7.720375588089E-02,44.,259.73821491733));
#1444 = CARTESIAN_POINT('',(0.319451511549,44.,259.48624877351));
#1445 = CARTESIAN_POINT('',(0.549922053906,44.,259.223150735));
#1446 = CARTESIAN_POINT('',(0.768455438203,44.,258.94997044361));
#1447 = CARTESIAN_POINT('',(0.97497151041,44.,258.66768800451));
#1448 = CARTESIAN_POINT('',(1.169452096076,44.,258.37719957896));
#1449 = CARTESIAN_POINT('',(1.485193933229,44.,257.86172932665));
#1450 = CARTESIAN_POINT('',(1.612054523404,44.,257.64021039459));
#1451 = CARTESIAN_POINT('',(1.73251394922,44.,257.41506038842));
#1452 = CARTESIAN_POINT('',(1.846588106954,44.,257.18657672777));
#1453 = CARTESIAN_POINT('',(1.954298364279,44.,256.95503937595));
#1454 = CARTESIAN_POINT('',(2.055670124904,44.,256.7207101717));
#1455 = CARTESIAN_POINT('',(2.21897973208,44.,256.31376783249));
#1456 = CARTESIAN_POINT('',(2.28397478823,44.,256.142391077));
#1457 = CARTESIAN_POINT('',(2.34572681088,44.,255.96979257229));
#1458 = CARTESIAN_POINT('',(2.404245907837,44.,255.79605972985));
#1459 = CARTESIAN_POINT('',(2.459542045496,44.,255.62127669489));
#1460 = CARTESIAN_POINT('',(2.511625048839,44.,255.44552434627));
#1461 = CARTESIAN_POINT('',(2.686531871563,44.,254.81343489684));
#1462 = CARTESIAN_POINT('',(2.791254256868,44.,254.352093257));
#1463 = CARTESIAN_POINT('',(2.874851852083,44.,253.8861434385));
#1464 = CARTESIAN_POINT('',(2.937452221756,44.,253.41681403137));
#1465 = CARTESIAN_POINT('',(2.979149230156,44.,252.94527795121));
#1466 = CARTESIAN_POINT('',(3.,44.,252.47265311561));
#1467 = CARTESIAN_POINT('',(3.,44.,251.52734688438));
#1468 = CARTESIAN_POINT('',(2.979149230156,44.,251.05472204878));
#1469 = CARTESIAN_POINT('',(2.937452221756,44.,250.58318596863));
#1470 = CARTESIAN_POINT('',(2.874851852084,44.,250.11385656149));
#1471 = CARTESIAN_POINT('',(2.791254256869,44.,249.64790674299));
#1472 = CARTESIAN_POINT('',(2.686531871563,44.,249.18656510315));
#1473 = CARTESIAN_POINT('',(2.51162504884,44.,248.55447565372));
#1474 = CARTESIAN_POINT('',(2.459542045496,44.,248.3787233051));
#1475 = CARTESIAN_POINT('',(2.404245907838,44.,248.20394027014));
#1476 = CARTESIAN_POINT('',(2.345726810881,44.,248.0302074277));
#1477 = CARTESIAN_POINT('',(2.283974788231,44.,247.85760892299));
#1478 = CARTESIAN_POINT('',(2.218979732081,44.,247.68623216751));
#1479 = CARTESIAN_POINT('',(2.055670124905,44.,247.27928982829));
#1480 = CARTESIAN_POINT('',(1.954298364279,44.,247.04496062404));
#1481 = CARTESIAN_POINT('',(1.846588106955,44.,246.81342327222));
#1482 = CARTESIAN_POINT('',(1.732513949221,44.,246.58493961157));
#1483 = CARTESIAN_POINT('',(1.612054523405,44.,246.3597896054));
#1484 = CARTESIAN_POINT('',(1.48519393323,44.,246.13827067334));
#1485 = CARTESIAN_POINT('',(1.169452096077,44.,245.62280042103));
#1486 = CARTESIAN_POINT('',(0.974971510411,44.,245.33231199548));
#1487 = CARTESIAN_POINT('',(0.768455438204,44.,245.05002955638));
#1488 = CARTESIAN_POINT('',(0.549922053907,44.,244.77684926499));
#1489 = CARTESIAN_POINT('',(0.31945151155,44.,244.51375122649));
#1490 = CARTESIAN_POINT('',(7.720375588208E-02,44.,244.26178508266));
#1491 = CARTESIAN_POINT('',(-0.383315056153,44.,243.82674131932));
#1492 = CARTESIAN_POINT('',(-0.597705974671,44.,243.63955589696));
#1493 = CARTESIAN_POINT('',(-0.819585702637,44.,243.46110542108));
#1494 = CARTESIAN_POINT('',(-1.048745706348,44.,243.29202725274));
#1495 = CARTESIAN_POINT('',(-1.284910828276,44.,243.13297819151));
#1496 = CARTESIAN_POINT('',(-1.527727433812,44.,242.98461799742));
#1497 = CARTESIAN_POINT('',(-1.913192374336,44.,242.77250682125));
#1498 = CARTESIAN_POINT('',(-2.051498462091,44.,242.70082723427));
#1499 = CARTESIAN_POINT('',(-2.191592146545,44.,242.63265547663));
#1500 = CARTESIAN_POINT('',(-2.333391156254,44.,242.56809533526));
#1501 = CARTESIAN_POINT('',(-2.476805023896,44.,242.50724714966));
#1502 = CARTESIAN_POINT('',(-2.621734530834,44.,242.45020654133));
#1503 = CARTESIAN_POINT('',(-3.074070186981,44.,242.28593697087));
#1504 = CARTESIAN_POINT('',(-3.386272314858,44.,242.19183301985));
#1505 = CARTESIAN_POINT('',(-3.703618823503,44.,242.1156060664));
#1506 = CARTESIAN_POINT('',(-4.024958832048,44.,242.05793418126));
#1507 = CARTESIAN_POINT('',(-4.349048126467,44.,242.01930865638));
#1508 = CARTESIAN_POINT('',(-4.67454455741,44.,242.));
#1509 = CARTESIAN_POINT('',(-5.223373305833,44.,242.));
#1510 = CARTESIAN_POINT('',(-5.446753898627,44.,242.00909575187));
#1511 = CARTESIAN_POINT('',(-5.669686402323,44.,242.02728757355));
#1512 = CARTESIAN_POINT('',(-5.891731800023,44.,242.05451833699));
#1513 = CARTESIAN_POINT('',(-6.112467203937,44.,242.09067744521));
#1514 = CARTESIAN_POINT('',(-6.331485625318,44.,242.13560480933));
#1515 = CARTESIAN_POINT('',(-6.798667086002,44.,242.25081171632));
#1516 = CARTESIAN_POINT('',(-7.046147631227,44.,242.32393141774));
#1517 = CARTESIAN_POINT('',(-7.290243333055,44.,242.40814133327));
#1518 = CARTESIAN_POINT('',(-7.530431700178,44.,242.50305892372));
#1519 = CARTESIAN_POINT('',(-7.766254037615,44.,242.60825280151));
#1520 = CARTESIAN_POINT('',(-7.997309575454,44.,242.72325840798));
#1521 = CARTESIAN_POINT('',(-8.472272566186,44.,242.98461799742));
#1522 = CARTESIAN_POINT('',(-8.715089171722,44.,243.13297819151));
#1523 = CARTESIAN_POINT('',(-8.95125429365,44.,243.29202725274));
#1524 = CARTESIAN_POINT('',(-9.180414297361,44.,243.46110542108));
#1525 = CARTESIAN_POINT('',(-9.402294025327,44.,243.63955589696));
#1526 = CARTESIAN_POINT('',(-9.616684943845,44.,243.82674131932));
#1527 = CARTESIAN_POINT('',(-10.07720375588,44.,244.26178508266));
#1528 = CARTESIAN_POINT('',(-10.31945151154,44.,244.51375122648));
#1529 = CARTESIAN_POINT('',(-10.5499220539,44.,244.77684926499));
#1530 = CARTESIAN_POINT('',(-10.7684554382,44.,245.05002955638));
#1531 = CARTESIAN_POINT('',(-10.97497151041,44.,245.33231199548));
#1532 = CARTESIAN_POINT('',(-11.16945209607,44.,245.62280042103));
#1533 = CARTESIAN_POINT('',(-11.48519393322,44.,246.13827067334));
#1534 = CARTESIAN_POINT('',(-11.6120545234,44.,246.3597896054));
#1535 = CARTESIAN_POINT('',(-11.73251394922,44.,246.58493961157));
#1536 = CARTESIAN_POINT('',(-11.84658810695,44.,246.81342327222));
#1537 = CARTESIAN_POINT('',(-11.95429836427,44.,247.04496062404));
#1538 = CARTESIAN_POINT('',(-12.0556701249,44.,247.27928982829));
#1539 = CARTESIAN_POINT('',(-12.21897973208,44.,247.6862321675));
#1540 = CARTESIAN_POINT('',(-12.28397478823,44.,247.85760892299));
#1541 = CARTESIAN_POINT('',(-12.34572681088,44.,248.0302074277));
#1542 = CARTESIAN_POINT('',(-12.40424590783,44.,248.20394027014));
#1543 = CARTESIAN_POINT('',(-12.45954204549,44.,248.3787233051));
#1544 = CARTESIAN_POINT('',(-12.51162504883,44.,248.55447565372));
#1545 = CARTESIAN_POINT('',(-12.68653187156,44.,249.18656510315));
#1546 = CARTESIAN_POINT('',(-12.79125425686,44.,249.64790674299));
#1547 = CARTESIAN_POINT('',(-12.87485185208,44.,250.11385656149));
#1548 = CARTESIAN_POINT('',(-12.93745222175,44.,250.58318596862));
#1549 = CARTESIAN_POINT('',(-12.97914923015,44.,251.05472204878));
#1550 = CARTESIAN_POINT('',(-13.,44.,251.52734688438));
#1551 = CARTESIAN_POINT('',(-13.,44.,252.47265311561));
#1552 = CARTESIAN_POINT('',(-12.97914923015,44.,252.94527795121));
#1553 = CARTESIAN_POINT('',(-12.93745222175,44.,253.41681403137));
#1554 = CARTESIAN_POINT('',(-12.87485185208,44.,253.8861434385));
#1555 = CARTESIAN_POINT('',(-12.79125425686,44.,254.352093257));
#1556 = CARTESIAN_POINT('',(-12.68653187156,44.,254.81343489684));
#1557 = CARTESIAN_POINT('',(-12.51162504884,44.,255.44552434627));
#1558 = CARTESIAN_POINT('',(-12.45954204549,44.,255.62127669489));
#1559 = CARTESIAN_POINT('',(-12.40424590783,44.,255.79605972985));
#1560 = CARTESIAN_POINT('',(-12.34572681088,44.,255.96979257229));
#1561 = CARTESIAN_POINT('',(-12.28397478823,44.,256.142391077));
#1562 = CARTESIAN_POINT('',(-12.21897973208,44.,256.31376783248));
#1563 = CARTESIAN_POINT('',(-12.0556701249,44.,256.7207101717));
#1564 = CARTESIAN_POINT('',(-11.95429836427,44.,256.95503937595));
#1565 = CARTESIAN_POINT('',(-11.84658810695,44.,257.18657672777));
#1566 = CARTESIAN_POINT('',(-11.73251394922,44.,257.41506038842));
#1567 = CARTESIAN_POINT('',(-11.6120545234,44.,257.64021039459));
#1568 = CARTESIAN_POINT('',(-11.48519393323,44.,257.86172932665));
#1569 = CARTESIAN_POINT('',(-11.16945209607,44.,258.37719957896));
#1570 = CARTESIAN_POINT('',(-10.97497151041,44.,258.66768800451));
#1571 = CARTESIAN_POINT('',(-10.7684554382,44.,258.94997044361));
#1572 = CARTESIAN_POINT('',(-10.5499220539,44.,259.223150735));
#1573 = CARTESIAN_POINT('',(-10.31945151155,44.,259.48624877351));
#1574 = CARTESIAN_POINT('',(-10.07720375588,44.,259.73821491733));
#1575 = CARTESIAN_POINT('',(-9.616684943847,44.,260.17325868067));
#1576 = CARTESIAN_POINT('',(-9.402294025328,44.,260.36044410303));
#1577 = CARTESIAN_POINT('',(-9.180414297363,44.,260.53889457891));
#1578 = CARTESIAN_POINT('',(-8.951254293652,44.,260.70797274725));
#1579 = CARTESIAN_POINT('',(-8.715089171723,44.,260.86702180848));
#1580 = CARTESIAN_POINT('',(-8.472272566188,44.,261.01538200257));
#1581 = CARTESIAN_POINT('',(-7.801594936841,44.,261.38443818858));
#1582 = CARTESIAN_POINT('',(-7.361869617788,44.,261.58413280888));
#1583 = CARTESIAN_POINT('',(-6.906619587072,44.,261.74807656389));
#1584 = CARTESIAN_POINT('',(-6.438905384752,44.,261.87337873122));
#1585 = CARTESIAN_POINT('',(-5.962326914321,44.,261.95781349017));
#1586 = CARTESIAN_POINT('',(-5.48106360011,44.,262.));
#1587 = CARTESIAN_POINT('',(-5.,44.,262.));
#1588 = PCURVE('',#240,#1589);
#1589 = DEFINITIONAL_REPRESENTATION('',(#1590),#1749);
#1590 = B_SPLINE_CURVE_WITH_KNOTS('',7,(#1591,#1592,#1593,#1594,#1595,
    #1596,#1597,#1598,#1599,#1600,#1601,#1602,#1603,#1604,#1605,#1606,
    #1607,#1608,#1609,#1610,#1611,#1612,#1613,#1614,#1615,#1616,#1617,
    #1618,#1619,#1620,#1621,#1622,#1623,#1624,#1625,#1626,#1627,#1628,
    #1629,#1630,#1631,#1632,#1633,#1634,#1635,#1636,#1637,#1638,#1639,
    #1640,#1641,#1642,#1643,#1644,#1645,#1646,#1647,#1648,#1649,#1650,
    #1651,#1652,#1653,#1654,#1655,#1656,#1657,#1658,#1659,#1660,#1661,
    #1662,#1663,#1664,#1665,#1666,#1667,#1668,#1669,#1670,#1671,#1672,
    #1673,#1674,#1675,#1676,#1677,#1678,#1679,#1680,#1681,#1682,#1683,
    #1684,#1685,#1686,#1687,#1688,#1689,#1690,#1691,#1692,#1693,#1694,
    #1695,#1696,#1697,#1698,#1699,#1700,#1701,#1702,#1703,#1704,#1705,
    #1706,#1707,#1708,#1709,#1710,#1711,#1712,#1713,#1714,#1715,#1716,
    #1717,#1718,#1719,#1720,#1721,#1722,#1723,#1724,#1725,#1726,#1727,
    #1728,#1729,#1730,#1731,#1732,#1733,#1734,#1735,#1736,#1737,#1738,
    #1739,#1740,#1741,#1742,#1743,#1744,#1745,#1746,#1747,#1748),
  .UNSPECIFIED.,.T.,.F.,(8,6,6,6,6,6,6,6,6,6,6,6,6,6,6,6,6,6,6,6,6,6,6,6
    ,6,6,8),(0.,5.945174336054E-02,9.456263493245E-02,0.137657873449,
    0.169133184986,0.191730587336,0.249993987442,0.308257387547,
    0.330854789897,0.362330101434,0.40542533995,0.440536231522,
    0.459774223609,0.500002069417,0.527612075977,0.55946855834,
    0.594579068159,0.637673838109,0.669148807421,0.691745964074,
    0.750008730693,0.808271497313,0.830868653966,0.862343623278,
    0.905438393228,0.940548903047,1.),.UNSPECIFIED.);
#1591 = CARTESIAN_POINT('',(3.334014448385,-40.69988931114));
#1592 = CARTESIAN_POINT('',(3.334014448385,-40.21882571103));
#1593 = CARTESIAN_POINT('',(3.291827938556,-39.73756239682));
#1594 = CARTESIAN_POINT('',(3.207393179612,-39.26098392639));
#1595 = CARTESIAN_POINT('',(3.082091012275,-38.79326972406));
#1596 = CARTESIAN_POINT('',(2.918147257271,-38.33801969336));
#1597 = CARTESIAN_POINT('',(2.718452636966,-37.8982943743));
#1598 = CARTESIAN_POINT('',(2.349396450963,-37.22761674495));
#1599 = CARTESIAN_POINT('',(2.20103625687,-36.98480013942));
#1600 = CARTESIAN_POINT('',(2.041987195642,-36.74863501749));
#1601 = CARTESIAN_POINT('',(1.872909027297,-36.51947501378));
#1602 = CARTESIAN_POINT('',(1.694458551417,-36.29759528581));
#1603 = CARTESIAN_POINT('',(1.507273129064,-36.08320436729));
#1604 = CARTESIAN_POINT('',(1.072229365723,-35.62268555526));
#1605 = CARTESIAN_POINT('',(0.820263221896,-35.38043779959));
#1606 = CARTESIAN_POINT('',(0.557165183391,-35.14996725723));
#1607 = CARTESIAN_POINT('',(0.283984892001,-34.93143387294));
#1608 = CARTESIAN_POINT('',(1.702452904717E-03,-34.72491780073));
#1609 = CARTESIAN_POINT('',(-0.288785972651,-34.53043721506));
#1610 = CARTESIAN_POINT('',(-0.80425622496,-34.21469537791));
#1611 = CARTESIAN_POINT('',(-1.025775157016,-34.08783478774));
#1612 = CARTESIAN_POINT('',(-1.250925163185,-33.96737536192));
#1613 = CARTESIAN_POINT('',(-1.479408823841,-33.85330120419));
#1614 = CARTESIAN_POINT('',(-1.710946175662,-33.74559094686));
#1615 = CARTESIAN_POINT('',(-1.94527537991,-33.64421918624));
#1616 = CARTESIAN_POINT('',(-2.352217719124,-33.48090957906));
#1617 = CARTESIAN_POINT('',(-2.523594474605,-33.41591452291));
#1618 = CARTESIAN_POINT('',(-2.696192979321,-33.35416250026));
#1619 = CARTESIAN_POINT('',(-2.869925821756,-33.2956434033));
#1620 = CARTESIAN_POINT('',(-3.044708856718,-33.24034726564));
#1621 = CARTESIAN_POINT('',(-3.220461205336,-33.1882642623));
#1622 = CARTESIAN_POINT('',(-3.852550654772,-33.01335743958));
#1623 = CARTESIAN_POINT('',(-4.313892294606,-32.90863505427));
#1624 = CARTESIAN_POINT('',(-4.77984211311,-32.82503745906));
#1625 = CARTESIAN_POINT('',(-5.249171520242,-32.76243708938));
#1626 = CARTESIAN_POINT('',(-5.720707600399,-32.72074008098));
#1627 = CARTESIAN_POINT('',(-6.193332435997,-32.69988931114));
#1628 = CARTESIAN_POINT('',(-7.138638667229,-32.69988931114));
#1629 = CARTESIAN_POINT('',(-7.611263502829,-32.72074008098));
#1630 = CARTESIAN_POINT('',(-8.082799582984,-32.76243708938));
#1631 = CARTESIAN_POINT('',(-8.552128990117,-32.82503745906));
#1632 = CARTESIAN_POINT('',(-9.018078808622,-32.90863505427));
#1633 = CARTESIAN_POINT('',(-9.479420448455,-33.01335743958));
#1634 = CARTESIAN_POINT('',(-10.11150989789,-33.1882642623));
#1635 = CARTESIAN_POINT('',(-10.28726224651,-33.24034726564));
#1636 = CARTESIAN_POINT('',(-10.46204528147,-33.2956434033));
#1637 = CARTESIAN_POINT('',(-10.6357781239,-33.35416250026));
#1638 = CARTESIAN_POINT('',(-10.80837662862,-33.41591452291));
#1639 = CARTESIAN_POINT('',(-10.9797533841,-33.48090957906));
#1640 = CARTESIAN_POINT('',(-11.38669572331,-33.64421918624));
#1641 = CARTESIAN_POINT('',(-11.62102492756,-33.74559094686));
#1642 = CARTESIAN_POINT('',(-11.85256227938,-33.85330120419));
#1643 = CARTESIAN_POINT('',(-12.08104594004,-33.96737536192));
#1644 = CARTESIAN_POINT('',(-12.30619594621,-34.08783478773));
#1645 = CARTESIAN_POINT('',(-12.52771487826,-34.21469537791));
#1646 = CARTESIAN_POINT('',(-13.04318513057,-34.53043721506));
#1647 = CARTESIAN_POINT('',(-13.33367355613,-34.72491780073));
#1648 = CARTESIAN_POINT('',(-13.61595599522,-34.93143387294));
#1649 = CARTESIAN_POINT('',(-13.88913628661,-35.14996725723));
#1650 = CARTESIAN_POINT('',(-14.15223432512,-35.38043779959));
#1651 = CARTESIAN_POINT('',(-14.40420046895,-35.62268555526));
#1652 = CARTESIAN_POINT('',(-14.83924423229,-36.08320436729));
#1653 = CARTESIAN_POINT('',(-15.02642965464,-36.29759528581));
#1654 = CARTESIAN_POINT('',(-15.20488013052,-36.51947501378));
#1655 = CARTESIAN_POINT('',(-15.37395829887,-36.74863501749));
#1656 = CARTESIAN_POINT('',(-15.53300736009,-36.98480013942));
#1657 = CARTESIAN_POINT('',(-15.68136755419,-37.22761674495));
#1658 = CARTESIAN_POINT('',(-15.89347873035,-37.61308168548));
#1659 = CARTESIAN_POINT('',(-15.96515831734,-37.75138777323));
#1660 = CARTESIAN_POINT('',(-16.03333007498,-37.89148145769));
#1661 = CARTESIAN_POINT('',(-16.09789021634,-38.03328046739));
#1662 = CARTESIAN_POINT('',(-16.15873840195,-38.17669433504));
#1663 = CARTESIAN_POINT('',(-16.21577901028,-38.32162384197));
#1664 = CARTESIAN_POINT('',(-16.38004858074,-38.77395949812));
#1665 = CARTESIAN_POINT('',(-16.47415253176,-39.086161626));
#1666 = CARTESIAN_POINT('',(-16.5503794852,-39.40350813464));
#1667 = CARTESIAN_POINT('',(-16.60805137034,-39.72484814319));
#1668 = CARTESIAN_POINT('',(-16.64667689522,-40.04893743761));
#1669 = CARTESIAN_POINT('',(-16.66598555161,-40.37443386855));
#1670 = CARTESIAN_POINT('',(-16.66598555161,-40.92326261697));
#1671 = CARTESIAN_POINT('',(-16.65688979973,-41.14664320977));
#1672 = CARTESIAN_POINT('',(-16.63869797806,-41.36957571346));
#1673 = CARTESIAN_POINT('',(-16.61146721462,-41.59162111116));
#1674 = CARTESIAN_POINT('',(-16.57530810639,-41.81235651508));
#1675 = CARTESIAN_POINT('',(-16.53038074228,-42.03137493646));
#1676 = CARTESIAN_POINT('',(-16.41517383528,-42.49855639714));
#1677 = CARTESIAN_POINT('',(-16.34205413386,-42.74603694237));
#1678 = CARTESIAN_POINT('',(-16.25784421833,-42.99013264419));
#1679 = CARTESIAN_POINT('',(-16.16292662788,-43.23032101132));
#1680 = CARTESIAN_POINT('',(-16.0577327501,-43.46614334875));
#1681 = CARTESIAN_POINT('',(-15.94272714363,-43.69719888659));
#1682 = CARTESIAN_POINT('',(-15.68136755419,-44.17216187733));
#1683 = CARTESIAN_POINT('',(-15.5330073601,-44.41497848286));
#1684 = CARTESIAN_POINT('',(-15.37395829887,-44.65114360479));
#1685 = CARTESIAN_POINT('',(-15.20488013052,-44.8803036085));
#1686 = CARTESIAN_POINT('',(-15.02642965464,-45.10218333647));
#1687 = CARTESIAN_POINT('',(-14.83924423229,-45.31657425498));
#1688 = CARTESIAN_POINT('',(-14.40420046895,-45.77709306702));
#1689 = CARTESIAN_POINT('',(-14.15223432512,-46.01934082269));
#1690 = CARTESIAN_POINT('',(-13.88913628662,-46.24981136505));
#1691 = CARTESIAN_POINT('',(-13.61595599523,-46.46834474934));
#1692 = CARTESIAN_POINT('',(-13.33367355613,-46.67486082155));
#1693 = CARTESIAN_POINT('',(-13.04318513057,-46.86934140722));
#1694 = CARTESIAN_POINT('',(-12.52771487827,-47.18508324437));
#1695 = CARTESIAN_POINT('',(-12.30619594621,-47.31194383454));
#1696 = CARTESIAN_POINT('',(-12.08104594004,-47.43240326036));
#1697 = CARTESIAN_POINT('',(-11.85256227938,-47.54647741809));
#1698 = CARTESIAN_POINT('',(-11.62102492756,-47.65418767542));
#1699 = CARTESIAN_POINT('',(-11.38669572332,-47.75555943604));
#1700 = CARTESIAN_POINT('',(-10.9797533841,-47.91886904322));
#1701 = CARTESIAN_POINT('',(-10.80837662862,-47.98386409937));
#1702 = CARTESIAN_POINT('',(-10.6357781239,-48.04561612202));
#1703 = CARTESIAN_POINT('',(-10.46204528147,-48.10413521898));
#1704 = CARTESIAN_POINT('',(-10.28726224651,-48.15943135664));
#1705 = CARTESIAN_POINT('',(-10.11150989789,-48.21151435998));
#1706 = CARTESIAN_POINT('',(-9.479420448458,-48.3864211827));
#1707 = CARTESIAN_POINT('',(-9.018078808624,-48.49114356801));
#1708 = CARTESIAN_POINT('',(-8.552128990119,-48.57474116322));
#1709 = CARTESIAN_POINT('',(-8.082799582987,-48.6373415329));
#1710 = CARTESIAN_POINT('',(-7.611263502831,-48.6790385413));
#1711 = CARTESIAN_POINT('',(-7.138638667232,-48.69988931114));
#1712 = CARTESIAN_POINT('',(-6.193332436,-48.69988931114));
#1713 = CARTESIAN_POINT('',(-5.720707600401,-48.6790385413));
#1714 = CARTESIAN_POINT('',(-5.249171520245,-48.6373415329));
#1715 = CARTESIAN_POINT('',(-4.779842113113,-48.57474116322));
#1716 = CARTESIAN_POINT('',(-4.313892294607,-48.49114356801));
#1717 = CARTESIAN_POINT('',(-3.852550654774,-48.3864211827));
#1718 = CARTESIAN_POINT('',(-3.220461205338,-48.21151435998));
#1719 = CARTESIAN_POINT('',(-3.044708856719,-48.15943135664));
#1720 = CARTESIAN_POINT('',(-2.869925821757,-48.10413521898));
#1721 = CARTESIAN_POINT('',(-2.696192979322,-48.04561612202));
#1722 = CARTESIAN_POINT('',(-2.523594474607,-47.98386409937));
#1723 = CARTESIAN_POINT('',(-2.352217719125,-47.91886904322));
#1724 = CARTESIAN_POINT('',(-1.945275379911,-47.75555943604));
#1725 = CARTESIAN_POINT('',(-1.710946175663,-47.65418767542));
#1726 = CARTESIAN_POINT('',(-1.479408823843,-47.54647741809));
#1727 = CARTESIAN_POINT('',(-1.250925163187,-47.43240326036));
#1728 = CARTESIAN_POINT('',(-1.025775157017,-47.31194383454));
#1729 = CARTESIAN_POINT('',(-0.804256224961,-47.18508324437));
#1730 = CARTESIAN_POINT('',(-0.288785972653,-46.86934140722));
#1731 = CARTESIAN_POINT('',(1.702452903391E-03,-46.67486082155));
#1732 = CARTESIAN_POINT('',(0.283984891999,-46.46834474934));
#1733 = CARTESIAN_POINT('',(0.557165183389,-46.24981136505));
#1734 = CARTESIAN_POINT('',(0.820263221895,-46.01934082269));
#1735 = CARTESIAN_POINT('',(1.072229365722,-45.77709306702));
#1736 = CARTESIAN_POINT('',(1.507273129063,-45.31657425499));
#1737 = CARTESIAN_POINT('',(1.694458551417,-45.10218333647));
#1738 = CARTESIAN_POINT('',(1.872909027296,-44.8803036085));
#1739 = CARTESIAN_POINT('',(2.041987195641,-44.65114360479));
#1740 = CARTESIAN_POINT('',(2.20103625687,-44.41497848286));
#1741 = CARTESIAN_POINT('',(2.349396450962,-44.17216187733));
#1742 = CARTESIAN_POINT('',(2.718452636966,-43.50148424798));
#1743 = CARTESIAN_POINT('',(2.91814725727,-43.06175892893));
#1744 = CARTESIAN_POINT('',(3.082091012276,-42.60650889821));
#1745 = CARTESIAN_POINT('',(3.207393179612,-42.13879469589));
#1746 = CARTESIAN_POINT('',(3.291827938555,-41.66221622546));
#1747 = CARTESIAN_POINT('',(3.334014448385,-41.18095291125));
#1748 = CARTESIAN_POINT('',(3.334014448385,-40.69988931114));
#1749 = ( GEOMETRIC_REPRESENTATION_CONTEXT(2) 
PARAMETRIC_REPRESENTATION_CONTEXT() REPRESENTATION_CONTEXT('2D SPACE',''
  ) );
#1750 = PCURVE('',#651,#1751);
#1751 = DEFINITIONAL_REPRESENTATION('',(#1752),#1911);
#1752 = B_SPLINE_CURVE_WITH_KNOTS('',7,(#1753,#1754,#1755,#1756,#1757,
    #1758,#1759,#1760,#1761,#1762,#1763,#1764,#1765,#1766,#1767,#1768,
    #1769,#1770,#1771,#1772,#1773,#1774,#1775,#1776,#1777,#1778,#1779,
    #1780,#1781,#1782,#1783,#1784,#1785,#1786,#1787,#1788,#1789,#1790,
    #1791,#1792,#1793,#1794,#1795,#1796,#1797,#1798,#1799,#1800,#1801,
    #1802,#1803,#1804,#1805,#1806,#1807,#1808,#1809,#1810,#1811,#1812,
    #1813,#1814,#1815,#1816,#1817,#1818,#1819,#1820,#1821,#1822,#1823,
    #1824,#1825,#1826,#1827,#1828,#1829,#1830,#1831,#1832,#1833,#1834,
    #1835,#1836,#1837,#1838,#1839,#1840,#1841,#1842,#1843,#1844,#1845,
    #1846,#1847,#1848,#1849,#1850,#1851,#1852,#1853,#1854,#1855,#1856,
    #1857,#1858,#1859,#1860,#1861,#1862,#1863,#1864,#1865,#1866,#1867,
    #1868,#1869,#1870,#1871,#1872,#1873,#1874,#1875,#1876,#1877,#1878,
    #1879,#1880,#1881,#1882,#1883,#1884,#1885,#1886,#1887,#1888,#1889,
    #1890,#1891,#1892,#1893,#1894,#1895,#1896,#1897,#1898,#1899,#1900,
    #1901,#1902,#1903,#1904,#1905,#1906,#1907,#1908,#1909,#1910),
  .UNSPECIFIED.,.F.,.F.,(8,6,6,6,6,6,6,6,6,6,6,6,6,6,6,6,6,6,6,6,6,6,6,6
    ,6,6,8),(0.,5.945174336054E-02,9.456263493245E-02,0.137657873449,
    0.169133184986,0.191730587336,0.249993987442,0.308257387547,
    0.330854789897,0.362330101434,0.40542533995,0.440536231522,
    0.459774223609,0.500002069417,0.527612075977,0.55946855834,
    0.594579068159,0.637673838109,0.669148807421,0.691745964074,
    0.750008730693,0.808271497313,0.830868653966,0.862343623278,
    0.905438393228,0.940548903047,1.),.UNSPECIFIED.);
#1753 = CARTESIAN_POINT('',(6.28318530718,-3.));
#1754 = CARTESIAN_POINT('',(6.223052357166,-3.));
#1755 = CARTESIAN_POINT('',(6.162894458154,-3.));
#1756 = CARTESIAN_POINT('',(6.102966913006,-3.));
#1757 = CARTESIAN_POINT('',(6.043436121437,-3.));
#1758 = CARTESIAN_POINT('',(5.984435935527,-3.));
#1759 = CARTESIAN_POINT('',(5.926083251679,-3.));
#1760 = CARTESIAN_POINT('',(5.834484767939,-3.));
#1761 = CARTESIAN_POINT('',(5.80072777334,-3.));
#1762 = CARTESIAN_POINT('',(5.767236814829,-3.));
#1763 = CARTESIAN_POINT('',(5.734019020384,-3.));
#1764 = CARTESIAN_POINT('',(5.701077378872,-3.));
#1765 = CARTESIAN_POINT('',(5.668411434422,-3.));
#1766 = CARTESIAN_POINT('',(5.596256442294,-3.));
#1767 = CARTESIAN_POINT('',(5.556906720983,-3.));
#1768 = CARTESIAN_POINT('',(5.517957483971,-3.));
#1769 = CARTESIAN_POINT('',(5.479395097748,-3.));
#1770 = CARTESIAN_POINT('',(5.441202556347,-3.));
#1771 = CARTESIAN_POINT('',(5.403359169755,-3.));
#1772 = CARTESIAN_POINT('',(5.338437698011,-3.));
#1773 = CARTESIAN_POINT('',(5.311209009173,-3.));
#1774 = CARTESIAN_POINT('',(5.284144837824,-3.));
#1775 = CARTESIAN_POINT('',(5.257235905014,-3.));
#1776 = CARTESIAN_POINT('',(5.230472806037,-3.));
#1777 = CARTESIAN_POINT('',(5.20384581562,-3.));
#1778 = CARTESIAN_POINT('',(5.158318462756,-3.));
#1779 = CARTESIAN_POINT('',(5.139357240536,-3.));
#1780 = CARTESIAN_POINT('',(5.12045735906,-3.));
#1781 = CARTESIAN_POINT('',(5.101615148331,-3.));
#1782 = CARTESIAN_POINT('',(5.082826935753,-3.));
#1783 = CARTESIAN_POINT('',(5.06408904613,-3.));
#1784 = CARTESIAN_POINT('',(4.997205737911,-3.));
#1785 = CARTESIAN_POINT('',(4.949326960885,-3.));
#1786 = CARTESIAN_POINT('',(4.901693144395,-3.));
#1787 = CARTESIAN_POINT('',(4.854242797143,-3.));
#1788 = CARTESIAN_POINT('',(4.806916796395,-3.));
#1789 = CARTESIAN_POINT('',(4.759654291946,-3.));
#1790 = CARTESIAN_POINT('',(4.665123668823,-3.));
#1791 = CARTESIAN_POINT('',(4.617861164375,-3.));
#1792 = CARTESIAN_POINT('',(4.570535163627,-3.));
#1793 = CARTESIAN_POINT('',(4.523084816374,-3.));
#1794 = CARTESIAN_POINT('',(4.475450999884,-3.));
#1795 = CARTESIAN_POINT('',(4.427572222858,-3.));
#1796 = CARTESIAN_POINT('',(4.36068891464,-3.));
#1797 = CARTESIAN_POINT('',(4.341951025017,-3.));
#1798 = CARTESIAN_POINT('',(4.323162812439,-3.));
#1799 = CARTESIAN_POINT('',(4.30432060171,-3.));
#1800 = CARTESIAN_POINT('',(4.285420720233,-3.));
#1801 = CARTESIAN_POINT('',(4.266459498013,-3.));
#1802 = CARTESIAN_POINT('',(4.22093214515,-3.));
#1803 = CARTESIAN_POINT('',(4.194305154733,-3.));
#1804 = CARTESIAN_POINT('',(4.167542055756,-3.));
#1805 = CARTESIAN_POINT('',(4.140633122946,-3.));
#1806 = CARTESIAN_POINT('',(4.113568951596,-3.));
#1807 = CARTESIAN_POINT('',(4.086340262759,-3.));
#1808 = CARTESIAN_POINT('',(4.021418791015,-3.));
#1809 = CARTESIAN_POINT('',(3.983575404423,-3.));
#1810 = CARTESIAN_POINT('',(3.945382863021,-3.));
#1811 = CARTESIAN_POINT('',(3.906820476798,-3.));
#1812 = CARTESIAN_POINT('',(3.867871239786,-3.));
#1813 = CARTESIAN_POINT('',(3.828521518475,-3.));
#1814 = CARTESIAN_POINT('',(3.756366526347,-3.));
#1815 = CARTESIAN_POINT('',(3.723700581897,-3.));
#1816 = CARTESIAN_POINT('',(3.690758940386,-3.));
#1817 = CARTESIAN_POINT('',(3.657541145941,-3.));
#1818 = CARTESIAN_POINT('',(3.624050187429,-3.));
#1819 = CARTESIAN_POINT('',(3.59029319283,-3.));
#1820 = CARTESIAN_POINT('',(3.537647924013,-3.));
#1821 = CARTESIAN_POINT('',(3.518936976956,-3.));
#1822 = CARTESIAN_POINT('',(3.500152288606,-3.));
#1823 = CARTESIAN_POINT('',(3.481296486013,-3.));
#1824 = CARTESIAN_POINT('',(3.46237265413,-3.));
#1825 = CARTESIAN_POINT('',(3.443384412578,-3.));
#1826 = CARTESIAN_POINT('',(3.384504553362,-3.));
#1827 = CARTESIAN_POINT('',(3.344403433858,-3.));
#1828 = CARTESIAN_POINT('',(3.304080274806,-3.));
#1829 = CARTESIAN_POINT('',(3.263582802654,-3.));
#1830 = CARTESIAN_POINT('',(3.222961625638,-3.));
#1831 = CARTESIAN_POINT('',(3.182274583914,-3.));
#1832 = CARTESIAN_POINT('',(3.113670990361,-3.));
#1833 = CARTESIAN_POINT('',(3.085748424159,-3.));
#1834 = CARTESIAN_POINT('',(3.057846290305,-3.));
#1835 = CARTESIAN_POINT('',(3.029983945288,-3.));
#1836 = CARTESIAN_POINT('',(3.002179451691,-3.));
#1837 = CARTESIAN_POINT('',(2.974450263108,-3.));
#1838 = CARTESIAN_POINT('',(2.914927026926,-3.));
#1839 = CARTESIAN_POINT('',(2.883161699316,-3.));
#1840 = CARTESIAN_POINT('',(2.851543859522,-3.));
#1841 = CARTESIAN_POINT('',(2.820093882329,-3.));
#1842 = CARTESIAN_POINT('',(2.78882826086,-3.));
#1843 = CARTESIAN_POINT('',(2.757760670985,-3.));
#1844 = CARTESIAN_POINT('',(2.69289211435,-3.));
#1845 = CARTESIAN_POINT('',(2.65913511975,-3.));
#1846 = CARTESIAN_POINT('',(2.625644161239,-3.));
#1847 = CARTESIAN_POINT('',(2.592426366794,-3.));
#1848 = CARTESIAN_POINT('',(2.559484725283,-3.));
#1849 = CARTESIAN_POINT('',(2.526818780832,-3.));
#1850 = CARTESIAN_POINT('',(2.454663788705,-3.));
#1851 = CARTESIAN_POINT('',(2.415314067394,-3.));
#1852 = CARTESIAN_POINT('',(2.376364830382,-3.));
#1853 = CARTESIAN_POINT('',(2.337802444159,-3.));
#1854 = CARTESIAN_POINT('',(2.299609902757,-3.));
#1855 = CARTESIAN_POINT('',(2.261766516165,-3.));
#1856 = CARTESIAN_POINT('',(2.196845044421,-3.));
#1857 = CARTESIAN_POINT('',(2.169616355583,-3.));
#1858 = CARTESIAN_POINT('',(2.142552184234,-3.));
#1859 = CARTESIAN_POINT('',(2.115643251424,-3.));
#1860 = CARTESIAN_POINT('',(2.088880152447,-3.));
#1861 = CARTESIAN_POINT('',(2.06225316203,-3.));
#1862 = CARTESIAN_POINT('',(2.016725809167,-3.));
#1863 = CARTESIAN_POINT('',(1.997764586946,-3.));
#1864 = CARTESIAN_POINT('',(1.97886470547,-3.));
#1865 = CARTESIAN_POINT('',(1.960022494741,-3.));
#1866 = CARTESIAN_POINT('',(1.941234282163,-3.));
#1867 = CARTESIAN_POINT('',(1.92249639254,-3.));
#1868 = CARTESIAN_POINT('',(1.855613084321,-3.));
#1869 = CARTESIAN_POINT('',(1.807734307296,-3.));
#1870 = CARTESIAN_POINT('',(1.760100490805,-3.));
#1871 = CARTESIAN_POINT('',(1.712650143553,-3.));
#1872 = CARTESIAN_POINT('',(1.665324142805,-3.));
#1873 = CARTESIAN_POINT('',(1.618061638357,-3.));
#1874 = CARTESIAN_POINT('',(1.523531015233,-3.));
#1875 = CARTESIAN_POINT('',(1.476268510785,-3.));
#1876 = CARTESIAN_POINT('',(1.428942510037,-3.));
#1877 = CARTESIAN_POINT('',(1.381492162785,-3.));
#1878 = CARTESIAN_POINT('',(1.333858346294,-3.));
#1879 = CARTESIAN_POINT('',(1.285979569269,-3.));
#1880 = CARTESIAN_POINT('',(1.21909626105,-3.));
#1881 = CARTESIAN_POINT('',(1.200358371427,-3.));
#1882 = CARTESIAN_POINT('',(1.181570158849,-3.));
#1883 = CARTESIAN_POINT('',(1.16272794812,-3.));
#1884 = CARTESIAN_POINT('',(1.143828066644,-3.));
#1885 = CARTESIAN_POINT('',(1.124866844423,-3.));
#1886 = CARTESIAN_POINT('',(1.07933949156,-3.));
#1887 = CARTESIAN_POINT('',(1.052712501143,-3.));
#1888 = CARTESIAN_POINT('',(1.025949402166,-3.));
#1889 = CARTESIAN_POINT('',(0.999040469356,-3.));
#1890 = CARTESIAN_POINT('',(0.971976298007,-3.));
#1891 = CARTESIAN_POINT('',(0.944747609169,-3.));
#1892 = CARTESIAN_POINT('',(0.879826137425,-3.));
#1893 = CARTESIAN_POINT('',(0.841982750833,-3.));
#1894 = CARTESIAN_POINT('',(0.803790209431,-3.));
#1895 = CARTESIAN_POINT('',(0.765227823208,-3.));
#1896 = CARTESIAN_POINT('',(0.726278586196,-3.));
#1897 = CARTESIAN_POINT('',(0.686928864885,-3.));
#1898 = CARTESIAN_POINT('',(0.614773872758,-3.));
#1899 = CARTESIAN_POINT('',(0.582107928307,-3.));
#1900 = CARTESIAN_POINT('',(0.549166286796,-3.));
#1901 = CARTESIAN_POINT('',(0.515948492351,-3.));
#1902 = CARTESIAN_POINT('',(0.48245753384,-3.));
#1903 = CARTESIAN_POINT('',(0.448700539241,-3.));
#1904 = CARTESIAN_POINT('',(0.357102055501,-3.));
#1905 = CARTESIAN_POINT('',(0.298749371654,-3.));
#1906 = CARTESIAN_POINT('',(0.239749185741,-3.));
#1907 = CARTESIAN_POINT('',(0.180218394176,-3.));
#1908 = CARTESIAN_POINT('',(0.120290849025,-3.));
#1909 = CARTESIAN_POINT('',(6.01329500138E-02,-3.));
#1910 = CARTESIAN_POINT('',(0.,-3.));
#1911 = ( GEOMETRIC_REPRESENTATION_CONTEXT(2) 
PARAMETRIC_REPRESENTATION_CONTEXT() REPRESENTATION_CONTEXT('2D SPACE',''
  ) );
#1912 = FACE_BOUND('',#1913,.F.);
#1913 = EDGE_LOOP('',(#1914));
#1914 = ORIENTED_EDGE('',*,*,#1915,.F.);
#1915 = EDGE_CURVE('',#1916,#1916,#1918,.T.);
#1916 = VERTEX_POINT('',#1917);
#1917 = CARTESIAN_POINT('',(37.2,44.,280.));
#1918 = SURFACE_CURVE('',#1919,(#1924,#1931),.PCURVE_S1.);
#1919 = CIRCLE('',#1920,1.2);
#1920 = AXIS2_PLACEMENT_3D('',#1921,#1922,#1923);
#1921 = CARTESIAN_POINT('',(36.,44.,280.));
#1922 = DIRECTION('',(-0.,1.,0.));
#1923 = DIRECTION('',(1.,0.,0.));
#1924 = PCURVE('',#240,#1925);
#1925 = DEFINITIONAL_REPRESENTATION('',(#1926),#1930);
#1926 = CIRCLE('',#1927,1.2);
#1927 = AXIS2_PLACEMENT_2D('',#1928,#1929);
#1928 = CARTESIAN_POINT('',(21.334014448385,0.300110688856));
#1929 = DIRECTION('',(0.,1.));
#1930 = ( GEOMETRIC_REPRESENTATION_CONTEXT(2) 
PARAMETRIC_REPRESENTATION_CONTEXT() REPRESENTATION_CONTEXT('2D SPACE',''
  ) );
#1931 = PCURVE('',#840,#1932);
#1932 = DEFINITIONAL_REPRESENTATION('',(#1933),#1937);
#1933 = LINE('',#1934,#1935);
#1934 = CARTESIAN_POINT('',(-6.28318530718,-3.));
#1935 = VECTOR('',#1936,1.);
#1936 = DIRECTION('',(1.,-0.));
#1937 = ( GEOMETRIC_REPRESENTATION_CONTEXT(2) 
PARAMETRIC_REPRESENTATION_CONTEXT() REPRESENTATION_CONTEXT('2D SPACE',''
  ) );
#1938 = FACE_BOUND('',#1939,.F.);
#1939 = EDGE_LOOP('',(#1940));
#1940 = ORIENTED_EDGE('',*,*,#1941,.F.);
#1941 = EDGE_CURVE('',#1942,#1942,#1944,.T.);
#1942 = VERTEX_POINT('',#1943);
#1943 = CARTESIAN_POINT('',(81.,44.,263.));
#1944 = SURFACE_CURVE('',#1945,(#2116,#2290),.PCURVE_S1.);
#1945 = B_SPLINE_CURVE_WITH_KNOTS('',7,(#1946,#1947,#1948,#1949,#1950,
    #1951,#1952,#1953,#1954,#1955,#1956,#1957,#1958,#1959,#1960,#1961,
    #1962,#1963,#1964,#1965,#1966,#1967,#1968,#1969,#1970,#1971,#1972,
    #1973,#1974,#1975,#1976,#1977,#1978,#1979,#1980,#1981,#1982,#1983,
    #1984,#1985,#1986,#1987,#1988,#1989,#1990,#1991,#1992,#1993,#1994,
    #1995,#1996,#1997,#1998,#1999,#2000,#2001,#2002,#2003,#2004,#2005,
    #2006,#2007,#2008,#2009,#2010,#2011,#2012,#2013,#2014,#2015,#2016,
    #2017,#2018,#2019,#2020,#2021,#2022,#2023,#2024,#2025,#2026,#2027,
    #2028,#2029,#2030,#2031,#2032,#2033,#2034,#2035,#2036,#2037,#2038,
    #2039,#2040,#2041,#2042,#2043,#2044,#2045,#2046,#2047,#2048,#2049,
    #2050,#2051,#2052,#2053,#2054,#2055,#2056,#2057,#2058,#2059,#2060,
    #2061,#2062,#2063,#2064,#2065,#2066,#2067,#2068,#2069,#2070,#2071,
    #2072,#2073,#2074,#2075,#2076,#2077,#2078,#2079,#2080,#2081,#2082,
    #2083,#2084,#2085,#2086,#2087,#2088,#2089,#2090,#2091,#2092,#2093,
    #2094,#2095,#2096,#2097,#2098,#2099,#2100,#2101,#2102,#2103,#2104,
    #2105,#2106,#2107,#2108,#2109,#2110,#2111,#2112,#2113,#2114,#2115),
  .UNSPECIFIED.,.T.,.F.,(8,6,6,6,6,6,6,6,6,6,6,6,6,6,6,6,6,6,6,6,6,6,6,6
    ,6,6,6,6,8),(0.,2.280861663072E-02,3.979282869297E-02,
    6.772934262884E-02,9.758875672366E-02,0.12797711889,0.186107942007,
    0.249976514119,0.310022261816,0.367395369596,0.39821168733,
    0.42860615339,0.468204142801,0.486912630164,0.499971327052,
    0.514941199431,0.539772039932,0.567711669401,0.597574413474,
    0.627966164607,0.686103470583,0.749979165438,0.81003160955,
    0.867411115687,0.898230870115,0.928628725823,0.968231131277,
    0.980496761682,1.),.UNSPECIFIED.);
#1946 = CARTESIAN_POINT('',(81.,44.,263.));
#1947 = CARTESIAN_POINT('',(81.,44.,262.8003943804));
#1948 = CARTESIAN_POINT('',(80.983214238898,44.,262.60070328533));
#1949 = CARTESIAN_POINT('',(80.949618450735,44.,262.40283274978));
#1950 = CARTESIAN_POINT('',(80.90000851633,44.,262.20826826955));
#1951 = CARTESIAN_POINT('',(80.835658545934,44.,262.01814866289));
#1952 = CARTESIAN_POINT('',(80.758075356878,44.,261.83332083342));
#1953 = CARTESIAN_POINT('',(80.602408074889,44.,261.52112550268));
#1954 = CARTESIAN_POINT('',(80.529473230244,44.,261.3910621681));
#1955 = CARTESIAN_POINT('',(80.450637046876,44.,261.26433379087));
#1956 = CARTESIAN_POINT('',(80.366478092575,44.,261.14100764333));
#1957 = CARTESIAN_POINT('',(80.27753184589,44.,261.02108871122));
#1958 = CARTESIAN_POINT('',(80.184270831953,44.,260.90453261969));
#1959 = CARTESIAN_POINT('',(79.927253337942,44.,260.60492396322));
#1960 = CARTESIAN_POINT('',(79.756891172997,44.,260.42754313946));
#1961 = CARTESIAN_POINT('',(79.577745637237,44.,260.25864959085));
#1962 = CARTESIAN_POINT('',(79.391246932277,44.,260.09779463517));
#1963 = CARTESIAN_POINT('',(79.198544195068,44.,259.94451592343));
#1964 = CARTESIAN_POINT('',(79.000513410811,44.,259.79833046743));
#1965 = CARTESIAN_POINT('',(78.581023317804,44.,259.50955440711));
#1966 = CARTESIAN_POINT('',(78.358984626867,44.,259.36796858208));
#1967 = CARTESIAN_POINT('',(78.1324392869,44.,259.23342936831));
#1968 = CARTESIAN_POINT('',(77.902039759742,44.,259.10548048943));
#1969 = CARTESIAN_POINT('',(77.668310314448,44.,258.98372316206));
#1970 = CARTESIAN_POINT('',(77.43166108289,44.,258.86779297171));
#1971 = CARTESIAN_POINT('',(76.948876599799,44.,258.64496936413));
#1972 = CARTESIAN_POINT('',(76.702682255367,44.,258.53828809851));
#1973 = CARTESIAN_POINT('',(76.454146534892,44.,258.4369761438));
#1974 = CARTESIAN_POINT('',(76.203555251403,44.,258.34075131521));
#1975 = CARTESIAN_POINT('',(75.951146715737,44.,258.24936925524));
#1976 = CARTESIAN_POINT('',(75.697116323685,44.,258.1626124103));
#1977 = CARTESIAN_POINT('',(74.952866408516,44.,257.92280521853));
#1978 = CARTESIAN_POINT('',(74.458820648388,44.,257.78156519547));
#1979 = CARTESIAN_POINT('',(73.960549562024,44.,257.65519992895));
#1980 = CARTESIAN_POINT('',(73.458892418269,44.,257.54275555776));
#1981 = CARTESIAN_POINT('',(72.954516322563,44.,257.44347030558));
#1982 = CARTESIAN_POINT('',(72.447922865687,44.,257.35674787925));
#1983 = CARTESIAN_POINT('',(71.380806641531,44.,257.20013433688));
#1984 = CARTESIAN_POINT('',(70.819986488881,44.,257.13276257707));
#1985 = CARTESIAN_POINT('',(70.257523343221,44.,257.07939629703));
#1986 = CARTESIAN_POINT('',(69.693889354044,44.,257.03963191378));
#1987 = CARTESIAN_POINT('',(69.129510134648,44.,257.0132116332));
#1988 = CARTESIAN_POINT('',(68.564767738253,44.,257.));
#1989 = CARTESIAN_POINT('',(67.469036178565,44.,257.));
#1990 = CARTESIAN_POINT('',(66.938090435678,44.,257.01167736535));
#1991 = CARTESIAN_POINT('',(66.407448130553,44.,257.03503015323));
#1992 = CARTESIAN_POINT('',(65.877426613329,44.,257.07016350005));
#1993 = CARTESIAN_POINT('',(65.348374924655,44.,257.11727911199));
#1994 = CARTESIAN_POINT('',(64.820675744172,44.,257.1766912581));
#1995 = CARTESIAN_POINT('',(63.792232437124,44.,257.31783462613));
#1996 = CARTESIAN_POINT('',(63.291395891113,44.,257.39844700718));
#1997 = CARTESIAN_POINT('',(62.792563188342,44.,257.49111378747));
#1998 = CARTESIAN_POINT('',(62.296194132863,44.,257.59637601561));
#1999 = CARTESIAN_POINT('',(61.802882757271,44.,257.71490097695));
#2000 = CARTESIAN_POINT('',(61.313374612125,44.,257.84755112795));
#2001 = CARTESIAN_POINT('',(60.568222893785,44.,258.07501167797));
#2002 = CARTESIAN_POINT('',(60.30922800456,44.,258.15891055206));
#2003 = CARTESIAN_POINT('',(60.051764395952,44.,258.24741143854));
#2004 = CARTESIAN_POINT('',(59.796015933155,44.,258.34072339682));
#2005 = CARTESIAN_POINT('',(59.542205988934,44.,258.43908180318));
#2006 = CARTESIAN_POINT('',(59.290601562196,44.,258.54275875711));
#2007 = CARTESIAN_POINT('',(58.795849147912,44.,258.75990714027));
#2008 = CARTESIAN_POINT('',(58.552663528444,44.,258.87321175202));
#2009 = CARTESIAN_POINT('',(58.312242996442,44.,258.99231625023));
#2010 = CARTESIAN_POINT('',(58.074972401351,44.,259.11757697533));
#2011 = CARTESIAN_POINT('',(57.841342482068,44.,259.24938651021));
#2012 = CARTESIAN_POINT('',(57.611963162769,44.,259.38819672657));
#2013 = CARTESIAN_POINT('',(57.095275462992,44.,259.72525115654));
#2014 = CARTESIAN_POINT('',(56.811874036919,44.,259.92849316794));
#2015 = CARTESIAN_POINT('',(56.538501653387,44.,260.14579362856));
#2016 = CARTESIAN_POINT('',(56.277539094723,44.,260.37857360276));
#2017 = CARTESIAN_POINT('',(56.032611259148,44.,260.62812961717));
#2018 = CARTESIAN_POINT('',(55.808489386142,44.,260.89553476762));
#2019 = CARTESIAN_POINT('',(55.518089502875,44.,261.31703191881));
#2020 = CARTESIAN_POINT('',(55.430985361695,44.,261.45638087989));
#2021 = CARTESIAN_POINT('',(55.350647687485,44.,261.59983755443));
#2022 = CARTESIAN_POINT('',(55.277859684421,44.,261.74729857847));
#2023 = CARTESIAN_POINT('',(55.213460633923,44.,261.89853743255));
#2024 = CARTESIAN_POINT('',(55.158274225713,44.,262.05317152278));
#2025 = CARTESIAN_POINT('',(55.081399524279,44.,262.3205100401));
#2026 = CARTESIAN_POINT('',(55.054626427609,44.,262.43178008517));
#2027 = CARTESIAN_POINT('',(55.032926502262,44.,262.54420047023));
#2028 = CARTESIAN_POINT('',(55.01650208338,44.,262.65752247095));
#2029 = CARTESIAN_POINT('',(55.00550021167,44.,262.77147059125));
#2030 = CARTESIAN_POINT('',(55.,44.,262.88574100535));
#2031 = CARTESIAN_POINT('',(55.,44.,263.13098110651));
#2032 = CARTESIAN_POINT('',(55.007228153791,44.,263.26198229997));
#2033 = CARTESIAN_POINT('',(55.021687023892,44.,263.39249312356));
#2034 = CARTESIAN_POINT('',(55.043238612751,44.,263.52206052575));
#2035 = CARTESIAN_POINT('',(55.071631315274,44.,263.6502850873));
#2036 = CARTESIAN_POINT('',(55.106526871356,44.,263.77681724823));
#2037 = CARTESIAN_POINT('',(55.2155356177,44.,264.10792447855));
#2038 = CARTESIAN_POINT('',(55.30032990659,44.,264.30897423741));
#2039 = CARTESIAN_POINT('',(55.400170230065,44.,264.50340229992));
#2040 = CARTESIAN_POINT('',(55.513066437434,44.,264.69066161613));
#2041 = CARTESIAN_POINT('',(55.637160468092,44.,264.87055232129));
#2042 = CARTESIAN_POINT('',(55.770849903878,44.,265.04315103471));
#2043 = CARTESIAN_POINT('',(56.072746662057,44.,265.39507603677));
#2044 = CARTESIAN_POINT('',(56.243108827005,44.,265.57245686053));
#2045 = CARTESIAN_POINT('',(56.422254362761,44.,265.74135040914));
#2046 = CARTESIAN_POINT('',(56.608753067721,44.,265.90220536482));
#2047 = CARTESIAN_POINT('',(56.801455804934,44.,266.05548407656));
#2048 = CARTESIAN_POINT('',(56.999486589188,44.,266.20166953256));
#2049 = CARTESIAN_POINT('',(57.418976682195,44.,266.49044559288));
#2050 = CARTESIAN_POINT('',(57.641015373132,44.,266.63203141791));
#2051 = CARTESIAN_POINT('',(57.867560713099,44.,266.76657063168));
#2052 = CARTESIAN_POINT('',(58.097960240257,44.,266.89451951056));
#2053 = CARTESIAN_POINT('',(58.331689685551,44.,267.01627683793));
#2054 = CARTESIAN_POINT('',(58.56833891711,44.,267.13220702828));
#2055 = CARTESIAN_POINT('',(59.051123400199,44.,267.35503063586));
#2056 = CARTESIAN_POINT('',(59.297317744634,44.,267.46171190148));
#2057 = CARTESIAN_POINT('',(59.545853465107,44.,267.56302385619));
#2058 = CARTESIAN_POINT('',(59.796444748596,44.,267.65924868478));
#2059 = CARTESIAN_POINT('',(60.048853284263,44.,267.75063074475));
#2060 = CARTESIAN_POINT('',(60.302883676314,44.,267.83738758969));
#2061 = CARTESIAN_POINT('',(61.047133591481,44.,268.07719478146));
#2062 = CARTESIAN_POINT('',(61.541179351621,44.,268.21843480452));
#2063 = CARTESIAN_POINT('',(62.039450437957,44.,268.34480007104));
#2064 = CARTESIAN_POINT('',(62.541107581749,44.,268.45724444223));
#2065 = CARTESIAN_POINT('',(63.045483677426,44.,268.55652969441));
#2066 = CARTESIAN_POINT('',(63.552077134315,44.,268.64325212074));
#2067 = CARTESIAN_POINT('',(64.619193358469,44.,268.79986566311));
#2068 = CARTESIAN_POINT('',(65.180013511119,44.,268.86723742292));
#2069 = CARTESIAN_POINT('',(65.742476656779,44.,268.92060370296));
#2070 = CARTESIAN_POINT('',(66.306110645955,44.,268.96036808621));
#2071 = CARTESIAN_POINT('',(66.870489865352,44.,268.98678836679));
#2072 = CARTESIAN_POINT('',(67.435232261746,44.,269.));
#2073 = CARTESIAN_POINT('',(68.530963821435,44.,269.));
#2074 = CARTESIAN_POINT('',(69.061909564321,44.,268.98832263464));
#2075 = CARTESIAN_POINT('',(69.592551869447,44.,268.96496984676));
#2076 = CARTESIAN_POINT('',(70.122573386671,44.,268.92983649994));
#2077 = CARTESIAN_POINT('',(70.651625075344,44.,268.882720888));
#2078 = CARTESIAN_POINT('',(71.179324255828,44.,268.82330874189));
#2079 = CARTESIAN_POINT('',(72.207767562876,44.,268.68216537387));
#2080 = CARTESIAN_POINT('',(72.708604108887,44.,268.60155299281));
#2081 = CARTESIAN_POINT('',(73.207436811658,44.,268.50888621252));
#2082 = CARTESIAN_POINT('',(73.703805867137,44.,268.40362398438));
#2083 = CARTESIAN_POINT('',(74.197117242729,44.,268.28509902304));
#2084 = CARTESIAN_POINT('',(74.686625387875,44.,268.15244887204));
#2085 = CARTESIAN_POINT('',(75.431777106215,44.,267.92498832202));
#2086 = CARTESIAN_POINT('',(75.690771995441,44.,267.84108944793));
#2087 = CARTESIAN_POINT('',(75.948235604048,44.,267.75258856145));
#2088 = CARTESIAN_POINT('',(76.203984066845,44.,267.65927660317));
#2089 = CARTESIAN_POINT('',(76.457794011067,44.,267.56091819681));
#2090 = CARTESIAN_POINT('',(76.709398437804,44.,267.45724124289));
#2091 = CARTESIAN_POINT('',(77.204150852089,44.,267.24009285972));
#2092 = CARTESIAN_POINT('',(77.447336471557,44.,267.12678824797));
#2093 = CARTESIAN_POINT('',(77.687757003558,44.,267.00768374976));
#2094 = CARTESIAN_POINT('',(77.92502759865,44.,266.88242302466));
#2095 = CARTESIAN_POINT('',(78.158657517933,44.,266.75061348978));
#2096 = CARTESIAN_POINT('',(78.38803683723,44.,266.61180327343));
#2097 = CARTESIAN_POINT('',(78.904724537011,44.,266.27474884345));
#2098 = CARTESIAN_POINT('',(79.188125963072,44.,266.07150683205));
#2099 = CARTESIAN_POINT('',(79.461498346627,44.,265.85420637142));
#2100 = CARTESIAN_POINT('',(79.722460905265,44.,265.62142639724));
#2101 = CARTESIAN_POINT('',(79.967388740857,44.,265.37187038282));
#2102 = CARTESIAN_POINT('',(80.191510613857,44.,265.10446523237));
#2103 = CARTESIAN_POINT('',(80.449814541385,44.,264.72955334064));
#2104 = CARTESIAN_POINT('',(80.508284422213,44.,264.63913405996));
#2105 = CARTESIAN_POINT('',(80.563948280723,44.,264.54695278584));
#2106 = CARTESIAN_POINT('',(80.616594520085,44.,264.45302657859));
#2107 = CARTESIAN_POINT('',(80.66599975298,44.,264.35739421988));
#2108 = CARTESIAN_POINT('',(80.711935806452,44.,264.26011988387));
#2109 = CARTESIAN_POINT('',(80.821342841211,44.,264.00416097995));
#2110 = CARTESIAN_POINT('',(80.879200460474,44.,263.84303141207));
#2111 = CARTESIAN_POINT('',(80.926773950769,44.,263.67840144433));
#2112 = CARTESIAN_POINT('',(80.963185628875,44.,263.51090407854));
#2113 = CARTESIAN_POINT('',(80.987733106759,44.,263.34132753276));
#2114 = CARTESIAN_POINT('',(81.,44.,263.17063662696));
#2115 = CARTESIAN_POINT('',(81.,44.,263.));
#2116 = PCURVE('',#240,#2117);
#2117 = DEFINITIONAL_REPRESENTATION('',(#2118),#2289);
#2118 = B_SPLINE_CURVE_WITH_KNOTS('',7,(#2119,#2120,#2121,#2122,#2123,
    #2124,#2125,#2126,#2127,#2128,#2129,#2130,#2131,#2132,#2133,#2134,
    #2135,#2136,#2137,#2138,#2139,#2140,#2141,#2142,#2143,#2144,#2145,
    #2146,#2147,#2148,#2149,#2150,#2151,#2152,#2153,#2154,#2155,#2156,
    #2157,#2158,#2159,#2160,#2161,#2162,#2163,#2164,#2165,#2166,#2167,
    #2168,#2169,#2170,#2171,#2172,#2173,#2174,#2175,#2176,#2177,#2178,
    #2179,#2180,#2181,#2182,#2183,#2184,#2185,#2186,#2187,#2188,#2189,
    #2190,#2191,#2192,#2193,#2194,#2195,#2196,#2197,#2198,#2199,#2200,
    #2201,#2202,#2203,#2204,#2205,#2206,#2207,#2208,#2209,#2210,#2211,
    #2212,#2213,#2214,#2215,#2216,#2217,#2218,#2219,#2220,#2221,#2222,
    #2223,#2224,#2225,#2226,#2227,#2228,#2229,#2230,#2231,#2232,#2233,
    #2234,#2235,#2236,#2237,#2238,#2239,#2240,#2241,#2242,#2243,#2244,
    #2245,#2246,#2247,#2248,#2249,#2250,#2251,#2252,#2253,#2254,#2255,
    #2256,#2257,#2258,#2259,#2260,#2261,#2262,#2263,#2264,#2265,#2266,
    #2267,#2268,#2269,#2270,#2271,#2272,#2273,#2274,#2275,#2276,#2277,
    #2278,#2279,#2280,#2281,#2282,#2283,#2284,#2285,#2286,#2287,#2288),
  .UNSPECIFIED.,.T.,.F.,(8,6,6,6,6,6,6,6,6,6,6,6,6,6,6,6,6,6,6,6,6,6,6,6
    ,6,6,6,6,8),(0.,2.280861663072E-02,3.979282869297E-02,
    6.772934262884E-02,9.758875672366E-02,0.12797711889,0.186107942007,
    0.249976514119,0.310022261816,0.367395369596,0.39821168733,
    0.42860615339,0.468204142801,0.486912630164,0.499971327052,
    0.514941199431,0.539772039932,0.567711669401,0.597574413474,
    0.627966164607,0.686103470583,0.749979165438,0.81003160955,
    0.867411115687,0.898230870115,0.928628725823,0.968231131277,
    0.980496761682,1.),.UNSPECIFIED.);
#2119 = CARTESIAN_POINT('',(4.334014448385,45.300110688856));
#2120 = CARTESIAN_POINT('',(4.134408828789,45.300110688856));
#2121 = CARTESIAN_POINT('',(3.934717733723,45.283324927754));
#2122 = CARTESIAN_POINT('',(3.736847198171,45.24972913959));
#2123 = CARTESIAN_POINT('',(3.54228271794,45.200119205186));
#2124 = CARTESIAN_POINT('',(3.352163111284,45.13576923479));
#2125 = CARTESIAN_POINT('',(3.167335281814,45.058186045733));
#2126 = CARTESIAN_POINT('',(2.855139951073,44.902518763744));
#2127 = CARTESIAN_POINT('',(2.725076616489,44.829583919099));
#2128 = CARTESIAN_POINT('',(2.59834823926,44.750747735732));
#2129 = CARTESIAN_POINT('',(2.475022091721,44.66658878143));
#2130 = CARTESIAN_POINT('',(2.355103159612,44.577642534745));
#2131 = CARTESIAN_POINT('',(2.238547068078,44.484381520809));
#2132 = CARTESIAN_POINT('',(1.938938411608,44.227364026797));
#2133 = CARTESIAN_POINT('',(1.761557587849,44.057001861853));
#2134 = CARTESIAN_POINT('',(1.592664039241,43.877856326093));
#2135 = CARTESIAN_POINT('',(1.431809083559,43.691357621133));
#2136 = CARTESIAN_POINT('',(1.278530371822,43.498654883923));
#2137 = CARTESIAN_POINT('',(1.132344915822,43.300624099667));
#2138 = CARTESIAN_POINT('',(0.843568855502,42.88113400666));
#2139 = CARTESIAN_POINT('',(0.701983030468,42.659095315723));
#2140 = CARTESIAN_POINT('',(0.567443816697,42.432549975756));
#2141 = CARTESIAN_POINT('',(0.439494937818,42.202150448598));
#2142 = CARTESIAN_POINT('',(0.317737610449,41.968421003303));
#2143 = CARTESIAN_POINT('',(0.201807420096,41.731771771746));
#2144 = CARTESIAN_POINT('',(-2.101618748429E-02,41.248987288655));
#2145 = CARTESIAN_POINT('',(-0.127697453102,41.002792944223));
#2146 = CARTESIAN_POINT('',(-0.229009407806,40.754257223748));
#2147 = CARTESIAN_POINT('',(-0.325234236396,40.503665940258));
#2148 = CARTESIAN_POINT('',(-0.416616296368,40.251257404593));
#2149 = CARTESIAN_POINT('',(-0.503373141307,39.997227012541));
#2150 = CARTESIAN_POINT('',(-0.743180333084,39.252977097372));
#2151 = CARTESIAN_POINT('',(-0.884420356139,38.758931337244));
#2152 = CARTESIAN_POINT('',(-1.010785622665,38.26066025088));
#2153 = CARTESIAN_POINT('',(-1.123229993851,37.759003107125));
#2154 = CARTESIAN_POINT('',(-1.222515246027,37.254627011418));
#2155 = CARTESIAN_POINT('',(-1.309237672358,36.748033554543));
#2156 = CARTESIAN_POINT('',(-1.465851214733,35.680917330386));
#2157 = CARTESIAN_POINT('',(-1.533222974543,35.120097177737));
#2158 = CARTESIAN_POINT('',(-1.586589254576,34.557634032076));
#2159 = CARTESIAN_POINT('',(-1.62635363783,33.9940000429));
#2160 = CARTESIAN_POINT('',(-1.652773918409,33.429620823504));
#2161 = CARTESIAN_POINT('',(-1.665985551615,32.864878427109));
#2162 = CARTESIAN_POINT('',(-1.665985551615,31.769146867421));
#2163 = CARTESIAN_POINT('',(-1.654308186261,31.238201124534));
#2164 = CARTESIAN_POINT('',(-1.630955398376,30.707558819409));
#2165 = CARTESIAN_POINT('',(-1.595822051557,30.177537302185));
#2166 = CARTESIAN_POINT('',(-1.548706439621,29.648485613511));
#2167 = CARTESIAN_POINT('',(-1.489294293513,29.120786433028));
#2168 = CARTESIAN_POINT('',(-1.348150925484,28.09234312598));
#2169 = CARTESIAN_POINT('',(-1.267538544426,27.591506579969));
#2170 = CARTESIAN_POINT('',(-1.174871764136,27.092673877198));
#2171 = CARTESIAN_POINT('',(-1.069609536002,26.596304821719));
#2172 = CARTESIAN_POINT('',(-0.951084574661,26.102993446127));
#2173 = CARTESIAN_POINT('',(-0.818434423656,25.613485300981));
#2174 = CARTESIAN_POINT('',(-0.590973873638,24.868333582641));
#2175 = CARTESIAN_POINT('',(-0.507074999546,24.609338693416));
#2176 = CARTESIAN_POINT('',(-0.418574113071,24.351875084808));
#2177 = CARTESIAN_POINT('',(-0.325262154786,24.096126622011));
#2178 = CARTESIAN_POINT('',(-0.226903748434,23.84231667779));
#2179 = CARTESIAN_POINT('',(-0.123226794505,23.590712251052));
#2180 = CARTESIAN_POINT('',(9.392158866149E-02,23.095959836767));
#2181 = CARTESIAN_POINT('',(0.207226200409,22.8527742173));
#2182 = CARTESIAN_POINT('',(0.326330698623,22.612353685297));
#2183 = CARTESIAN_POINT('',(0.451591423725,22.375083090206));
#2184 = CARTESIAN_POINT('',(0.5834009586,22.141453170923));
#2185 = CARTESIAN_POINT('',(0.722211174956,21.912073851625));
#2186 = CARTESIAN_POINT('',(1.059265604927,21.395386151848));
#2187 = CARTESIAN_POINT('',(1.262507616334,21.111984725775));
#2188 = CARTESIAN_POINT('',(1.479808076948,20.838612342243));
#2189 = CARTESIAN_POINT('',(1.71258805115,20.577649783579));
#2190 = CARTESIAN_POINT('',(1.962144065559,20.332721948004));
#2191 = CARTESIAN_POINT('',(2.22954921601,20.108600074998));
#2192 = CARTESIAN_POINT('',(2.651046367203,19.818200191731));
#2193 = CARTESIAN_POINT('',(2.790395328277,19.73109605055));
#2194 = CARTESIAN_POINT('',(2.933852002821,19.650758376341));
#2195 = CARTESIAN_POINT('',(3.081313026863,19.577970373276));
#2196 = CARTESIAN_POINT('',(3.232551880944,19.513571322778));
#2197 = CARTESIAN_POINT('',(3.387185971167,19.458384914569));
#2198 = CARTESIAN_POINT('',(3.654524488493,19.381510213135));
#2199 = CARTESIAN_POINT('',(3.765794533563,19.354737116464));
#2200 = CARTESIAN_POINT('',(3.878214918621,19.333037191117));
#2201 = CARTESIAN_POINT('',(3.991536919345,19.316612772236));
#2202 = CARTESIAN_POINT('',(4.105485039635,19.305610900526));
#2203 = CARTESIAN_POINT('',(4.219755453741,19.300110688856));
#2204 = CARTESIAN_POINT('',(4.464995554899,19.300110688856));
#2205 = CARTESIAN_POINT('',(4.595996748362,19.307338842647));
#2206 = CARTESIAN_POINT('',(4.726507571946,19.321797712748));
#2207 = CARTESIAN_POINT('',(4.856074974135,19.343349301607));
#2208 = CARTESIAN_POINT('',(4.984299535692,19.37174200413));
#2209 = CARTESIAN_POINT('',(5.110831696616,19.406637560212));
#2210 = CARTESIAN_POINT('',(5.44193892694,19.515646306556));
#2211 = CARTESIAN_POINT('',(5.642988685798,19.600440595446));
#2212 = CARTESIAN_POINT('',(5.837416748306,19.700280918921));
#2213 = CARTESIAN_POINT('',(6.024676064519,19.81317712629));
#2214 = CARTESIAN_POINT('',(6.20456676968,19.937271156947));
#2215 = CARTESIAN_POINT('',(6.377165483097,20.070960592733));
#2216 = CARTESIAN_POINT('',(6.729090485161,20.372857350913));
#2217 = CARTESIAN_POINT('',(6.906471308923,20.54321951586));
#2218 = CARTESIAN_POINT('',(7.075364857528,20.722365051616));
#2219 = CARTESIAN_POINT('',(7.23621981321,20.908863756576));
#2220 = CARTESIAN_POINT('',(7.38949852495,21.10156649379));
#2221 = CARTESIAN_POINT('',(7.535683980948,21.299597278043));
#2222 = CARTESIAN_POINT('',(7.824460041268,21.719087371051));
#2223 = CARTESIAN_POINT('',(7.966045866303,21.941126061987));
#2224 = CARTESIAN_POINT('',(8.100585080074,22.167671401955));
#2225 = CARTESIAN_POINT('',(8.228533958952,22.398070929113));
#2226 = CARTESIAN_POINT('',(8.350291286322,22.631800374407));
#2227 = CARTESIAN_POINT('',(8.466221476675,22.868449605965));
#2228 = CARTESIAN_POINT('',(8.689045084255,23.351234089055));
#2229 = CARTESIAN_POINT('',(8.795726349873,23.597428433489));
#2230 = CARTESIAN_POINT('',(8.897038304576,23.845964153962));
#2231 = CARTESIAN_POINT('',(8.993263133166,24.096555437451));
#2232 = CARTESIAN_POINT('',(9.084645193139,24.348963973119));
#2233 = CARTESIAN_POINT('',(9.171402038077,24.60299436517));
#2234 = CARTESIAN_POINT('',(9.411209229854,25.347244280337));
#2235 = CARTESIAN_POINT('',(9.552449252911,25.841290040477));
#2236 = CARTESIAN_POINT('',(9.678814519433,26.339561126813));
#2237 = CARTESIAN_POINT('',(9.791258890624,26.841218270605));
#2238 = CARTESIAN_POINT('',(9.890544142796,27.345594366282));
#2239 = CARTESIAN_POINT('',(9.977266569129,27.85218782317));
#2240 = CARTESIAN_POINT('',(10.133880111503,28.919304047324));
#2241 = CARTESIAN_POINT('',(10.201251871314,29.480124199974));
#2242 = CARTESIAN_POINT('',(10.254618151346,30.042587345635));
#2243 = CARTESIAN_POINT('',(10.294382534601,30.606221334811));
#2244 = CARTESIAN_POINT('',(10.32080281518,31.170600554207));
#2245 = CARTESIAN_POINT('',(10.334014448385,31.735342950602));
#2246 = CARTESIAN_POINT('',(10.334014448385,32.831074510291));
#2247 = CARTESIAN_POINT('',(10.322337083032,33.362020253177));
#2248 = CARTESIAN_POINT('',(10.298984295147,33.892662558302));
#2249 = CARTESIAN_POINT('',(10.263850948328,34.422684075527));
#2250 = CARTESIAN_POINT('',(10.216735336392,34.9517357642));
#2251 = CARTESIAN_POINT('',(10.157323190284,35.479434944684));
#2252 = CARTESIAN_POINT('',(10.016179822255,36.507878251732));
#2253 = CARTESIAN_POINT('',(9.935567441197,37.008714797742));
#2254 = CARTESIAN_POINT('',(9.842900660907,37.507547500514));
#2255 = CARTESIAN_POINT('',(9.737638432773,38.003916555992));
#2256 = CARTESIAN_POINT('',(9.619113471432,38.497227931584));
#2257 = CARTESIAN_POINT('',(9.486463320427,38.986736076731));
#2258 = CARTESIAN_POINT('',(9.259002770409,39.73188779507));
#2259 = CARTESIAN_POINT('',(9.175103896316,39.990882684296));
#2260 = CARTESIAN_POINT('',(9.086603009842,40.248346292903));
#2261 = CARTESIAN_POINT('',(8.993291051557,40.5040947557));
#2262 = CARTESIAN_POINT('',(8.894932645205,40.757904699922));
#2263 = CARTESIAN_POINT('',(8.791255691276,41.00950912666));
#2264 = CARTESIAN_POINT('',(8.574107308109,41.504261540944));
#2265 = CARTESIAN_POINT('',(8.460802696362,41.747447160412));
#2266 = CARTESIAN_POINT('',(8.341698198148,41.987867692414));
#2267 = CARTESIAN_POINT('',(8.216437473046,42.225138287505));
#2268 = CARTESIAN_POINT('',(8.08462793817,42.458768206789));
#2269 = CARTESIAN_POINT('',(7.945817721816,42.688147526086));
#2270 = CARTESIAN_POINT('',(7.608763291842,43.204835225867));
#2271 = CARTESIAN_POINT('',(7.405521280443,43.488236651927));
#2272 = CARTESIAN_POINT('',(7.188220819814,43.761609035483));
#2273 = CARTESIAN_POINT('',(6.955440845629,44.022571594121));
#2274 = CARTESIAN_POINT('',(6.705884831207,44.267499429713));
#2275 = CARTESIAN_POINT('',(6.438479680762,44.491621302713));
#2276 = CARTESIAN_POINT('',(6.063567789029,44.74992523024));
#2277 = CARTESIAN_POINT('',(5.973148508353,44.808395111069));
#2278 = CARTESIAN_POINT('',(5.880967234229,44.864058969579));
#2279 = CARTESIAN_POINT('',(5.787041026976,44.916705208941));
#2280 = CARTESIAN_POINT('',(5.691408668268,44.966110441836));
#2281 = CARTESIAN_POINT('',(5.594134332259,45.012046495307));
#2282 = CARTESIAN_POINT('',(5.338175428335,45.121453530067));
#2283 = CARTESIAN_POINT('',(5.177045860455,45.17931114933));
#2284 = CARTESIAN_POINT('',(5.012415892722,45.226884639625));
#2285 = CARTESIAN_POINT('',(4.844918526925,45.263296317731));
#2286 = CARTESIAN_POINT('',(4.675341981146,45.287843795615));
#2287 = CARTESIAN_POINT('',(4.504651075348,45.300110688856));
#2288 = CARTESIAN_POINT('',(4.334014448385,45.300110688856));
#2289 = ( GEOMETRIC_REPRESENTATION_CONTEXT(2) 
PARAMETRIC_REPRESENTATION_CONTEXT() REPRESENTATION_CONTEXT('2D SPACE',''
  ) );
#2290 = PCURVE('',#1204,#2291);
#2291 = DEFINITIONAL_REPRESENTATION('',(#2292),#2463);
#2292 = B_SPLINE_CURVE_WITH_KNOTS('',7,(#2293,#2294,#2295,#2296,#2297,
    #2298,#2299,#2300,#2301,#2302,#2303,#2304,#2305,#2306,#2307,#2308,
    #2309,#2310,#2311,#2312,#2313,#2314,#2315,#2316,#2317,#2318,#2319,
    #2320,#2321,#2322,#2323,#2324,#2325,#2326,#2327,#2328,#2329,#2330,
    #2331,#2332,#2333,#2334,#2335,#2336,#2337,#2338,#2339,#2340,#2341,
    #2342,#2343,#2344,#2345,#2346,#2347,#2348,#2349,#2350,#2351,#2352,
    #2353,#2354,#2355,#2356,#2357,#2358,#2359,#2360,#2361,#2362,#2363,
    #2364,#2365,#2366,#2367,#2368,#2369,#2370,#2371,#2372,#2373,#2374,
    #2375,#2376,#2377,#2378,#2379,#2380,#2381,#2382,#2383,#2384,#2385,
    #2386,#2387,#2388,#2389,#2390,#2391,#2392,#2393,#2394,#2395,#2396,
    #2397,#2398,#2399,#2400,#2401,#2402,#2403,#2404,#2405,#2406,#2407,
    #2408,#2409,#2410,#2411,#2412,#2413,#2414,#2415,#2416,#2417,#2418,
    #2419,#2420,#2421,#2422,#2423,#2424,#2425,#2426,#2427,#2428,#2429,
    #2430,#2431,#2432,#2433,#2434,#2435,#2436,#2437,#2438,#2439,#2440,
    #2441,#2442,#2443,#2444,#2445,#2446,#2447,#2448,#2449,#2450,#2451,
    #2452,#2453,#2454,#2455,#2456,#2457,#2458,#2459,#2460,#2461,#2462),
  .UNSPECIFIED.,.F.,.F.,(8,6,6,6,6,6,6,6,6,6,6,6,6,6,6,6,6,6,6,6,6,6,6,6
    ,6,6,6,6,8),(0.,2.280861663072E-02,3.979282869297E-02,
    6.772934262884E-02,9.758875672366E-02,0.12797711889,0.186107942007,
    0.249976514119,0.310022261816,0.367395369596,0.39821168733,
    0.42860615339,0.468204142801,0.486912630164,0.499971327052,
    0.514941199431,0.539772039932,0.567711669401,0.597574413474,
    0.627966164607,0.686103470583,0.749979165438,0.81003160955,
    0.867411115687,0.898230870115,0.928628725823,0.968231131277,
    0.980496761682,1.),.UNSPECIFIED.);
#2293 = CARTESIAN_POINT('',(6.28318530718,-3.));
#2294 = CARTESIAN_POINT('',(6.249917703913,-3.));
#2295 = CARTESIAN_POINT('',(6.216635883943,-3.));
#2296 = CARTESIAN_POINT('',(6.183597221522,-3.));
#2297 = CARTESIAN_POINT('',(6.150989312703,-3.));
#2298 = CARTESIAN_POINT('',(6.118952790754,-3.));
#2299 = CARTESIAN_POINT('',(6.087594444,-3.));
#2300 = CARTESIAN_POINT('',(6.034201811558,-3.));
#2301 = CARTESIAN_POINT('',(6.011818536105,-3.));
#2302 = CARTESIAN_POINT('',(5.98985577679,-3.));
#2303 = CARTESIAN_POINT('',(5.968318248499,-3.));
#2304 = CARTESIAN_POINT('',(5.947202879241,-3.));
#2305 = CARTESIAN_POINT('',(5.926500132797,-3.));
#2306 = CARTESIAN_POINT('',(5.872793917555,-3.));
#2307 = CARTESIAN_POINT('',(5.840482292325,-3.));
#2308 = CARTESIAN_POINT('',(5.809176363109,-3.));
#2309 = CARTESIAN_POINT('',(5.778803888304,-3.));
#2310 = CARTESIAN_POINT('',(5.749294547478,-3.));
#2311 = CARTESIAN_POINT('',(5.720574728404,-3.));
#2312 = CARTESIAN_POINT('',(5.662629169759,-3.));
#2313 = CARTESIAN_POINT('',(5.633517676078,-3.));
#2314 = CARTESIAN_POINT('',(5.605144856142,-3.));
#2315 = CARTESIAN_POINT('',(5.577442344881,-3.));
#2316 = CARTESIAN_POINT('',(5.550351147964,-3.));
#2317 = CARTESIAN_POINT('',(5.523816606792,-3.));
#2318 = CARTESIAN_POINT('',(5.471296578816,-3.));
#2319 = CARTESIAN_POINT('',(5.445332859474,-3.));
#2320 = CARTESIAN_POINT('',(5.419844224218,-3.));
#2321 = CARTESIAN_POINT('',(5.394787966543,-3.));
#2322 = CARTESIAN_POINT('',(5.370126929932,-3.));
#2323 = CARTESIAN_POINT('',(5.345827337337,-3.));
#2324 = CARTESIAN_POINT('',(5.276006194342,-3.));
#2325 = CARTESIAN_POINT('',(5.231370061857,-3.));
#2326 = CARTESIAN_POINT('',(5.187729185051,-3.));
#2327 = CARTESIAN_POINT('',(5.144925249545,-3.));
#2328 = CARTESIAN_POINT('',(5.102823918385,-3.));
#2329 = CARTESIAN_POINT('',(5.061307548357,-3.));
#2330 = CARTESIAN_POINT('',(4.975171511802,-3.));
#2331 = CARTESIAN_POINT('',(4.930657258425,-3.));
#2332 = CARTESIAN_POINT('',(4.886580357966,-3.));
#2333 = CARTESIAN_POINT('',(4.842821969248,-3.));
#2334 = CARTESIAN_POINT('',(4.799274423196,-3.));
#2335 = CARTESIAN_POINT('',(4.755832652558,-3.));
#2336 = CARTESIAN_POINT('',(4.671545609505,-3.));
#2337 = CARTESIAN_POINT('',(4.630703599321,-3.));
#2338 = CARTESIAN_POINT('',(4.589773777051,-3.));
#2339 = CARTESIAN_POINT('',(4.548668932328,-3.));
#2340 = CARTESIAN_POINT('',(4.507299811064,-3.));
#2341 = CARTESIAN_POINT('',(4.4655689649,-3.));
#2342 = CARTESIAN_POINT('',(4.3830345619,-3.));
#2343 = CARTESIAN_POINT('',(4.342277221993,-3.));
#2344 = CARTESIAN_POINT('',(4.300988268516,-3.));
#2345 = CARTESIAN_POINT('',(4.259057476457,-3.));
#2346 = CARTESIAN_POINT('',(4.21636370113,-3.));
#2347 = CARTESIAN_POINT('',(4.172760858259,-3.));
#2348 = CARTESIAN_POINT('',(4.10403906827,-3.));
#2349 = CARTESIAN_POINT('',(4.079708237787,-3.));
#2350 = CARTESIAN_POINT('',(4.055029944569,-3.));
#2351 = CARTESIAN_POINT('',(4.02997139844,-3.));
#2352 = CARTESIAN_POINT('',(4.004496521302,-3.));
#2353 = CARTESIAN_POINT('',(3.978563908232,-3.));
#2354 = CARTESIAN_POINT('',(3.926045156244,-3.));
#2355 = CARTESIAN_POINT('',(3.899476059113,-3.));
#2356 = CARTESIAN_POINT('',(3.872366063639,-3.));
#2357 = CARTESIAN_POINT('',(3.844661642336,-3.));
#2358 = CARTESIAN_POINT('',(3.816304690289,-3.));
#2359 = CARTESIAN_POINT('',(3.787227621355,-3.));
#2360 = CARTESIAN_POINT('',(3.718413414175,-3.));
#2361 = CARTESIAN_POINT('',(3.678169884183,-3.));
#2362 = CARTESIAN_POINT('',(3.636362667881,-3.));
#2363 = CARTESIAN_POINT('',(3.592779139112,-3.));
#2364 = CARTESIAN_POINT('',(3.547227980533,-3.));
#2365 = CARTESIAN_POINT('',(3.499531661225,-3.));
#2366 = CARTESIAN_POINT('',(3.425815975965,-3.));
#2367 = CARTESIAN_POINT('',(3.401652775951,-3.));
#2368 = CARTESIAN_POINT('',(3.376973207104,-3.));
#2369 = CARTESIAN_POINT('',(3.351786289485,-3.));
#2370 = CARTESIAN_POINT('',(3.32611684278,-3.));
#2371 = CARTESIAN_POINT('',(3.300010023314,-3.));
#2372 = CARTESIAN_POINT('',(3.255062906841,-3.));
#2373 = CARTESIAN_POINT('',(3.236408129842,-3.));
#2374 = CARTESIAN_POINT('',(3.21760438298,-3.));
#2375 = CARTESIAN_POINT('',(3.198683534951,-3.));
#2376 = CARTESIAN_POINT('',(3.179680872608,-3.));
#2377 = CARTESIAN_POINT('',(3.160635819364,-3.));
#2378 = CARTESIAN_POINT('',(3.119762469171,-3.));
#2379 = CARTESIAN_POINT('',(3.097928975325,-3.));
#2380 = CARTESIAN_POINT('',(3.076160107284,-3.));
#2381 = CARTESIAN_POINT('',(3.054514543971,-3.));
#2382 = CARTESIAN_POINT('',(3.033043164155,-3.));
#2383 = CARTESIAN_POINT('',(3.011790502601,-3.));
#2384 = CARTESIAN_POINT('',(2.955972527585,-3.));
#2385 = CARTESIAN_POINT('',(2.921864633862,-3.));
#2386 = CARTESIAN_POINT('',(2.888604947862,-3.));
#2387 = CARTESIAN_POINT('',(2.8562505653,-3.));
#2388 = CARTESIAN_POINT('',(2.824817520794,-3.));
#2389 = CARTESIAN_POINT('',(2.794285422256,-3.));
#2390 = CARTESIAN_POINT('',(2.731201263966,-3.));
#2391 = CARTESIAN_POINT('',(2.698889638735,-3.));
#2392 = CARTESIAN_POINT('',(2.667583709519,-3.));
#2393 = CARTESIAN_POINT('',(2.637211234714,-3.));
#2394 = CARTESIAN_POINT('',(2.607701893887,-3.));
#2395 = CARTESIAN_POINT('',(2.578982074814,-3.));
#2396 = CARTESIAN_POINT('',(2.52103651617,-3.));
#2397 = CARTESIAN_POINT('',(2.491925022488,-3.));
#2398 = CARTESIAN_POINT('',(2.463552202553,-3.));
#2399 = CARTESIAN_POINT('',(2.435849691291,-3.));
#2400 = CARTESIAN_POINT('',(2.408758494375,-3.));
#2401 = CARTESIAN_POINT('',(2.382223953202,-3.));
#2402 = CARTESIAN_POINT('',(2.329703925226,-3.));
#2403 = CARTESIAN_POINT('',(2.303740205884,-3.));
#2404 = CARTESIAN_POINT('',(2.278251570629,-3.));
#2405 = CARTESIAN_POINT('',(2.253195312953,-3.));
#2406 = CARTESIAN_POINT('',(2.228534276342,-3.));
#2407 = CARTESIAN_POINT('',(2.204234683747,-3.));
#2408 = CARTESIAN_POINT('',(2.134413540752,-3.));
#2409 = CARTESIAN_POINT('',(2.089777408266,-3.));
#2410 = CARTESIAN_POINT('',(2.046136531463,-3.));
#2411 = CARTESIAN_POINT('',(2.003332595954,-3.));
#2412 = CARTESIAN_POINT('',(1.961231264796,-3.));
#2413 = CARTESIAN_POINT('',(1.919714894767,-3.));
#2414 = CARTESIAN_POINT('',(1.833578858212,-3.));
#2415 = CARTESIAN_POINT('',(1.789064604836,-3.));
#2416 = CARTESIAN_POINT('',(1.744987704377,-3.));
#2417 = CARTESIAN_POINT('',(1.701229315658,-3.));
#2418 = CARTESIAN_POINT('',(1.657681769607,-3.));
#2419 = CARTESIAN_POINT('',(1.614239998968,-3.));
#2420 = CARTESIAN_POINT('',(1.529952955915,-3.));
#2421 = CARTESIAN_POINT('',(1.489110945732,-3.));
#2422 = CARTESIAN_POINT('',(1.448181123461,-3.));
#2423 = CARTESIAN_POINT('',(1.407076278738,-3.));
#2424 = CARTESIAN_POINT('',(1.365707157474,-3.));
#2425 = CARTESIAN_POINT('',(1.323976311311,-3.));
#2426 = CARTESIAN_POINT('',(1.241441908311,-3.));
#2427 = CARTESIAN_POINT('',(1.200684568403,-3.));
#2428 = CARTESIAN_POINT('',(1.159395614926,-3.));
#2429 = CARTESIAN_POINT('',(1.117464822867,-3.));
#2430 = CARTESIAN_POINT('',(1.074771047541,-3.));
#2431 = CARTESIAN_POINT('',(1.031168204669,-3.));
#2432 = CARTESIAN_POINT('',(0.96244641468,-3.));
#2433 = CARTESIAN_POINT('',(0.938115584197,-3.));
#2434 = CARTESIAN_POINT('',(0.91343729098,-3.));
#2435 = CARTESIAN_POINT('',(0.88837874485,-3.));
#2436 = CARTESIAN_POINT('',(0.862903867712,-3.));
#2437 = CARTESIAN_POINT('',(0.836971254642,-3.));
#2438 = CARTESIAN_POINT('',(0.784452502654,-3.));
#2439 = CARTESIAN_POINT('',(0.757883405523,-3.));
#2440 = CARTESIAN_POINT('',(0.730773410049,-3.));
#2441 = CARTESIAN_POINT('',(0.703068988746,-3.));
#2442 = CARTESIAN_POINT('',(0.674712036699,-3.));
#2443 = CARTESIAN_POINT('',(0.645634967766,-3.));
#2444 = CARTESIAN_POINT('',(0.576820760584,-3.));
#2445 = CARTESIAN_POINT('',(0.536577230594,-3.));
#2446 = CARTESIAN_POINT('',(0.49477001429,-3.));
#2447 = CARTESIAN_POINT('',(0.451186485524,-3.));
#2448 = CARTESIAN_POINT('',(0.405635326942,-3.));
#2449 = CARTESIAN_POINT('',(0.357939007636,-3.));
#2450 = CARTESIAN_POINT('',(0.292370623761,-3.));
#2451 = CARTESIAN_POINT('',(0.276646373678,-3.));
#2452 = CARTESIAN_POINT('',(0.260701611799,-3.));
#2453 = CARTESIAN_POINT('',(0.244537080631,-3.));
#2454 = CARTESIAN_POINT('',(0.228156437495,-3.));
#2455 = CARTESIAN_POINT('',(0.211566708836,-3.));
#2456 = CARTESIAN_POINT('',(0.168084668634,-3.));
#2457 = CARTESIAN_POINT('',(0.140876154461,-3.));
#2458 = CARTESIAN_POINT('',(0.113217274906,-3.));
#2459 = CARTESIAN_POINT('',(8.518826979075E-02,-3.));
#2460 = CARTESIAN_POINT('',(5.688791397709E-02,-3.));
#2461 = CARTESIAN_POINT('',(2.843943782713E-02,-3.));
#2462 = CARTESIAN_POINT('',(0.,-3.));
#2463 = ( GEOMETRIC_REPRESENTATION_CONTEXT(2) 
PARAMETRIC_REPRESENTATION_CONTEXT() REPRESENTATION_CONTEXT('2D SPACE',''
  ) );
#2464 = ADVANCED_FACE('',(#2465),#651,.T.);
#2465 = FACE_BOUND('',#2466,.T.);
#2466 = EDGE_LOOP('',(#2467,#2468,#2489,#2490));
#2467 = ORIENTED_EDGE('',*,*,#325,.T.);
#2468 = ORIENTED_EDGE('',*,*,#2469,.T.);
#2469 = EDGE_CURVE('',#326,#1426,#2470,.T.);
#2470 = SEAM_CURVE('',#2471,(#2475,#2482),.PCURVE_S1.);
#2471 = LINE('',#2472,#2473);
#2472 = CARTESIAN_POINT('',(-5.,47.,262.));
#2473 = VECTOR('',#2474,1.);
#2474 = DIRECTION('',(0.,-1.,0.));
#2475 = PCURVE('',#651,#2476);
#2476 = DEFINITIONAL_REPRESENTATION('',(#2477),#2481);
#2477 = LINE('',#2478,#2479);
#2478 = CARTESIAN_POINT('',(6.28318530718,0.));
#2479 = VECTOR('',#2480,1.);
#2480 = DIRECTION('',(0.,-1.));
#2481 = ( GEOMETRIC_REPRESENTATION_CONTEXT(2) 
PARAMETRIC_REPRESENTATION_CONTEXT() REPRESENTATION_CONTEXT('2D SPACE',''
  ) );
#2482 = PCURVE('',#651,#2483);
#2483 = DEFINITIONAL_REPRESENTATION('',(#2484),#2488);
#2484 = LINE('',#2485,#2486);
#2485 = CARTESIAN_POINT('',(0.,0.));
#2486 = VECTOR('',#2487,1.);
#2487 = DIRECTION('',(0.,-1.));
#2488 = ( GEOMETRIC_REPRESENTATION_CONTEXT(2) 
PARAMETRIC_REPRESENTATION_CONTEXT() REPRESENTATION_CONTEXT('2D SPACE',''
  ) );
#2489 = ORIENTED_EDGE('',*,*,#1425,.F.);
#2490 = ORIENTED_EDGE('',*,*,#2469,.F.);
#2491 = ADVANCED_FACE('',(#2492),#840,.F.);
#2492 = FACE_BOUND('',#2493,.T.);
#2493 = EDGE_LOOP('',(#2494,#2495,#2516,#2517));
#2494 = ORIENTED_EDGE('',*,*,#823,.T.);
#2495 = ORIENTED_EDGE('',*,*,#2496,.T.);
#2496 = EDGE_CURVE('',#824,#1916,#2497,.T.);
#2497 = SEAM_CURVE('',#2498,(#2502,#2509),.PCURVE_S1.);
#2498 = LINE('',#2499,#2500);
#2499 = CARTESIAN_POINT('',(37.2,47.,280.));
#2500 = VECTOR('',#2501,1.);
#2501 = DIRECTION('',(0.,-1.,0.));
#2502 = PCURVE('',#840,#2503);
#2503 = DEFINITIONAL_REPRESENTATION('',(#2504),#2508);
#2504 = LINE('',#2505,#2506);
#2505 = CARTESIAN_POINT('',(-6.28318530718,0.));
#2506 = VECTOR('',#2507,1.);
#2507 = DIRECTION('',(-0.,-1.));
#2508 = ( GEOMETRIC_REPRESENTATION_CONTEXT(2) 
PARAMETRIC_REPRESENTATION_CONTEXT() REPRESENTATION_CONTEXT('2D SPACE',''
  ) );
#2509 = PCURVE('',#840,#2510);
#2510 = DEFINITIONAL_REPRESENTATION('',(#2511),#2515);
#2511 = LINE('',#2512,#2513);
#2512 = CARTESIAN_POINT('',(-0.,0.));
#2513 = VECTOR('',#2514,1.);
#2514 = DIRECTION('',(-0.,-1.));
#2515 = ( GEOMETRIC_REPRESENTATION_CONTEXT(2) 
PARAMETRIC_REPRESENTATION_CONTEXT() REPRESENTATION_CONTEXT('2D SPACE',''
  ) );
#2516 = ORIENTED_EDGE('',*,*,#1915,.F.);
#2517 = ORIENTED_EDGE('',*,*,#2496,.F.);
#2518 = ADVANCED_FACE('',(#2519),#1204,.T.);
#2519 = FACE_BOUND('',#2520,.T.);
#2520 = EDGE_LOOP('',(#2521,#2522,#2543,#2544));
#2521 = ORIENTED_EDGE('',*,*,#854,.T.);
#2522 = ORIENTED_EDGE('',*,*,#2523,.T.);
#2523 = EDGE_CURVE('',#855,#1942,#2524,.T.);
#2524 = SEAM_CURVE('',#2525,(#2529,#2536),.PCURVE_S1.);
#2525 = LINE('',#2526,#2527);
#2526 = CARTESIAN_POINT('',(81.,47.,263.));
#2527 = VECTOR('',#2528,1.);
#2528 = DIRECTION('',(0.,-1.,0.));
#2529 = PCURVE('',#1204,#2530);
#2530 = DEFINITIONAL_REPRESENTATION('',(#2531),#2535);
#2531 = LINE('',#2532,#2533);
#2532 = CARTESIAN_POINT('',(6.28318530718,0.));
#2533 = VECTOR('',#2534,1.);
#2534 = DIRECTION('',(0.,-1.));
#2535 = ( GEOMETRIC_REPRESENTATION_CONTEXT(2) 
PARAMETRIC_REPRESENTATION_CONTEXT() REPRESENTATION_CONTEXT('2D SPACE',''
  ) );
#2536 = PCURVE('',#1204,#2537);
#2537 = DEFINITIONAL_REPRESENTATION('',(#2538),#2542);
#2538 = LINE('',#2539,#2540);
#2539 = CARTESIAN_POINT('',(0.,0.));
#2540 = VECTOR('',#2541,1.);
#2541 = DIRECTION('',(0.,-1.));
#2542 = ( GEOMETRIC_REPRESENTATION_CONTEXT(2) 
PARAMETRIC_REPRESENTATION_CONTEXT() REPRESENTATION_CONTEXT('2D SPACE',''
  ) );
#2543 = ORIENTED_EDGE('',*,*,#1941,.F.);
#2544 = ORIENTED_EDGE('',*,*,#2523,.F.);
#2545 = ( GEOMETRIC_REPRESENTATION_CONTEXT(3) 
GLOBAL_UNCERTAINTY_ASSIGNED_CONTEXT((#2549)) 
GLOBAL_UNIT_ASSIGNED_CONTEXT((#2546,#2547,#2548)) REPRESENTATION_CONTEXT
('Context #1','3D Context with UNIT and UNCERTAINTY') );
#2546 = ( LENGTH_UNIT() NAMED_UNIT(*) SI_UNIT(.MILLI.,.METRE.) );
#2547 = ( NAMED_UNIT(*) PLANE_ANGLE_UNIT() SI_UNIT($,.RADIAN.) );
#2548 = ( NAMED_UNIT(*) SI_UNIT($,.STERADIAN.) SOLID_ANGLE_UNIT() );
#2549 = UNCERTAINTY_MEASURE_WITH_UNIT(LENGTH_MEASURE(2.E-06),#2546,
  'distance_accuracy_value','confusion accuracy');
#2550 = CONTEXT_DEPENDENT_SHAPE_REPRESENTATION(#2551,#2553);
#2551 = ( REPRESENTATION_RELATIONSHIP('','',#92,#10) 
REPRESENTATION_RELATIONSHIP_WITH_TRANSFORMATION(#2552) 
SHAPE_REPRESENTATION_RELATIONSHIP() );
#2552 = ITEM_DEFINED_TRANSFORMATION('','',#11,#15);
#2553 = PRODUCT_DEFINITION_SHAPE('Placement','Placement of an item',
  #2554);
#2554 = NEXT_ASSEMBLY_USAGE_OCCURRENCE('1','skull_cheek_left','',#5,#87,
  $);
#2555 = PRODUCT_RELATED_PRODUCT_CATEGORY('part',$,(#89));
#2556 = SHAPE_DEFINITION_REPRESENTATION(#2557,#2563);
#2557 = PRODUCT_DEFINITION_SHAPE('','',#2558);
#2558 = PRODUCT_DEFINITION('design','',#2559,#2562);
#2559 = PRODUCT_DEFINITION_FORMATION('','',#2560);
#2560 = PRODUCT('teeth_left','teeth_left','',(#2561));
#2561 = PRODUCT_CONTEXT('',#2,'mechanical');
#2562 = PRODUCT_DEFINITION_CONTEXT('part definition',#2,'design');
#2563 = ADVANCED_BREP_SHAPE_REPRESENTATION('',(#11,#2564),#3712);
#2564 = MANIFOLD_SOLID_BREP('',#2565);
#2565 = CLOSED_SHELL('',(#2566,#2686,#3061,#3115,#3165,#3435,#3462,#3489
    ,#3516,#3543,#3570,#3597,#3624,#3651,#3678,#3705));
#2566 = ADVANCED_FACE('',(#2567),#2581,.T.);
#2567 = FACE_BOUND('',#2568,.T.);
#2568 = EDGE_LOOP('',(#2569,#2604,#2632,#2660));
#2569 = ORIENTED_EDGE('',*,*,#2570,.F.);
#2570 = EDGE_CURVE('',#2571,#2573,#2575,.T.);
#2571 = VERTEX_POINT('',#2572);
#2572 = CARTESIAN_POINT('',(62.20622577483,48.,249.));
#2573 = VERTEX_POINT('',#2574);
#2574 = CARTESIAN_POINT('',(94.6,48.,249.));
#2575 = SURFACE_CURVE('',#2576,(#2580,#2592),.PCURVE_S1.);
#2576 = LINE('',#2577,#2578);
#2577 = CARTESIAN_POINT('',(61.,48.,249.));
#2578 = VECTOR('',#2579,1.);
#2579 = DIRECTION('',(1.,0.,0.));
#2580 = PCURVE('',#2581,#2586);
#2581 = PLANE('',#2582);
#2582 = AXIS2_PLACEMENT_3D('',#2583,#2584,#2585);
#2583 = CARTESIAN_POINT('',(61.,48.,249.));
#2584 = DIRECTION('',(-0.,0.,1.));
#2585 = DIRECTION('',(1.,0.,0.));
#2586 = DEFINITIONAL_REPRESENTATION('',(#2587),#2591);
#2587 = LINE('',#2588,#2589);
#2588 = CARTESIAN_POINT('',(0.,0.));
#2589 = VECTOR('',#2590,1.);
#2590 = DIRECTION('',(1.,0.));
#2591 = ( GEOMETRIC_REPRESENTATION_CONTEXT(2) 
PARAMETRIC_REPRESENTATION_CONTEXT() REPRESENTATION_CONTEXT('2D SPACE',''
  ) );
#2592 = PCURVE('',#2593,#2598);
#2593 = PLANE('',#2594);
#2594 = AXIS2_PLACEMENT_3D('',#2595,#2596,#2597);
#2595 = CARTESIAN_POINT('',(78.51178325339,48.,246.04717333299));
#2596 = DIRECTION('',(0.,1.,0.));
#2597 = DIRECTION('',(0.,-0.,1.));
#2598 = DEFINITIONAL_REPRESENTATION('',(#2599),#2603);
#2599 = LINE('',#2600,#2601);
#2600 = CARTESIAN_POINT('',(2.952826667002,-17.51178325339));
#2601 = VECTOR('',#2602,1.);
#2602 = DIRECTION('',(0.,1.));
#2603 = ( GEOMETRIC_REPRESENTATION_CONTEXT(2) 
PARAMETRIC_REPRESENTATION_CONTEXT() REPRESENTATION_CONTEXT('2D SPACE',''
  ) );
#2604 = ORIENTED_EDGE('',*,*,#2605,.T.);
#2605 = EDGE_CURVE('',#2571,#2606,#2608,.T.);
#2606 = VERTEX_POINT('',#2607);
#2607 = CARTESIAN_POINT('',(62.20622577483,46.,249.));
#2608 = SURFACE_CURVE('',#2609,(#2613,#2620),.PCURVE_S1.);
#2609 = LINE('',#2610,#2611);
#2610 = CARTESIAN_POINT('',(62.20622577483,48.,249.));
#2611 = VECTOR('',#2612,1.);
#2612 = DIRECTION('',(0.,-1.,0.));
#2613 = PCURVE('',#2581,#2614);
#2614 = DEFINITIONAL_REPRESENTATION('',(#2615),#2619);
#2615 = LINE('',#2616,#2617);
#2616 = CARTESIAN_POINT('',(1.20622577483,0.));
#2617 = VECTOR('',#2618,1.);
#2618 = DIRECTION('',(0.,-1.));
#2619 = ( GEOMETRIC_REPRESENTATION_CONTEXT(2) 
PARAMETRIC_REPRESENTATION_CONTEXT() REPRESENTATION_CONTEXT('2D SPACE',''
  ) );
#2620 = PCURVE('',#2621,#2626);
#2621 = CYLINDRICAL_SURFACE('',#2622,0.7);
#2622 = AXIS2_PLACEMENT_3D('',#2623,#2624,#2625);
#2623 = CARTESIAN_POINT('',(62.20622577483,48.,248.3));
#2624 = DIRECTION('',(0.,-1.,0.));
#2625 = DIRECTION('',(-0.,0.,1.));
#2626 = DEFINITIONAL_REPRESENTATION('',(#2627),#2631);
#2627 = LINE('',#2628,#2629);
#2628 = CARTESIAN_POINT('',(0.,0.));
#2629 = VECTOR('',#2630,1.);
#2630 = DIRECTION('',(0.,1.));
#2631 = ( GEOMETRIC_REPRESENTATION_CONTEXT(2) 
PARAMETRIC_REPRESENTATION_CONTEXT() REPRESENTATION_CONTEXT('2D SPACE',''
  ) );
#2632 = ORIENTED_EDGE('',*,*,#2633,.T.);
#2633 = EDGE_CURVE('',#2606,#2634,#2636,.T.);
#2634 = VERTEX_POINT('',#2635);
#2635 = CARTESIAN_POINT('',(94.6,46.,249.));
#2636 = SURFACE_CURVE('',#2637,(#2641,#2648),.PCURVE_S1.);
#2637 = LINE('',#2638,#2639);
#2638 = CARTESIAN_POINT('',(61.,46.,249.));
#2639 = VECTOR('',#2640,1.);
#2640 = DIRECTION('',(1.,0.,0.));
#2641 = PCURVE('',#2581,#2642);
#2642 = DEFINITIONAL_REPRESENTATION('',(#2643),#2647);
#2643 = LINE('',#2644,#2645);
#2644 = CARTESIAN_POINT('',(0.,-2.));
#2645 = VECTOR('',#2646,1.);
#2646 = DIRECTION('',(1.,0.));
#2647 = ( GEOMETRIC_REPRESENTATION_CONTEXT(2) 
PARAMETRIC_REPRESENTATION_CONTEXT() REPRESENTATION_CONTEXT('2D SPACE',''
  ) );
#2648 = PCURVE('',#2649,#2654);
#2649 = PLANE('',#2650);
#2650 = AXIS2_PLACEMENT_3D('',#2651,#2652,#2653);
#2651 = CARTESIAN_POINT('',(78.51178325339,46.,246.04717333299));
#2652 = DIRECTION('',(0.,1.,0.));
#2653 = DIRECTION('',(0.,-0.,1.));
#2654 = DEFINITIONAL_REPRESENTATION('',(#2655),#2659);
#2655 = LINE('',#2656,#2657);
#2656 = CARTESIAN_POINT('',(2.952826667002,-17.51178325339));
#2657 = VECTOR('',#2658,1.);
#2658 = DIRECTION('',(0.,1.));
#2659 = ( GEOMETRIC_REPRESENTATION_CONTEXT(2) 
PARAMETRIC_REPRESENTATION_CONTEXT() REPRESENTATION_CONTEXT('2D SPACE',''
  ) );
#2660 = ORIENTED_EDGE('',*,*,#2661,.F.);
#2661 = EDGE_CURVE('',#2573,#2634,#2662,.T.);
#2662 = SURFACE_CURVE('',#2663,(#2667,#2674),.PCURVE_S1.);
#2663 = LINE('',#2664,#2665);
#2664 = CARTESIAN_POINT('',(94.6,48.,249.));
#2665 = VECTOR('',#2666,1.);
#2666 = DIRECTION('',(0.,-1.,0.));
#2667 = PCURVE('',#2581,#2668);
#2668 = DEFINITIONAL_REPRESENTATION('',(#2669),#2673);
#2669 = LINE('',#2670,#2671);
#2670 = CARTESIAN_POINT('',(33.6,0.));
#2671 = VECTOR('',#2672,1.);
#2672 = DIRECTION('',(0.,-1.));
#2673 = ( GEOMETRIC_REPRESENTATION_CONTEXT(2) 
PARAMETRIC_REPRESENTATION_CONTEXT() REPRESENTATION_CONTEXT('2D SPACE',''
  ) );
#2674 = PCURVE('',#2675,#2680);
#2675 = CYLINDRICAL_SURFACE('',#2676,0.7);
#2676 = AXIS2_PLACEMENT_3D('',#2677,#2678,#2679);
#2677 = CARTESIAN_POINT('',(94.6,48.,248.3));
#2678 = DIRECTION('',(0.,-1.,0.));
#2679 = DIRECTION('',(-0.,0.,1.));
#2680 = DEFINITIONAL_REPRESENTATION('',(#2681),#2685);
#2681 = LINE('',#2682,#2683);
#2682 = CARTESIAN_POINT('',(-0.,0.));
#2683 = VECTOR('',#2684,1.);
#2684 = DIRECTION('',(-0.,1.));
#2685 = ( GEOMETRIC_REPRESENTATION_CONTEXT(2) 
PARAMETRIC_REPRESENTATION_CONTEXT() REPRESENTATION_CONTEXT('2D SPACE',''
  ) );
#2686 = ADVANCED_FACE('',(#2687),#2593,.T.);
#2687 = FACE_BOUND('',#2688,.T.);
#2688 = EDGE_LOOP('',(#2689,#2690,#2714,#2742,#2771,#2799,#2832,#2860,
    #2889,#2917,#2950,#2978,#3007,#3035));
#2689 = ORIENTED_EDGE('',*,*,#2570,.T.);
#2690 = ORIENTED_EDGE('',*,*,#2691,.T.);
#2691 = EDGE_CURVE('',#2573,#2692,#2694,.T.);
#2692 = VERTEX_POINT('',#2693);
#2693 = CARTESIAN_POINT('',(95.16,48.,247.88));
#2694 = SURFACE_CURVE('',#2695,(#2700,#2707),.PCURVE_S1.);
#2695 = CIRCLE('',#2696,0.7);
#2696 = AXIS2_PLACEMENT_3D('',#2697,#2698,#2699);
#2697 = CARTESIAN_POINT('',(94.6,48.,248.3));
#2698 = DIRECTION('',(-0.,1.,0.));
#2699 = DIRECTION('',(0.,0.,-1.));
#2700 = PCURVE('',#2593,#2701);
#2701 = DEFINITIONAL_REPRESENTATION('',(#2702),#2706);
#2702 = CIRCLE('',#2703,0.7);
#2703 = AXIS2_PLACEMENT_2D('',#2704,#2705);
#2704 = CARTESIAN_POINT('',(2.252826667002,16.08821674661));
#2705 = DIRECTION('',(-1.,0.));
#2706 = ( GEOMETRIC_REPRESENTATION_CONTEXT(2) 
PARAMETRIC_REPRESENTATION_CONTEXT() REPRESENTATION_CONTEXT('2D SPACE',''
  ) );
#2707 = PCURVE('',#2675,#2708);
#2708 = DEFINITIONAL_REPRESENTATION('',(#2709),#2713);
#2709 = LINE('',#2710,#2711);
#2710 = CARTESIAN_POINT('',(3.14159265359,-0.));
#2711 = VECTOR('',#2712,1.);
#2712 = DIRECTION('',(-1.,0.));
#2713 = ( GEOMETRIC_REPRESENTATION_CONTEXT(2) 
PARAMETRIC_REPRESENTATION_CONTEXT() REPRESENTATION_CONTEXT('2D SPACE',''
  ) );
#2714 = ORIENTED_EDGE('',*,*,#2715,.T.);
#2715 = EDGE_CURVE('',#2692,#2716,#2718,.T.);
#2716 = VERTEX_POINT('',#2717);
#2717 = CARTESIAN_POINT('',(90.484264068712,48.,241.64568542494));
#2718 = SURFACE_CURVE('',#2719,(#2723,#2730),.PCURVE_S1.);
#2719 = LINE('',#2720,#2721);
#2720 = CARTESIAN_POINT('',(96.,48.,249.));
#2721 = VECTOR('',#2722,1.);
#2722 = DIRECTION('',(-0.6,0.,-0.8));
#2723 = PCURVE('',#2593,#2724);
#2724 = DEFINITIONAL_REPRESENTATION('',(#2725),#2729);
#2725 = LINE('',#2726,#2727);
#2726 = CARTESIAN_POINT('',(2.952826667002,17.48821674661));
#2727 = VECTOR('',#2728,1.);
#2728 = DIRECTION('',(-0.8,-0.6));
#2729 = ( GEOMETRIC_REPRESENTATION_CONTEXT(2) 
PARAMETRIC_REPRESENTATION_CONTEXT() REPRESENTATION_CONTEXT('2D SPACE',''
  ) );
#2730 = PCURVE('',#2731,#2736);
#2731 = PLANE('',#2732);
#2732 = AXIS2_PLACEMENT_3D('',#2733,#2734,#2735);
#2733 = CARTESIAN_POINT('',(96.,48.,249.));
#2734 = DIRECTION('',(0.8,0.,-0.6));
#2735 = DIRECTION('',(-0.6,0.,-0.8));
#2736 = DEFINITIONAL_REPRESENTATION('',(#2737),#2741);
#2737 = LINE('',#2738,#2739);
#2738 = CARTESIAN_POINT('',(0.,0.));
#2739 = VECTOR('',#2740,1.);
#2740 = DIRECTION('',(1.,0.));
#2741 = ( GEOMETRIC_REPRESENTATION_CONTEXT(2) 
PARAMETRIC_REPRESENTATION_CONTEXT() REPRESENTATION_CONTEXT('2D SPACE',''
  ) );
#2742 = ORIENTED_EDGE('',*,*,#2743,.T.);
#2743 = EDGE_CURVE('',#2716,#2744,#2746,.T.);
#2744 = VERTEX_POINT('',#2745);
#2745 = CARTESIAN_POINT('',(89.429289321881,48.,241.57071067811));
#2746 = SURFACE_CURVE('',#2747,(#2752,#2759),.PCURVE_S1.);
#2747 = CIRCLE('',#2748,0.7);
#2748 = AXIS2_PLACEMENT_3D('',#2749,#2750,#2751);
#2749 = CARTESIAN_POINT('',(89.924264068712,48.,242.06568542494));
#2750 = DIRECTION('',(-0.,1.,0.));
#2751 = DIRECTION('',(0.,0.,-1.));
#2752 = PCURVE('',#2593,#2753);
#2753 = DEFINITIONAL_REPRESENTATION('',(#2754),#2758);
#2754 = CIRCLE('',#2755,0.7);
#2755 = AXIS2_PLACEMENT_2D('',#2756,#2757);
#2756 = CARTESIAN_POINT('',(-3.981487908048,11.412480815322));
#2757 = DIRECTION('',(-1.,0.));
#2758 = ( GEOMETRIC_REPRESENTATION_CONTEXT(2) 
PARAMETRIC_REPRESENTATION_CONTEXT() REPRESENTATION_CONTEXT('2D SPACE',''
  ) );
#2759 = PCURVE('',#2760,#2765);
#2760 = CYLINDRICAL_SURFACE('',#2761,0.7);
#2761 = AXIS2_PLACEMENT_3D('',#2762,#2763,#2764);
#2762 = CARTESIAN_POINT('',(89.924264068712,48.,242.06568542494));
#2763 = DIRECTION('',(0.,-1.,0.));
#2764 = DIRECTION('',(0.8,0.,-0.6));
#2765 = DEFINITIONAL_REPRESENTATION('',(#2766),#2770);
#2766 = LINE('',#2767,#2768);
#2767 = CARTESIAN_POINT('',(5.355890089178,-0.));
#2768 = VECTOR('',#2769,1.);
#2769 = DIRECTION('',(-1.,0.));
#2770 = ( GEOMETRIC_REPRESENTATION_CONTEXT(2) 
PARAMETRIC_REPRESENTATION_CONTEXT() REPRESENTATION_CONTEXT('2D SPACE',''
  ) );
#2771 = ORIENTED_EDGE('',*,*,#2772,.T.);
#2772 = EDGE_CURVE('',#2744,#2773,#2775,.T.);
#2773 = VERTEX_POINT('',#2774);
#2774 = CARTESIAN_POINT('',(85.458362028713,48.,245.54163797128));
#2775 = SURFACE_CURVE('',#2776,(#2780,#2787),.PCURVE_S1.);
#2776 = LINE('',#2777,#2778);
#2777 = CARTESIAN_POINT('',(90.,48.,241.));
#2778 = VECTOR('',#2779,1.);
#2779 = DIRECTION('',(-0.707106781187,0.,0.707106781187));
#2780 = PCURVE('',#2593,#2781);
#2781 = DEFINITIONAL_REPRESENTATION('',(#2782),#2786);
#2782 = LINE('',#2783,#2784);
#2783 = CARTESIAN_POINT('',(-5.047173332998,11.48821674661));
#2784 = VECTOR('',#2785,1.);
#2785 = DIRECTION('',(0.707106781187,-0.707106781187));
#2786 = ( GEOMETRIC_REPRESENTATION_CONTEXT(2) 
PARAMETRIC_REPRESENTATION_CONTEXT() REPRESENTATION_CONTEXT('2D SPACE',''
  ) );
#2787 = PCURVE('',#2788,#2793);
#2788 = PLANE('',#2789);
#2789 = AXIS2_PLACEMENT_3D('',#2790,#2791,#2792);
#2790 = CARTESIAN_POINT('',(90.,48.,241.));
#2791 = DIRECTION('',(-0.707106781187,-0.,-0.707106781187));
#2792 = DIRECTION('',(-0.707106781187,0.,0.707106781187));
#2793 = DEFINITIONAL_REPRESENTATION('',(#2794),#2798);
#2794 = LINE('',#2795,#2796);
#2795 = CARTESIAN_POINT('',(0.,0.));
#2796 = VECTOR('',#2797,1.);
#2797 = DIRECTION('',(1.,0.));
#2798 = ( GEOMETRIC_REPRESENTATION_CONTEXT(2) 
PARAMETRIC_REPRESENTATION_CONTEXT() REPRESENTATION_CONTEXT('2D SPACE',''
  ) );
#2799 = ORIENTED_EDGE('',*,*,#2800,.T.);
#2800 = EDGE_CURVE('',#2773,#2801,#2803,.T.);
#2801 = VERTEX_POINT('',#2802);
#2802 = CARTESIAN_POINT('',(84.507833320464,48.,245.57814284611));
#2803 = SURFACE_CURVE('',#2804,(#2809,#2820),.PCURVE_S1.);
#2804 = CIRCLE('',#2805,0.7);
#2805 = AXIS2_PLACEMENT_3D('',#2806,#2807,#2808);
#2806 = CARTESIAN_POINT('',(84.963387281883,48.,245.04666322445));
#2807 = DIRECTION('',(0.,-1.,0.));
#2808 = DIRECTION('',(0.,-0.,-1.));
#2809 = PCURVE('',#2593,#2810);
#2810 = DEFINITIONAL_REPRESENTATION('',(#2811),#2819);
#2811 = ( BOUNDED_CURVE() B_SPLINE_CURVE(2,(#2812,#2813,#2814,#2815,
#2816,#2817,#2818),.UNSPECIFIED.,.T.,.F.) B_SPLINE_CURVE_WITH_KNOTS((1,2
    ,2,2,2,1),(-2.094395102393,0.,2.094395102393,4.188790204786,
6.28318530718,8.377580409573),.UNSPECIFIED.) CURVE() 
GEOMETRIC_REPRESENTATION_ITEM() RATIONAL_B_SPLINE_CURVE((1.,0.5,1.,0.5,
1.,0.5,1.)) REPRESENTATION_ITEM('') );
#2812 = CARTESIAN_POINT('',(-1.700510108542,6.451604028493));
#2813 = CARTESIAN_POINT('',(-1.700510108542,7.664039593791));
#2814 = CARTESIAN_POINT('',(-0.650510108542,7.057821811142));
#2815 = CARTESIAN_POINT('',(0.399489891458,6.451604028493));
#2816 = CARTESIAN_POINT('',(-0.650510108542,5.845386245844));
#2817 = CARTESIAN_POINT('',(-1.700510108542,5.239168463194));
#2818 = CARTESIAN_POINT('',(-1.700510108542,6.451604028493));
#2819 = ( GEOMETRIC_REPRESENTATION_CONTEXT(2) 
PARAMETRIC_REPRESENTATION_CONTEXT() REPRESENTATION_CONTEXT('2D SPACE',''
  ) );
#2820 = PCURVE('',#2821,#2826);
#2821 = CYLINDRICAL_SURFACE('',#2822,0.7);
#2822 = AXIS2_PLACEMENT_3D('',#2823,#2824,#2825);
#2823 = CARTESIAN_POINT('',(84.963387281883,48.,245.04666322445));
#2824 = DIRECTION('',(0.,-1.,0.));
#2825 = DIRECTION('',(0.707106781187,0.,0.707106781187));
#2826 = DEFINITIONAL_REPRESENTATION('',(#2827),#2831);
#2827 = LINE('',#2828,#2829);
#2828 = CARTESIAN_POINT('',(-2.356194490192,0.));
#2829 = VECTOR('',#2830,1.);
#2830 = DIRECTION('',(1.,0.));
#2831 = ( GEOMETRIC_REPRESENTATION_CONTEXT(2) 
PARAMETRIC_REPRESENTATION_CONTEXT() REPRESENTATION_CONTEXT('2D SPACE',''
  ) );
#2832 = ORIENTED_EDGE('',*,*,#2833,.T.);
#2833 = EDGE_CURVE('',#2801,#2834,#2836,.T.);
#2834 = VERTEX_POINT('',#2835);
#2835 = CARTESIAN_POINT('',(78.492166679536,48.,240.42185715388));
#2836 = SURFACE_CURVE('',#2837,(#2841,#2848),.PCURVE_S1.);
#2837 = LINE('',#2838,#2839);
#2838 = CARTESIAN_POINT('',(85.,48.,246.));
#2839 = VECTOR('',#2840,1.);
#2840 = DIRECTION('',(-0.759256602365,0.,-0.650791373456));
#2841 = PCURVE('',#2593,#2842);
#2842 = DEFINITIONAL_REPRESENTATION('',(#2843),#2847);
#2843 = LINE('',#2844,#2845);
#2844 = CARTESIAN_POINT('',(-4.717333299763E-02,6.48821674661));
#2845 = VECTOR('',#2846,1.);
#2846 = DIRECTION('',(-0.650791373456,-0.759256602365));
#2847 = ( GEOMETRIC_REPRESENTATION_CONTEXT(2) 
PARAMETRIC_REPRESENTATION_CONTEXT() REPRESENTATION_CONTEXT('2D SPACE',''
  ) );
#2848 = PCURVE('',#2849,#2854);
#2849 = PLANE('',#2850);
#2850 = AXIS2_PLACEMENT_3D('',#2851,#2852,#2853);
#2851 = CARTESIAN_POINT('',(85.,48.,246.));
#2852 = DIRECTION('',(0.650791373456,0.,-0.759256602365));
#2853 = DIRECTION('',(-0.759256602365,0.,-0.650791373456));
#2854 = DEFINITIONAL_REPRESENTATION('',(#2855),#2859);
#2855 = LINE('',#2856,#2857);
#2856 = CARTESIAN_POINT('',(0.,0.));
#2857 = VECTOR('',#2858,1.);
#2858 = DIRECTION('',(1.,0.));
#2859 = ( GEOMETRIC_REPRESENTATION_CONTEXT(2) 
PARAMETRIC_REPRESENTATION_CONTEXT() REPRESENTATION_CONTEXT('2D SPACE',''
  ) );
#2860 = ORIENTED_EDGE('',*,*,#2861,.T.);
#2861 = EDGE_CURVE('',#2834,#2862,#2864,.T.);
#2862 = VERTEX_POINT('',#2863);
#2863 = CARTESIAN_POINT('',(77.541637971287,48.,240.45836202871));
#2864 = SURFACE_CURVE('',#2865,(#2870,#2877),.PCURVE_S1.);
#2865 = CIRCLE('',#2866,0.7);
#2866 = AXIS2_PLACEMENT_3D('',#2867,#2868,#2869);
#2867 = CARTESIAN_POINT('',(78.036612718117,48.,240.95333677554));
#2868 = DIRECTION('',(-0.,1.,0.));
#2869 = DIRECTION('',(0.,0.,-1.));
#2870 = PCURVE('',#2593,#2871);
#2871 = DEFINITIONAL_REPRESENTATION('',(#2872),#2876);
#2872 = CIRCLE('',#2873,0.7);
#2873 = AXIS2_PLACEMENT_2D('',#2874,#2875);
#2874 = CARTESIAN_POINT('',(-5.093836557454,-0.475170535273));
#2875 = DIRECTION('',(-1.,0.));
#2876 = ( GEOMETRIC_REPRESENTATION_CONTEXT(2) 
PARAMETRIC_REPRESENTATION_CONTEXT() REPRESENTATION_CONTEXT('2D SPACE',''
  ) );
#2877 = PCURVE('',#2878,#2883);
#2878 = CYLINDRICAL_SURFACE('',#2879,0.7);
#2879 = AXIS2_PLACEMENT_3D('',#2880,#2881,#2882);
#2880 = CARTESIAN_POINT('',(78.036612718117,48.,240.95333677554));
#2881 = DIRECTION('',(0.,-1.,0.));
#2882 = DIRECTION('',(0.650791373456,0.,-0.759256602365));
#2883 = DEFINITIONAL_REPRESENTATION('',(#2884),#2888);
#2884 = LINE('',#2885,#2886);
#2885 = CARTESIAN_POINT('',(5.574559035052,-0.));
#2886 = VECTOR('',#2887,1.);
#2887 = DIRECTION('',(-1.,0.));
#2888 = ( GEOMETRIC_REPRESENTATION_CONTEXT(2) 
PARAMETRIC_REPRESENTATION_CONTEXT() REPRESENTATION_CONTEXT('2D SPACE',''
  ) );
#2889 = ORIENTED_EDGE('',*,*,#2890,.T.);
#2890 = EDGE_CURVE('',#2862,#2891,#2893,.T.);
#2891 = VERTEX_POINT('',#2892);
#2892 = CARTESIAN_POINT('',(72.378059653029,48.,245.62194034697));
#2893 = SURFACE_CURVE('',#2894,(#2898,#2905),.PCURVE_S1.);
#2894 = LINE('',#2895,#2896);
#2895 = CARTESIAN_POINT('',(78.,48.,240.));
#2896 = VECTOR('',#2897,1.);
#2897 = DIRECTION('',(-0.707106781187,0.,0.707106781187));
#2898 = PCURVE('',#2593,#2899);
#2899 = DEFINITIONAL_REPRESENTATION('',(#2900),#2904);
#2900 = LINE('',#2901,#2902);
#2901 = CARTESIAN_POINT('',(-6.047173332998,-0.51178325339));
#2902 = VECTOR('',#2903,1.);
#2903 = DIRECTION('',(0.707106781187,-0.707106781187));
#2904 = ( GEOMETRIC_REPRESENTATION_CONTEXT(2) 
PARAMETRIC_REPRESENTATION_CONTEXT() REPRESENTATION_CONTEXT('2D SPACE',''
  ) );
#2905 = PCURVE('',#2906,#2911);
#2906 = PLANE('',#2907);
#2907 = AXIS2_PLACEMENT_3D('',#2908,#2909,#2910);
#2908 = CARTESIAN_POINT('',(78.,48.,240.));
#2909 = DIRECTION('',(-0.707106781187,-0.,-0.707106781187));
#2910 = DIRECTION('',(-0.707106781187,0.,0.707106781187));
#2911 = DEFINITIONAL_REPRESENTATION('',(#2912),#2916);
#2912 = LINE('',#2913,#2914);
#2913 = CARTESIAN_POINT('',(0.,0.));
#2914 = VECTOR('',#2915,1.);
#2915 = DIRECTION('',(1.,0.));
#2916 = ( GEOMETRIC_REPRESENTATION_CONTEXT(2) 
PARAMETRIC_REPRESENTATION_CONTEXT() REPRESENTATION_CONTEXT('2D SPACE',''
  ) );
#2917 = ORIENTED_EDGE('',*,*,#2918,.T.);
#2918 = EDGE_CURVE('',#2891,#2919,#2921,.T.);
#2919 = VERTEX_POINT('',#2920);
#2920 = CARTESIAN_POINT('',(71.535787649348,48.,245.73473579962));
#2921 = SURFACE_CURVE('',#2922,(#2927,#2938),.PCURVE_S1.);
#2922 = CIRCLE('',#2923,0.7);
#2923 = AXIS2_PLACEMENT_3D('',#2924,#2925,#2926);
#2924 = CARTESIAN_POINT('',(71.883084906198,48.,245.12696560014));
#2925 = DIRECTION('',(0.,-1.,0.));
#2926 = DIRECTION('',(0.,-0.,-1.));
#2927 = PCURVE('',#2593,#2928);
#2928 = DEFINITIONAL_REPRESENTATION('',(#2929),#2937);
#2929 = ( BOUNDED_CURVE() B_SPLINE_CURVE(2,(#2930,#2931,#2932,#2933,
#2934,#2935,#2936),.UNSPECIFIED.,.T.,.F.) B_SPLINE_CURVE_WITH_KNOTS((1,2
    ,2,2,2,1),(-2.094395102393,0.,2.094395102393,4.188790204786,
6.28318530718,8.377580409573),.UNSPECIFIED.) CURVE() 
GEOMETRIC_REPRESENTATION_ITEM() RATIONAL_B_SPLINE_CURVE((1.,0.5,1.,0.5,
1.,0.5,1.)) REPRESENTATION_ITEM('') );
#2930 = CARTESIAN_POINT('',(-1.620207732857,-6.628698347192));
#2931 = CARTESIAN_POINT('',(-1.620207732857,-5.416262781894));
#2932 = CARTESIAN_POINT('',(-0.570207732857,-6.022480564543));
#2933 = CARTESIAN_POINT('',(0.479792267143,-6.628698347192));
#2934 = CARTESIAN_POINT('',(-0.570207732857,-7.234916129841));
#2935 = CARTESIAN_POINT('',(-1.620207732857,-7.84113391249));
#2936 = CARTESIAN_POINT('',(-1.620207732857,-6.628698347192));
#2937 = ( GEOMETRIC_REPRESENTATION_CONTEXT(2) 
PARAMETRIC_REPRESENTATION_CONTEXT() REPRESENTATION_CONTEXT('2D SPACE',''
  ) );
#2938 = PCURVE('',#2939,#2944);
#2939 = CYLINDRICAL_SURFACE('',#2940,0.7);
#2940 = AXIS2_PLACEMENT_3D('',#2941,#2942,#2943);
#2941 = CARTESIAN_POINT('',(71.883084906198,48.,245.12696560014));
#2942 = DIRECTION('',(0.,-1.,0.));
#2943 = DIRECTION('',(0.707106781187,0.,0.707106781187));
#2944 = DEFINITIONAL_REPRESENTATION('',(#2945),#2949);
#2945 = LINE('',#2946,#2947);
#2946 = CARTESIAN_POINT('',(-2.356194490192,0.));
#2947 = VECTOR('',#2948,1.);
#2948 = DIRECTION('',(1.,0.));
#2949 = ( GEOMETRIC_REPRESENTATION_CONTEXT(2) 
PARAMETRIC_REPRESENTATION_CONTEXT() REPRESENTATION_CONTEXT('2D SPACE',''
  ) );
#2950 = ORIENTED_EDGE('',*,*,#2951,.T.);
#2951 = EDGE_CURVE('',#2919,#2952,#2954,.T.);
#2952 = VERTEX_POINT('',#2953);
#2953 = CARTESIAN_POINT('',(65.607770199487,48.,242.34729725685));
#2954 = SURFACE_CURVE('',#2955,(#2959,#2966),.PCURVE_S1.);
#2955 = LINE('',#2956,#2957);
#2956 = CARTESIAN_POINT('',(72.,48.,246.));
#2957 = VECTOR('',#2958,1.);
#2958 = DIRECTION('',(-0.868243142124,0.,-0.496138938357));
#2959 = PCURVE('',#2593,#2960);
#2960 = DEFINITIONAL_REPRESENTATION('',(#2961),#2965);
#2961 = LINE('',#2962,#2963);
#2962 = CARTESIAN_POINT('',(-4.717333299763E-02,-6.51178325339));
#2963 = VECTOR('',#2964,1.);
#2964 = DIRECTION('',(-0.496138938357,-0.868243142124));
#2965 = ( GEOMETRIC_REPRESENTATION_CONTEXT(2) 
PARAMETRIC_REPRESENTATION_CONTEXT() REPRESENTATION_CONTEXT('2D SPACE',''
  ) );
#2966 = PCURVE('',#2967,#2972);
#2967 = PLANE('',#2968);
#2968 = AXIS2_PLACEMENT_3D('',#2969,#2970,#2971);
#2969 = CARTESIAN_POINT('',(72.,48.,246.));
#2970 = DIRECTION('',(0.496138938357,0.,-0.868243142124));
#2971 = DIRECTION('',(-0.868243142124,0.,-0.496138938357));
#2972 = DEFINITIONAL_REPRESENTATION('',(#2973),#2977);
#2973 = LINE('',#2974,#2975);
#2974 = CARTESIAN_POINT('',(0.,0.));
#2975 = VECTOR('',#2976,1.);
#2976 = DIRECTION('',(1.,0.));
#2977 = ( GEOMETRIC_REPRESENTATION_CONTEXT(2) 
PARAMETRIC_REPRESENTATION_CONTEXT() REPRESENTATION_CONTEXT('2D SPACE',''
  ) );
#2978 = ORIENTED_EDGE('',*,*,#2979,.T.);
#2979 = EDGE_CURVE('',#2952,#2980,#2982,.T.);
#2980 = VERTEX_POINT('',#2981);
#2981 = CARTESIAN_POINT('',(64.65270274315,48.,242.60777019948));
#2982 = SURFACE_CURVE('',#2983,(#2988,#2995),.PCURVE_S1.);
#2983 = CIRCLE('',#2984,0.7);
#2984 = AXIS2_PLACEMENT_3D('',#2985,#2986,#2987);
#2985 = CARTESIAN_POINT('',(65.260472942637,48.,242.95506745633));
#2986 = DIRECTION('',(-0.,1.,0.));
#2987 = DIRECTION('',(0.,0.,-1.));
#2988 = PCURVE('',#2593,#2989);
#2989 = DEFINITIONAL_REPRESENTATION('',(#2990),#2994);
#2990 = CIRCLE('',#2991,0.7);
#2991 = AXIS2_PLACEMENT_2D('',#2992,#2993);
#2992 = CARTESIAN_POINT('',(-3.092105876661,-13.25131031075));
#2993 = DIRECTION('',(-1.,0.));
#2994 = ( GEOMETRIC_REPRESENTATION_CONTEXT(2) 
PARAMETRIC_REPRESENTATION_CONTEXT() REPRESENTATION_CONTEXT('2D SPACE',''
  ) );
#2995 = PCURVE('',#2996,#3001);
#2996 = CYLINDRICAL_SURFACE('',#2997,0.7);
#2997 = AXIS2_PLACEMENT_3D('',#2998,#2999,#3000);
#2998 = CARTESIAN_POINT('',(65.260472942637,48.,242.95506745633));
#2999 = DIRECTION('',(0.,-1.,0.));
#3000 = DIRECTION('',(0.496138938357,0.,-0.868243142124));
#3001 = DEFINITIONAL_REPRESENTATION('',(#3002),#3006);
#3002 = LINE('',#3003,#3004);
#3003 = CARTESIAN_POINT('',(5.764039192933,-0.));
#3004 = VECTOR('',#3005,1.);
#3005 = DIRECTION('',(-1.,0.));
#3006 = ( GEOMETRIC_REPRESENTATION_CONTEXT(2) 
PARAMETRIC_REPRESENTATION_CONTEXT() REPRESENTATION_CONTEXT('2D SPACE',''
  ) );
#3007 = ORIENTED_EDGE('',*,*,#3008,.T.);
#3008 = EDGE_CURVE('',#2980,#3009,#3011,.T.);
#3009 = VERTEX_POINT('',#3010);
#3010 = CARTESIAN_POINT('',(61.598455575343,48.,247.95270274315));
#3011 = SURFACE_CURVE('',#3012,(#3016,#3023),.PCURVE_S1.);
#3012 = LINE('',#3013,#3014);
#3013 = CARTESIAN_POINT('',(65.,48.,242.));
#3014 = VECTOR('',#3015,1.);
#3015 = DIRECTION('',(-0.496138938357,0.,0.868243142124));
#3016 = PCURVE('',#2593,#3017);
#3017 = DEFINITIONAL_REPRESENTATION('',(#3018),#3022);
#3018 = LINE('',#3019,#3020);
#3019 = CARTESIAN_POINT('',(-4.047173332998,-13.51178325339));
#3020 = VECTOR('',#3021,1.);
#3021 = DIRECTION('',(0.868243142124,-0.496138938357));
#3022 = ( GEOMETRIC_REPRESENTATION_CONTEXT(2) 
PARAMETRIC_REPRESENTATION_CONTEXT() REPRESENTATION_CONTEXT('2D SPACE',''
  ) );
#3023 = PCURVE('',#3024,#3029);
#3024 = PLANE('',#3025);
#3025 = AXIS2_PLACEMENT_3D('',#3026,#3027,#3028);
#3026 = CARTESIAN_POINT('',(65.,48.,242.));
#3027 = DIRECTION('',(-0.868243142124,-0.,-0.496138938357));
#3028 = DIRECTION('',(-0.496138938357,0.,0.868243142124));
#3029 = DEFINITIONAL_REPRESENTATION('',(#3030),#3034);
#3030 = LINE('',#3031,#3032);
#3031 = CARTESIAN_POINT('',(0.,0.));
#3032 = VECTOR('',#3033,1.);
#3033 = DIRECTION('',(1.,0.));
#3034 = ( GEOMETRIC_REPRESENTATION_CONTEXT(2) 
PARAMETRIC_REPRESENTATION_CONTEXT() REPRESENTATION_CONTEXT('2D SPACE',''
  ) );
#3035 = ORIENTED_EDGE('',*,*,#3036,.F.);
#3036 = EDGE_CURVE('',#2571,#3009,#3037,.T.);
#3037 = SURFACE_CURVE('',#3038,(#3043,#3054),.PCURVE_S1.);
#3038 = CIRCLE('',#3039,0.7);
#3039 = AXIS2_PLACEMENT_3D('',#3040,#3041,#3042);
#3040 = CARTESIAN_POINT('',(62.20622577483,48.,248.3));
#3041 = DIRECTION('',(0.,-1.,0.));
#3042 = DIRECTION('',(0.,-0.,-1.));
#3043 = PCURVE('',#2593,#3044);
#3044 = DEFINITIONAL_REPRESENTATION('',(#3045),#3053);
#3045 = ( BOUNDED_CURVE() B_SPLINE_CURVE(2,(#3046,#3047,#3048,#3049,
#3050,#3051,#3052),.UNSPECIFIED.,.T.,.F.) B_SPLINE_CURVE_WITH_KNOTS((1,2
    ,2,2,2,1),(-2.094395102393,0.,2.094395102393,4.188790204786,
6.28318530718,8.377580409573),.UNSPECIFIED.) CURVE() 
GEOMETRIC_REPRESENTATION_ITEM() RATIONAL_B_SPLINE_CURVE((1.,0.5,1.,0.5,
1.,0.5,1.)) REPRESENTATION_ITEM('') );
#3046 = CARTESIAN_POINT('',(1.552826667002,-16.30555747856));
#3047 = CARTESIAN_POINT('',(1.552826667002,-15.09312191326));
#3048 = CARTESIAN_POINT('',(2.602826667002,-15.69933969591));
#3049 = CARTESIAN_POINT('',(3.652826667002,-16.30555747856));
#3050 = CARTESIAN_POINT('',(2.602826667002,-16.9117752612));
#3051 = CARTESIAN_POINT('',(1.552826667002,-17.51799304385));
#3052 = CARTESIAN_POINT('',(1.552826667002,-16.30555747856));
#3053 = ( GEOMETRIC_REPRESENTATION_CONTEXT(2) 
PARAMETRIC_REPRESENTATION_CONTEXT() REPRESENTATION_CONTEXT('2D SPACE',''
  ) );
#3054 = PCURVE('',#2621,#3055);
#3055 = DEFINITIONAL_REPRESENTATION('',(#3056),#3060);
#3056 = LINE('',#3057,#3058);
#3057 = CARTESIAN_POINT('',(-3.14159265359,0.));
#3058 = VECTOR('',#3059,1.);
#3059 = DIRECTION('',(1.,0.));
#3060 = ( GEOMETRIC_REPRESENTATION_CONTEXT(2) 
PARAMETRIC_REPRESENTATION_CONTEXT() REPRESENTATION_CONTEXT('2D SPACE',''
  ) );
#3061 = ADVANCED_FACE('',(#3062),#2621,.T.);
#3062 = FACE_BOUND('',#3063,.T.);
#3063 = EDGE_LOOP('',(#3064,#3065,#3088,#3114));
#3064 = ORIENTED_EDGE('',*,*,#3036,.T.);
#3065 = ORIENTED_EDGE('',*,*,#3066,.T.);
#3066 = EDGE_CURVE('',#3009,#3067,#3069,.T.);
#3067 = VERTEX_POINT('',#3068);
#3068 = CARTESIAN_POINT('',(61.598455575343,46.,247.95270274315));
#3069 = SURFACE_CURVE('',#3070,(#3074,#3081),.PCURVE_S1.);
#3070 = LINE('',#3071,#3072);
#3071 = CARTESIAN_POINT('',(61.598455575343,48.,247.95270274315));
#3072 = VECTOR('',#3073,1.);
#3073 = DIRECTION('',(0.,-1.,0.));
#3074 = PCURVE('',#2621,#3075);
#3075 = DEFINITIONAL_REPRESENTATION('',(#3076),#3080);
#3076 = LINE('',#3077,#3078);
#3077 = CARTESIAN_POINT('',(2.089942441041,0.));
#3078 = VECTOR('',#3079,1.);
#3079 = DIRECTION('',(0.,1.));
#3080 = ( GEOMETRIC_REPRESENTATION_CONTEXT(2) 
PARAMETRIC_REPRESENTATION_CONTEXT() REPRESENTATION_CONTEXT('2D SPACE',''
  ) );
#3081 = PCURVE('',#3024,#3082);
#3082 = DEFINITIONAL_REPRESENTATION('',(#3083),#3087);
#3083 = LINE('',#3084,#3085);
#3084 = CARTESIAN_POINT('',(6.856031973469,0.));
#3085 = VECTOR('',#3086,1.);
#3086 = DIRECTION('',(0.,-1.));
#3087 = ( GEOMETRIC_REPRESENTATION_CONTEXT(2) 
PARAMETRIC_REPRESENTATION_CONTEXT() REPRESENTATION_CONTEXT('2D SPACE',''
  ) );
#3088 = ORIENTED_EDGE('',*,*,#3089,.F.);
#3089 = EDGE_CURVE('',#2606,#3067,#3090,.T.);
#3090 = SURFACE_CURVE('',#3091,(#3096,#3103),.PCURVE_S1.);
#3091 = CIRCLE('',#3092,0.7);
#3092 = AXIS2_PLACEMENT_3D('',#3093,#3094,#3095);
#3093 = CARTESIAN_POINT('',(62.20622577483,46.,248.3));
#3094 = DIRECTION('',(0.,-1.,0.));
#3095 = DIRECTION('',(0.,-0.,-1.));
#3096 = PCURVE('',#2621,#3097);
#3097 = DEFINITIONAL_REPRESENTATION('',(#3098),#3102);
#3098 = LINE('',#3099,#3100);
#3099 = CARTESIAN_POINT('',(-3.14159265359,2.));
#3100 = VECTOR('',#3101,1.);
#3101 = DIRECTION('',(1.,0.));
#3102 = ( GEOMETRIC_REPRESENTATION_CONTEXT(2) 
PARAMETRIC_REPRESENTATION_CONTEXT() REPRESENTATION_CONTEXT('2D SPACE',''
  ) );
#3103 = PCURVE('',#2649,#3104);
#3104 = DEFINITIONAL_REPRESENTATION('',(#3105),#3113);
#3105 = ( BOUNDED_CURVE() B_SPLINE_CURVE(2,(#3106,#3107,#3108,#3109,
#3110,#3111,#3112),.UNSPECIFIED.,.T.,.F.) B_SPLINE_CURVE_WITH_KNOTS((1,2
    ,2,2,2,1),(-2.094395102393,0.,2.094395102393,4.188790204786,
6.28318530718,8.377580409573),.UNSPECIFIED.) CURVE() 
GEOMETRIC_REPRESENTATION_ITEM() RATIONAL_B_SPLINE_CURVE((1.,0.5,1.,0.5,
1.,0.5,1.)) REPRESENTATION_ITEM('') );
#3106 = CARTESIAN_POINT('',(1.552826667002,-16.30555747856));
#3107 = CARTESIAN_POINT('',(1.552826667002,-15.09312191326));
#3108 = CARTESIAN_POINT('',(2.602826667002,-15.69933969591));
#3109 = CARTESIAN_POINT('',(3.652826667002,-16.30555747856));
#3110 = CARTESIAN_POINT('',(2.602826667002,-16.9117752612));
#3111 = CARTESIAN_POINT('',(1.552826667002,-17.51799304385));
#3112 = CARTESIAN_POINT('',(1.552826667002,-16.30555747856));
#3113 = ( GEOMETRIC_REPRESENTATION_CONTEXT(2) 
PARAMETRIC_REPRESENTATION_CONTEXT() REPRESENTATION_CONTEXT('2D SPACE',''
  ) );
#3114 = ORIENTED_EDGE('',*,*,#2605,.F.);
#3115 = ADVANCED_FACE('',(#3116),#2675,.T.);
#3116 = FACE_BOUND('',#3117,.F.);
#3117 = EDGE_LOOP('',(#3118,#3119,#3142,#3164));
#3118 = ORIENTED_EDGE('',*,*,#2691,.T.);
#3119 = ORIENTED_EDGE('',*,*,#3120,.T.);
#3120 = EDGE_CURVE('',#2692,#3121,#3123,.T.);
#3121 = VERTEX_POINT('',#3122);
#3122 = CARTESIAN_POINT('',(95.16,46.,247.88));
#3123 = SURFACE_CURVE('',#3124,(#3128,#3135),.PCURVE_S1.);
#3124 = LINE('',#3125,#3126);
#3125 = CARTESIAN_POINT('',(95.16,48.,247.88));
#3126 = VECTOR('',#3127,1.);
#3127 = DIRECTION('',(0.,-1.,0.));
#3128 = PCURVE('',#2675,#3129);
#3129 = DEFINITIONAL_REPRESENTATION('',(#3130),#3134);
#3130 = LINE('',#3131,#3132);
#3131 = CARTESIAN_POINT('',(-2.214297435588,0.));
#3132 = VECTOR('',#3133,1.);
#3133 = DIRECTION('',(-0.,1.));
#3134 = ( GEOMETRIC_REPRESENTATION_CONTEXT(2) 
PARAMETRIC_REPRESENTATION_CONTEXT() REPRESENTATION_CONTEXT('2D SPACE',''
  ) );
#3135 = PCURVE('',#2731,#3136);
#3136 = DEFINITIONAL_REPRESENTATION('',(#3137),#3141);
#3137 = LINE('',#3138,#3139);
#3138 = CARTESIAN_POINT('',(1.4,0.));
#3139 = VECTOR('',#3140,1.);
#3140 = DIRECTION('',(-0.,-1.));
#3141 = ( GEOMETRIC_REPRESENTATION_CONTEXT(2) 
PARAMETRIC_REPRESENTATION_CONTEXT() REPRESENTATION_CONTEXT('2D SPACE',''
  ) );
#3142 = ORIENTED_EDGE('',*,*,#3143,.F.);
#3143 = EDGE_CURVE('',#2634,#3121,#3144,.T.);
#3144 = SURFACE_CURVE('',#3145,(#3150,#3157),.PCURVE_S1.);
#3145 = CIRCLE('',#3146,0.7);
#3146 = AXIS2_PLACEMENT_3D('',#3147,#3148,#3149);
#3147 = CARTESIAN_POINT('',(94.6,46.,248.3));
#3148 = DIRECTION('',(-0.,1.,0.));
#3149 = DIRECTION('',(0.,0.,-1.));
#3150 = PCURVE('',#2675,#3151);
#3151 = DEFINITIONAL_REPRESENTATION('',(#3152),#3156);
#3152 = LINE('',#3153,#3154);
#3153 = CARTESIAN_POINT('',(3.14159265359,2.));
#3154 = VECTOR('',#3155,1.);
#3155 = DIRECTION('',(-1.,0.));
#3156 = ( GEOMETRIC_REPRESENTATION_CONTEXT(2) 
PARAMETRIC_REPRESENTATION_CONTEXT() REPRESENTATION_CONTEXT('2D SPACE',''
  ) );
#3157 = PCURVE('',#2649,#3158);
#3158 = DEFINITIONAL_REPRESENTATION('',(#3159),#3163);
#3159 = CIRCLE('',#3160,0.7);
#3160 = AXIS2_PLACEMENT_2D('',#3161,#3162);
#3161 = CARTESIAN_POINT('',(2.252826667002,16.08821674661));
#3162 = DIRECTION('',(-1.,0.));
#3163 = ( GEOMETRIC_REPRESENTATION_CONTEXT(2) 
PARAMETRIC_REPRESENTATION_CONTEXT() REPRESENTATION_CONTEXT('2D SPACE',''
  ) );
#3164 = ORIENTED_EDGE('',*,*,#2661,.F.);
#3165 = ADVANCED_FACE('',(#3166),#2649,.F.);
#3166 = FACE_BOUND('',#3167,.F.);
#3167 = EDGE_LOOP('',(#3168,#3169,#3170,#3193,#3217,#3240,#3268,#3291,
    #3315,#3338,#3366,#3389,#3413,#3434));
#3168 = ORIENTED_EDGE('',*,*,#2633,.T.);
#3169 = ORIENTED_EDGE('',*,*,#3143,.T.);
#3170 = ORIENTED_EDGE('',*,*,#3171,.T.);
#3171 = EDGE_CURVE('',#3121,#3172,#3174,.T.);
#3172 = VERTEX_POINT('',#3173);
#3173 = CARTESIAN_POINT('',(90.484264068712,46.,241.64568542494));
#3174 = SURFACE_CURVE('',#3175,(#3179,#3186),.PCURVE_S1.);
#3175 = LINE('',#3176,#3177);
#3176 = CARTESIAN_POINT('',(96.,46.,249.));
#3177 = VECTOR('',#3178,1.);
#3178 = DIRECTION('',(-0.6,0.,-0.8));
#3179 = PCURVE('',#2649,#3180);
#3180 = DEFINITIONAL_REPRESENTATION('',(#3181),#3185);
#3181 = LINE('',#3182,#3183);
#3182 = CARTESIAN_POINT('',(2.952826667002,17.48821674661));
#3183 = VECTOR('',#3184,1.);
#3184 = DIRECTION('',(-0.8,-0.6));
#3185 = ( GEOMETRIC_REPRESENTATION_CONTEXT(2) 
PARAMETRIC_REPRESENTATION_CONTEXT() REPRESENTATION_CONTEXT('2D SPACE',''
  ) );
#3186 = PCURVE('',#2731,#3187);
#3187 = DEFINITIONAL_REPRESENTATION('',(#3188),#3192);
#3188 = LINE('',#3189,#3190);
#3189 = CARTESIAN_POINT('',(-0.,-2.));
#3190 = VECTOR('',#3191,1.);
#3191 = DIRECTION('',(1.,0.));
#3192 = ( GEOMETRIC_REPRESENTATION_CONTEXT(2) 
PARAMETRIC_REPRESENTATION_CONTEXT() REPRESENTATION_CONTEXT('2D SPACE',''
  ) );
#3193 = ORIENTED_EDGE('',*,*,#3194,.T.);
#3194 = EDGE_CURVE('',#3172,#3195,#3197,.T.);
#3195 = VERTEX_POINT('',#3196);
#3196 = CARTESIAN_POINT('',(89.429289321881,46.,241.57071067811));
#3197 = SURFACE_CURVE('',#3198,(#3203,#3210),.PCURVE_S1.);
#3198 = CIRCLE('',#3199,0.7);
#3199 = AXIS2_PLACEMENT_3D('',#3200,#3201,#3202);
#3200 = CARTESIAN_POINT('',(89.924264068712,46.,242.06568542494));
#3201 = DIRECTION('',(-0.,1.,0.));
#3202 = DIRECTION('',(0.,0.,-1.));
#3203 = PCURVE('',#2649,#3204);
#3204 = DEFINITIONAL_REPRESENTATION('',(#3205),#3209);
#3205 = CIRCLE('',#3206,0.7);
#3206 = AXIS2_PLACEMENT_2D('',#3207,#3208);
#3207 = CARTESIAN_POINT('',(-3.981487908048,11.412480815322));
#3208 = DIRECTION('',(-1.,0.));
#3209 = ( GEOMETRIC_REPRESENTATION_CONTEXT(2) 
PARAMETRIC_REPRESENTATION_CONTEXT() REPRESENTATION_CONTEXT('2D SPACE',''
  ) );
#3210 = PCURVE('',#2760,#3211);
#3211 = DEFINITIONAL_REPRESENTATION('',(#3212),#3216);
#3212 = LINE('',#3213,#3214);
#3213 = CARTESIAN_POINT('',(5.355890089178,2.));
#3214 = VECTOR('',#3215,1.);
#3215 = DIRECTION('',(-1.,0.));
#3216 = ( GEOMETRIC_REPRESENTATION_CONTEXT(2) 
PARAMETRIC_REPRESENTATION_CONTEXT() REPRESENTATION_CONTEXT('2D SPACE',''
  ) );
#3217 = ORIENTED_EDGE('',*,*,#3218,.T.);
#3218 = EDGE_CURVE('',#3195,#3219,#3221,.T.);
#3219 = VERTEX_POINT('',#3220);
#3220 = CARTESIAN_POINT('',(85.458362028713,46.,245.54163797128));
#3221 = SURFACE_CURVE('',#3222,(#3226,#3233),.PCURVE_S1.);
#3222 = LINE('',#3223,#3224);
#3223 = CARTESIAN_POINT('',(90.,46.,241.));
#3224 = VECTOR('',#3225,1.);
#3225 = DIRECTION('',(-0.707106781187,0.,0.707106781187));
#3226 = PCURVE('',#2649,#3227);
#3227 = DEFINITIONAL_REPRESENTATION('',(#3228),#3232);
#3228 = LINE('',#3229,#3230);
#3229 = CARTESIAN_POINT('',(-5.047173332998,11.48821674661));
#3230 = VECTOR('',#3231,1.);
#3231 = DIRECTION('',(0.707106781187,-0.707106781187));
#3232 = ( GEOMETRIC_REPRESENTATION_CONTEXT(2) 
PARAMETRIC_REPRESENTATION_CONTEXT() REPRESENTATION_CONTEXT('2D SPACE',''
  ) );
#3233 = PCURVE('',#2788,#3234);
#3234 = DEFINITIONAL_REPRESENTATION('',(#3235),#3239);
#3235 = LINE('',#3236,#3237);
#3236 = CARTESIAN_POINT('',(0.,-2.));
#3237 = VECTOR('',#3238,1.);
#3238 = DIRECTION('',(1.,0.));
#3239 = ( GEOMETRIC_REPRESENTATION_CONTEXT(2) 
PARAMETRIC_REPRESENTATION_CONTEXT() REPRESENTATION_CONTEXT('2D SPACE',''
  ) );
#3240 = ORIENTED_EDGE('',*,*,#3241,.T.);
#3241 = EDGE_CURVE('',#3219,#3242,#3244,.T.);
#3242 = VERTEX_POINT('',#3243);
#3243 = CARTESIAN_POINT('',(84.507833320464,46.,245.57814284611));
#3244 = SURFACE_CURVE('',#3245,(#3250,#3261),.PCURVE_S1.);
#3245 = CIRCLE('',#3246,0.7);
#3246 = AXIS2_PLACEMENT_3D('',#3247,#3248,#3249);
#3247 = CARTESIAN_POINT('',(84.963387281883,46.,245.04666322445));
#3248 = DIRECTION('',(0.,-1.,0.));
#3249 = DIRECTION('',(0.,-0.,-1.));
#3250 = PCURVE('',#2649,#3251);
#3251 = DEFINITIONAL_REPRESENTATION('',(#3252),#3260);
#3252 = ( BOUNDED_CURVE() B_SPLINE_CURVE(2,(#3253,#3254,#3255,#3256,
#3257,#3258,#3259),.UNSPECIFIED.,.T.,.F.) B_SPLINE_CURVE_WITH_KNOTS((1,2
    ,2,2,2,1),(-2.094395102393,0.,2.094395102393,4.188790204786,
6.28318530718,8.377580409573),.UNSPECIFIED.) CURVE() 
GEOMETRIC_REPRESENTATION_ITEM() RATIONAL_B_SPLINE_CURVE((1.,0.5,1.,0.5,
1.,0.5,1.)) REPRESENTATION_ITEM('') );
#3253 = CARTESIAN_POINT('',(-1.700510108542,6.451604028493));
#3254 = CARTESIAN_POINT('',(-1.700510108542,7.664039593791));
#3255 = CARTESIAN_POINT('',(-0.650510108542,7.057821811142));
#3256 = CARTESIAN_POINT('',(0.399489891458,6.451604028493));
#3257 = CARTESIAN_POINT('',(-0.650510108542,5.845386245844));
#3258 = CARTESIAN_POINT('',(-1.700510108542,5.239168463194));
#3259 = CARTESIAN_POINT('',(-1.700510108542,6.451604028493));
#3260 = ( GEOMETRIC_REPRESENTATION_CONTEXT(2) 
PARAMETRIC_REPRESENTATION_CONTEXT() REPRESENTATION_CONTEXT('2D SPACE',''
  ) );
#3261 = PCURVE('',#2821,#3262);
#3262 = DEFINITIONAL_REPRESENTATION('',(#3263),#3267);
#3263 = LINE('',#3264,#3265);
#3264 = CARTESIAN_POINT('',(-2.356194490192,2.));
#3265 = VECTOR('',#3266,1.);
#3266 = DIRECTION('',(1.,0.));
#3267 = ( GEOMETRIC_REPRESENTATION_CONTEXT(2) 
PARAMETRIC_REPRESENTATION_CONTEXT() REPRESENTATION_CONTEXT('2D SPACE',''
  ) );
#3268 = ORIENTED_EDGE('',*,*,#3269,.T.);
#3269 = EDGE_CURVE('',#3242,#3270,#3272,.T.);
#3270 = VERTEX_POINT('',#3271);
#3271 = CARTESIAN_POINT('',(78.492166679536,46.,240.42185715388));
#3272 = SURFACE_CURVE('',#3273,(#3277,#3284),.PCURVE_S1.);
#3273 = LINE('',#3274,#3275);
#3274 = CARTESIAN_POINT('',(85.,46.,246.));
#3275 = VECTOR('',#3276,1.);
#3276 = DIRECTION('',(-0.759256602365,0.,-0.650791373456));
#3277 = PCURVE('',#2649,#3278);
#3278 = DEFINITIONAL_REPRESENTATION('',(#3279),#3283);
#3279 = LINE('',#3280,#3281);
#3280 = CARTESIAN_POINT('',(-4.717333299763E-02,6.48821674661));
#3281 = VECTOR('',#3282,1.);
#3282 = DIRECTION('',(-0.650791373456,-0.759256602365));
#3283 = ( GEOMETRIC_REPRESENTATION_CONTEXT(2) 
PARAMETRIC_REPRESENTATION_CONTEXT() REPRESENTATION_CONTEXT('2D SPACE',''
  ) );
#3284 = PCURVE('',#2849,#3285);
#3285 = DEFINITIONAL_REPRESENTATION('',(#3286),#3290);
#3286 = LINE('',#3287,#3288);
#3287 = CARTESIAN_POINT('',(-0.,-2.));
#3288 = VECTOR('',#3289,1.);
#3289 = DIRECTION('',(1.,0.));
#3290 = ( GEOMETRIC_REPRESENTATION_CONTEXT(2) 
PARAMETRIC_REPRESENTATION_CONTEXT() REPRESENTATION_CONTEXT('2D SPACE',''
  ) );
#3291 = ORIENTED_EDGE('',*,*,#3292,.T.);
#3292 = EDGE_CURVE('',#3270,#3293,#3295,.T.);
#3293 = VERTEX_POINT('',#3294);
#3294 = CARTESIAN_POINT('',(77.541637971287,46.,240.45836202871));
#3295 = SURFACE_CURVE('',#3296,(#3301,#3308),.PCURVE_S1.);
#3296 = CIRCLE('',#3297,0.7);
#3297 = AXIS2_PLACEMENT_3D('',#3298,#3299,#3300);
#3298 = CARTESIAN_POINT('',(78.036612718117,46.,240.95333677554));
#3299 = DIRECTION('',(-0.,1.,0.));
#3300 = DIRECTION('',(0.,0.,-1.));
#3301 = PCURVE('',#2649,#3302);
#3302 = DEFINITIONAL_REPRESENTATION('',(#3303),#3307);
#3303 = CIRCLE('',#3304,0.7);
#3304 = AXIS2_PLACEMENT_2D('',#3305,#3306);
#3305 = CARTESIAN_POINT('',(-5.093836557454,-0.475170535273));
#3306 = DIRECTION('',(-1.,0.));
#3307 = ( GEOMETRIC_REPRESENTATION_CONTEXT(2) 
PARAMETRIC_REPRESENTATION_CONTEXT() REPRESENTATION_CONTEXT('2D SPACE',''
  ) );
#3308 = PCURVE('',#2878,#3309);
#3309 = DEFINITIONAL_REPRESENTATION('',(#3310),#3314);
#3310 = LINE('',#3311,#3312);
#3311 = CARTESIAN_POINT('',(5.574559035052,2.));
#3312 = VECTOR('',#3313,1.);
#3313 = DIRECTION('',(-1.,0.));
#3314 = ( GEOMETRIC_REPRESENTATION_CONTEXT(2) 
PARAMETRIC_REPRESENTATION_CONTEXT() REPRESENTATION_CONTEXT('2D SPACE',''
  ) );
#3315 = ORIENTED_EDGE('',*,*,#3316,.T.);
#3316 = EDGE_CURVE('',#3293,#3317,#3319,.T.);
#3317 = VERTEX_POINT('',#3318);
#3318 = CARTESIAN_POINT('',(72.378059653029,46.,245.62194034697));
#3319 = SURFACE_CURVE('',#3320,(#3324,#3331),.PCURVE_S1.);
#3320 = LINE('',#3321,#3322);
#3321 = CARTESIAN_POINT('',(78.,46.,240.));
#3322 = VECTOR('',#3323,1.);
#3323 = DIRECTION('',(-0.707106781187,0.,0.707106781187));
#3324 = PCURVE('',#2649,#3325);
#3325 = DEFINITIONAL_REPRESENTATION('',(#3326),#3330);
#3326 = LINE('',#3327,#3328);
#3327 = CARTESIAN_POINT('',(-6.047173332998,-0.51178325339));
#3328 = VECTOR('',#3329,1.);
#3329 = DIRECTION('',(0.707106781187,-0.707106781187));
#3330 = ( GEOMETRIC_REPRESENTATION_CONTEXT(2) 
PARAMETRIC_REPRESENTATION_CONTEXT() REPRESENTATION_CONTEXT('2D SPACE',''
  ) );
#3331 = PCURVE('',#2906,#3332);
#3332 = DEFINITIONAL_REPRESENTATION('',(#3333),#3337);
#3333 = LINE('',#3334,#3335);
#3334 = CARTESIAN_POINT('',(0.,-2.));
#3335 = VECTOR('',#3336,1.);
#3336 = DIRECTION('',(1.,0.));
#3337 = ( GEOMETRIC_REPRESENTATION_CONTEXT(2) 
PARAMETRIC_REPRESENTATION_CONTEXT() REPRESENTATION_CONTEXT('2D SPACE',''
  ) );
#3338 = ORIENTED_EDGE('',*,*,#3339,.T.);
#3339 = EDGE_CURVE('',#3317,#3340,#3342,.T.);
#3340 = VERTEX_POINT('',#3341);
#3341 = CARTESIAN_POINT('',(71.535787649348,46.,245.73473579962));
#3342 = SURFACE_CURVE('',#3343,(#3348,#3359),.PCURVE_S1.);
#3343 = CIRCLE('',#3344,0.7);
#3344 = AXIS2_PLACEMENT_3D('',#3345,#3346,#3347);
#3345 = CARTESIAN_POINT('',(71.883084906198,46.,245.12696560014));
#3346 = DIRECTION('',(0.,-1.,0.));
#3347 = DIRECTION('',(0.,-0.,-1.));
#3348 = PCURVE('',#2649,#3349);
#3349 = DEFINITIONAL_REPRESENTATION('',(#3350),#3358);
#3350 = ( BOUNDED_CURVE() B_SPLINE_CURVE(2,(#3351,#3352,#3353,#3354,
#3355,#3356,#3357),.UNSPECIFIED.,.T.,.F.) B_SPLINE_CURVE_WITH_KNOTS((1,2
    ,2,2,2,1),(-2.094395102393,0.,2.094395102393,4.188790204786,
6.28318530718,8.377580409573),.UNSPECIFIED.) CURVE() 
GEOMETRIC_REPRESENTATION_ITEM() RATIONAL_B_SPLINE_CURVE((1.,0.5,1.,0.5,
1.,0.5,1.)) REPRESENTATION_ITEM('') );
#3351 = CARTESIAN_POINT('',(-1.620207732857,-6.628698347192));
#3352 = CARTESIAN_POINT('',(-1.620207732857,-5.416262781894));
#3353 = CARTESIAN_POINT('',(-0.570207732857,-6.022480564543));
#3354 = CARTESIAN_POINT('',(0.479792267143,-6.628698347192));
#3355 = CARTESIAN_POINT('',(-0.570207732857,-7.234916129841));
#3356 = CARTESIAN_POINT('',(-1.620207732857,-7.84113391249));
#3357 = CARTESIAN_POINT('',(-1.620207732857,-6.628698347192));
#3358 = ( GEOMETRIC_REPRESENTATION_CONTEXT(2) 
PARAMETRIC_REPRESENTATION_CONTEXT() REPRESENTATION_CONTEXT('2D SPACE',''
  ) );
#3359 = PCURVE('',#2939,#3360);
#3360 = DEFINITIONAL_REPRESENTATION('',(#3361),#3365);
#3361 = LINE('',#3362,#3363);
#3362 = CARTESIAN_POINT('',(-2.356194490192,2.));
#3363 = VECTOR('',#3364,1.);
#3364 = DIRECTION('',(1.,0.));
#3365 = ( GEOMETRIC_REPRESENTATION_CONTEXT(2) 
PARAMETRIC_REPRESENTATION_CONTEXT() REPRESENTATION_CONTEXT('2D SPACE',''
  ) );
#3366 = ORIENTED_EDGE('',*,*,#3367,.T.);
#3367 = EDGE_CURVE('',#3340,#3368,#3370,.T.);
#3368 = VERTEX_POINT('',#3369);
#3369 = CARTESIAN_POINT('',(65.607770199487,46.,242.34729725685));
#3370 = SURFACE_CURVE('',#3371,(#3375,#3382),.PCURVE_S1.);
#3371 = LINE('',#3372,#3373);
#3372 = CARTESIAN_POINT('',(72.,46.,246.));
#3373 = VECTOR('',#3374,1.);
#3374 = DIRECTION('',(-0.868243142124,0.,-0.496138938357));
#3375 = PCURVE('',#2649,#3376);
#3376 = DEFINITIONAL_REPRESENTATION('',(#3377),#3381);
#3377 = LINE('',#3378,#3379);
#3378 = CARTESIAN_POINT('',(-4.717333299763E-02,-6.51178325339));
#3379 = VECTOR('',#3380,1.);
#3380 = DIRECTION('',(-0.496138938357,-0.868243142124));
#3381 = ( GEOMETRIC_REPRESENTATION_CONTEXT(2) 
PARAMETRIC_REPRESENTATION_CONTEXT() REPRESENTATION_CONTEXT('2D SPACE',''
  ) );
#3382 = PCURVE('',#2967,#3383);
#3383 = DEFINITIONAL_REPRESENTATION('',(#3384),#3388);
#3384 = LINE('',#3385,#3386);
#3385 = CARTESIAN_POINT('',(-0.,-2.));
#3386 = VECTOR('',#3387,1.);
#3387 = DIRECTION('',(1.,0.));
#3388 = ( GEOMETRIC_REPRESENTATION_CONTEXT(2) 
PARAMETRIC_REPRESENTATION_CONTEXT() REPRESENTATION_CONTEXT('2D SPACE',''
  ) );
#3389 = ORIENTED_EDGE('',*,*,#3390,.T.);
#3390 = EDGE_CURVE('',#3368,#3391,#3393,.T.);
#3391 = VERTEX_POINT('',#3392);
#3392 = CARTESIAN_POINT('',(64.65270274315,46.,242.60777019948));
#3393 = SURFACE_CURVE('',#3394,(#3399,#3406),.PCURVE_S1.);
#3394 = CIRCLE('',#3395,0.7);
#3395 = AXIS2_PLACEMENT_3D('',#3396,#3397,#3398);
#3396 = CARTESIAN_POINT('',(65.260472942637,46.,242.95506745633));
#3397 = DIRECTION('',(-0.,1.,0.));
#3398 = DIRECTION('',(0.,0.,-1.));
#3399 = PCURVE('',#2649,#3400);
#3400 = DEFINITIONAL_REPRESENTATION('',(#3401),#3405);
#3401 = CIRCLE('',#3402,0.7);
#3402 = AXIS2_PLACEMENT_2D('',#3403,#3404);
#3403 = CARTESIAN_POINT('',(-3.092105876661,-13.25131031075));
#3404 = DIRECTION('',(-1.,0.));
#3405 = ( GEOMETRIC_REPRESENTATION_CONTEXT(2) 
PARAMETRIC_REPRESENTATION_CONTEXT() REPRESENTATION_CONTEXT('2D SPACE',''
  ) );
#3406 = PCURVE('',#2996,#3407);
#3407 = DEFINITIONAL_REPRESENTATION('',(#3408),#3412);
#3408 = LINE('',#3409,#3410);
#3409 = CARTESIAN_POINT('',(5.764039192933,2.));
#3410 = VECTOR('',#3411,1.);
#3411 = DIRECTION('',(-1.,0.));
#3412 = ( GEOMETRIC_REPRESENTATION_CONTEXT(2) 
PARAMETRIC_REPRESENTATION_CONTEXT() REPRESENTATION_CONTEXT('2D SPACE',''
  ) );
#3413 = ORIENTED_EDGE('',*,*,#3414,.T.);
#3414 = EDGE_CURVE('',#3391,#3067,#3415,.T.);
#3415 = SURFACE_CURVE('',#3416,(#3420,#3427),.PCURVE_S1.);
#3416 = LINE('',#3417,#3418);
#3417 = CARTESIAN_POINT('',(65.,46.,242.));
#3418 = VECTOR('',#3419,1.);
#3419 = DIRECTION('',(-0.496138938357,0.,0.868243142124));
#3420 = PCURVE('',#2649,#3421);
#3421 = DEFINITIONAL_REPRESENTATION('',(#3422),#3426);
#3422 = LINE('',#3423,#3424);
#3423 = CARTESIAN_POINT('',(-4.047173332998,-13.51178325339));
#3424 = VECTOR('',#3425,1.);
#3425 = DIRECTION('',(0.868243142124,-0.496138938357));
#3426 = ( GEOMETRIC_REPRESENTATION_CONTEXT(2) 
PARAMETRIC_REPRESENTATION_CONTEXT() REPRESENTATION_CONTEXT('2D SPACE',''
  ) );
#3427 = PCURVE('',#3024,#3428);
#3428 = DEFINITIONAL_REPRESENTATION('',(#3429),#3433);
#3429 = LINE('',#3430,#3431);
#3430 = CARTESIAN_POINT('',(0.,-2.));
#3431 = VECTOR('',#3432,1.);
#3432 = DIRECTION('',(1.,0.));
#3433 = ( GEOMETRIC_REPRESENTATION_CONTEXT(2) 
PARAMETRIC_REPRESENTATION_CONTEXT() REPRESENTATION_CONTEXT('2D SPACE',''
  ) );
#3434 = ORIENTED_EDGE('',*,*,#3089,.F.);
#3435 = ADVANCED_FACE('',(#3436),#3024,.T.);
#3436 = FACE_BOUND('',#3437,.T.);
#3437 = EDGE_LOOP('',(#3438,#3439,#3460,#3461));
#3438 = ORIENTED_EDGE('',*,*,#3008,.F.);
#3439 = ORIENTED_EDGE('',*,*,#3440,.T.);
#3440 = EDGE_CURVE('',#2980,#3391,#3441,.T.);
#3441 = SURFACE_CURVE('',#3442,(#3446,#3453),.PCURVE_S1.);
#3442 = LINE('',#3443,#3444);
#3443 = CARTESIAN_POINT('',(64.65270274315,48.,242.60777019948));
#3444 = VECTOR('',#3445,1.);
#3445 = DIRECTION('',(0.,-1.,0.));
#3446 = PCURVE('',#3024,#3447);
#3447 = DEFINITIONAL_REPRESENTATION('',(#3448),#3452);
#3448 = LINE('',#3449,#3450);
#3449 = CARTESIAN_POINT('',(0.7,0.));
#3450 = VECTOR('',#3451,1.);
#3451 = DIRECTION('',(0.,-1.));
#3452 = ( GEOMETRIC_REPRESENTATION_CONTEXT(2) 
PARAMETRIC_REPRESENTATION_CONTEXT() REPRESENTATION_CONTEXT('2D SPACE',''
  ) );
#3453 = PCURVE('',#2996,#3454);
#3454 = DEFINITIONAL_REPRESENTATION('',(#3455),#3459);
#3455 = LINE('',#3456,#3457);
#3456 = CARTESIAN_POINT('',(-1.570796326795,0.));
#3457 = VECTOR('',#3458,1.);
#3458 = DIRECTION('',(-0.,1.));
#3459 = ( GEOMETRIC_REPRESENTATION_CONTEXT(2) 
PARAMETRIC_REPRESENTATION_CONTEXT() REPRESENTATION_CONTEXT('2D SPACE',''
  ) );
#3460 = ORIENTED_EDGE('',*,*,#3414,.T.);
#3461 = ORIENTED_EDGE('',*,*,#3066,.F.);
#3462 = ADVANCED_FACE('',(#3463),#2731,.T.);
#3463 = FACE_BOUND('',#3464,.T.);
#3464 = EDGE_LOOP('',(#3465,#3466,#3467,#3468));
#3465 = ORIENTED_EDGE('',*,*,#2715,.F.);
#3466 = ORIENTED_EDGE('',*,*,#3120,.T.);
#3467 = ORIENTED_EDGE('',*,*,#3171,.T.);
#3468 = ORIENTED_EDGE('',*,*,#3469,.F.);
#3469 = EDGE_CURVE('',#2716,#3172,#3470,.T.);
#3470 = SURFACE_CURVE('',#3471,(#3475,#3482),.PCURVE_S1.);
#3471 = LINE('',#3472,#3473);
#3472 = CARTESIAN_POINT('',(90.484264068712,48.,241.64568542494));
#3473 = VECTOR('',#3474,1.);
#3474 = DIRECTION('',(0.,-1.,0.));
#3475 = PCURVE('',#2731,#3476);
#3476 = DEFINITIONAL_REPRESENTATION('',(#3477),#3481);
#3477 = LINE('',#3478,#3479);
#3478 = CARTESIAN_POINT('',(9.192893218813,0.));
#3479 = VECTOR('',#3480,1.);
#3480 = DIRECTION('',(-0.,-1.));
#3481 = ( GEOMETRIC_REPRESENTATION_CONTEXT(2) 
PARAMETRIC_REPRESENTATION_CONTEXT() REPRESENTATION_CONTEXT('2D SPACE',''
  ) );
#3482 = PCURVE('',#2760,#3483);
#3483 = DEFINITIONAL_REPRESENTATION('',(#3484),#3488);
#3484 = LINE('',#3485,#3486);
#3485 = CARTESIAN_POINT('',(-0.,0.));
#3486 = VECTOR('',#3487,1.);
#3487 = DIRECTION('',(-0.,1.));
#3488 = ( GEOMETRIC_REPRESENTATION_CONTEXT(2) 
PARAMETRIC_REPRESENTATION_CONTEXT() REPRESENTATION_CONTEXT('2D SPACE',''
  ) );
#3489 = ADVANCED_FACE('',(#3490),#2996,.T.);
#3490 = FACE_BOUND('',#3491,.F.);
#3491 = EDGE_LOOP('',(#3492,#3493,#3494,#3495));
#3492 = ORIENTED_EDGE('',*,*,#2979,.T.);
#3493 = ORIENTED_EDGE('',*,*,#3440,.T.);
#3494 = ORIENTED_EDGE('',*,*,#3390,.F.);
#3495 = ORIENTED_EDGE('',*,*,#3496,.F.);
#3496 = EDGE_CURVE('',#2952,#3368,#3497,.T.);
#3497 = SURFACE_CURVE('',#3498,(#3502,#3509),.PCURVE_S1.);
#3498 = LINE('',#3499,#3500);
#3499 = CARTESIAN_POINT('',(65.607770199487,48.,242.34729725685));
#3500 = VECTOR('',#3501,1.);
#3501 = DIRECTION('',(0.,-1.,0.));
#3502 = PCURVE('',#2996,#3503);
#3503 = DEFINITIONAL_REPRESENTATION('',(#3504),#3508);
#3504 = LINE('',#3505,#3506);
#3505 = CARTESIAN_POINT('',(-0.,0.));
#3506 = VECTOR('',#3507,1.);
#3507 = DIRECTION('',(-0.,1.));
#3508 = ( GEOMETRIC_REPRESENTATION_CONTEXT(2) 
PARAMETRIC_REPRESENTATION_CONTEXT() REPRESENTATION_CONTEXT('2D SPACE',''
  ) );
#3509 = PCURVE('',#2967,#3510);
#3510 = DEFINITIONAL_REPRESENTATION('',(#3511),#3515);
#3511 = LINE('',#3512,#3513);
#3512 = CARTESIAN_POINT('',(7.362257748299,0.));
#3513 = VECTOR('',#3514,1.);
#3514 = DIRECTION('',(-0.,-1.));
#3515 = ( GEOMETRIC_REPRESENTATION_CONTEXT(2) 
PARAMETRIC_REPRESENTATION_CONTEXT() REPRESENTATION_CONTEXT('2D SPACE',''
  ) );
#3516 = ADVANCED_FACE('',(#3517),#2760,.T.);
#3517 = FACE_BOUND('',#3518,.F.);
#3518 = EDGE_LOOP('',(#3519,#3520,#3541,#3542));
#3519 = ORIENTED_EDGE('',*,*,#2743,.T.);
#3520 = ORIENTED_EDGE('',*,*,#3521,.T.);
#3521 = EDGE_CURVE('',#2744,#3195,#3522,.T.);
#3522 = SURFACE_CURVE('',#3523,(#3527,#3534),.PCURVE_S1.);
#3523 = LINE('',#3524,#3525);
#3524 = CARTESIAN_POINT('',(89.429289321881,48.,241.57071067811));
#3525 = VECTOR('',#3526,1.);
#3526 = DIRECTION('',(0.,-1.,0.));
#3527 = PCURVE('',#2760,#3528);
#3528 = DEFINITIONAL_REPRESENTATION('',(#3529),#3533);
#3529 = LINE('',#3530,#3531);
#3530 = CARTESIAN_POINT('',(-1.712693381399,0.));
#3531 = VECTOR('',#3532,1.);
#3532 = DIRECTION('',(-0.,1.));
#3533 = ( GEOMETRIC_REPRESENTATION_CONTEXT(2) 
PARAMETRIC_REPRESENTATION_CONTEXT() REPRESENTATION_CONTEXT('2D SPACE',''
  ) );
#3534 = PCURVE('',#2788,#3535);
#3535 = DEFINITIONAL_REPRESENTATION('',(#3536),#3540);
#3536 = LINE('',#3537,#3538);
#3537 = CARTESIAN_POINT('',(0.807106781187,0.));
#3538 = VECTOR('',#3539,1.);
#3539 = DIRECTION('',(0.,-1.));
#3540 = ( GEOMETRIC_REPRESENTATION_CONTEXT(2) 
PARAMETRIC_REPRESENTATION_CONTEXT() REPRESENTATION_CONTEXT('2D SPACE',''
  ) );
#3541 = ORIENTED_EDGE('',*,*,#3194,.F.);
#3542 = ORIENTED_EDGE('',*,*,#3469,.F.);
#3543 = ADVANCED_FACE('',(#3544),#2967,.T.);
#3544 = FACE_BOUND('',#3545,.T.);
#3545 = EDGE_LOOP('',(#3546,#3547,#3568,#3569));
#3546 = ORIENTED_EDGE('',*,*,#2951,.F.);
#3547 = ORIENTED_EDGE('',*,*,#3548,.T.);
#3548 = EDGE_CURVE('',#2919,#3340,#3549,.T.);
#3549 = SURFACE_CURVE('',#3550,(#3554,#3561),.PCURVE_S1.);
#3550 = LINE('',#3551,#3552);
#3551 = CARTESIAN_POINT('',(71.535787649348,48.,245.73473579962));
#3552 = VECTOR('',#3553,1.);
#3553 = DIRECTION('',(0.,-1.,0.));
#3554 = PCURVE('',#2967,#3555);
#3555 = DEFINITIONAL_REPRESENTATION('',(#3556),#3560);
#3556 = LINE('',#3557,#3558);
#3557 = CARTESIAN_POINT('',(0.534657088699,0.));
#3558 = VECTOR('',#3559,1.);
#3559 = DIRECTION('',(-0.,-1.));
#3560 = ( GEOMETRIC_REPRESENTATION_CONTEXT(2) 
PARAMETRIC_REPRESENTATION_CONTEXT() REPRESENTATION_CONTEXT('2D SPACE',''
  ) );
#3561 = PCURVE('',#2939,#3562);
#3562 = DEFINITIONAL_REPRESENTATION('',(#3563),#3567);
#3563 = LINE('',#3564,#3565);
#3564 = CARTESIAN_POINT('',(1.304544277644,0.));
#3565 = VECTOR('',#3566,1.);
#3566 = DIRECTION('',(0.,1.));
#3567 = ( GEOMETRIC_REPRESENTATION_CONTEXT(2) 
PARAMETRIC_REPRESENTATION_CONTEXT() REPRESENTATION_CONTEXT('2D SPACE',''
  ) );
#3568 = ORIENTED_EDGE('',*,*,#3367,.T.);
#3569 = ORIENTED_EDGE('',*,*,#3496,.F.);
#3570 = ADVANCED_FACE('',(#3571),#2788,.T.);
#3571 = FACE_BOUND('',#3572,.T.);
#3572 = EDGE_LOOP('',(#3573,#3574,#3575,#3576));
#3573 = ORIENTED_EDGE('',*,*,#2772,.F.);
#3574 = ORIENTED_EDGE('',*,*,#3521,.T.);
#3575 = ORIENTED_EDGE('',*,*,#3218,.T.);
#3576 = ORIENTED_EDGE('',*,*,#3577,.F.);
#3577 = EDGE_CURVE('',#2773,#3219,#3578,.T.);
#3578 = SURFACE_CURVE('',#3579,(#3583,#3590),.PCURVE_S1.);
#3579 = LINE('',#3580,#3581);
#3580 = CARTESIAN_POINT('',(85.458362028713,48.,245.54163797128));
#3581 = VECTOR('',#3582,1.);
#3582 = DIRECTION('',(0.,-1.,0.));
#3583 = PCURVE('',#2788,#3584);
#3584 = DEFINITIONAL_REPRESENTATION('',(#3585),#3589);
#3585 = LINE('',#3586,#3587);
#3586 = CARTESIAN_POINT('',(6.422846014382,0.));
#3587 = VECTOR('',#3588,1.);
#3588 = DIRECTION('',(0.,-1.));
#3589 = ( GEOMETRIC_REPRESENTATION_CONTEXT(2) 
PARAMETRIC_REPRESENTATION_CONTEXT() REPRESENTATION_CONTEXT('2D SPACE',''
  ) );
#3590 = PCURVE('',#2821,#3591);
#3591 = DEFINITIONAL_REPRESENTATION('',(#3592),#3596);
#3592 = LINE('',#3593,#3594);
#3593 = CARTESIAN_POINT('',(0.,0.));
#3594 = VECTOR('',#3595,1.);
#3595 = DIRECTION('',(0.,1.));
#3596 = ( GEOMETRIC_REPRESENTATION_CONTEXT(2) 
PARAMETRIC_REPRESENTATION_CONTEXT() REPRESENTATION_CONTEXT('2D SPACE',''
  ) );
#3597 = ADVANCED_FACE('',(#3598),#2939,.F.);
#3598 = FACE_BOUND('',#3599,.F.);
#3599 = EDGE_LOOP('',(#3600,#3601,#3602,#3603));
#3600 = ORIENTED_EDGE('',*,*,#2918,.T.);
#3601 = ORIENTED_EDGE('',*,*,#3548,.T.);
#3602 = ORIENTED_EDGE('',*,*,#3339,.F.);
#3603 = ORIENTED_EDGE('',*,*,#3604,.F.);
#3604 = EDGE_CURVE('',#2891,#3317,#3605,.T.);
#3605 = SURFACE_CURVE('',#3606,(#3610,#3617),.PCURVE_S1.);
#3606 = LINE('',#3607,#3608);
#3607 = CARTESIAN_POINT('',(72.378059653029,48.,245.62194034697));
#3608 = VECTOR('',#3609,1.);
#3609 = DIRECTION('',(0.,-1.,0.));
#3610 = PCURVE('',#2939,#3611);
#3611 = DEFINITIONAL_REPRESENTATION('',(#3612),#3616);
#3612 = LINE('',#3613,#3614);
#3613 = CARTESIAN_POINT('',(0.,0.));
#3614 = VECTOR('',#3615,1.);
#3615 = DIRECTION('',(0.,1.));
#3616 = ( GEOMETRIC_REPRESENTATION_CONTEXT(2) 
PARAMETRIC_REPRESENTATION_CONTEXT() REPRESENTATION_CONTEXT('2D SPACE',''
  ) );
#3617 = PCURVE('',#2906,#3618);
#3618 = DEFINITIONAL_REPRESENTATION('',(#3619),#3623);
#3619 = LINE('',#3620,#3621);
#3620 = CARTESIAN_POINT('',(7.950624285539,0.));
#3621 = VECTOR('',#3622,1.);
#3622 = DIRECTION('',(0.,-1.));
#3623 = ( GEOMETRIC_REPRESENTATION_CONTEXT(2) 
PARAMETRIC_REPRESENTATION_CONTEXT() REPRESENTATION_CONTEXT('2D SPACE',''
  ) );
#3624 = ADVANCED_FACE('',(#3625),#2821,.F.);
#3625 = FACE_BOUND('',#3626,.F.);
#3626 = EDGE_LOOP('',(#3627,#3628,#3649,#3650));
#3627 = ORIENTED_EDGE('',*,*,#2800,.T.);
#3628 = ORIENTED_EDGE('',*,*,#3629,.T.);
#3629 = EDGE_CURVE('',#2801,#3242,#3630,.T.);
#3630 = SURFACE_CURVE('',#3631,(#3635,#3642),.PCURVE_S1.);
#3631 = LINE('',#3632,#3633);
#3632 = CARTESIAN_POINT('',(84.507833320464,48.,245.57814284611));
#3633 = VECTOR('',#3634,1.);
#3634 = DIRECTION('',(0.,-1.,0.));
#3635 = PCURVE('',#2821,#3636);
#3636 = DEFINITIONAL_REPRESENTATION('',(#3637),#3641);
#3637 = LINE('',#3638,#3639);
#3638 = CARTESIAN_POINT('',(1.494024435525,0.));
#3639 = VECTOR('',#3640,1.);
#3640 = DIRECTION('',(0.,1.));
#3641 = ( GEOMETRIC_REPRESENTATION_CONTEXT(2) 
PARAMETRIC_REPRESENTATION_CONTEXT() REPRESENTATION_CONTEXT('2D SPACE',''
  ) );
#3642 = PCURVE('',#2849,#3643);
#3643 = DEFINITIONAL_REPRESENTATION('',(#3644),#3648);
#3644 = LINE('',#3645,#3646);
#3645 = CARTESIAN_POINT('',(0.648221797483,0.));
#3646 = VECTOR('',#3647,1.);
#3647 = DIRECTION('',(-0.,-1.));
#3648 = ( GEOMETRIC_REPRESENTATION_CONTEXT(2) 
PARAMETRIC_REPRESENTATION_CONTEXT() REPRESENTATION_CONTEXT('2D SPACE',''
  ) );
#3649 = ORIENTED_EDGE('',*,*,#3241,.F.);
#3650 = ORIENTED_EDGE('',*,*,#3577,.F.);
#3651 = ADVANCED_FACE('',(#3652),#2906,.T.);
#3652 = FACE_BOUND('',#3653,.T.);
#3653 = EDGE_LOOP('',(#3654,#3655,#3676,#3677));
#3654 = ORIENTED_EDGE('',*,*,#2890,.F.);
#3655 = ORIENTED_EDGE('',*,*,#3656,.T.);
#3656 = EDGE_CURVE('',#2862,#3293,#3657,.T.);
#3657 = SURFACE_CURVE('',#3658,(#3662,#3669),.PCURVE_S1.);
#3658 = LINE('',#3659,#3660);
#3659 = CARTESIAN_POINT('',(77.541637971287,48.,240.45836202871));
#3660 = VECTOR('',#3661,1.);
#3661 = DIRECTION('',(0.,-1.,0.));
#3662 = PCURVE('',#2906,#3663);
#3663 = DEFINITIONAL_REPRESENTATION('',(#3664),#3668);
#3664 = LINE('',#3665,#3666);
#3665 = CARTESIAN_POINT('',(0.648221797483,0.));
#3666 = VECTOR('',#3667,1.);
#3667 = DIRECTION('',(0.,-1.));
#3668 = ( GEOMETRIC_REPRESENTATION_CONTEXT(2) 
PARAMETRIC_REPRESENTATION_CONTEXT() REPRESENTATION_CONTEXT('2D SPACE',''
  ) );
#3669 = PCURVE('',#2878,#3670);
#3670 = DEFINITIONAL_REPRESENTATION('',(#3671),#3675);
#3671 = LINE('',#3672,#3673);
#3672 = CARTESIAN_POINT('',(-1.494024435525,0.));
#3673 = VECTOR('',#3674,1.);
#3674 = DIRECTION('',(-0.,1.));
#3675 = ( GEOMETRIC_REPRESENTATION_CONTEXT(2) 
PARAMETRIC_REPRESENTATION_CONTEXT() REPRESENTATION_CONTEXT('2D SPACE',''
  ) );
#3676 = ORIENTED_EDGE('',*,*,#3316,.T.);
#3677 = ORIENTED_EDGE('',*,*,#3604,.F.);
#3678 = ADVANCED_FACE('',(#3679),#2849,.T.);
#3679 = FACE_BOUND('',#3680,.T.);
#3680 = EDGE_LOOP('',(#3681,#3682,#3683,#3684));
#3681 = ORIENTED_EDGE('',*,*,#2833,.F.);
#3682 = ORIENTED_EDGE('',*,*,#3629,.T.);
#3683 = ORIENTED_EDGE('',*,*,#3269,.T.);
#3684 = ORIENTED_EDGE('',*,*,#3685,.F.);
#3685 = EDGE_CURVE('',#2834,#3270,#3686,.T.);
#3686 = SURFACE_CURVE('',#3687,(#3691,#3698),.PCURVE_S1.);
#3687 = LINE('',#3688,#3689);
#3688 = CARTESIAN_POINT('',(78.492166679536,48.,240.42185715388));
#3689 = VECTOR('',#3690,1.);
#3690 = DIRECTION('',(0.,-1.,0.));
#3691 = PCURVE('',#2849,#3692);
#3692 = DEFINITIONAL_REPRESENTATION('',(#3693),#3697);
#3693 = LINE('',#3694,#3695);
#3694 = CARTESIAN_POINT('',(8.57132265981,0.));
#3695 = VECTOR('',#3696,1.);
#3696 = DIRECTION('',(-0.,-1.));
#3697 = ( GEOMETRIC_REPRESENTATION_CONTEXT(2) 
PARAMETRIC_REPRESENTATION_CONTEXT() REPRESENTATION_CONTEXT('2D SPACE',''
  ) );
#3698 = PCURVE('',#2878,#3699);
#3699 = DEFINITIONAL_REPRESENTATION('',(#3700),#3704);
#3700 = LINE('',#3701,#3702);
#3701 = CARTESIAN_POINT('',(-0.,0.));
#3702 = VECTOR('',#3703,1.);
#3703 = DIRECTION('',(-0.,1.));
#3704 = ( GEOMETRIC_REPRESENTATION_CONTEXT(2) 
PARAMETRIC_REPRESENTATION_CONTEXT() REPRESENTATION_CONTEXT('2D SPACE',''
  ) );
#3705 = ADVANCED_FACE('',(#3706),#2878,.T.);
#3706 = FACE_BOUND('',#3707,.F.);
#3707 = EDGE_LOOP('',(#3708,#3709,#3710,#3711));
#3708 = ORIENTED_EDGE('',*,*,#2861,.T.);
#3709 = ORIENTED_EDGE('',*,*,#3656,.T.);
#3710 = ORIENTED_EDGE('',*,*,#3292,.F.);
#3711 = ORIENTED_EDGE('',*,*,#3685,.F.);
#3712 = ( GEOMETRIC_REPRESENTATION_CONTEXT(3) 
GLOBAL_UNCERTAINTY_ASSIGNED_CONTEXT((#3716)) 
GLOBAL_UNIT_ASSIGNED_CONTEXT((#3713,#3714,#3715)) REPRESENTATION_CONTEXT
('Context #1','3D Context with UNIT and UNCERTAINTY') );
#3713 = ( LENGTH_UNIT() NAMED_UNIT(*) SI_UNIT(.MILLI.,.METRE.) );
#3714 = ( NAMED_UNIT(*) PLANE_ANGLE_UNIT() SI_UNIT($,.RADIAN.) );
#3715 = ( NAMED_UNIT(*) SI_UNIT($,.STERADIAN.) SOLID_ANGLE_UNIT() );
#3716 = UNCERTAINTY_MEASURE_WITH_UNIT(LENGTH_MEASURE(1.E-07),#3713,
  'distance_accuracy_value','confusion accuracy');
#3717 = CONTEXT_DEPENDENT_SHAPE_REPRESENTATION(#3718,#3720);
#3718 = ( REPRESENTATION_RELATIONSHIP('','',#2563,#10) 
REPRESENTATION_RELATIONSHIP_WITH_TRANSFORMATION(#3719) 
SHAPE_REPRESENTATION_RELATIONSHIP() );
#3719 = ITEM_DEFINED_TRANSFORMATION('','',#11,#19);
#3720 = PRODUCT_DEFINITION_SHAPE('Placement','Placement of an item',
  #3721);
#3721 = NEXT_ASSEMBLY_USAGE_OCCURRENCE('2','teeth_left','',#5,#2558,$);
#3722 = PRODUCT_RELATED_PRODUCT_CATEGORY('part',$,(#2560));
#3723 = SHAPE_DEFINITION_REPRESENTATION(#3724,#3730);
#3724 = PRODUCT_DEFINITION_SHAPE('','',#3725);
#3725 = PRODUCT_DEFINITION('design','',#3726,#3729);
#3726 = PRODUCT_DEFINITION_FORMATION('','',#3727);
#3727 = PRODUCT('brow_left','brow_left','',(#3728));
#3728 = PRODUCT_CONTEXT('',#2,'mechanical');
#3729 = PRODUCT_DEFINITION_CONTEXT('part definition',#2,'design');
#3730 = ADVANCED_BREP_SHAPE_REPRESENTATION('',(#11,#3731),#3913);
#3731 = MANIFOLD_SOLID_BREP('',#3732);
#3732 = CLOSED_SHELL('',(#3733,#3909));
#3733 = ADVANCED_FACE('',(#3734),#3747,.T.);
#3734 = FACE_BOUND('',#3735,.T.);
#3735 = EDGE_LOOP('',(#3736));
#3736 = ORIENTED_EDGE('',*,*,#3737,.T.);
#3737 = EDGE_CURVE('',#3738,#3738,#3740,.T.);
#3738 = VERTEX_POINT('',#3739);
#3739 = CARTESIAN_POINT('',(29.,45.,277.));
#3740 = SURFACE_CURVE('',#3741,(#3746,#3897),.PCURVE_S1.);
#3741 = CIRCLE('',#3742,12.);
#3742 = AXIS2_PLACEMENT_3D('',#3743,#3744,#3745);
#3743 = CARTESIAN_POINT('',(29.,45.,265.));
#3744 = DIRECTION('',(0.,1.,0.));
#3745 = DIRECTION('',(0.,-0.,1.));
#3746 = PCURVE('',#3747,#3752);
#3747 = SPHERICAL_SURFACE('',#3748,13.);
#3748 = AXIS2_PLACEMENT_3D('',#3749,#3750,#3751);
#3749 = CARTESIAN_POINT('',(29.,40.,265.));
#3750 = DIRECTION('',(0.,0.,1.));
#3751 = DIRECTION('',(1.,0.,0.));
#3752 = DEFINITIONAL_REPRESENTATION('',(#3753),#3896);
#3753 = B_SPLINE_CURVE_WITH_KNOTS('',8,(#3754,#3755,#3756,#3757,#3758,
    #3759,#3760,#3761,#3762,#3763,#3764,#3765,#3766,#3767,#3768,#3769,
    #3770,#3771,#3772,#3773,#3774,#3775,#3776,#3777,#3778,#3779,#3780,
    #3781,#3782,#3783,#3784,#3785,#3786,#3787,#3788,#3789,#3790,#3791,
    #3792,#3793,#3794,#3795,#3796,#3797,#3798,#3799,#3800,#3801,#3802,
    #3803,#3804,#3805,#3806,#3807,#3808,#3809,#3810,#3811,#3812,#3813,
    #3814,#3815,#3816,#3817,#3818,#3819,#3820,#3821,#3822,#3823,#3824,
    #3825,#3826,#3827,#3828,#3829,#3830,#3831,#3832,#3833,#3834,#3835,
    #3836,#3837,#3838,#3839,#3840,#3841,#3842,#3843,#3844,#3845,#3846,
    #3847,#3848,#3849,#3850,#3851,#3852,#3853,#3854,#3855,#3856,#3857,
    #3858,#3859,#3860,#3861,#3862,#3863,#3864,#3865,#3866,#3867,#3868,
    #3869,#3870,#3871,#3872,#3873,#3874,#3875,#3876,#3877,#3878,#3879,
    #3880,#3881,#3882,#3883,#3884,#3885,#3886,#3887,#3888,#3889,#3890,
    #3891,#3892,#3893,#3894,#3895),.UNSPECIFIED.,.F.,.F.,(9,7,7,7,7,7,7,
    7,7,7,7,7,7,7,7,7,7,7,7,7,9),(0.,0.196349540849,0.386563158547,
    0.755102042837,1.44611245088,2.050746557917,2.315273979746,
    2.563268437711,2.795763242052,3.013727121123,3.218068257751,
    3.409638073341,3.589234775456,3.925978591921,4.515280270736,
    4.957256529847,5.28873872418,5.53735036993,5.910267838555,
    6.096726572867,6.28318530718),.UNSPECIFIED.);
#3754 = CARTESIAN_POINT('',(1.570796326795,1.176005207095));
#3755 = CARTESIAN_POINT('',(1.51189146454,1.176005207095));
#3756 = CARTESIAN_POINT('',(1.452986618483,1.174352924398));
#3757 = CARTESIAN_POINT('',(1.394758621966,1.171048406534));
#3758 = CARTESIAN_POINT('',(1.337884892936,1.166130259686));
#3759 = CARTESIAN_POINT('',(1.282946589734,1.159676720564));
#3760 = CARTESIAN_POINT('',(1.230334286103,1.151791421623));
#3761 = CARTESIAN_POINT('',(1.180281987382,1.142587693779));
#3762 = CARTESIAN_POINT('',(1.086992844542,1.122098014279));
#3763 = CARTESIAN_POINT('',(1.043591854755,1.110886118113));
#3764 = CARTESIAN_POINT('',(1.002792307489,1.098648776841));
#3765 = CARTESIAN_POINT('',(0.96458018359,1.085491330813));
#3766 = CARTESIAN_POINT('',(0.928865210129,1.071512179387));
#3767 = CARTESIAN_POINT('',(0.895516136169,1.056799811148));
#3768 = CARTESIAN_POINT('',(0.864386964152,1.041432728958));
#3769 = CARTESIAN_POINT('',(0.779019891611,0.994571825323));
#3770 = CARTESIAN_POINT('',(0.730477460705,0.961465383798));
#3771 = CARTESIAN_POINT('',(0.688596053261,0.926663901923));
#3772 = CARTESIAN_POINT('',(0.652212925812,0.890537412494));
#3773 = CARTESIAN_POINT('',(0.620440141298,0.853346507026));
#3774 = CARTESIAN_POINT('',(0.592549943589,0.815290696484));
#3775 = CARTESIAN_POINT('',(0.567971739276,0.776521208547));
#3776 = CARTESIAN_POINT('',(0.505506934324,0.663350579728));
#3777 = CARTESIAN_POINT('',(0.474793585897,0.58745462328));
#3778 = CARTESIAN_POINT('',(0.451071106231,0.510255478515));
#3779 = CARTESIAN_POINT('',(0.432718467409,0.432138780368));
#3780 = CARTESIAN_POINT('',(0.418718013968,0.35338295962));
#3781 = CARTESIAN_POINT('',(0.40841983243,0.274179692541));
#3782 = CARTESIAN_POINT('',(0.401430149688,0.194687957629));
#3783 = CARTESIAN_POINT('',(0.394184022031,4.536390955887E-02));
#3784 = CARTESIAN_POINT('',(0.393195184976,-2.443372939547E-02));
#3785 = CARTESIAN_POINT('',(0.394476399204,-9.424992143602E-02));
#3786 = CARTESIAN_POINT('',(0.398029730194,-0.163999282612));
#3787 = CARTESIAN_POINT('',(0.403960450381,-0.233594272991));
#3788 = CARTESIAN_POINT('',(0.412494412921,-0.302934910305));
#3789 = CARTESIAN_POINT('',(0.424006841311,-0.371898817116));
#3790 = CARTESIAN_POINT('',(0.445770633498,-0.470235178343));
#3791 = CARTESIAN_POINT('',(0.453088752955,-0.500057206659));
#3792 = CARTESIAN_POINT('',(0.461155546668,-0.529757817763));
#3793 = CARTESIAN_POINT('',(0.470035512269,-0.55931985373));
#3794 = CARTESIAN_POINT('',(0.479805091992,-0.588723559397));
#3795 = CARTESIAN_POINT('',(0.490555531051,-0.617945759615));
#3796 = CARTESIAN_POINT('',(0.502396829788,-0.646958640823));
#3797 = CARTESIAN_POINT('',(0.527712126895,-0.702699539573));
#3798 = CARTESIAN_POINT('',(0.541037782304,-0.729457015211));
#3799 = CARTESIAN_POINT('',(0.555550280094,-0.755972508046));
#3800 = CARTESIAN_POINT('',(0.571378017325,-0.78221294401));
#3801 = CARTESIAN_POINT('',(0.588672097492,-0.808139142663));
#3802 = CARTESIAN_POINT('',(0.60761097728,-0.833703901109));
#3803 = CARTESIAN_POINT('',(0.628404926428,-0.858849249946));
#3804 = CARTESIAN_POINT('',(0.672764714084,-0.90661566059));
#3805 = CARTESIAN_POINT('',(0.696076046741,-0.92929625084));
#3806 = CARTESIAN_POINT('',(0.721436794224,-0.951485097451));
#3807 = CARTESIAN_POINT('',(0.749077176821,-0.973111279941));
#3808 = CARTESIAN_POINT('',(0.779254072153,-0.994090397733));
#3809 = CARTESIAN_POINT('',(0.812251630983,-1.014320430062));
#3810 = CARTESIAN_POINT('',(0.848365254505,-1.033678129033));
#3811 = CARTESIAN_POINT('',(0.924868133393,-1.069212607353));
#3812 = CARTESIAN_POINT('',(0.964849074236,-1.085512582232));
#3813 = CARTESIAN_POINT('',(1.008003955481,-1.100799060557));
#3814 = CARTESIAN_POINT('',(1.054512389672,-1.114935878451));
#3815 = CARTESIAN_POINT('',(1.104484157157,-1.127771210186));
#3816 = CARTESIAN_POINT('',(1.157901049088,-1.139139366754));
#3817 = CARTESIAN_POINT('',(1.2145047942,-1.148878244864));
#3818 = CARTESIAN_POINT('',(1.32940070322,-1.16432635815));
#3819 = CARTESIAN_POINT('',(1.387366283516,-1.17024940466));
#3820 = CARTESIAN_POINT('',(1.447298739526,-1.174508143038));
#3821 = CARTESIAN_POINT('',(1.508617593719,-1.177010089796));
#3822 = CARTESIAN_POINT('',(1.570560329596,-1.177696846818));
#3823 = CARTESIAN_POINT('',(1.632276569653,-1.176564009612));
#3824 = CARTESIAN_POINT('',(1.693009472012,-1.173655186596));
#3825 = CARTESIAN_POINT('',(1.807583416123,-1.164729586268));
#3826 = CARTESIAN_POINT('',(1.861618000442,-1.158918443302));
#3827 = CARTESIAN_POINT('',(1.91374248446,-1.151679181198));
#3828 = CARTESIAN_POINT('',(1.963562605187,-1.14310325496));
#3829 = CARTESIAN_POINT('',(2.010846380936,-1.133298168315));
#3830 = CARTESIAN_POINT('',(2.05550292635,-1.122375384448));
#3831 = CARTESIAN_POINT('',(2.097534299565,-1.110441364685));
#3832 = CARTESIAN_POINT('',(2.174009679665,-1.085552949385));
#3833 = CARTESIAN_POINT('',(2.208763653722,-1.072708894418));
#3834 = CARTESIAN_POINT('',(2.241320963105,-1.05914569613));
#3835 = CARTESIAN_POINT('',(2.27178281588,-1.044939338767));
#3836 = CARTESIAN_POINT('',(2.300274174629,-1.030158152066));
#3837 = CARTESIAN_POINT('',(2.326927102633,-1.014862317014));
#3838 = CARTESIAN_POINT('',(2.35187133234,-0.999104386086));
#3839 = CARTESIAN_POINT('',(2.419033413195,-0.952605377738));
#3840 = CARTESIAN_POINT('',(2.457267494029,-0.920818605849));
#3841 = CARTESIAN_POINT('',(2.49075765374,-0.887875915917));
#3842 = CARTESIAN_POINT('',(2.52025751459,-0.854002579417));
#3843 = CARTESIAN_POINT('',(2.546358995207,-0.819365262985));
#3844 = CARTESIAN_POINT('',(2.569546934263,-0.784093519806));
#3845 = CARTESIAN_POINT('',(2.590210354622,-0.748288901652));
#3846 = CARTESIAN_POINT('',(2.640967724725,-0.648585674057));
#3847 = CARTESIAN_POINT('',(2.666511266845,-0.583756668489));
#3848 = CARTESIAN_POINT('',(2.68700318389,-0.517984043023));
#3849 = CARTESIAN_POINT('',(2.703469940094,-0.451518822524));
#3850 = CARTESIAN_POINT('',(2.716593922914,-0.384542651402));
#3851 = CARTESIAN_POINT('',(2.726839940377,-0.317188927913));
#3852 = CARTESIAN_POINT('',(2.734517272743,-0.249566589467));
#3853 = CARTESIAN_POINT('',(2.74378278006,-0.130922438462));
#3854 = CARTESIAN_POINT('',(2.746413399638,-7.997692346867E-02));
#3855 = CARTESIAN_POINT('',(2.747782077259,-2.897309429636E-02));
#3856 = CARTESIAN_POINT('',(2.747928036091,2.205343474471E-02));
#3857 = CARTESIAN_POINT('',(2.746858083828,7.306893200524E-02));
#3858 = CARTESIAN_POINT('',(2.744548310312,0.124039227131));
#3859 = CARTESIAN_POINT('',(2.740940751262,0.174927278886));
#3860 = CARTESIAN_POINT('',(2.73218071824,0.263763147118));
#3861 = CARTESIAN_POINT('',(2.727639905875,0.301765493726));
#3862 = CARTESIAN_POINT('',(2.72227032812,0.339679759409));
#3863 = CARTESIAN_POINT('',(2.716015819895,0.377486067114));
#3864 = CARTESIAN_POINT('',(2.708804807758,0.415162053564));
#3865 = CARTESIAN_POINT('',(2.700546604139,0.452681772494));
#3866 = CARTESIAN_POINT('',(2.691125492008,0.490014022856));
#3867 = CARTESIAN_POINT('',(2.672342930894,0.554949661394));
#3868 = CARTESIAN_POINT('',(2.663555363929,0.5826519866));
#3869 = CARTESIAN_POINT('',(2.653967040426,0.610210750934));
#3870 = CARTESIAN_POINT('',(2.643504411478,0.637607121596));
#3871 = CARTESIAN_POINT('',(2.632081191301,0.664819274219));
#3872 = CARTESIAN_POINT('',(2.619595422825,0.691821490992));
#3873 = CARTESIAN_POINT('',(2.605925655484,0.718582842342));
#3874 = CARTESIAN_POINT('',(2.568427104737,0.784789367004));
#3875 = CARTESIAN_POINT('',(2.542936335655,0.823886123496));
#3876 = CARTESIAN_POINT('',(2.513961593993,0.862227570781));
#3877 = CARTESIAN_POINT('',(2.480892032099,0.899651018461));
#3878 = CARTESIAN_POINT('',(2.442946886758,0.935940462634));
#3879 = CARTESIAN_POINT('',(2.399175086021,0.970813543837));
#3880 = CARTESIAN_POINT('',(2.34833015268,1.003865554037));
#3881 = CARTESIAN_POINT('',(2.259765734103,1.049891682248));
#3882 = CARTESIAN_POINT('',(2.228194829894,1.064641752959));
#3883 = CARTESIAN_POINT('',(2.194433599305,1.078731521804));
#3884 = CARTESIAN_POINT('',(2.158350280147,1.092083900253));
#3885 = CARTESIAN_POINT('',(2.119831743025,1.104612588661));
#3886 = CARTESIAN_POINT('',(2.078810153704,1.116222609223));
#3887 = CARTESIAN_POINT('',(2.035296587158,1.126813640508));
#3888 = CARTESIAN_POINT('',(1.943526177867,1.145762298922));
#3889 = CARTESIAN_POINT('',(1.895269287079,1.154119925913));
#3890 = CARTESIAN_POINT('',(1.844760486786,1.161263087642));
#3891 = CARTESIAN_POINT('',(1.792227835898,1.167096659714));
#3892 = CARTESIAN_POINT('',(1.73802949811,1.171535203262));
#3893 = CARTESIAN_POINT('',(1.682671559349,1.174515195415));
#3894 = CARTESIAN_POINT('',(1.626733947089,1.176005207095));
#3895 = CARTESIAN_POINT('',(1.570796326795,1.176005207095));
#3896 = ( GEOMETRIC_REPRESENTATION_CONTEXT(2) 
PARAMETRIC_REPRESENTATION_CONTEXT() REPRESENTATION_CONTEXT('2D SPACE',''
  ) );
#3897 = PCURVE('',#3898,#3903);
#3898 = PLANE('',#3899);
#3899 = AXIS2_PLACEMENT_3D('',#3900,#3901,#3902);
#3900 = CARTESIAN_POINT('',(9.,45.,245.));
#3901 = DIRECTION('',(0.,1.,0.));
#3902 = DIRECTION('',(0.,0.,1.));
#3903 = DEFINITIONAL_REPRESENTATION('',(#3904),#3908);
#3904 = CIRCLE('',#3905,12.);
#3905 = AXIS2_PLACEMENT_2D('',#3906,#3907);
#3906 = CARTESIAN_POINT('',(20.,20.));
#3907 = DIRECTION('',(1.,0.));
#3908 = ( GEOMETRIC_REPRESENTATION_CONTEXT(2) 
PARAMETRIC_REPRESENTATION_CONTEXT() REPRESENTATION_CONTEXT('2D SPACE',''
  ) );
#3909 = ADVANCED_FACE('',(#3910),#3898,.F.);
#3910 = FACE_BOUND('',#3911,.F.);
#3911 = EDGE_LOOP('',(#3912));
#3912 = ORIENTED_EDGE('',*,*,#3737,.T.);
#3913 = ( GEOMETRIC_REPRESENTATION_CONTEXT(3) 
GLOBAL_UNCERTAINTY_ASSIGNED_CONTEXT((#3917)) 
GLOBAL_UNIT_ASSIGNED_CONTEXT((#3914,#3915,#3916)) REPRESENTATION_CONTEXT
('Context #1','3D Context with UNIT and UNCERTAINTY') );
#3914 = ( LENGTH_UNIT() NAMED_UNIT(*) SI_UNIT(.MILLI.,.METRE.) );
#3915 = ( NAMED_UNIT(*) PLANE_ANGLE_UNIT() SI_UNIT($,.RADIAN.) );
#3916 = ( NAMED_UNIT(*) SI_UNIT($,.STERADIAN.) SOLID_ANGLE_UNIT() );
#3917 = UNCERTAINTY_MEASURE_WITH_UNIT(LENGTH_MEASURE(1.E-07),#3914,
  'distance_accuracy_value','confusion accuracy');
#3918 = CONTEXT_DEPENDENT_SHAPE_REPRESENTATION(#3919,#3921);
#3919 = ( REPRESENTATION_RELATIONSHIP('','',#3730,#10) 
REPRESENTATION_RELATIONSHIP_WITH_TRANSFORMATION(#3920) 
SHAPE_REPRESENTATION_RELATIONSHIP() );
#3920 = ITEM_DEFINED_TRANSFORMATION('','',#11,#23);
#3921 = PRODUCT_DEFINITION_SHAPE('Placement','Placement of an item',
  #3922);
#3922 = NEXT_ASSEMBLY_USAGE_OCCURRENCE('3','brow_left','',#5,#3725,$);
#3923 = PRODUCT_RELATED_PRODUCT_CATEGORY('part',$,(#3727));
#3924 = SHAPE_DEFINITION_REPRESENTATION(#3925,#3931);
#3925 = PRODUCT_DEFINITION_SHAPE('','',#3926);
#3926 = PRODUCT_DEFINITION('design','',#3927,#3930);
#3927 = PRODUCT_DEFINITION_FORMATION('','',#3928);
#3928 = PRODUCT('skull_cheek_right','skull_cheek_right','',(#3929));
#3929 = PRODUCT_CONTEXT('',#2,'mechanical');
#3930 = PRODUCT_DEFINITION_CONTEXT('part definition',#2,'design');
#3931 = ADVANCED_BREP_SHAPE_REPRESENTATION('',(#11,#3932),#6384);
#3932 = MANIFOLD_SOLID_BREP('',#3933);
#3933 = CLOSED_SHELL('',(#3934,#4131,#5224,#5256,#6303,#6330,#6357));
#3934 = ADVANCED_FACE('',(#3935),#3963,.T.);
#3935 = FACE_BOUND('',#3936,.T.);
#3936 = EDGE_LOOP('',(#3937,#4014,#4048,#4104));
#3937 = ORIENTED_EDGE('',*,*,#3938,.T.);
#3938 = EDGE_CURVE('',#3939,#3941,#3943,.T.);
#3939 = VERTEX_POINT('',#3940);
#3940 = CARTESIAN_POINT('',(-6.958248991692,-44.,278.72232878242));
#3941 = VERTEX_POINT('',#3942);
#3942 = CARTESIAN_POINT('',(-6.139682707192,-44.,279.19184258243));
#3943 = SURFACE_CURVE('',#3944,(#3962,#3988),.PCURVE_S1.);
#3944 = B_SPLINE_CURVE_WITH_KNOTS('',3,(#3945,#3946,#3947,#3948,#3949,
    #3950,#3951,#3952,#3953,#3954,#3955,#3956,#3957,#3958,#3959,#3960,
    #3961),.UNSPECIFIED.,.F.,.F.,(4,1,2,1,1,1,1,1,1,1,1,1,1,4),(0.,
    11.913417860174,32.309495914545,49.802351599081,73.989124843977,
    106.54676603617,127.16229416426,149.25301619864,162.66942406363,
    180.69718044095,207.1168700682,236.54474800732,272.60026076196,
    279.18579573069),.UNSPECIFIED.);
#3945 = CARTESIAN_POINT('',(-6.958248991692,-44.,278.72232878242));
#3946 = CARTESIAN_POINT('',(-10.4744649582,-44.,276.64985445225));
#3947 = CARTESIAN_POINT('',(-19.04402926464,-44.,269.61126749912));
#3948 = CARTESIAN_POINT('',(-21.77260788701,-44.,259.1951865839));
#3949 = CARTESIAN_POINT('',(-18.47970899747,-44.,243.97133420268));
#3950 = CARTESIAN_POINT('',(-11.41125275279,-44.,231.75166535716));
#3951 = CARTESIAN_POINT('',(16.816164978655,-44.,233.10011911869));
#3952 = CARTESIAN_POINT('',(41.478822832731,-44.,234.89496939925));
#3953 = CARTESIAN_POINT('',(64.393400413523,-44.,251.09360736048));
#3954 = CARTESIAN_POINT('',(81.79460606247,-44.,241.87720595232));
#3955 = CARTESIAN_POINT('',(104.2980913048,-44.,250.79844931036));
#3956 = CARTESIAN_POINT('',(84.552409335356,-44.,270.24608744189));
#3957 = CARTESIAN_POINT('',(65.242177135659,-44.,280.6716446839));
#3958 = CARTESIAN_POINT('',(33.656972576286,-44.,284.47098300593));
#3959 = CARTESIAN_POINT('',(9.243917949974,-44.,286.37684449663));
#3960 = CARTESIAN_POINT('',(-4.167069098292,-44.,280.29274320304));
#3961 = CARTESIAN_POINT('',(-6.139682707192,-44.,279.19184258243));
#3962 = PCURVE('',#3963,#3982);
#3963 = SURFACE_OF_LINEAR_EXTRUSION('',#3964,#3980);
#3964 = B_SPLINE_CURVE_WITH_KNOTS('',3,(#3965,#3966,#3967,#3968,#3969,
    #3970,#3971,#3972,#3973,#3974,#3975,#3976,#3977,#3978,#3979),
  .UNSPECIFIED.,.T.,.F.,(1,1,2,1,1,1,1,1,1,1,1,1,1,1,2,1,1),(
    -41.67962892943,-17.49285568453,0.,20.396078054371,39.812565893319,
    75.868078647959,105.29595658708,131.71564621432,149.74340259164,
    163.15981045664,185.25053249102,205.86606061911,238.42370181131,
    262.6104750562,280.10333074074,300.49940879511,319.91589663406),
  .UNSPECIFIED.);
#3965 = CARTESIAN_POINT('',(-18.47970899747,-44.,243.97133420268));
#3966 = CARTESIAN_POINT('',(-21.77260788701,-44.,259.1951865839));
#3967 = CARTESIAN_POINT('',(-18.41038532292,-44.,272.030141016));
#3968 = CARTESIAN_POINT('',(4.897484997785,-44.,286.71615882302));
#3969 = CARTESIAN_POINT('',(33.656972576286,-44.,284.47098300593));
#3970 = CARTESIAN_POINT('',(65.242177135659,-44.,280.6716446839));
#3971 = CARTESIAN_POINT('',(84.552409335356,-44.,270.24608744189));
#3972 = CARTESIAN_POINT('',(104.2980913048,-44.,250.79844931036));
#3973 = CARTESIAN_POINT('',(81.79460606247,-44.,241.87720595232));
#3974 = CARTESIAN_POINT('',(64.393400413523,-44.,251.09360736048));
#3975 = CARTESIAN_POINT('',(41.478822832731,-44.,234.89496939925));
#3976 = CARTESIAN_POINT('',(16.816164978655,-44.,233.10011911869));
#3977 = CARTESIAN_POINT('',(-11.41125275279,-44.,231.75166535716));
#3978 = CARTESIAN_POINT('',(-18.47970899747,-44.,243.97133420268));
#3979 = CARTESIAN_POINT('',(-21.77260788701,-44.,259.1951865839));
#3980 = VECTOR('',#3981,1.);
#3981 = DIRECTION('',(-0.,1.,-0.));
#3982 = DEFINITIONAL_REPRESENTATION('',(#3983),#3987);
#3983 = LINE('',#3984,#3985);
#3984 = CARTESIAN_POINT('',(312.41282665528,-7.036719189116E-18));
#3985 = VECTOR('',#3986,1.);
#3986 = DIRECTION('',(-1.,2.521963839807E-20));
#3987 = ( GEOMETRIC_REPRESENTATION_CONTEXT(2) 
PARAMETRIC_REPRESENTATION_CONTEXT() REPRESENTATION_CONTEXT('2D SPACE',''
  ) );
#3988 = PCURVE('',#3989,#3994);
#3989 = PLANE('',#3990);
#3990 = AXIS2_PLACEMENT_3D('',#3991,#3992,#3993);
#3991 = CARTESIAN_POINT('',(35.699889311144,-44.,258.66598555161));
#3992 = DIRECTION('',(0.,1.,0.));
#3993 = DIRECTION('',(0.,-0.,1.));
#3994 = DEFINITIONAL_REPRESENTATION('',(#3995),#4013);
#3995 = B_SPLINE_CURVE_WITH_KNOTS('',3,(#3996,#3997,#3998,#3999,#4000,
    #4001,#4002,#4003,#4004,#4005,#4006,#4007,#4008,#4009,#4010,#4011,
    #4012),.UNSPECIFIED.,.F.,.F.,(4,1,2,1,1,1,1,1,1,1,1,1,1,4),(0.,
    11.913417860174,32.309495914545,49.802351599081,73.989124843977,
    106.54676603617,127.16229416426,149.25301619864,162.66942406363,
    180.69718044095,207.1168700682,236.54474800732,272.60026076196,
    279.18579573069),.UNSPECIFIED.);
#3996 = CARTESIAN_POINT('',(20.056343230811,-42.65813830283));
#3997 = CARTESIAN_POINT('',(17.983868900638,-46.17435426935));
#3998 = CARTESIAN_POINT('',(10.94528194751,-54.74391857578));
#3999 = CARTESIAN_POINT('',(0.529201032289,-57.47249719816));
#4000 = CARTESIAN_POINT('',(-14.69465134892,-54.17959830862));
#4001 = CARTESIAN_POINT('',(-26.91432019444,-47.11114206393));
#4002 = CARTESIAN_POINT('',(-25.56586643292,-18.88372433248));
#4003 = CARTESIAN_POINT('',(-23.77101615236,5.778933521587));
#4004 = CARTESIAN_POINT('',(-7.572378191133,28.693511102379));
#4005 = CARTESIAN_POINT('',(-16.78877959928,46.094716751326));
#4006 = CARTESIAN_POINT('',(-7.867536241253,68.598201993657));
#4007 = CARTESIAN_POINT('',(11.580101890276,48.852520024212));
#4008 = CARTESIAN_POINT('',(22.005659132287,29.542287824515));
#4009 = CARTESIAN_POINT('',(25.804997454319,-2.042916734858));
#4010 = CARTESIAN_POINT('',(27.710858945023,-26.45597136117));
#4011 = CARTESIAN_POINT('',(21.626757651433,-39.86695840943));
#4012 = CARTESIAN_POINT('',(20.525857030823,-41.83957201833));
#4013 = ( GEOMETRIC_REPRESENTATION_CONTEXT(2) 
PARAMETRIC_REPRESENTATION_CONTEXT() REPRESENTATION_CONTEXT('2D SPACE',''
  ) );
#4014 = ORIENTED_EDGE('',*,*,#4015,.F.);
#4015 = EDGE_CURVE('',#4016,#3941,#4018,.T.);
#4016 = VERTEX_POINT('',#4017);
#4017 = CARTESIAN_POINT('',(-6.139682707192,-46.,279.19184258243));
#4018 = SURFACE_CURVE('',#4019,(#4025,#4034),.PCURVE_S1.);
#4019 = B_SPLINE_CURVE_WITH_KNOTS('',4,(#4020,#4021,#4022,#4023,#4024),
  .UNSPECIFIED.,.F.,.F.,(5,5),(0.,1.),.PIECEWISE_BEZIER_KNOTS.);
#4020 = CARTESIAN_POINT('',(-6.139682707192,-46.0000006,279.19184258243)
  );
#4021 = CARTESIAN_POINT('',(-6.139682707192,-45.5000003,279.19184258243)
  );
#4022 = CARTESIAN_POINT('',(-6.139682707192,-45.,279.19184258243));
#4023 = CARTESIAN_POINT('',(-6.139682707192,-44.4999997,279.19184258243)
  );
#4024 = CARTESIAN_POINT('',(-6.139682707192,-43.9999994,279.19184258243)
  );
#4025 = PCURVE('',#3963,#4026);
#4026 = DEFINITIONAL_REPRESENTATION('',(#4027),#4033);
#4027 = B_SPLINE_CURVE_WITH_KNOTS('',4,(#4028,#4029,#4030,#4031,#4032),
  .UNSPECIFIED.,.F.,.F.,(5,5),(2.999998199532E-07,0.9999997),
  .PIECEWISE_BEZIER_KNOTS.);
#4028 = CARTESIAN_POINT('',(33.227030924589,-2.));
#4029 = CARTESIAN_POINT('',(33.227030924589,-1.5));
#4030 = CARTESIAN_POINT('',(33.227030924589,-1.));
#4031 = CARTESIAN_POINT('',(33.227030924589,-0.5));
#4032 = CARTESIAN_POINT('',(33.227030924589,-6.547511742717E-17));
#4033 = ( GEOMETRIC_REPRESENTATION_CONTEXT(2) 
PARAMETRIC_REPRESENTATION_CONTEXT() REPRESENTATION_CONTEXT('2D SPACE',''
  ) );
#4034 = PCURVE('',#4035,#4040);
#4035 = CYLINDRICAL_SURFACE('',#4036,1.2);
#4036 = AXIS2_PLACEMENT_3D('',#4037,#4038,#4039);
#4037 = CARTESIAN_POINT('',(-6.,-43.,278.));
#4038 = DIRECTION('',(-0.,1.,-0.));
#4039 = DIRECTION('',(1.,0.,0.));
#4040 = DEFINITIONAL_REPRESENTATION('',(#4041),#4047);
#4041 = B_SPLINE_CURVE_WITH_KNOTS('',4,(#4042,#4043,#4044,#4045,#4046),
  .UNSPECIFIED.,.F.,.F.,(5,5),(2.999998199532E-07,0.9999997),
  .PIECEWISE_BEZIER_KNOTS.);
#4042 = CARTESIAN_POINT('',(-7.970648370882,-3.));
#4043 = CARTESIAN_POINT('',(-7.970648370882,-2.5));
#4044 = CARTESIAN_POINT('',(-7.970648370881,-2.));
#4045 = CARTESIAN_POINT('',(-7.970648370882,-1.5));
#4046 = CARTESIAN_POINT('',(-7.970648370882,-1.));
#4047 = ( GEOMETRIC_REPRESENTATION_CONTEXT(2) 
PARAMETRIC_REPRESENTATION_CONTEXT() REPRESENTATION_CONTEXT('2D SPACE',''
  ) );
#4048 = ORIENTED_EDGE('',*,*,#4049,.T.);
#4049 = EDGE_CURVE('',#4016,#4050,#4052,.T.);
#4050 = VERTEX_POINT('',#4051);
#4051 = CARTESIAN_POINT('',(-6.958248991692,-46.,278.72232878242));
#4052 = SURFACE_CURVE('',#4053,(#4071,#4078),.PCURVE_S1.);
#4053 = B_SPLINE_CURVE_WITH_KNOTS('',3,(#4054,#4055,#4056,#4057,#4058,
    #4059,#4060,#4061,#4062,#4063,#4064,#4065,#4066,#4067,#4068,#4069,
    #4070),.UNSPECIFIED.,.F.,.F.,(4,1,1,1,1,1,1,1,1,1,1,2,1,4),(
    33.227030924589,39.812565893319,75.868078647959,105.29595658708,
    131.71564621432,149.74340259164,163.15981045664,185.25053249102,
    205.86606061911,238.42370181131,262.6104750562,280.10333074074,
    300.49940879511,312.41282665528),.UNSPECIFIED.);
#4054 = CARTESIAN_POINT('',(-6.139682707192,-46.,279.19184258243));
#4055 = CARTESIAN_POINT('',(-4.167069098292,-46.,280.29274320304));
#4056 = CARTESIAN_POINT('',(9.243917949974,-46.,286.37684449663));
#4057 = CARTESIAN_POINT('',(33.656972576286,-46.,284.47098300593));
#4058 = CARTESIAN_POINT('',(65.242177135659,-46.,280.6716446839));
#4059 = CARTESIAN_POINT('',(84.552409335356,-46.,270.24608744189));
#4060 = CARTESIAN_POINT('',(104.2980913048,-46.,250.79844931036));
#4061 = CARTESIAN_POINT('',(81.79460606247,-46.,241.87720595232));
#4062 = CARTESIAN_POINT('',(64.393400413523,-46.,251.09360736048));
#4063 = CARTESIAN_POINT('',(41.478822832731,-46.,234.89496939925));
#4064 = CARTESIAN_POINT('',(16.816164978655,-46.,233.10011911869));
#4065 = CARTESIAN_POINT('',(-11.41125275279,-46.,231.75166535716));
#4066 = CARTESIAN_POINT('',(-18.47970899747,-46.,243.97133420268));
#4067 = CARTESIAN_POINT('',(-21.77260788701,-46.,259.1951865839));
#4068 = CARTESIAN_POINT('',(-19.04402926464,-46.,269.61126749912));
#4069 = CARTESIAN_POINT('',(-10.4744649582,-46.,276.64985445225));
#4070 = CARTESIAN_POINT('',(-6.958248991692,-46.,278.72232878242));
#4071 = PCURVE('',#3963,#4072);
#4072 = DEFINITIONAL_REPRESENTATION('',(#4073),#4077);
#4073 = LINE('',#4074,#4075);
#4074 = CARTESIAN_POINT('',(0.,-2.));
#4075 = VECTOR('',#4076,1.);
#4076 = DIRECTION('',(1.,0.));
#4077 = ( GEOMETRIC_REPRESENTATION_CONTEXT(2) 
PARAMETRIC_REPRESENTATION_CONTEXT() REPRESENTATION_CONTEXT('2D SPACE',''
  ) );
#4078 = PCURVE('',#4079,#4084);
#4079 = PLANE('',#4080);
#4080 = AXIS2_PLACEMENT_3D('',#4081,#4082,#4083);
#4081 = CARTESIAN_POINT('',(35.699889311144,-46.,258.66598555161));
#4082 = DIRECTION('',(0.,1.,0.));
#4083 = DIRECTION('',(0.,-0.,1.));
#4084 = DEFINITIONAL_REPRESENTATION('',(#4085),#4103);
#4085 = B_SPLINE_CURVE_WITH_KNOTS('',3,(#4086,#4087,#4088,#4089,#4090,
    #4091,#4092,#4093,#4094,#4095,#4096,#4097,#4098,#4099,#4100,#4101,
    #4102),.UNSPECIFIED.,.F.,.F.,(4,1,1,1,1,1,1,1,1,1,1,2,1,4),(
    33.227030924589,39.812565893319,75.868078647959,105.29595658708,
    131.71564621432,149.74340259164,163.15981045664,185.25053249102,
    205.86606061911,238.42370181131,262.6104750562,280.10333074074,
    300.49940879511,312.41282665528),.UNSPECIFIED.);
#4086 = CARTESIAN_POINT('',(20.525857030823,-41.83957201833));
#4087 = CARTESIAN_POINT('',(21.626757651433,-39.86695840943));
#4088 = CARTESIAN_POINT('',(27.710858945023,-26.45597136117));
#4089 = CARTESIAN_POINT('',(25.804997454319,-2.042916734858));
#4090 = CARTESIAN_POINT('',(22.005659132287,29.542287824515));
#4091 = CARTESIAN_POINT('',(11.580101890276,48.852520024212));
#4092 = CARTESIAN_POINT('',(-7.867536241253,68.598201993657));
#4093 = CARTESIAN_POINT('',(-16.78877959928,46.094716751326));
#4094 = CARTESIAN_POINT('',(-7.572378191133,28.693511102379));
#4095 = CARTESIAN_POINT('',(-23.77101615236,5.778933521587));
#4096 = CARTESIAN_POINT('',(-25.56586643292,-18.88372433248));
#4097 = CARTESIAN_POINT('',(-26.91432019444,-47.11114206393));
#4098 = CARTESIAN_POINT('',(-14.69465134892,-54.17959830862));
#4099 = CARTESIAN_POINT('',(0.529201032289,-57.47249719816));
#4100 = CARTESIAN_POINT('',(10.94528194751,-54.74391857578));
#4101 = CARTESIAN_POINT('',(17.983868900638,-46.17435426935));
#4102 = CARTESIAN_POINT('',(20.056343230811,-42.65813830283));
#4103 = ( GEOMETRIC_REPRESENTATION_CONTEXT(2) 
PARAMETRIC_REPRESENTATION_CONTEXT() REPRESENTATION_CONTEXT('2D SPACE',''
  ) );
#4104 = ORIENTED_EDGE('',*,*,#4105,.T.);
#4105 = EDGE_CURVE('',#4050,#3939,#4106,.T.);
#4106 = SURFACE_CURVE('',#4107,(#4113,#4122),.PCURVE_S1.);
#4107 = B_SPLINE_CURVE_WITH_KNOTS('',4,(#4108,#4109,#4110,#4111,#4112),
  .UNSPECIFIED.,.F.,.F.,(5,5),(0.,1.),.PIECEWISE_BEZIER_KNOTS.);
#4108 = CARTESIAN_POINT('',(-6.958248991692,-46.0000006,278.72232878242)
  );
#4109 = CARTESIAN_POINT('',(-6.958248991692,-45.5000003,278.72232878242)
  );
#4110 = CARTESIAN_POINT('',(-6.958248991692,-45.,278.72232878242));
#4111 = CARTESIAN_POINT('',(-6.958248991692,-44.4999997,278.72232878242)
  );
#4112 = CARTESIAN_POINT('',(-6.958248991692,-43.9999994,278.72232878242)
  );
#4113 = PCURVE('',#3963,#4114);
#4114 = DEFINITIONAL_REPRESENTATION('',(#4115),#4121);
#4115 = B_SPLINE_CURVE_WITH_KNOTS('',4,(#4116,#4117,#4118,#4119,#4120),
  .UNSPECIFIED.,.F.,.F.,(5,5),(2.999998199532E-07,0.9999997),
  .PIECEWISE_BEZIER_KNOTS.);
#4116 = CARTESIAN_POINT('',(312.41282665528,-2.));
#4117 = CARTESIAN_POINT('',(312.41282665528,-1.5));
#4118 = CARTESIAN_POINT('',(312.41282665528,-1.));
#4119 = CARTESIAN_POINT('',(312.41282665528,-0.5));
#4120 = CARTESIAN_POINT('',(312.41282665528,-6.547511742717E-17));
#4121 = ( GEOMETRIC_REPRESENTATION_CONTEXT(2) 
PARAMETRIC_REPRESENTATION_CONTEXT() REPRESENTATION_CONTEXT('2D SPACE',''
  ) );
#4122 = PCURVE('',#4035,#4123);
#4123 = DEFINITIONAL_REPRESENTATION('',(#4124),#4130);
#4124 = B_SPLINE_CURVE_WITH_KNOTS('',4,(#4125,#4126,#4127,#4128,#4129),
  .UNSPECIFIED.,.F.,.F.,(5,5),(2.999998199532E-07,0.9999997),
  .PIECEWISE_BEZIER_KNOTS.);
#4125 = CARTESIAN_POINT('',(-2.49566351664,-3.));
#4126 = CARTESIAN_POINT('',(-2.49566351664,-2.5));
#4127 = CARTESIAN_POINT('',(-2.49566351664,-2.));
#4128 = CARTESIAN_POINT('',(-2.49566351664,-1.5));
#4129 = CARTESIAN_POINT('',(-2.49566351664,-1.));
#4130 = ( GEOMETRIC_REPRESENTATION_CONTEXT(2) 
PARAMETRIC_REPRESENTATION_CONTEXT() REPRESENTATION_CONTEXT('2D SPACE',''
  ) );
#4131 = ADVANCED_FACE('',(#4132,#4161,#4659,#4690),#3989,.T.);
#4132 = FACE_BOUND('',#4133,.T.);
#4133 = EDGE_LOOP('',(#4134,#4160));
#4134 = ORIENTED_EDGE('',*,*,#4135,.T.);
#4135 = EDGE_CURVE('',#3939,#3941,#4136,.T.);
#4136 = SURFACE_CURVE('',#4137,(#4142,#4153),.PCURVE_S1.);
#4137 = CIRCLE('',#4138,1.2);
#4138 = AXIS2_PLACEMENT_3D('',#4139,#4140,#4141);
#4139 = CARTESIAN_POINT('',(-6.,-44.,278.));
#4140 = DIRECTION('',(-0.,-1.,0.));
#4141 = DIRECTION('',(-0.79854082641,0.,0.601940652022));
#4142 = PCURVE('',#3989,#4143);
#4143 = DEFINITIONAL_REPRESENTATION('',(#4144),#4152);
#4144 = ( BOUNDED_CURVE() B_SPLINE_CURVE(2,(#4145,#4146,#4147,#4148,
#4149,#4150,#4151),.UNSPECIFIED.,.T.,.F.) B_SPLINE_CURVE_WITH_KNOTS((1,2
    ,2,2,2,1),(-2.094395102393,0.,2.094395102393,4.188790204786,
6.28318530718,8.377580409573),.UNSPECIFIED.) CURVE() 
GEOMETRIC_REPRESENTATION_ITEM() RATIONAL_B_SPLINE_CURVE((1.,0.5,1.,0.5,
1.,0.5,1.)) REPRESENTATION_ITEM('') );
#4145 = CARTESIAN_POINT('',(20.056343230811,-42.65813830283));
#4146 = CARTESIAN_POINT('',(18.396607290899,-43.90924845376));
#4147 = CARTESIAN_POINT('',(18.142982087216,-41.84631989076));
#4148 = CARTESIAN_POINT('',(17.889356883533,-39.78339132776));
#4149 = CARTESIAN_POINT('',(19.802718027129,-40.59520973983));
#4150 = CARTESIAN_POINT('',(21.716079170724,-41.4070281519));
#4151 = CARTESIAN_POINT('',(20.056343230811,-42.65813830283));
#4152 = ( GEOMETRIC_REPRESENTATION_CONTEXT(2) 
PARAMETRIC_REPRESENTATION_CONTEXT() REPRESENTATION_CONTEXT('2D SPACE',''
  ) );
#4153 = PCURVE('',#4035,#4154);
#4154 = DEFINITIONAL_REPRESENTATION('',(#4155),#4159);
#4155 = LINE('',#4156,#4157);
#4156 = CARTESIAN_POINT('',(-2.49566351664,-1.));
#4157 = VECTOR('',#4158,1.);
#4158 = DIRECTION('',(-1.,-0.));
#4159 = ( GEOMETRIC_REPRESENTATION_CONTEXT(2) 
PARAMETRIC_REPRESENTATION_CONTEXT() REPRESENTATION_CONTEXT('2D SPACE',''
  ) );
#4160 = ORIENTED_EDGE('',*,*,#3938,.F.);
#4161 = FACE_BOUND('',#4162,.T.);
#4162 = EDGE_LOOP('',(#4163));
#4163 = ORIENTED_EDGE('',*,*,#4164,.F.);
#4164 = EDGE_CURVE('',#4165,#4165,#4167,.T.);
#4165 = VERTEX_POINT('',#4166);
#4166 = CARTESIAN_POINT('',(-5.,-44.,262.));
#4167 = SURFACE_CURVE('',#4168,(#4327,#4489),.PCURVE_S1.);
#4168 = B_SPLINE_CURVE_WITH_KNOTS('',7,(#4169,#4170,#4171,#4172,#4173,
    #4174,#4175,#4176,#4177,#4178,#4179,#4180,#4181,#4182,#4183,#4184,
    #4185,#4186,#4187,#4188,#4189,#4190,#4191,#4192,#4193,#4194,#4195,
    #4196,#4197,#4198,#4199,#4200,#4201,#4202,#4203,#4204,#4205,#4206,
    #4207,#4208,#4209,#4210,#4211,#4212,#4213,#4214,#4215,#4216,#4217,
    #4218,#4219,#4220,#4221,#4222,#4223,#4224,#4225,#4226,#4227,#4228,
    #4229,#4230,#4231,#4232,#4233,#4234,#4235,#4236,#4237,#4238,#4239,
    #4240,#4241,#4242,#4243,#4244,#4245,#4246,#4247,#4248,#4249,#4250,
    #4251,#4252,#4253,#4254,#4255,#4256,#4257,#4258,#4259,#4260,#4261,
    #4262,#4263,#4264,#4265,#4266,#4267,#4268,#4269,#4270,#4271,#4272,
    #4273,#4274,#4275,#4276,#4277,#4278,#4279,#4280,#4281,#4282,#4283,
    #4284,#4285,#4286,#4287,#4288,#4289,#4290,#4291,#4292,#4293,#4294,
    #4295,#4296,#4297,#4298,#4299,#4300,#4301,#4302,#4303,#4304,#4305,
    #4306,#4307,#4308,#4309,#4310,#4311,#4312,#4313,#4314,#4315,#4316,
    #4317,#4318,#4319,#4320,#4321,#4322,#4323,#4324,#4325,#4326),
  .UNSPECIFIED.,.T.,.F.,(8,6,6,6,6,6,6,6,6,6,6,6,6,6,6,6,6,6,6,6,6,6,6,6
    ,6,6,8),(0.,5.945174336054E-02,9.456263493245E-02,0.137657873449,
    0.169133184986,0.191730587336,0.249993987442,0.308257387547,
    0.330854789897,0.362330101434,0.40542533995,0.440536231522,
    0.459774223609,0.500002069417,0.527612075977,0.55946855834,
    0.594579068159,0.637673838109,0.669148807421,0.691745964074,
    0.750008730693,0.808271497313,0.830868653966,0.862343623278,
    0.905438393228,0.940548903047,1.),.UNSPECIFIED.);
#4169 = CARTESIAN_POINT('',(-5.,-44.,262.));
#4170 = CARTESIAN_POINT('',(-4.51893639989,-44.,262.));
#4171 = CARTESIAN_POINT('',(-4.037673085679,-44.,261.95781349017));
#4172 = CARTESIAN_POINT('',(-3.56109461525,-44.,261.87337873122));
#4173 = CARTESIAN_POINT('',(-3.093380412925,-44.,261.74807656389));
#4174 = CARTESIAN_POINT('',(-2.638130382215,-44.,261.58413280888));
#4175 = CARTESIAN_POINT('',(-2.198405063159,-44.,261.38443818858));
#4176 = CARTESIAN_POINT('',(-1.527727433813,-44.,261.01538200257));
#4177 = CARTESIAN_POINT('',(-1.284910828277,-44.,260.86702180848));
#4178 = CARTESIAN_POINT('',(-1.04874570635,-44.,260.70797274725));
#4179 = CARTESIAN_POINT('',(-0.819585702639,-44.,260.53889457891));
#4180 = CARTESIAN_POINT('',(-0.597705974672,-44.,260.36044410303));
#4181 = CARTESIAN_POINT('',(-0.383315056155,-44.,260.17325868067));
#4182 = CARTESIAN_POINT('',(7.720375588089E-02,-44.,259.73821491733));
#4183 = CARTESIAN_POINT('',(0.319451511549,-44.,259.48624877351));
#4184 = CARTESIAN_POINT('',(0.549922053906,-44.,259.223150735));
#4185 = CARTESIAN_POINT('',(0.768455438203,-44.,258.94997044361));
#4186 = CARTESIAN_POINT('',(0.97497151041,-44.,258.66768800451));
#4187 = CARTESIAN_POINT('',(1.169452096076,-44.,258.37719957896));
#4188 = CARTESIAN_POINT('',(1.485193933229,-44.,257.86172932665));
#4189 = CARTESIAN_POINT('',(1.612054523404,-44.,257.64021039459));
#4190 = CARTESIAN_POINT('',(1.73251394922,-44.,257.41506038842));
#4191 = CARTESIAN_POINT('',(1.846588106954,-44.,257.18657672777));
#4192 = CARTESIAN_POINT('',(1.954298364279,-44.,256.95503937595));
#4193 = CARTESIAN_POINT('',(2.055670124904,-44.,256.7207101717));
#4194 = CARTESIAN_POINT('',(2.21897973208,-44.,256.31376783249));
#4195 = CARTESIAN_POINT('',(2.28397478823,-44.,256.142391077));
#4196 = CARTESIAN_POINT('',(2.34572681088,-44.,255.96979257229));
#4197 = CARTESIAN_POINT('',(2.404245907837,-44.,255.79605972985));
#4198 = CARTESIAN_POINT('',(2.459542045496,-44.,255.62127669489));
#4199 = CARTESIAN_POINT('',(2.511625048839,-44.,255.44552434627));
#4200 = CARTESIAN_POINT('',(2.686531871563,-44.,254.81343489684));
#4201 = CARTESIAN_POINT('',(2.791254256868,-44.,254.352093257));
#4202 = CARTESIAN_POINT('',(2.874851852083,-44.,253.8861434385));
#4203 = CARTESIAN_POINT('',(2.937452221756,-44.,253.41681403137));
#4204 = CARTESIAN_POINT('',(2.979149230156,-44.,252.94527795121));
#4205 = CARTESIAN_POINT('',(3.,-44.,252.47265311561));
#4206 = CARTESIAN_POINT('',(3.,-44.,251.52734688438));
#4207 = CARTESIAN_POINT('',(2.979149230156,-44.,251.05472204878));
#4208 = CARTESIAN_POINT('',(2.937452221756,-44.,250.58318596863));
#4209 = CARTESIAN_POINT('',(2.874851852084,-44.,250.11385656149));
#4210 = CARTESIAN_POINT('',(2.791254256869,-44.,249.64790674299));
#4211 = CARTESIAN_POINT('',(2.686531871563,-44.,249.18656510315));
#4212 = CARTESIAN_POINT('',(2.51162504884,-44.,248.55447565372));
#4213 = CARTESIAN_POINT('',(2.459542045496,-44.,248.3787233051));
#4214 = CARTESIAN_POINT('',(2.404245907838,-44.,248.20394027014));
#4215 = CARTESIAN_POINT('',(2.345726810881,-44.,248.0302074277));
#4216 = CARTESIAN_POINT('',(2.283974788231,-44.,247.85760892299));
#4217 = CARTESIAN_POINT('',(2.218979732081,-44.,247.68623216751));
#4218 = CARTESIAN_POINT('',(2.055670124905,-44.,247.27928982829));
#4219 = CARTESIAN_POINT('',(1.954298364279,-44.,247.04496062404));
#4220 = CARTESIAN_POINT('',(1.846588106955,-44.,246.81342327222));
#4221 = CARTESIAN_POINT('',(1.732513949221,-44.,246.58493961157));
#4222 = CARTESIAN_POINT('',(1.612054523405,-44.,246.3597896054));
#4223 = CARTESIAN_POINT('',(1.48519393323,-44.,246.13827067334));
#4224 = CARTESIAN_POINT('',(1.169452096077,-44.,245.62280042103));
#4225 = CARTESIAN_POINT('',(0.974971510411,-44.,245.33231199548));
#4226 = CARTESIAN_POINT('',(0.768455438204,-44.,245.05002955638));
#4227 = CARTESIAN_POINT('',(0.549922053907,-44.,244.77684926499));
#4228 = CARTESIAN_POINT('',(0.31945151155,-44.,244.51375122649));
#4229 = CARTESIAN_POINT('',(7.720375588208E-02,-44.,244.26178508266));
#4230 = CARTESIAN_POINT('',(-0.383315056153,-44.,243.82674131932));
#4231 = CARTESIAN_POINT('',(-0.597705974671,-44.,243.63955589696));
#4232 = CARTESIAN_POINT('',(-0.819585702637,-44.,243.46110542108));
#4233 = CARTESIAN_POINT('',(-1.048745706348,-44.,243.29202725274));
#4234 = CARTESIAN_POINT('',(-1.284910828276,-44.,243.13297819151));
#4235 = CARTESIAN_POINT('',(-1.527727433812,-44.,242.98461799742));
#4236 = CARTESIAN_POINT('',(-1.913192374336,-44.,242.77250682125));
#4237 = CARTESIAN_POINT('',(-2.051498462091,-44.,242.70082723427));
#4238 = CARTESIAN_POINT('',(-2.191592146545,-44.,242.63265547663));
#4239 = CARTESIAN_POINT('',(-2.333391156254,-44.,242.56809533526));
#4240 = CARTESIAN_POINT('',(-2.476805023896,-44.,242.50724714966));
#4241 = CARTESIAN_POINT('',(-2.621734530834,-44.,242.45020654133));
#4242 = CARTESIAN_POINT('',(-3.074070186981,-44.,242.28593697087));
#4243 = CARTESIAN_POINT('',(-3.386272314858,-44.,242.19183301985));
#4244 = CARTESIAN_POINT('',(-3.703618823503,-44.,242.1156060664));
#4245 = CARTESIAN_POINT('',(-4.024958832048,-44.,242.05793418126));
#4246 = CARTESIAN_POINT('',(-4.349048126467,-44.,242.01930865638));
#4247 = CARTESIAN_POINT('',(-4.67454455741,-44.,242.));
#4248 = CARTESIAN_POINT('',(-5.223373305833,-44.,242.));
#4249 = CARTESIAN_POINT('',(-5.446753898627,-44.,242.00909575187));
#4250 = CARTESIAN_POINT('',(-5.669686402323,-44.,242.02728757355));
#4251 = CARTESIAN_POINT('',(-5.891731800023,-44.,242.05451833699));
#4252 = CARTESIAN_POINT('',(-6.112467203937,-44.,242.09067744521));
#4253 = CARTESIAN_POINT('',(-6.331485625318,-44.,242.13560480933));
#4254 = CARTESIAN_POINT('',(-6.798667086002,-44.,242.25081171632));
#4255 = CARTESIAN_POINT('',(-7.046147631227,-44.,242.32393141774));
#4256 = CARTESIAN_POINT('',(-7.290243333055,-44.,242.40814133327));
#4257 = CARTESIAN_POINT('',(-7.530431700178,-44.,242.50305892372));
#4258 = CARTESIAN_POINT('',(-7.766254037615,-44.,242.60825280151));
#4259 = CARTESIAN_POINT('',(-7.997309575454,-44.,242.72325840798));
#4260 = CARTESIAN_POINT('',(-8.472272566186,-44.,242.98461799742));
#4261 = CARTESIAN_POINT('',(-8.715089171722,-44.,243.13297819151));
#4262 = CARTESIAN_POINT('',(-8.95125429365,-44.,243.29202725274));
#4263 = CARTESIAN_POINT('',(-9.180414297361,-44.,243.46110542108));
#4264 = CARTESIAN_POINT('',(-9.402294025327,-44.,243.63955589696));
#4265 = CARTESIAN_POINT('',(-9.616684943845,-44.,243.82674131932));
#4266 = CARTESIAN_POINT('',(-10.07720375588,-44.,244.26178508266));
#4267 = CARTESIAN_POINT('',(-10.31945151154,-44.,244.51375122648));
#4268 = CARTESIAN_POINT('',(-10.5499220539,-44.,244.77684926499));
#4269 = CARTESIAN_POINT('',(-10.7684554382,-44.,245.05002955638));
#4270 = CARTESIAN_POINT('',(-10.97497151041,-44.,245.33231199548));
#4271 = CARTESIAN_POINT('',(-11.16945209607,-44.,245.62280042103));
#4272 = CARTESIAN_POINT('',(-11.48519393322,-44.,246.13827067334));
#4273 = CARTESIAN_POINT('',(-11.6120545234,-44.,246.3597896054));
#4274 = CARTESIAN_POINT('',(-11.73251394922,-44.,246.58493961157));
#4275 = CARTESIAN_POINT('',(-11.84658810695,-44.,246.81342327222));
#4276 = CARTESIAN_POINT('',(-11.95429836427,-44.,247.04496062404));
#4277 = CARTESIAN_POINT('',(-12.0556701249,-44.,247.27928982829));
#4278 = CARTESIAN_POINT('',(-12.21897973208,-44.,247.6862321675));
#4279 = CARTESIAN_POINT('',(-12.28397478823,-44.,247.85760892299));
#4280 = CARTESIAN_POINT('',(-12.34572681088,-44.,248.0302074277));
#4281 = CARTESIAN_POINT('',(-12.40424590783,-44.,248.20394027014));
#4282 = CARTESIAN_POINT('',(-12.45954204549,-44.,248.3787233051));
#4283 = CARTESIAN_POINT('',(-12.51162504883,-44.,248.55447565372));
#4284 = CARTESIAN_POINT('',(-12.68653187156,-44.,249.18656510315));
#4285 = CARTESIAN_POINT('',(-12.79125425686,-44.,249.64790674299));
#4286 = CARTESIAN_POINT('',(-12.87485185208,-44.,250.11385656149));
#4287 = CARTESIAN_POINT('',(-12.93745222175,-44.,250.58318596862));
#4288 = CARTESIAN_POINT('',(-12.97914923015,-44.,251.05472204878));
#4289 = CARTESIAN_POINT('',(-13.,-44.,251.52734688438));
#4290 = CARTESIAN_POINT('',(-13.,-44.,252.47265311561));
#4291 = CARTESIAN_POINT('',(-12.97914923015,-44.,252.94527795121));
#4292 = CARTESIAN_POINT('',(-12.93745222175,-44.,253.41681403137));
#4293 = CARTESIAN_POINT('',(-12.87485185208,-44.,253.8861434385));
#4294 = CARTESIAN_POINT('',(-12.79125425686,-44.,254.352093257));
#4295 = CARTESIAN_POINT('',(-12.68653187156,-44.,254.81343489684));
#4296 = CARTESIAN_POINT('',(-12.51162504884,-44.,255.44552434627));
#4297 = CARTESIAN_POINT('',(-12.45954204549,-44.,255.62127669489));
#4298 = CARTESIAN_POINT('',(-12.40424590783,-44.,255.79605972985));
#4299 = CARTESIAN_POINT('',(-12.34572681088,-44.,255.96979257229));
#4300 = CARTESIAN_POINT('',(-12.28397478823,-44.,256.142391077));
#4301 = CARTESIAN_POINT('',(-12.21897973208,-44.,256.31376783248));
#4302 = CARTESIAN_POINT('',(-12.0556701249,-44.,256.7207101717));
#4303 = CARTESIAN_POINT('',(-11.95429836427,-44.,256.95503937595));
#4304 = CARTESIAN_POINT('',(-11.84658810695,-44.,257.18657672777));
#4305 = CARTESIAN_POINT('',(-11.73251394922,-44.,257.41506038842));
#4306 = CARTESIAN_POINT('',(-11.6120545234,-44.,257.64021039459));
#4307 = CARTESIAN_POINT('',(-11.48519393323,-44.,257.86172932665));
#4308 = CARTESIAN_POINT('',(-11.16945209607,-44.,258.37719957896));
#4309 = CARTESIAN_POINT('',(-10.97497151041,-44.,258.66768800451));
#4310 = CARTESIAN_POINT('',(-10.7684554382,-44.,258.94997044361));
#4311 = CARTESIAN_POINT('',(-10.5499220539,-44.,259.223150735));
#4312 = CARTESIAN_POINT('',(-10.31945151155,-44.,259.48624877351));
#4313 = CARTESIAN_POINT('',(-10.07720375588,-44.,259.73821491733));
#4314 = CARTESIAN_POINT('',(-9.616684943847,-44.,260.17325868067));
#4315 = CARTESIAN_POINT('',(-9.402294025328,-44.,260.36044410303));
#4316 = CARTESIAN_POINT('',(-9.180414297363,-44.,260.53889457891));
#4317 = CARTESIAN_POINT('',(-8.951254293652,-44.,260.70797274725));
#4318 = CARTESIAN_POINT('',(-8.715089171723,-44.,260.86702180848));
#4319 = CARTESIAN_POINT('',(-8.472272566188,-44.,261.01538200257));
#4320 = CARTESIAN_POINT('',(-7.801594936841,-44.,261.38443818858));
#4321 = CARTESIAN_POINT('',(-7.361869617788,-44.,261.58413280888));
#4322 = CARTESIAN_POINT('',(-6.906619587072,-44.,261.74807656389));
#4323 = CARTESIAN_POINT('',(-6.438905384752,-44.,261.87337873122));
#4324 = CARTESIAN_POINT('',(-5.962326914321,-44.,261.95781349017));
#4325 = CARTESIAN_POINT('',(-5.48106360011,-44.,262.));
#4326 = CARTESIAN_POINT('',(-5.,-44.,262.));
#4327 = PCURVE('',#3989,#4328);
#4328 = DEFINITIONAL_REPRESENTATION('',(#4329),#4488);
#4329 = B_SPLINE_CURVE_WITH_KNOTS('',7,(#4330,#4331,#4332,#4333,#4334,
    #4335,#4336,#4337,#4338,#4339,#4340,#4341,#4342,#4343,#4344,#4345,
    #4346,#4347,#4348,#4349,#4350,#4351,#4352,#4353,#4354,#4355,#4356,
    #4357,#4358,#4359,#4360,#4361,#4362,#4363,#4364,#4365,#4366,#4367,
    #4368,#4369,#4370,#4371,#4372,#4373,#4374,#4375,#4376,#4377,#4378,
    #4379,#4380,#4381,#4382,#4383,#4384,#4385,#4386,#4387,#4388,#4389,
    #4390,#4391,#4392,#4393,#4394,#4395,#4396,#4397,#4398,#4399,#4400,
    #4401,#4402,#4403,#4404,#4405,#4406,#4407,#4408,#4409,#4410,#4411,
    #4412,#4413,#4414,#4415,#4416,#4417,#4418,#4419,#4420,#4421,#4422,
    #4423,#4424,#4425,#4426,#4427,#4428,#4429,#4430,#4431,#4432,#4433,
    #4434,#4435,#4436,#4437,#4438,#4439,#4440,#4441,#4442,#4443,#4444,
    #4445,#4446,#4447,#4448,#4449,#4450,#4451,#4452,#4453,#4454,#4455,
    #4456,#4457,#4458,#4459,#4460,#4461,#4462,#4463,#4464,#4465,#4466,
    #4467,#4468,#4469,#4470,#4471,#4472,#4473,#4474,#4475,#4476,#4477,
    #4478,#4479,#4480,#4481,#4482,#4483,#4484,#4485,#4486,#4487),
  .UNSPECIFIED.,.T.,.F.,(8,6,6,6,6,6,6,6,6,6,6,6,6,6,6,6,6,6,6,6,6,6,6,6
    ,6,6,8),(0.,5.945174336054E-02,9.456263493245E-02,0.137657873449,
    0.169133184986,0.191730587336,0.249993987442,0.308257387547,
    0.330854789897,0.362330101434,0.40542533995,0.440536231522,
    0.459774223609,0.500002069417,0.527612075977,0.55946855834,
    0.594579068159,0.637673838109,0.669148807421,0.691745964074,
    0.750008730693,0.808271497313,0.830868653966,0.862343623278,
    0.905438393228,0.940548903047,1.),.UNSPECIFIED.);
#4330 = CARTESIAN_POINT('',(3.334014448385,-40.69988931114));
#4331 = CARTESIAN_POINT('',(3.334014448385,-40.21882571103));
#4332 = CARTESIAN_POINT('',(3.291827938556,-39.73756239682));
#4333 = CARTESIAN_POINT('',(3.207393179612,-39.26098392639));
#4334 = CARTESIAN_POINT('',(3.082091012275,-38.79326972406));
#4335 = CARTESIAN_POINT('',(2.918147257271,-38.33801969336));
#4336 = CARTESIAN_POINT('',(2.718452636966,-37.8982943743));
#4337 = CARTESIAN_POINT('',(2.349396450963,-37.22761674495));
#4338 = CARTESIAN_POINT('',(2.20103625687,-36.98480013942));
#4339 = CARTESIAN_POINT('',(2.041987195642,-36.74863501749));
#4340 = CARTESIAN_POINT('',(1.872909027297,-36.51947501378));
#4341 = CARTESIAN_POINT('',(1.694458551417,-36.29759528581));
#4342 = CARTESIAN_POINT('',(1.507273129064,-36.08320436729));
#4343 = CARTESIAN_POINT('',(1.072229365723,-35.62268555526));
#4344 = CARTESIAN_POINT('',(0.820263221896,-35.38043779959));
#4345 = CARTESIAN_POINT('',(0.557165183391,-35.14996725723));
#4346 = CARTESIAN_POINT('',(0.283984892001,-34.93143387294));
#4347 = CARTESIAN_POINT('',(1.702452904717E-03,-34.72491780073));
#4348 = CARTESIAN_POINT('',(-0.288785972651,-34.53043721506));
#4349 = CARTESIAN_POINT('',(-0.80425622496,-34.21469537791));
#4350 = CARTESIAN_POINT('',(-1.025775157016,-34.08783478774));
#4351 = CARTESIAN_POINT('',(-1.250925163185,-33.96737536192));
#4352 = CARTESIAN_POINT('',(-1.479408823841,-33.85330120419));
#4353 = CARTESIAN_POINT('',(-1.710946175662,-33.74559094686));
#4354 = CARTESIAN_POINT('',(-1.94527537991,-33.64421918624));
#4355 = CARTESIAN_POINT('',(-2.352217719124,-33.48090957906));
#4356 = CARTESIAN_POINT('',(-2.523594474605,-33.41591452291));
#4357 = CARTESIAN_POINT('',(-2.696192979321,-33.35416250026));
#4358 = CARTESIAN_POINT('',(-2.869925821756,-33.2956434033));
#4359 = CARTESIAN_POINT('',(-3.044708856718,-33.24034726564));
#4360 = CARTESIAN_POINT('',(-3.220461205336,-33.1882642623));
#4361 = CARTESIAN_POINT('',(-3.852550654772,-33.01335743958));
#4362 = CARTESIAN_POINT('',(-4.313892294606,-32.90863505427));
#4363 = CARTESIAN_POINT('',(-4.77984211311,-32.82503745906));
#4364 = CARTESIAN_POINT('',(-5.249171520242,-32.76243708938));
#4365 = CARTESIAN_POINT('',(-5.720707600399,-32.72074008098));
#4366 = CARTESIAN_POINT('',(-6.193332435997,-32.69988931114));
#4367 = CARTESIAN_POINT('',(-7.138638667229,-32.69988931114));
#4368 = CARTESIAN_POINT('',(-7.611263502829,-32.72074008098));
#4369 = CARTESIAN_POINT('',(-8.082799582984,-32.76243708938));
#4370 = CARTESIAN_POINT('',(-8.552128990117,-32.82503745906));
#4371 = CARTESIAN_POINT('',(-9.018078808622,-32.90863505427));
#4372 = CARTESIAN_POINT('',(-9.479420448455,-33.01335743958));
#4373 = CARTESIAN_POINT('',(-10.11150989789,-33.1882642623));
#4374 = CARTESIAN_POINT('',(-10.28726224651,-33.24034726564));
#4375 = CARTESIAN_POINT('',(-10.46204528147,-33.2956434033));
#4376 = CARTESIAN_POINT('',(-10.6357781239,-33.35416250026));
#4377 = CARTESIAN_POINT('',(-10.80837662862,-33.41591452291));
#4378 = CARTESIAN_POINT('',(-10.9797533841,-33.48090957906));
#4379 = CARTESIAN_POINT('',(-11.38669572331,-33.64421918624));
#4380 = CARTESIAN_POINT('',(-11.62102492756,-33.74559094686));
#4381 = CARTESIAN_POINT('',(-11.85256227938,-33.85330120419));
#4382 = CARTESIAN_POINT('',(-12.08104594004,-33.96737536192));
#4383 = CARTESIAN_POINT('',(-12.30619594621,-34.08783478773));
#4384 = CARTESIAN_POINT('',(-12.52771487826,-34.21469537791));
#4385 = CARTESIAN_POINT('',(-13.04318513057,-34.53043721506));
#4386 = CARTESIAN_POINT('',(-13.33367355613,-34.72491780073));
#4387 = CARTESIAN_POINT('',(-13.61595599522,-34.93143387294));
#4388 = CARTESIAN_POINT('',(-13.88913628661,-35.14996725723));
#4389 = CARTESIAN_POINT('',(-14.15223432512,-35.38043779959));
#4390 = CARTESIAN_POINT('',(-14.40420046895,-35.62268555526));
#4391 = CARTESIAN_POINT('',(-14.83924423229,-36.08320436729));
#4392 = CARTESIAN_POINT('',(-15.02642965464,-36.29759528581));
#4393 = CARTESIAN_POINT('',(-15.20488013052,-36.51947501378));
#4394 = CARTESIAN_POINT('',(-15.37395829887,-36.74863501749));
#4395 = CARTESIAN_POINT('',(-15.53300736009,-36.98480013942));
#4396 = CARTESIAN_POINT('',(-15.68136755419,-37.22761674495));
#4397 = CARTESIAN_POINT('',(-15.89347873035,-37.61308168548));
#4398 = CARTESIAN_POINT('',(-15.96515831734,-37.75138777323));
#4399 = CARTESIAN_POINT('',(-16.03333007498,-37.89148145769));
#4400 = CARTESIAN_POINT('',(-16.09789021634,-38.03328046739));
#4401 = CARTESIAN_POINT('',(-16.15873840195,-38.17669433504));
#4402 = CARTESIAN_POINT('',(-16.21577901028,-38.32162384197));
#4403 = CARTESIAN_POINT('',(-16.38004858074,-38.77395949812));
#4404 = CARTESIAN_POINT('',(-16.47415253176,-39.086161626));
#4405 = CARTESIAN_POINT('',(-16.5503794852,-39.40350813464));
#4406 = CARTESIAN_POINT('',(-16.60805137034,-39.72484814319));
#4407 = CARTESIAN_POINT('',(-16.64667689522,-40.04893743761));
#4408 = CARTESIAN_POINT('',(-16.66598555161,-40.37443386855));
#4409 = CARTESIAN_POINT('',(-16.66598555161,-40.92326261697));
#4410 = CARTESIAN_POINT('',(-16.65688979973,-41.14664320977));
#4411 = CARTESIAN_POINT('',(-16.63869797806,-41.36957571346));
#4412 = CARTESIAN_POINT('',(-16.61146721462,-41.59162111116));
#4413 = CARTESIAN_POINT('',(-16.57530810639,-41.81235651508));
#4414 = CARTESIAN_POINT('',(-16.53038074228,-42.03137493646));
#4415 = CARTESIAN_POINT('',(-16.41517383528,-42.49855639714));
#4416 = CARTESIAN_POINT('',(-16.34205413386,-42.74603694237));
#4417 = CARTESIAN_POINT('',(-16.25784421833,-42.99013264419));
#4418 = CARTESIAN_POINT('',(-16.16292662788,-43.23032101132));
#4419 = CARTESIAN_POINT('',(-16.0577327501,-43.46614334875));
#4420 = CARTESIAN_POINT('',(-15.94272714363,-43.69719888659));
#4421 = CARTESIAN_POINT('',(-15.68136755419,-44.17216187733));
#4422 = CARTESIAN_POINT('',(-15.5330073601,-44.41497848286));
#4423 = CARTESIAN_POINT('',(-15.37395829887,-44.65114360479));
#4424 = CARTESIAN_POINT('',(-15.20488013052,-44.8803036085));
#4425 = CARTESIAN_POINT('',(-15.02642965464,-45.10218333647));
#4426 = CARTESIAN_POINT('',(-14.83924423229,-45.31657425498));
#4427 = CARTESIAN_POINT('',(-14.40420046895,-45.77709306702));
#4428 = CARTESIAN_POINT('',(-14.15223432512,-46.01934082269));
#4429 = CARTESIAN_POINT('',(-13.88913628662,-46.24981136505));
#4430 = CARTESIAN_POINT('',(-13.61595599523,-46.46834474934));
#4431 = CARTESIAN_POINT('',(-13.33367355613,-46.67486082155));
#4432 = CARTESIAN_POINT('',(-13.04318513057,-46.86934140722));
#4433 = CARTESIAN_POINT('',(-12.52771487827,-47.18508324437));
#4434 = CARTESIAN_POINT('',(-12.30619594621,-47.31194383454));
#4435 = CARTESIAN_POINT('',(-12.08104594004,-47.43240326036));
#4436 = CARTESIAN_POINT('',(-11.85256227938,-47.54647741809));
#4437 = CARTESIAN_POINT('',(-11.62102492756,-47.65418767542));
#4438 = CARTESIAN_POINT('',(-11.38669572332,-47.75555943604));
#4439 = CARTESIAN_POINT('',(-10.9797533841,-47.91886904322));
#4440 = CARTESIAN_POINT('',(-10.80837662862,-47.98386409937));
#4441 = CARTESIAN_POINT('',(-10.6357781239,-48.04561612202));
#4442 = CARTESIAN_POINT('',(-10.46204528147,-48.10413521898));
#4443 = CARTESIAN_POINT('',(-10.28726224651,-48.15943135664));
#4444 = CARTESIAN_POINT('',(-10.11150989789,-48.21151435998));
#4445 = CARTESIAN_POINT('',(-9.479420448458,-48.3864211827));
#4446 = CARTESIAN_POINT('',(-9.018078808624,-48.49114356801));
#4447 = CARTESIAN_POINT('',(-8.552128990119,-48.57474116322));
#4448 = CARTESIAN_POINT('',(-8.082799582987,-48.6373415329));
#4449 = CARTESIAN_POINT('',(-7.611263502831,-48.6790385413));
#4450 = CARTESIAN_POINT('',(-7.138638667232,-48.69988931114));
#4451 = CARTESIAN_POINT('',(-6.193332436,-48.69988931114));
#4452 = CARTESIAN_POINT('',(-5.720707600401,-48.6790385413));
#4453 = CARTESIAN_POINT('',(-5.249171520245,-48.6373415329));
#4454 = CARTESIAN_POINT('',(-4.779842113113,-48.57474116322));
#4455 = CARTESIAN_POINT('',(-4.313892294607,-48.49114356801));
#4456 = CARTESIAN_POINT('',(-3.852550654774,-48.3864211827));
#4457 = CARTESIAN_POINT('',(-3.220461205338,-48.21151435998));
#4458 = CARTESIAN_POINT('',(-3.044708856719,-48.15943135664));
#4459 = CARTESIAN_POINT('',(-2.869925821757,-48.10413521898));
#4460 = CARTESIAN_POINT('',(-2.696192979322,-48.04561612202));
#4461 = CARTESIAN_POINT('',(-2.523594474607,-47.98386409937));
#4462 = CARTESIAN_POINT('',(-2.352217719125,-47.91886904322));
#4463 = CARTESIAN_POINT('',(-1.945275379911,-47.75555943604));
#4464 = CARTESIAN_POINT('',(-1.710946175663,-47.65418767542));
#4465 = CARTESIAN_POINT('',(-1.479408823843,-47.54647741809));
#4466 = CARTESIAN_POINT('',(-1.250925163187,-47.43240326036));
#4467 = CARTESIAN_POINT('',(-1.025775157017,-47.31194383454));
#4468 = CARTESIAN_POINT('',(-0.804256224961,-47.18508324437));
#4469 = CARTESIAN_POINT('',(-0.288785972653,-46.86934140722));
#4470 = CARTESIAN_POINT('',(1.702452903391E-03,-46.67486082155));
#4471 = CARTESIAN_POINT('',(0.283984891999,-46.46834474934));
#4472 = CARTESIAN_POINT('',(0.557165183389,-46.24981136505));
#4473 = CARTESIAN_POINT('',(0.820263221895,-46.01934082269));
#4474 = CARTESIAN_POINT('',(1.072229365722,-45.77709306702));
#4475 = CARTESIAN_POINT('',(1.507273129063,-45.31657425499));
#4476 = CARTESIAN_POINT('',(1.694458551417,-45.10218333647));
#4477 = CARTESIAN_POINT('',(1.872909027296,-44.8803036085));
#4478 = CARTESIAN_POINT('',(2.041987195641,-44.65114360479));
#4479 = CARTESIAN_POINT('',(2.20103625687,-44.41497848286));
#4480 = CARTESIAN_POINT('',(2.349396450962,-44.17216187733));
#4481 = CARTESIAN_POINT('',(2.718452636966,-43.50148424798));
#4482 = CARTESIAN_POINT('',(2.91814725727,-43.06175892893));
#4483 = CARTESIAN_POINT('',(3.082091012276,-42.60650889821));
#4484 = CARTESIAN_POINT('',(3.207393179612,-42.13879469589));
#4485 = CARTESIAN_POINT('',(3.291827938555,-41.66221622546));
#4486 = CARTESIAN_POINT('',(3.334014448385,-41.18095291125));
#4487 = CARTESIAN_POINT('',(3.334014448385,-40.69988931114));
#4488 = ( GEOMETRIC_REPRESENTATION_CONTEXT(2) 
PARAMETRIC_REPRESENTATION_CONTEXT() REPRESENTATION_CONTEXT('2D SPACE',''
  ) );
#4489 = PCURVE('',#4490,#4498);
#4490 = SURFACE_OF_LINEAR_EXTRUSION('',#4491,#4496);
#4491 = ELLIPSE('',#4492,10.,8.);
#4492 = AXIS2_PLACEMENT_3D('',#4493,#4494,#4495);
#4493 = CARTESIAN_POINT('',(-5.,-43.,252.));
#4494 = DIRECTION('',(0.,-1.,0.));
#4495 = DIRECTION('',(1.110223024625E-16,0.,1.));
#4496 = VECTOR('',#4497,1.);
#4497 = DIRECTION('',(-0.,1.,-0.));
#4498 = DEFINITIONAL_REPRESENTATION('',(#4499),#4658);
#4499 = B_SPLINE_CURVE_WITH_KNOTS('',7,(#4500,#4501,#4502,#4503,#4504,
    #4505,#4506,#4507,#4508,#4509,#4510,#4511,#4512,#4513,#4514,#4515,
    #4516,#4517,#4518,#4519,#4520,#4521,#4522,#4523,#4524,#4525,#4526,
    #4527,#4528,#4529,#4530,#4531,#4532,#4533,#4534,#4535,#4536,#4537,
    #4538,#4539,#4540,#4541,#4542,#4543,#4544,#4545,#4546,#4547,#4548,
    #4549,#4550,#4551,#4552,#4553,#4554,#4555,#4556,#4557,#4558,#4559,
    #4560,#4561,#4562,#4563,#4564,#4565,#4566,#4567,#4568,#4569,#4570,
    #4571,#4572,#4573,#4574,#4575,#4576,#4577,#4578,#4579,#4580,#4581,
    #4582,#4583,#4584,#4585,#4586,#4587,#4588,#4589,#4590,#4591,#4592,
    #4593,#4594,#4595,#4596,#4597,#4598,#4599,#4600,#4601,#4602,#4603,
    #4604,#4605,#4606,#4607,#4608,#4609,#4610,#4611,#4612,#4613,#4614,
    #4615,#4616,#4617,#4618,#4619,#4620,#4621,#4622,#4623,#4624,#4625,
    #4626,#4627,#4628,#4629,#4630,#4631,#4632,#4633,#4634,#4635,#4636,
    #4637,#4638,#4639,#4640,#4641,#4642,#4643,#4644,#4645,#4646,#4647,
    #4648,#4649,#4650,#4651,#4652,#4653,#4654,#4655,#4656,#4657),
  .UNSPECIFIED.,.F.,.F.,(8,6,6,6,6,6,6,6,6,6,6,6,6,6,6,6,6,6,6,6,6,6,6,6
    ,6,6,8),(0.,5.945174336054E-02,9.456263493245E-02,0.137657873449,
    0.169133184986,0.191730587336,0.249993987442,0.308257387547,
    0.330854789897,0.362330101434,0.40542533995,0.440536231522,
    0.459774223609,0.500002069417,0.527612075977,0.55946855834,
    0.594579068159,0.637673838109,0.669148807421,0.691745964074,
    0.750008730693,0.808271497313,0.830868653966,0.862343623278,
    0.905438393228,0.940548903047,1.),.UNSPECIFIED.);
#4500 = CARTESIAN_POINT('',(6.28318530718,-1.));
#4501 = CARTESIAN_POINT('',(6.223052357166,-1.));
#4502 = CARTESIAN_POINT('',(6.162894458154,-1.));
#4503 = CARTESIAN_POINT('',(6.102966913006,-1.));
#4504 = CARTESIAN_POINT('',(6.043436121437,-1.));
#4505 = CARTESIAN_POINT('',(5.984435935527,-1.));
#4506 = CARTESIAN_POINT('',(5.926083251679,-1.));
#4507 = CARTESIAN_POINT('',(5.834484767939,-1.));
#4508 = CARTESIAN_POINT('',(5.80072777334,-1.));
#4509 = CARTESIAN_POINT('',(5.767236814829,-1.));
#4510 = CARTESIAN_POINT('',(5.734019020384,-1.));
#4511 = CARTESIAN_POINT('',(5.701077378872,-1.));
#4512 = CARTESIAN_POINT('',(5.668411434422,-1.));
#4513 = CARTESIAN_POINT('',(5.596256442294,-1.));
#4514 = CARTESIAN_POINT('',(5.556906720983,-1.));
#4515 = CARTESIAN_POINT('',(5.517957483971,-1.));
#4516 = CARTESIAN_POINT('',(5.479395097748,-1.));
#4517 = CARTESIAN_POINT('',(5.441202556347,-1.));
#4518 = CARTESIAN_POINT('',(5.403359169755,-1.));
#4519 = CARTESIAN_POINT('',(5.338437698011,-1.));
#4520 = CARTESIAN_POINT('',(5.311209009173,-1.));
#4521 = CARTESIAN_POINT('',(5.284144837824,-1.));
#4522 = CARTESIAN_POINT('',(5.257235905014,-1.));
#4523 = CARTESIAN_POINT('',(5.230472806037,-1.));
#4524 = CARTESIAN_POINT('',(5.20384581562,-1.));
#4525 = CARTESIAN_POINT('',(5.158318462756,-1.));
#4526 = CARTESIAN_POINT('',(5.139357240536,-1.));
#4527 = CARTESIAN_POINT('',(5.12045735906,-1.));
#4528 = CARTESIAN_POINT('',(5.101615148331,-1.));
#4529 = CARTESIAN_POINT('',(5.082826935753,-1.));
#4530 = CARTESIAN_POINT('',(5.06408904613,-1.));
#4531 = CARTESIAN_POINT('',(4.997205737911,-1.));
#4532 = CARTESIAN_POINT('',(4.949326960885,-1.));
#4533 = CARTESIAN_POINT('',(4.901693144395,-1.));
#4534 = CARTESIAN_POINT('',(4.854242797143,-1.));
#4535 = CARTESIAN_POINT('',(4.806916796395,-1.));
#4536 = CARTESIAN_POINT('',(4.759654291946,-1.));
#4537 = CARTESIAN_POINT('',(4.665123668823,-1.));
#4538 = CARTESIAN_POINT('',(4.617861164375,-1.));
#4539 = CARTESIAN_POINT('',(4.570535163627,-1.));
#4540 = CARTESIAN_POINT('',(4.523084816374,-1.));
#4541 = CARTESIAN_POINT('',(4.475450999884,-1.));
#4542 = CARTESIAN_POINT('',(4.427572222858,-1.));
#4543 = CARTESIAN_POINT('',(4.36068891464,-1.));
#4544 = CARTESIAN_POINT('',(4.341951025017,-1.));
#4545 = CARTESIAN_POINT('',(4.323162812439,-1.));
#4546 = CARTESIAN_POINT('',(4.30432060171,-1.));
#4547 = CARTESIAN_POINT('',(4.285420720233,-1.));
#4548 = CARTESIAN_POINT('',(4.266459498013,-1.));
#4549 = CARTESIAN_POINT('',(4.22093214515,-1.));
#4550 = CARTESIAN_POINT('',(4.194305154733,-1.));
#4551 = CARTESIAN_POINT('',(4.167542055756,-1.));
#4552 = CARTESIAN_POINT('',(4.140633122946,-1.));
#4553 = CARTESIAN_POINT('',(4.113568951596,-1.));
#4554 = CARTESIAN_POINT('',(4.086340262759,-1.));
#4555 = CARTESIAN_POINT('',(4.021418791015,-1.));
#4556 = CARTESIAN_POINT('',(3.983575404423,-1.));
#4557 = CARTESIAN_POINT('',(3.945382863021,-1.));
#4558 = CARTESIAN_POINT('',(3.906820476798,-1.));
#4559 = CARTESIAN_POINT('',(3.867871239786,-1.));
#4560 = CARTESIAN_POINT('',(3.828521518475,-1.));
#4561 = CARTESIAN_POINT('',(3.756366526347,-1.));
#4562 = CARTESIAN_POINT('',(3.723700581897,-1.));
#4563 = CARTESIAN_POINT('',(3.690758940386,-1.));
#4564 = CARTESIAN_POINT('',(3.657541145941,-1.));
#4565 = CARTESIAN_POINT('',(3.624050187429,-1.));
#4566 = CARTESIAN_POINT('',(3.59029319283,-1.));
#4567 = CARTESIAN_POINT('',(3.537647924013,-1.));
#4568 = CARTESIAN_POINT('',(3.518936976956,-1.));
#4569 = CARTESIAN_POINT('',(3.500152288606,-1.));
#4570 = CARTESIAN_POINT('',(3.481296486013,-1.));
#4571 = CARTESIAN_POINT('',(3.46237265413,-1.));
#4572 = CARTESIAN_POINT('',(3.443384412578,-1.));
#4573 = CARTESIAN_POINT('',(3.384504553362,-1.));
#4574 = CARTESIAN_POINT('',(3.344403433858,-1.));
#4575 = CARTESIAN_POINT('',(3.304080274806,-1.));
#4576 = CARTESIAN_POINT('',(3.263582802654,-1.));
#4577 = CARTESIAN_POINT('',(3.222961625638,-1.));
#4578 = CARTESIAN_POINT('',(3.182274583914,-1.));
#4579 = CARTESIAN_POINT('',(3.113670990361,-1.));
#4580 = CARTESIAN_POINT('',(3.085748424159,-1.));
#4581 = CARTESIAN_POINT('',(3.057846290305,-1.));
#4582 = CARTESIAN_POINT('',(3.029983945288,-1.));
#4583 = CARTESIAN_POINT('',(3.002179451691,-1.));
#4584 = CARTESIAN_POINT('',(2.974450263108,-1.));
#4585 = CARTESIAN_POINT('',(2.914927026926,-1.));
#4586 = CARTESIAN_POINT('',(2.883161699316,-1.));
#4587 = CARTESIAN_POINT('',(2.851543859522,-1.));
#4588 = CARTESIAN_POINT('',(2.820093882329,-1.));
#4589 = CARTESIAN_POINT('',(2.78882826086,-1.));
#4590 = CARTESIAN_POINT('',(2.757760670985,-1.));
#4591 = CARTESIAN_POINT('',(2.69289211435,-1.));
#4592 = CARTESIAN_POINT('',(2.65913511975,-1.));
#4593 = CARTESIAN_POINT('',(2.625644161239,-1.));
#4594 = CARTESIAN_POINT('',(2.592426366794,-1.));
#4595 = CARTESIAN_POINT('',(2.559484725283,-1.));
#4596 = CARTESIAN_POINT('',(2.526818780832,-1.));
#4597 = CARTESIAN_POINT('',(2.454663788705,-1.));
#4598 = CARTESIAN_POINT('',(2.415314067394,-1.));
#4599 = CARTESIAN_POINT('',(2.376364830382,-1.));
#4600 = CARTESIAN_POINT('',(2.337802444159,-1.));
#4601 = CARTESIAN_POINT('',(2.299609902757,-1.));
#4602 = CARTESIAN_POINT('',(2.261766516165,-1.));
#4603 = CARTESIAN_POINT('',(2.196845044421,-1.));
#4604 = CARTESIAN_POINT('',(2.169616355583,-1.));
#4605 = CARTESIAN_POINT('',(2.142552184234,-1.));
#4606 = CARTESIAN_POINT('',(2.115643251424,-1.));
#4607 = CARTESIAN_POINT('',(2.088880152447,-1.));
#4608 = CARTESIAN_POINT('',(2.06225316203,-1.));
#4609 = CARTESIAN_POINT('',(2.016725809167,-1.));
#4610 = CARTESIAN_POINT('',(1.997764586946,-1.));
#4611 = CARTESIAN_POINT('',(1.97886470547,-1.));
#4612 = CARTESIAN_POINT('',(1.960022494741,-1.));
#4613 = CARTESIAN_POINT('',(1.941234282163,-1.));
#4614 = CARTESIAN_POINT('',(1.92249639254,-1.));
#4615 = CARTESIAN_POINT('',(1.855613084321,-1.));
#4616 = CARTESIAN_POINT('',(1.807734307296,-1.));
#4617 = CARTESIAN_POINT('',(1.760100490805,-1.));
#4618 = CARTESIAN_POINT('',(1.712650143553,-1.));
#4619 = CARTESIAN_POINT('',(1.665324142805,-1.));
#4620 = CARTESIAN_POINT('',(1.618061638357,-1.));
#4621 = CARTESIAN_POINT('',(1.523531015233,-1.));
#4622 = CARTESIAN_POINT('',(1.476268510785,-1.));
#4623 = CARTESIAN_POINT('',(1.428942510037,-1.));
#4624 = CARTESIAN_POINT('',(1.381492162785,-1.));
#4625 = CARTESIAN_POINT('',(1.333858346294,-1.));
#4626 = CARTESIAN_POINT('',(1.285979569269,-1.));
#4627 = CARTESIAN_POINT('',(1.21909626105,-1.));
#4628 = CARTESIAN_POINT('',(1.200358371427,-1.));
#4629 = CARTESIAN_POINT('',(1.181570158849,-1.));
#4630 = CARTESIAN_POINT('',(1.16272794812,-1.));
#4631 = CARTESIAN_POINT('',(1.143828066644,-1.));
#4632 = CARTESIAN_POINT('',(1.124866844423,-1.));
#4633 = CARTESIAN_POINT('',(1.07933949156,-1.));
#4634 = CARTESIAN_POINT('',(1.052712501143,-1.));
#4635 = CARTESIAN_POINT('',(1.025949402166,-1.));
#4636 = CARTESIAN_POINT('',(0.999040469356,-1.));
#4637 = CARTESIAN_POINT('',(0.971976298007,-1.));
#4638 = CARTESIAN_POINT('',(0.944747609169,-1.));
#4639 = CARTESIAN_POINT('',(0.879826137425,-1.));
#4640 = CARTESIAN_POINT('',(0.841982750833,-1.));
#4641 = CARTESIAN_POINT('',(0.803790209431,-1.));
#4642 = CARTESIAN_POINT('',(0.765227823208,-1.));
#4643 = CARTESIAN_POINT('',(0.726278586196,-1.));
#4644 = CARTESIAN_POINT('',(0.686928864885,-1.));
#4645 = CARTESIAN_POINT('',(0.614773872758,-1.));
#4646 = CARTESIAN_POINT('',(0.582107928307,-1.));
#4647 = CARTESIAN_POINT('',(0.549166286796,-1.));
#4648 = CARTESIAN_POINT('',(0.515948492351,-1.));
#4649 = CARTESIAN_POINT('',(0.48245753384,-1.));
#4650 = CARTESIAN_POINT('',(0.448700539241,-1.));
#4651 = CARTESIAN_POINT('',(0.357102055501,-1.));
#4652 = CARTESIAN_POINT('',(0.298749371654,-1.));
#4653 = CARTESIAN_POINT('',(0.239749185741,-1.));
#4654 = CARTESIAN_POINT('',(0.180218394176,-1.));
#4655 = CARTESIAN_POINT('',(0.120290849025,-1.));
#4656 = CARTESIAN_POINT('',(6.01329500138E-02,-1.));
#4657 = CARTESIAN_POINT('',(0.,-1.));
#4658 = ( GEOMETRIC_REPRESENTATION_CONTEXT(2) 
PARAMETRIC_REPRESENTATION_CONTEXT() REPRESENTATION_CONTEXT('2D SPACE',''
  ) );
#4659 = FACE_BOUND('',#4660,.T.);
#4660 = EDGE_LOOP('',(#4661));
#4661 = ORIENTED_EDGE('',*,*,#4662,.F.);
#4662 = EDGE_CURVE('',#4663,#4663,#4665,.T.);
#4663 = VERTEX_POINT('',#4664);
#4664 = CARTESIAN_POINT('',(37.2,-44.,280.));
#4665 = SURFACE_CURVE('',#4666,(#4671,#4678),.PCURVE_S1.);
#4666 = CIRCLE('',#4667,1.2);
#4667 = AXIS2_PLACEMENT_3D('',#4668,#4669,#4670);
#4668 = CARTESIAN_POINT('',(36.,-44.,280.));
#4669 = DIRECTION('',(-0.,1.,0.));
#4670 = DIRECTION('',(1.,0.,0.));
#4671 = PCURVE('',#3989,#4672);
#4672 = DEFINITIONAL_REPRESENTATION('',(#4673),#4677);
#4673 = CIRCLE('',#4674,1.2);
#4674 = AXIS2_PLACEMENT_2D('',#4675,#4676);
#4675 = CARTESIAN_POINT('',(21.334014448385,0.300110688856));
#4676 = DIRECTION('',(0.,1.));
#4677 = ( GEOMETRIC_REPRESENTATION_CONTEXT(2) 
PARAMETRIC_REPRESENTATION_CONTEXT() REPRESENTATION_CONTEXT('2D SPACE',''
  ) );
#4678 = PCURVE('',#4679,#4684);
#4679 = CYLINDRICAL_SURFACE('',#4680,1.2);
#4680 = AXIS2_PLACEMENT_3D('',#4681,#4682,#4683);
#4681 = CARTESIAN_POINT('',(36.,-43.,280.));
#4682 = DIRECTION('',(-0.,1.,-0.));
#4683 = DIRECTION('',(1.,0.,0.));
#4684 = DEFINITIONAL_REPRESENTATION('',(#4685),#4689);
#4685 = LINE('',#4686,#4687);
#4686 = CARTESIAN_POINT('',(-6.28318530718,-1.));
#4687 = VECTOR('',#4688,1.);
#4688 = DIRECTION('',(1.,-0.));
#4689 = ( GEOMETRIC_REPRESENTATION_CONTEXT(2) 
PARAMETRIC_REPRESENTATION_CONTEXT() REPRESENTATION_CONTEXT('2D SPACE',''
  ) );
#4690 = FACE_BOUND('',#4691,.T.);
#4691 = EDGE_LOOP('',(#4692));
#4692 = ORIENTED_EDGE('',*,*,#4693,.F.);
#4693 = EDGE_CURVE('',#4694,#4694,#4696,.T.);
#4694 = VERTEX_POINT('',#4695);
#4695 = CARTESIAN_POINT('',(81.,-44.,263.));
#4696 = SURFACE_CURVE('',#4697,(#4868,#5042),.PCURVE_S1.);
#4697 = B_SPLINE_CURVE_WITH_KNOTS('',7,(#4698,#4699,#4700,#4701,#4702,
    #4703,#4704,#4705,#4706,#4707,#4708,#4709,#4710,#4711,#4712,#4713,
    #4714,#4715,#4716,#4717,#4718,#4719,#4720,#4721,#4722,#4723,#4724,
    #4725,#4726,#4727,#4728,#4729,#4730,#4731,#4732,#4733,#4734,#4735,
    #4736,#4737,#4738,#4739,#4740,#4741,#4742,#4743,#4744,#4745,#4746,
    #4747,#4748,#4749,#4750,#4751,#4752,#4753,#4754,#4755,#4756,#4757,
    #4758,#4759,#4760,#4761,#4762,#4763,#4764,#4765,#4766,#4767,#4768,
    #4769,#4770,#4771,#4772,#4773,#4774,#4775,#4776,#4777,#4778,#4779,
    #4780,#4781,#4782,#4783,#4784,#4785,#4786,#4787,#4788,#4789,#4790,
    #4791,#4792,#4793,#4794,#4795,#4796,#4797,#4798,#4799,#4800,#4801,
    #4802,#4803,#4804,#4805,#4806,#4807,#4808,#4809,#4810,#4811,#4812,
    #4813,#4814,#4815,#4816,#4817,#4818,#4819,#4820,#4821,#4822,#4823,
    #4824,#4825,#4826,#4827,#4828,#4829,#4830,#4831,#4832,#4833,#4834,
    #4835,#4836,#4837,#4838,#4839,#4840,#4841,#4842,#4843,#4844,#4845,
    #4846,#4847,#4848,#4849,#4850,#4851,#4852,#4853,#4854,#4855,#4856,
    #4857,#4858,#4859,#4860,#4861,#4862,#4863,#4864,#4865,#4866,#4867),
  .UNSPECIFIED.,.T.,.F.,(8,6,6,6,6,6,6,6,6,6,6,6,6,6,6,6,6,6,6,6,6,6,6,6
    ,6,6,6,6,8),(0.,2.280861663072E-02,3.979282869297E-02,
    6.772934262884E-02,9.758875672366E-02,0.12797711889,0.186107942007,
    0.249976514119,0.310022261816,0.367395369596,0.39821168733,
    0.42860615339,0.468204142801,0.486912630164,0.499971327052,
    0.514941199431,0.539772039932,0.567711669401,0.597574413474,
    0.627966164607,0.686103470583,0.749979165438,0.81003160955,
    0.867411115687,0.898230870115,0.928628725823,0.968231131277,
    0.980496761682,1.),.UNSPECIFIED.);
#4698 = CARTESIAN_POINT('',(81.,-44.,263.));
#4699 = CARTESIAN_POINT('',(81.,-44.,262.8003943804));
#4700 = CARTESIAN_POINT('',(80.983214238898,-44.,262.60070328533));
#4701 = CARTESIAN_POINT('',(80.949618450735,-44.,262.40283274978));
#4702 = CARTESIAN_POINT('',(80.90000851633,-44.,262.20826826955));
#4703 = CARTESIAN_POINT('',(80.835658545934,-44.,262.01814866289));
#4704 = CARTESIAN_POINT('',(80.758075356878,-44.,261.83332083342));
#4705 = CARTESIAN_POINT('',(80.602408074889,-44.,261.52112550268));
#4706 = CARTESIAN_POINT('',(80.529473230244,-44.,261.3910621681));
#4707 = CARTESIAN_POINT('',(80.450637046876,-44.,261.26433379087));
#4708 = CARTESIAN_POINT('',(80.366478092575,-44.,261.14100764333));
#4709 = CARTESIAN_POINT('',(80.27753184589,-44.,261.02108871122));
#4710 = CARTESIAN_POINT('',(80.184270831953,-44.,260.90453261969));
#4711 = CARTESIAN_POINT('',(79.927253337942,-44.,260.60492396322));
#4712 = CARTESIAN_POINT('',(79.756891172997,-44.,260.42754313946));
#4713 = CARTESIAN_POINT('',(79.577745637237,-44.,260.25864959085));
#4714 = CARTESIAN_POINT('',(79.391246932277,-44.,260.09779463517));
#4715 = CARTESIAN_POINT('',(79.198544195068,-44.,259.94451592343));
#4716 = CARTESIAN_POINT('',(79.000513410811,-44.,259.79833046743));
#4717 = CARTESIAN_POINT('',(78.581023317804,-44.,259.50955440711));
#4718 = CARTESIAN_POINT('',(78.358984626867,-44.,259.36796858208));
#4719 = CARTESIAN_POINT('',(78.1324392869,-44.,259.23342936831));
#4720 = CARTESIAN_POINT('',(77.902039759742,-44.,259.10548048943));
#4721 = CARTESIAN_POINT('',(77.668310314448,-44.,258.98372316206));
#4722 = CARTESIAN_POINT('',(77.43166108289,-44.,258.86779297171));
#4723 = CARTESIAN_POINT('',(76.948876599799,-44.,258.64496936413));
#4724 = CARTESIAN_POINT('',(76.702682255367,-44.,258.53828809851));
#4725 = CARTESIAN_POINT('',(76.454146534892,-44.,258.4369761438));
#4726 = CARTESIAN_POINT('',(76.203555251403,-44.,258.34075131521));
#4727 = CARTESIAN_POINT('',(75.951146715737,-44.,258.24936925524));
#4728 = CARTESIAN_POINT('',(75.697116323685,-44.,258.1626124103));
#4729 = CARTESIAN_POINT('',(74.952866408516,-44.,257.92280521853));
#4730 = CARTESIAN_POINT('',(74.458820648388,-44.,257.78156519547));
#4731 = CARTESIAN_POINT('',(73.960549562024,-44.,257.65519992895));
#4732 = CARTESIAN_POINT('',(73.458892418269,-44.,257.54275555776));
#4733 = CARTESIAN_POINT('',(72.954516322563,-44.,257.44347030558));
#4734 = CARTESIAN_POINT('',(72.447922865687,-44.,257.35674787925));
#4735 = CARTESIAN_POINT('',(71.380806641531,-44.,257.20013433688));
#4736 = CARTESIAN_POINT('',(70.819986488881,-44.,257.13276257707));
#4737 = CARTESIAN_POINT('',(70.257523343221,-44.,257.07939629703));
#4738 = CARTESIAN_POINT('',(69.693889354044,-44.,257.03963191378));
#4739 = CARTESIAN_POINT('',(69.129510134648,-44.,257.0132116332));
#4740 = CARTESIAN_POINT('',(68.564767738253,-44.,257.));
#4741 = CARTESIAN_POINT('',(67.469036178565,-44.,257.));
#4742 = CARTESIAN_POINT('',(66.938090435678,-44.,257.01167736535));
#4743 = CARTESIAN_POINT('',(66.407448130553,-44.,257.03503015323));
#4744 = CARTESIAN_POINT('',(65.877426613329,-44.,257.07016350005));
#4745 = CARTESIAN_POINT('',(65.348374924655,-44.,257.11727911199));
#4746 = CARTESIAN_POINT('',(64.820675744172,-44.,257.1766912581));
#4747 = CARTESIAN_POINT('',(63.792232437124,-44.,257.31783462613));
#4748 = CARTESIAN_POINT('',(63.291395891113,-44.,257.39844700718));
#4749 = CARTESIAN_POINT('',(62.792563188342,-44.,257.49111378747));
#4750 = CARTESIAN_POINT('',(62.296194132863,-44.,257.59637601561));
#4751 = CARTESIAN_POINT('',(61.802882757271,-44.,257.71490097695));
#4752 = CARTESIAN_POINT('',(61.313374612125,-44.,257.84755112795));
#4753 = CARTESIAN_POINT('',(60.568222893785,-44.,258.07501167797));
#4754 = CARTESIAN_POINT('',(60.30922800456,-44.,258.15891055206));
#4755 = CARTESIAN_POINT('',(60.051764395952,-44.,258.24741143854));
#4756 = CARTESIAN_POINT('',(59.796015933155,-44.,258.34072339682));
#4757 = CARTESIAN_POINT('',(59.542205988934,-44.,258.43908180318));
#4758 = CARTESIAN_POINT('',(59.290601562196,-44.,258.54275875711));
#4759 = CARTESIAN_POINT('',(58.795849147912,-44.,258.75990714027));
#4760 = CARTESIAN_POINT('',(58.552663528444,-44.,258.87321175202));
#4761 = CARTESIAN_POINT('',(58.312242996442,-44.,258.99231625023));
#4762 = CARTESIAN_POINT('',(58.074972401351,-44.,259.11757697533));
#4763 = CARTESIAN_POINT('',(57.841342482068,-44.,259.24938651021));
#4764 = CARTESIAN_POINT('',(57.611963162769,-44.,259.38819672657));
#4765 = CARTESIAN_POINT('',(57.095275462992,-44.,259.72525115654));
#4766 = CARTESIAN_POINT('',(56.811874036919,-44.,259.92849316794));
#4767 = CARTESIAN_POINT('',(56.538501653387,-44.,260.14579362856));
#4768 = CARTESIAN_POINT('',(56.277539094723,-44.,260.37857360276));
#4769 = CARTESIAN_POINT('',(56.032611259148,-44.,260.62812961717));
#4770 = CARTESIAN_POINT('',(55.808489386142,-44.,260.89553476762));
#4771 = CARTESIAN_POINT('',(55.518089502875,-44.,261.31703191881));
#4772 = CARTESIAN_POINT('',(55.430985361695,-44.,261.45638087989));
#4773 = CARTESIAN_POINT('',(55.350647687485,-44.,261.59983755443));
#4774 = CARTESIAN_POINT('',(55.277859684421,-44.,261.74729857847));
#4775 = CARTESIAN_POINT('',(55.213460633923,-44.,261.89853743255));
#4776 = CARTESIAN_POINT('',(55.158274225713,-44.,262.05317152278));
#4777 = CARTESIAN_POINT('',(55.081399524279,-44.,262.3205100401));
#4778 = CARTESIAN_POINT('',(55.054626427609,-44.,262.43178008517));
#4779 = CARTESIAN_POINT('',(55.032926502262,-44.,262.54420047023));
#4780 = CARTESIAN_POINT('',(55.01650208338,-44.,262.65752247095));
#4781 = CARTESIAN_POINT('',(55.00550021167,-44.,262.77147059125));
#4782 = CARTESIAN_POINT('',(55.,-44.,262.88574100535));
#4783 = CARTESIAN_POINT('',(55.,-44.,263.13098110651));
#4784 = CARTESIAN_POINT('',(55.007228153791,-44.,263.26198229997));
#4785 = CARTESIAN_POINT('',(55.021687023892,-44.,263.39249312356));
#4786 = CARTESIAN_POINT('',(55.043238612751,-44.,263.52206052575));
#4787 = CARTESIAN_POINT('',(55.071631315274,-44.,263.6502850873));
#4788 = CARTESIAN_POINT('',(55.106526871356,-44.,263.77681724823));
#4789 = CARTESIAN_POINT('',(55.2155356177,-44.,264.10792447855));
#4790 = CARTESIAN_POINT('',(55.30032990659,-44.,264.30897423741));
#4791 = CARTESIAN_POINT('',(55.400170230065,-44.,264.50340229992));
#4792 = CARTESIAN_POINT('',(55.513066437434,-44.,264.69066161613));
#4793 = CARTESIAN_POINT('',(55.637160468092,-44.,264.87055232129));
#4794 = CARTESIAN_POINT('',(55.770849903878,-44.,265.04315103471));
#4795 = CARTESIAN_POINT('',(56.072746662057,-44.,265.39507603677));
#4796 = CARTESIAN_POINT('',(56.243108827005,-44.,265.57245686053));
#4797 = CARTESIAN_POINT('',(56.422254362761,-44.,265.74135040914));
#4798 = CARTESIAN_POINT('',(56.608753067721,-44.,265.90220536482));
#4799 = CARTESIAN_POINT('',(56.801455804934,-44.,266.05548407656));
#4800 = CARTESIAN_POINT('',(56.999486589188,-44.,266.20166953256));
#4801 = CARTESIAN_POINT('',(57.418976682195,-44.,266.49044559288));
#4802 = CARTESIAN_POINT('',(57.641015373132,-44.,266.63203141791));
#4803 = CARTESIAN_POINT('',(57.867560713099,-44.,266.76657063168));
#4804 = CARTESIAN_POINT('',(58.097960240257,-44.,266.89451951056));
#4805 = CARTESIAN_POINT('',(58.331689685551,-44.,267.01627683793));
#4806 = CARTESIAN_POINT('',(58.56833891711,-44.,267.13220702828));
#4807 = CARTESIAN_POINT('',(59.051123400199,-44.,267.35503063586));
#4808 = CARTESIAN_POINT('',(59.297317744634,-44.,267.46171190148));
#4809 = CARTESIAN_POINT('',(59.545853465107,-44.,267.56302385619));
#4810 = CARTESIAN_POINT('',(59.796444748596,-44.,267.65924868478));
#4811 = CARTESIAN_POINT('',(60.048853284263,-44.,267.75063074475));
#4812 = CARTESIAN_POINT('',(60.302883676314,-44.,267.83738758969));
#4813 = CARTESIAN_POINT('',(61.047133591481,-44.,268.07719478146));
#4814 = CARTESIAN_POINT('',(61.541179351621,-44.,268.21843480452));
#4815 = CARTESIAN_POINT('',(62.039450437957,-44.,268.34480007104));
#4816 = CARTESIAN_POINT('',(62.541107581749,-44.,268.45724444223));
#4817 = CARTESIAN_POINT('',(63.045483677426,-44.,268.55652969441));
#4818 = CARTESIAN_POINT('',(63.552077134315,-44.,268.64325212074));
#4819 = CARTESIAN_POINT('',(64.619193358469,-44.,268.79986566311));
#4820 = CARTESIAN_POINT('',(65.180013511119,-44.,268.86723742292));
#4821 = CARTESIAN_POINT('',(65.742476656779,-44.,268.92060370296));
#4822 = CARTESIAN_POINT('',(66.306110645955,-44.,268.96036808621));
#4823 = CARTESIAN_POINT('',(66.870489865352,-44.,268.98678836679));
#4824 = CARTESIAN_POINT('',(67.435232261746,-44.,269.));
#4825 = CARTESIAN_POINT('',(68.530963821435,-44.,269.));
#4826 = CARTESIAN_POINT('',(69.061909564321,-44.,268.98832263464));
#4827 = CARTESIAN_POINT('',(69.592551869447,-44.,268.96496984676));
#4828 = CARTESIAN_POINT('',(70.122573386671,-44.,268.92983649994));
#4829 = CARTESIAN_POINT('',(70.651625075344,-44.,268.882720888));
#4830 = CARTESIAN_POINT('',(71.179324255828,-44.,268.82330874189));
#4831 = CARTESIAN_POINT('',(72.207767562876,-44.,268.68216537387));
#4832 = CARTESIAN_POINT('',(72.708604108887,-44.,268.60155299281));
#4833 = CARTESIAN_POINT('',(73.207436811658,-44.,268.50888621252));
#4834 = CARTESIAN_POINT('',(73.703805867137,-44.,268.40362398438));
#4835 = CARTESIAN_POINT('',(74.197117242729,-44.,268.28509902304));
#4836 = CARTESIAN_POINT('',(74.686625387875,-44.,268.15244887204));
#4837 = CARTESIAN_POINT('',(75.431777106215,-44.,267.92498832202));
#4838 = CARTESIAN_POINT('',(75.690771995441,-44.,267.84108944793));
#4839 = CARTESIAN_POINT('',(75.948235604048,-44.,267.75258856145));
#4840 = CARTESIAN_POINT('',(76.203984066845,-44.,267.65927660317));
#4841 = CARTESIAN_POINT('',(76.457794011067,-44.,267.56091819681));
#4842 = CARTESIAN_POINT('',(76.709398437804,-44.,267.45724124289));
#4843 = CARTESIAN_POINT('',(77.204150852089,-44.,267.24009285972));
#4844 = CARTESIAN_POINT('',(77.447336471557,-44.,267.12678824797));
#4845 = CARTESIAN_POINT('',(77.687757003558,-44.,267.00768374976));
#4846 = CARTESIAN_POINT('',(77.92502759865,-44.,266.88242302466));
#4847 = CARTESIAN_POINT('',(78.158657517933,-44.,266.75061348978));
#4848 = CARTESIAN_POINT('',(78.38803683723,-44.,266.61180327343));
#4849 = CARTESIAN_POINT('',(78.904724537011,-44.,266.27474884345));
#4850 = CARTESIAN_POINT('',(79.188125963072,-44.,266.07150683205));
#4851 = CARTESIAN_POINT('',(79.461498346627,-44.,265.85420637142));
#4852 = CARTESIAN_POINT('',(79.722460905265,-44.,265.62142639724));
#4853 = CARTESIAN_POINT('',(79.967388740857,-44.,265.37187038282));
#4854 = CARTESIAN_POINT('',(80.191510613857,-44.,265.10446523237));
#4855 = CARTESIAN_POINT('',(80.449814541385,-44.,264.72955334064));
#4856 = CARTESIAN_POINT('',(80.508284422213,-44.,264.63913405996));
#4857 = CARTESIAN_POINT('',(80.563948280723,-44.,264.54695278584));
#4858 = CARTESIAN_POINT('',(80.616594520085,-44.,264.45302657859));
#4859 = CARTESIAN_POINT('',(80.66599975298,-44.,264.35739421988));
#4860 = CARTESIAN_POINT('',(80.711935806452,-44.,264.26011988387));
#4861 = CARTESIAN_POINT('',(80.821342841211,-44.,264.00416097995));
#4862 = CARTESIAN_POINT('',(80.879200460474,-44.,263.84303141207));
#4863 = CARTESIAN_POINT('',(80.926773950769,-44.,263.67840144433));
#4864 = CARTESIAN_POINT('',(80.963185628875,-44.,263.51090407854));
#4865 = CARTESIAN_POINT('',(80.987733106759,-44.,263.34132753276));
#4866 = CARTESIAN_POINT('',(81.,-44.,263.17063662696));
#4867 = CARTESIAN_POINT('',(81.,-44.,263.));
#4868 = PCURVE('',#3989,#4869);
#4869 = DEFINITIONAL_REPRESENTATION('',(#4870),#5041);
#4870 = B_SPLINE_CURVE_WITH_KNOTS('',7,(#4871,#4872,#4873,#4874,#4875,
    #4876,#4877,#4878,#4879,#4880,#4881,#4882,#4883,#4884,#4885,#4886,
    #4887,#4888,#4889,#4890,#4891,#4892,#4893,#4894,#4895,#4896,#4897,
    #4898,#4899,#4900,#4901,#4902,#4903,#4904,#4905,#4906,#4907,#4908,
    #4909,#4910,#4911,#4912,#4913,#4914,#4915,#4916,#4917,#4918,#4919,
    #4920,#4921,#4922,#4923,#4924,#4925,#4926,#4927,#4928,#4929,#4930,
    #4931,#4932,#4933,#4934,#4935,#4936,#4937,#4938,#4939,#4940,#4941,
    #4942,#4943,#4944,#4945,#4946,#4947,#4948,#4949,#4950,#4951,#4952,
    #4953,#4954,#4955,#4956,#4957,#4958,#4959,#4960,#4961,#4962,#4963,
    #4964,#4965,#4966,#4967,#4968,#4969,#4970,#4971,#4972,#4973,#4974,
    #4975,#4976,#4977,#4978,#4979,#4980,#4981,#4982,#4983,#4984,#4985,
    #4986,#4987,#4988,#4989,#4990,#4991,#4992,#4993,#4994,#4995,#4996,
    #4997,#4998,#4999,#5000,#5001,#5002,#5003,#5004,#5005,#5006,#5007,
    #5008,#5009,#5010,#5011,#5012,#5013,#5014,#5015,#5016,#5017,#5018,
    #5019,#5020,#5021,#5022,#5023,#5024,#5025,#5026,#5027,#5028,#5029,
    #5030,#5031,#5032,#5033,#5034,#5035,#5036,#5037,#5038,#5039,#5040),
  .UNSPECIFIED.,.T.,.F.,(8,6,6,6,6,6,6,6,6,6,6,6,6,6,6,6,6,6,6,6,6,6,6,6
    ,6,6,6,6,8),(0.,2.280861663072E-02,3.979282869297E-02,
    6.772934262884E-02,9.758875672366E-02,0.12797711889,0.186107942007,
    0.249976514119,0.310022261816,0.367395369596,0.39821168733,
    0.42860615339,0.468204142801,0.486912630164,0.499971327052,
    0.514941199431,0.539772039932,0.567711669401,0.597574413474,
    0.627966164607,0.686103470583,0.749979165438,0.81003160955,
    0.867411115687,0.898230870115,0.928628725823,0.968231131277,
    0.980496761682,1.),.UNSPECIFIED.);
#4871 = CARTESIAN_POINT('',(4.334014448385,45.300110688856));
#4872 = CARTESIAN_POINT('',(4.134408828789,45.300110688856));
#4873 = CARTESIAN_POINT('',(3.934717733723,45.283324927754));
#4874 = CARTESIAN_POINT('',(3.736847198171,45.24972913959));
#4875 = CARTESIAN_POINT('',(3.54228271794,45.200119205186));
#4876 = CARTESIAN_POINT('',(3.352163111284,45.13576923479));
#4877 = CARTESIAN_POINT('',(3.167335281814,45.058186045733));
#4878 = CARTESIAN_POINT('',(2.855139951073,44.902518763744));
#4879 = CARTESIAN_POINT('',(2.725076616489,44.829583919099));
#4880 = CARTESIAN_POINT('',(2.59834823926,44.750747735732));
#4881 = CARTESIAN_POINT('',(2.475022091721,44.66658878143));
#4882 = CARTESIAN_POINT('',(2.355103159612,44.577642534745));
#4883 = CARTESIAN_POINT('',(2.238547068078,44.484381520809));
#4884 = CARTESIAN_POINT('',(1.938938411608,44.227364026797));
#4885 = CARTESIAN_POINT('',(1.761557587849,44.057001861853));
#4886 = CARTESIAN_POINT('',(1.592664039241,43.877856326093));
#4887 = CARTESIAN_POINT('',(1.431809083559,43.691357621133));
#4888 = CARTESIAN_POINT('',(1.278530371822,43.498654883923));
#4889 = CARTESIAN_POINT('',(1.132344915822,43.300624099667));
#4890 = CARTESIAN_POINT('',(0.843568855502,42.88113400666));
#4891 = CARTESIAN_POINT('',(0.701983030468,42.659095315723));
#4892 = CARTESIAN_POINT('',(0.567443816697,42.432549975756));
#4893 = CARTESIAN_POINT('',(0.439494937818,42.202150448598));
#4894 = CARTESIAN_POINT('',(0.317737610449,41.968421003303));
#4895 = CARTESIAN_POINT('',(0.201807420096,41.731771771746));
#4896 = CARTESIAN_POINT('',(-2.101618748429E-02,41.248987288655));
#4897 = CARTESIAN_POINT('',(-0.127697453102,41.002792944223));
#4898 = CARTESIAN_POINT('',(-0.229009407806,40.754257223748));
#4899 = CARTESIAN_POINT('',(-0.325234236396,40.503665940258));
#4900 = CARTESIAN_POINT('',(-0.416616296368,40.251257404593));
#4901 = CARTESIAN_POINT('',(-0.503373141307,39.997227012541));
#4902 = CARTESIAN_POINT('',(-0.743180333084,39.252977097372));
#4903 = CARTESIAN_POINT('',(-0.884420356139,38.758931337244));
#4904 = CARTESIAN_POINT('',(-1.010785622665,38.26066025088));
#4905 = CARTESIAN_POINT('',(-1.123229993851,37.759003107125));
#4906 = CARTESIAN_POINT('',(-1.222515246027,37.254627011418));
#4907 = CARTESIAN_POINT('',(-1.309237672358,36.748033554543));
#4908 = CARTESIAN_POINT('',(-1.465851214733,35.680917330386));
#4909 = CARTESIAN_POINT('',(-1.533222974543,35.120097177737));
#4910 = CARTESIAN_POINT('',(-1.586589254576,34.557634032076));
#4911 = CARTESIAN_POINT('',(-1.62635363783,33.9940000429));
#4912 = CARTESIAN_POINT('',(-1.652773918409,33.429620823504));
#4913 = CARTESIAN_POINT('',(-1.665985551615,32.864878427109));
#4914 = CARTESIAN_POINT('',(-1.665985551615,31.769146867421));
#4915 = CARTESIAN_POINT('',(-1.654308186261,31.238201124534));
#4916 = CARTESIAN_POINT('',(-1.630955398376,30.707558819409));
#4917 = CARTESIAN_POINT('',(-1.595822051557,30.177537302185));
#4918 = CARTESIAN_POINT('',(-1.548706439621,29.648485613511));
#4919 = CARTESIAN_POINT('',(-1.489294293513,29.120786433028));
#4920 = CARTESIAN_POINT('',(-1.348150925484,28.09234312598));
#4921 = CARTESIAN_POINT('',(-1.267538544426,27.591506579969));
#4922 = CARTESIAN_POINT('',(-1.174871764136,27.092673877198));
#4923 = CARTESIAN_POINT('',(-1.069609536002,26.596304821719));
#4924 = CARTESIAN_POINT('',(-0.951084574661,26.102993446127));
#4925 = CARTESIAN_POINT('',(-0.818434423656,25.613485300981));
#4926 = CARTESIAN_POINT('',(-0.590973873638,24.868333582641));
#4927 = CARTESIAN_POINT('',(-0.507074999546,24.609338693416));
#4928 = CARTESIAN_POINT('',(-0.418574113071,24.351875084808));
#4929 = CARTESIAN_POINT('',(-0.325262154786,24.096126622011));
#4930 = CARTESIAN_POINT('',(-0.226903748434,23.84231667779));
#4931 = CARTESIAN_POINT('',(-0.123226794505,23.590712251052));
#4932 = CARTESIAN_POINT('',(9.392158866149E-02,23.095959836767));
#4933 = CARTESIAN_POINT('',(0.207226200409,22.8527742173));
#4934 = CARTESIAN_POINT('',(0.326330698623,22.612353685297));
#4935 = CARTESIAN_POINT('',(0.451591423725,22.375083090206));
#4936 = CARTESIAN_POINT('',(0.5834009586,22.141453170923));
#4937 = CARTESIAN_POINT('',(0.722211174956,21.912073851625));
#4938 = CARTESIAN_POINT('',(1.059265604927,21.395386151848));
#4939 = CARTESIAN_POINT('',(1.262507616334,21.111984725775));
#4940 = CARTESIAN_POINT('',(1.479808076948,20.838612342243));
#4941 = CARTESIAN_POINT('',(1.71258805115,20.577649783579));
#4942 = CARTESIAN_POINT('',(1.962144065559,20.332721948004));
#4943 = CARTESIAN_POINT('',(2.22954921601,20.108600074998));
#4944 = CARTESIAN_POINT('',(2.651046367203,19.818200191731));
#4945 = CARTESIAN_POINT('',(2.790395328277,19.73109605055));
#4946 = CARTESIAN_POINT('',(2.933852002821,19.650758376341));
#4947 = CARTESIAN_POINT('',(3.081313026863,19.577970373276));
#4948 = CARTESIAN_POINT('',(3.232551880944,19.513571322778));
#4949 = CARTESIAN_POINT('',(3.387185971167,19.458384914569));
#4950 = CARTESIAN_POINT('',(3.654524488493,19.381510213135));
#4951 = CARTESIAN_POINT('',(3.765794533563,19.354737116464));
#4952 = CARTESIAN_POINT('',(3.878214918621,19.333037191117));
#4953 = CARTESIAN_POINT('',(3.991536919345,19.316612772236));
#4954 = CARTESIAN_POINT('',(4.105485039635,19.305610900526));
#4955 = CARTESIAN_POINT('',(4.219755453741,19.300110688856));
#4956 = CARTESIAN_POINT('',(4.464995554899,19.300110688856));
#4957 = CARTESIAN_POINT('',(4.595996748362,19.307338842647));
#4958 = CARTESIAN_POINT('',(4.726507571946,19.321797712748));
#4959 = CARTESIAN_POINT('',(4.856074974135,19.343349301607));
#4960 = CARTESIAN_POINT('',(4.984299535692,19.37174200413));
#4961 = CARTESIAN_POINT('',(5.110831696616,19.406637560212));
#4962 = CARTESIAN_POINT('',(5.44193892694,19.515646306556));
#4963 = CARTESIAN_POINT('',(5.642988685798,19.600440595446));
#4964 = CARTESIAN_POINT('',(5.837416748306,19.700280918921));
#4965 = CARTESIAN_POINT('',(6.024676064519,19.81317712629));
#4966 = CARTESIAN_POINT('',(6.20456676968,19.937271156947));
#4967 = CARTESIAN_POINT('',(6.377165483097,20.070960592733));
#4968 = CARTESIAN_POINT('',(6.729090485161,20.372857350913));
#4969 = CARTESIAN_POINT('',(6.906471308923,20.54321951586));
#4970 = CARTESIAN_POINT('',(7.075364857528,20.722365051616));
#4971 = CARTESIAN_POINT('',(7.23621981321,20.908863756576));
#4972 = CARTESIAN_POINT('',(7.38949852495,21.10156649379));
#4973 = CARTESIAN_POINT('',(7.535683980948,21.299597278043));
#4974 = CARTESIAN_POINT('',(7.824460041268,21.719087371051));
#4975 = CARTESIAN_POINT('',(7.966045866303,21.941126061987));
#4976 = CARTESIAN_POINT('',(8.100585080074,22.167671401955));
#4977 = CARTESIAN_POINT('',(8.228533958952,22.398070929113));
#4978 = CARTESIAN_POINT('',(8.350291286322,22.631800374407));
#4979 = CARTESIAN_POINT('',(8.466221476675,22.868449605965));
#4980 = CARTESIAN_POINT('',(8.689045084255,23.351234089055));
#4981 = CARTESIAN_POINT('',(8.795726349873,23.597428433489));
#4982 = CARTESIAN_POINT('',(8.897038304576,23.845964153962));
#4983 = CARTESIAN_POINT('',(8.993263133166,24.096555437451));
#4984 = CARTESIAN_POINT('',(9.084645193139,24.348963973119));
#4985 = CARTESIAN_POINT('',(9.171402038077,24.60299436517));
#4986 = CARTESIAN_POINT('',(9.411209229854,25.347244280337));
#4987 = CARTESIAN_POINT('',(9.552449252911,25.841290040477));
#4988 = CARTESIAN_POINT('',(9.678814519433,26.339561126813));
#4989 = CARTESIAN_POINT('',(9.791258890624,26.841218270605));
#4990 = CARTESIAN_POINT('',(9.890544142796,27.345594366282));
#4991 = CARTESIAN_POINT('',(9.977266569129,27.85218782317));
#4992 = CARTESIAN_POINT('',(10.133880111503,28.919304047324));
#4993 = CARTESIAN_POINT('',(10.201251871314,29.480124199974));
#4994 = CARTESIAN_POINT('',(10.254618151346,30.042587345635));
#4995 = CARTESIAN_POINT('',(10.294382534601,30.606221334811));
#4996 = CARTESIAN_POINT('',(10.32080281518,31.170600554207));
#4997 = CARTESIAN_POINT('',(10.334014448385,31.735342950602));
#4998 = CARTESIAN_POINT('',(10.334014448385,32.831074510291));
#4999 = CARTESIAN_POINT('',(10.322337083032,33.362020253177));
#5000 = CARTESIAN_POINT('',(10.298984295147,33.892662558302));
#5001 = CARTESIAN_POINT('',(10.263850948328,34.422684075527));
#5002 = CARTESIAN_POINT('',(10.216735336392,34.9517357642));
#5003 = CARTESIAN_POINT('',(10.157323190284,35.479434944684));
#5004 = CARTESIAN_POINT('',(10.016179822255,36.507878251732));
#5005 = CARTESIAN_POINT('',(9.935567441197,37.008714797742));
#5006 = CARTESIAN_POINT('',(9.842900660907,37.507547500514));
#5007 = CARTESIAN_POINT('',(9.737638432773,38.003916555992));
#5008 = CARTESIAN_POINT('',(9.619113471432,38.497227931584));
#5009 = CARTESIAN_POINT('',(9.486463320427,38.986736076731));
#5010 = CARTESIAN_POINT('',(9.259002770409,39.73188779507));
#5011 = CARTESIAN_POINT('',(9.175103896316,39.990882684296));
#5012 = CARTESIAN_POINT('',(9.086603009842,40.248346292903));
#5013 = CARTESIAN_POINT('',(8.993291051557,40.5040947557));
#5014 = CARTESIAN_POINT('',(8.894932645205,40.757904699922));
#5015 = CARTESIAN_POINT('',(8.791255691276,41.00950912666));
#5016 = CARTESIAN_POINT('',(8.574107308109,41.504261540944));
#5017 = CARTESIAN_POINT('',(8.460802696362,41.747447160412));
#5018 = CARTESIAN_POINT('',(8.341698198148,41.987867692414));
#5019 = CARTESIAN_POINT('',(8.216437473046,42.225138287505));
#5020 = CARTESIAN_POINT('',(8.08462793817,42.458768206789));
#5021 = CARTESIAN_POINT('',(7.945817721816,42.688147526086));
#5022 = CARTESIAN_POINT('',(7.608763291842,43.204835225867));
#5023 = CARTESIAN_POINT('',(7.405521280443,43.488236651927));
#5024 = CARTESIAN_POINT('',(7.188220819814,43.761609035483));
#5025 = CARTESIAN_POINT('',(6.955440845629,44.022571594121));
#5026 = CARTESIAN_POINT('',(6.705884831207,44.267499429713));
#5027 = CARTESIAN_POINT('',(6.438479680762,44.491621302713));
#5028 = CARTESIAN_POINT('',(6.063567789029,44.74992523024));
#5029 = CARTESIAN_POINT('',(5.973148508353,44.808395111069));
#5030 = CARTESIAN_POINT('',(5.880967234229,44.864058969579));
#5031 = CARTESIAN_POINT('',(5.787041026976,44.916705208941));
#5032 = CARTESIAN_POINT('',(5.691408668268,44.966110441836));
#5033 = CARTESIAN_POINT('',(5.594134332259,45.012046495307));
#5034 = CARTESIAN_POINT('',(5.338175428335,45.121453530067));
#5035 = CARTESIAN_POINT('',(5.177045860455,45.17931114933));
#5036 = CARTESIAN_POINT('',(5.012415892722,45.226884639625));
#5037 = CARTESIAN_POINT('',(4.844918526925,45.263296317731));
#5038 = CARTESIAN_POINT('',(4.675341981146,45.287843795615));
#5039 = CARTESIAN_POINT('',(4.504651075348,45.300110688856));
#5040 = CARTESIAN_POINT('',(4.334014448385,45.300110688856));
#5041 = ( GEOMETRIC_REPRESENTATION_CONTEXT(2) 
PARAMETRIC_REPRESENTATION_CONTEXT() REPRESENTATION_CONTEXT('2D SPACE',''
  ) );
#5042 = PCURVE('',#5043,#5051);
#5043 = SURFACE_OF_LINEAR_EXTRUSION('',#5044,#5049);
#5044 = ELLIPSE('',#5045,13.,6.);
#5045 = AXIS2_PLACEMENT_3D('',#5046,#5047,#5048);
#5046 = CARTESIAN_POINT('',(68.,-43.,263.));
#5047 = DIRECTION('',(0.,-1.,0.));
#5048 = DIRECTION('',(1.,0.,0.));
#5049 = VECTOR('',#5050,1.);
#5050 = DIRECTION('',(-0.,1.,-0.));
#5051 = DEFINITIONAL_REPRESENTATION('',(#5052),#5223);
#5052 = B_SPLINE_CURVE_WITH_KNOTS('',7,(#5053,#5054,#5055,#5056,#5057,
    #5058,#5059,#5060,#5061,#5062,#5063,#5064,#5065,#5066,#5067,#5068,
    #5069,#5070,#5071,#5072,#5073,#5074,#5075,#5076,#5077,#5078,#5079,
    #5080,#5081,#5082,#5083,#5084,#5085,#5086,#5087,#5088,#5089,#5090,
    #5091,#5092,#5093,#5094,#5095,#5096,#5097,#5098,#5099,#5100,#5101,
    #5102,#5103,#5104,#5105,#5106,#5107,#5108,#5109,#5110,#5111,#5112,
    #5113,#5114,#5115,#5116,#5117,#5118,#5119,#5120,#5121,#5122,#5123,
    #5124,#5125,#5126,#5127,#5128,#5129,#5130,#5131,#5132,#5133,#5134,
    #5135,#5136,#5137,#5138,#5139,#5140,#5141,#5142,#5143,#5144,#5145,
    #5146,#5147,#5148,#5149,#5150,#5151,#5152,#5153,#5154,#5155,#5156,
    #5157,#5158,#5159,#5160,#5161,#5162,#5163,#5164,#5165,#5166,#5167,
    #5168,#5169,#5170,#5171,#5172,#5173,#5174,#5175,#5176,#5177,#5178,
    #5179,#5180,#5181,#5182,#5183,#5184,#5185,#5186,#5187,#5188,#5189,
    #5190,#5191,#5192,#5193,#5194,#5195,#5196,#5197,#5198,#5199,#5200,
    #5201,#5202,#5203,#5204,#5205,#5206,#5207,#5208,#5209,#5210,#5211,
    #5212,#5213,#5214,#5215,#5216,#5217,#5218,#5219,#5220,#5221,#5222),
  .UNSPECIFIED.,.F.,.F.,(8,6,6,6,6,6,6,6,6,6,6,6,6,6,6,6,6,6,6,6,6,6,6,6
    ,6,6,6,6,8),(0.,2.280861663072E-02,3.979282869297E-02,
    6.772934262884E-02,9.758875672366E-02,0.12797711889,0.186107942007,
    0.249976514119,0.310022261816,0.367395369596,0.39821168733,
    0.42860615339,0.468204142801,0.486912630164,0.499971327052,
    0.514941199431,0.539772039932,0.567711669401,0.597574413474,
    0.627966164607,0.686103470583,0.749979165438,0.81003160955,
    0.867411115687,0.898230870115,0.928628725823,0.968231131277,
    0.980496761682,1.),.UNSPECIFIED.);
#5053 = CARTESIAN_POINT('',(6.28318530718,-1.));
#5054 = CARTESIAN_POINT('',(6.249917703913,-1.));
#5055 = CARTESIAN_POINT('',(6.216635883943,-1.));
#5056 = CARTESIAN_POINT('',(6.183597221522,-1.));
#5057 = CARTESIAN_POINT('',(6.150989312703,-1.));
#5058 = CARTESIAN_POINT('',(6.118952790754,-1.));
#5059 = CARTESIAN_POINT('',(6.087594444,-1.));
#5060 = CARTESIAN_POINT('',(6.034201811558,-1.));
#5061 = CARTESIAN_POINT('',(6.011818536105,-1.));
#5062 = CARTESIAN_POINT('',(5.98985577679,-1.));
#5063 = CARTESIAN_POINT('',(5.968318248499,-1.));
#5064 = CARTESIAN_POINT('',(5.947202879241,-1.));
#5065 = CARTESIAN_POINT('',(5.926500132797,-1.));
#5066 = CARTESIAN_POINT('',(5.872793917555,-1.));
#5067 = CARTESIAN_POINT('',(5.840482292325,-1.));
#5068 = CARTESIAN_POINT('',(5.809176363109,-1.));
#5069 = CARTESIAN_POINT('',(5.778803888304,-1.));
#5070 = CARTESIAN_POINT('',(5.749294547478,-1.));
#5071 = CARTESIAN_POINT('',(5.720574728404,-1.));
#5072 = CARTESIAN_POINT('',(5.662629169759,-1.));
#5073 = CARTESIAN_POINT('',(5.633517676078,-1.));
#5074 = CARTESIAN_POINT('',(5.605144856142,-1.));
#5075 = CARTESIAN_POINT('',(5.577442344881,-1.));
#5076 = CARTESIAN_POINT('',(5.550351147964,-1.));
#5077 = CARTESIAN_POINT('',(5.523816606792,-1.));
#5078 = CARTESIAN_POINT('',(5.471296578816,-1.));
#5079 = CARTESIAN_POINT('',(5.445332859474,-1.));
#5080 = CARTESIAN_POINT('',(5.419844224218,-1.));
#5081 = CARTESIAN_POINT('',(5.394787966543,-1.));
#5082 = CARTESIAN_POINT('',(5.370126929932,-1.));
#5083 = CARTESIAN_POINT('',(5.345827337337,-1.));
#5084 = CARTESIAN_POINT('',(5.276006194342,-1.));
#5085 = CARTESIAN_POINT('',(5.231370061857,-1.));
#5086 = CARTESIAN_POINT('',(5.187729185051,-1.));
#5087 = CARTESIAN_POINT('',(5.144925249545,-1.));
#5088 = CARTESIAN_POINT('',(5.102823918385,-1.));
#5089 = CARTESIAN_POINT('',(5.061307548357,-1.));
#5090 = CARTESIAN_POINT('',(4.975171511802,-1.));
#5091 = CARTESIAN_POINT('',(4.930657258425,-1.));
#5092 = CARTESIAN_POINT('',(4.886580357966,-1.));
#5093 = CARTESIAN_POINT('',(4.842821969248,-1.));
#5094 = CARTESIAN_POINT('',(4.799274423196,-1.));
#5095 = CARTESIAN_POINT('',(4.755832652558,-1.));
#5096 = CARTESIAN_POINT('',(4.671545609505,-1.));
#5097 = CARTESIAN_POINT('',(4.630703599321,-1.));
#5098 = CARTESIAN_POINT('',(4.589773777051,-1.));
#5099 = CARTESIAN_POINT('',(4.548668932328,-1.));
#5100 = CARTESIAN_POINT('',(4.507299811064,-1.));
#5101 = CARTESIAN_POINT('',(4.4655689649,-1.));
#5102 = CARTESIAN_POINT('',(4.3830345619,-1.));
#5103 = CARTESIAN_POINT('',(4.342277221993,-1.));
#5104 = CARTESIAN_POINT('',(4.300988268516,-1.));
#5105 = CARTESIAN_POINT('',(4.259057476457,-1.));
#5106 = CARTESIAN_POINT('',(4.21636370113,-1.));
#5107 = CARTESIAN_POINT('',(4.172760858259,-1.));
#5108 = CARTESIAN_POINT('',(4.10403906827,-1.));
#5109 = CARTESIAN_POINT('',(4.079708237787,-1.));
#5110 = CARTESIAN_POINT('',(4.055029944569,-1.));
#5111 = CARTESIAN_POINT('',(4.02997139844,-1.));
#5112 = CARTESIAN_POINT('',(4.004496521302,-1.));
#5113 = CARTESIAN_POINT('',(3.978563908232,-1.));
#5114 = CARTESIAN_POINT('',(3.926045156244,-1.));
#5115 = CARTESIAN_POINT('',(3.899476059113,-1.));
#5116 = CARTESIAN_POINT('',(3.872366063639,-1.));
#5117 = CARTESIAN_POINT('',(3.844661642336,-1.));
#5118 = CARTESIAN_POINT('',(3.816304690289,-1.));
#5119 = CARTESIAN_POINT('',(3.787227621355,-1.));
#5120 = CARTESIAN_POINT('',(3.718413414175,-1.));
#5121 = CARTESIAN_POINT('',(3.678169884183,-1.));
#5122 = CARTESIAN_POINT('',(3.636362667881,-1.));
#5123 = CARTESIAN_POINT('',(3.592779139112,-1.));
#5124 = CARTESIAN_POINT('',(3.547227980533,-1.));
#5125 = CARTESIAN_POINT('',(3.499531661225,-1.));
#5126 = CARTESIAN_POINT('',(3.425815975965,-1.));
#5127 = CARTESIAN_POINT('',(3.401652775951,-1.));
#5128 = CARTESIAN_POINT('',(3.376973207104,-1.));
#5129 = CARTESIAN_POINT('',(3.351786289485,-1.));
#5130 = CARTESIAN_POINT('',(3.32611684278,-1.));
#5131 = CARTESIAN_POINT('',(3.300010023314,-1.));
#5132 = CARTESIAN_POINT('',(3.255062906841,-1.));
#5133 = CARTESIAN_POINT('',(3.236408129842,-1.));
#5134 = CARTESIAN_POINT('',(3.21760438298,-1.));
#5135 = CARTESIAN_POINT('',(3.198683534951,-1.));
#5136 = CARTESIAN_POINT('',(3.179680872608,-1.));
#5137 = CARTESIAN_POINT('',(3.160635819364,-1.));
#5138 = CARTESIAN_POINT('',(3.119762469171,-1.));
#5139 = CARTESIAN_POINT('',(3.097928975325,-1.));
#5140 = CARTESIAN_POINT('',(3.076160107284,-1.));
#5141 = CARTESIAN_POINT('',(3.054514543971,-1.));
#5142 = CARTESIAN_POINT('',(3.033043164155,-1.));
#5143 = CARTESIAN_POINT('',(3.011790502601,-1.));
#5144 = CARTESIAN_POINT('',(2.955972527585,-1.));
#5145 = CARTESIAN_POINT('',(2.921864633862,-1.));
#5146 = CARTESIAN_POINT('',(2.888604947862,-1.));
#5147 = CARTESIAN_POINT('',(2.8562505653,-1.));
#5148 = CARTESIAN_POINT('',(2.824817520794,-1.));
#5149 = CARTESIAN_POINT('',(2.794285422256,-1.));
#5150 = CARTESIAN_POINT('',(2.731201263966,-1.));
#5151 = CARTESIAN_POINT('',(2.698889638735,-1.));
#5152 = CARTESIAN_POINT('',(2.667583709519,-1.));
#5153 = CARTESIAN_POINT('',(2.637211234714,-1.));
#5154 = CARTESIAN_POINT('',(2.607701893887,-1.));
#5155 = CARTESIAN_POINT('',(2.578982074814,-1.));
#5156 = CARTESIAN_POINT('',(2.52103651617,-1.));
#5157 = CARTESIAN_POINT('',(2.491925022488,-1.));
#5158 = CARTESIAN_POINT('',(2.463552202553,-1.));
#5159 = CARTESIAN_POINT('',(2.435849691291,-1.));
#5160 = CARTESIAN_POINT('',(2.408758494375,-1.));
#5161 = CARTESIAN_POINT('',(2.382223953202,-1.));
#5162 = CARTESIAN_POINT('',(2.329703925226,-1.));
#5163 = CARTESIAN_POINT('',(2.303740205884,-1.));
#5164 = CARTESIAN_POINT('',(2.278251570629,-1.));
#5165 = CARTESIAN_POINT('',(2.253195312953,-1.));
#5166 = CARTESIAN_POINT('',(2.228534276342,-1.));
#5167 = CARTESIAN_POINT('',(2.204234683747,-1.));
#5168 = CARTESIAN_POINT('',(2.134413540752,-1.));
#5169 = CARTESIAN_POINT('',(2.089777408266,-1.));
#5170 = CARTESIAN_POINT('',(2.046136531463,-1.));
#5171 = CARTESIAN_POINT('',(2.003332595954,-1.));
#5172 = CARTESIAN_POINT('',(1.961231264796,-1.));
#5173 = CARTESIAN_POINT('',(1.919714894767,-1.));
#5174 = CARTESIAN_POINT('',(1.833578858212,-1.));
#5175 = CARTESIAN_POINT('',(1.789064604836,-1.));
#5176 = CARTESIAN_POINT('',(1.744987704377,-1.));
#5177 = CARTESIAN_POINT('',(1.701229315658,-1.));
#5178 = CARTESIAN_POINT('',(1.657681769607,-1.));
#5179 = CARTESIAN_POINT('',(1.614239998968,-1.));
#5180 = CARTESIAN_POINT('',(1.529952955915,-1.));
#5181 = CARTESIAN_POINT('',(1.489110945732,-1.));
#5182 = CARTESIAN_POINT('',(1.448181123461,-1.));
#5183 = CARTESIAN_POINT('',(1.407076278738,-1.));
#5184 = CARTESIAN_POINT('',(1.365707157474,-1.));
#5185 = CARTESIAN_POINT('',(1.323976311311,-1.));
#5186 = CARTESIAN_POINT('',(1.241441908311,-1.));
#5187 = CARTESIAN_POINT('',(1.200684568403,-1.));
#5188 = CARTESIAN_POINT('',(1.159395614926,-1.));
#5189 = CARTESIAN_POINT('',(1.117464822867,-1.));
#5190 = CARTESIAN_POINT('',(1.074771047541,-1.));
#5191 = CARTESIAN_POINT('',(1.031168204669,-1.));
#5192 = CARTESIAN_POINT('',(0.96244641468,-1.));
#5193 = CARTESIAN_POINT('',(0.938115584197,-1.));
#5194 = CARTESIAN_POINT('',(0.91343729098,-1.));
#5195 = CARTESIAN_POINT('',(0.88837874485,-1.));
#5196 = CARTESIAN_POINT('',(0.862903867712,-1.));
#5197 = CARTESIAN_POINT('',(0.836971254642,-1.));
#5198 = CARTESIAN_POINT('',(0.784452502654,-1.));
#5199 = CARTESIAN_POINT('',(0.757883405523,-1.));
#5200 = CARTESIAN_POINT('',(0.730773410049,-1.));
#5201 = CARTESIAN_POINT('',(0.703068988746,-1.));
#5202 = CARTESIAN_POINT('',(0.674712036699,-1.));
#5203 = CARTESIAN_POINT('',(0.645634967766,-1.));
#5204 = CARTESIAN_POINT('',(0.576820760584,-1.));
#5205 = CARTESIAN_POINT('',(0.536577230594,-1.));
#5206 = CARTESIAN_POINT('',(0.49477001429,-1.));
#5207 = CARTESIAN_POINT('',(0.451186485524,-1.));
#5208 = CARTESIAN_POINT('',(0.405635326942,-1.));
#5209 = CARTESIAN_POINT('',(0.357939007636,-1.));
#5210 = CARTESIAN_POINT('',(0.292370623761,-1.));
#5211 = CARTESIAN_POINT('',(0.276646373678,-1.));
#5212 = CARTESIAN_POINT('',(0.260701611799,-1.));
#5213 = CARTESIAN_POINT('',(0.244537080631,-1.));
#5214 = CARTESIAN_POINT('',(0.228156437495,-1.));
#5215 = CARTESIAN_POINT('',(0.211566708836,-1.));
#5216 = CARTESIAN_POINT('',(0.168084668634,-1.));
#5217 = CARTESIAN_POINT('',(0.140876154461,-1.));
#5218 = CARTESIAN_POINT('',(0.113217274906,-1.));
#5219 = CARTESIAN_POINT('',(8.518826979075E-02,-1.));
#5220 = CARTESIAN_POINT('',(5.688791397709E-02,-1.));
#5221 = CARTESIAN_POINT('',(2.843943782713E-02,-1.));
#5222 = CARTESIAN_POINT('',(0.,-1.));
#5223 = ( GEOMETRIC_REPRESENTATION_CONTEXT(2) 
PARAMETRIC_REPRESENTATION_CONTEXT() REPRESENTATION_CONTEXT('2D SPACE',''
  ) );
#5224 = ADVANCED_FACE('',(#5225),#4035,.F.);
#5225 = FACE_BOUND('',#5226,.T.);
#5226 = EDGE_LOOP('',(#5227,#5253,#5254,#5255));
#5227 = ORIENTED_EDGE('',*,*,#5228,.T.);
#5228 = EDGE_CURVE('',#4050,#4016,#5229,.T.);
#5229 = SURFACE_CURVE('',#5230,(#5235,#5242),.PCURVE_S1.);
#5230 = CIRCLE('',#5231,1.2);
#5231 = AXIS2_PLACEMENT_3D('',#5232,#5233,#5234);
#5232 = CARTESIAN_POINT('',(-6.,-46.,278.));
#5233 = DIRECTION('',(-0.,-1.,0.));
#5234 = DIRECTION('',(-0.79854082641,0.,0.601940652022));
#5235 = PCURVE('',#4035,#5236);
#5236 = DEFINITIONAL_REPRESENTATION('',(#5237),#5241);
#5237 = LINE('',#5238,#5239);
#5238 = CARTESIAN_POINT('',(-2.49566351664,-3.));
#5239 = VECTOR('',#5240,1.);
#5240 = DIRECTION('',(-1.,-0.));
#5241 = ( GEOMETRIC_REPRESENTATION_CONTEXT(2) 
PARAMETRIC_REPRESENTATION_CONTEXT() REPRESENTATION_CONTEXT('2D SPACE',''
  ) );
#5242 = PCURVE('',#4079,#5243);
#5243 = DEFINITIONAL_REPRESENTATION('',(#5244),#5252);
#5244 = ( BOUNDED_CURVE() B_SPLINE_CURVE(2,(#5245,#5246,#5247,#5248,
#5249,#5250,#5251),.UNSPECIFIED.,.T.,.F.) B_SPLINE_CURVE_WITH_KNOTS((1,2
    ,2,2,2,1),(-2.094395102393,0.,2.094395102393,4.188790204786,
6.28318530718,8.377580409573),.UNSPECIFIED.) CURVE() 
GEOMETRIC_REPRESENTATION_ITEM() RATIONAL_B_SPLINE_CURVE((1.,0.5,1.,0.5,
1.,0.5,1.)) REPRESENTATION_ITEM('') );
#5245 = CARTESIAN_POINT('',(20.056343230811,-42.65813830283));
#5246 = CARTESIAN_POINT('',(18.396607290899,-43.90924845376));
#5247 = CARTESIAN_POINT('',(18.142982087216,-41.84631989076));
#5248 = CARTESIAN_POINT('',(17.889356883533,-39.78339132776));
#5249 = CARTESIAN_POINT('',(19.802718027129,-40.59520973983));
#5250 = CARTESIAN_POINT('',(21.716079170724,-41.4070281519));
#5251 = CARTESIAN_POINT('',(20.056343230811,-42.65813830283));
#5252 = ( GEOMETRIC_REPRESENTATION_CONTEXT(2) 
PARAMETRIC_REPRESENTATION_CONTEXT() REPRESENTATION_CONTEXT('2D SPACE',''
  ) );
#5253 = ORIENTED_EDGE('',*,*,#4015,.T.);
#5254 = ORIENTED_EDGE('',*,*,#4135,.F.);
#5255 = ORIENTED_EDGE('',*,*,#4105,.F.);
#5256 = ADVANCED_FACE('',(#5257,#5261,#5751,#5777),#4079,.F.);
#5257 = FACE_BOUND('',#5258,.F.);
#5258 = EDGE_LOOP('',(#5259,#5260));
#5259 = ORIENTED_EDGE('',*,*,#4049,.T.);
#5260 = ORIENTED_EDGE('',*,*,#5228,.T.);
#5261 = FACE_BOUND('',#5262,.F.);
#5262 = EDGE_LOOP('',(#5263));
#5263 = ORIENTED_EDGE('',*,*,#5264,.F.);
#5264 = EDGE_CURVE('',#5265,#5265,#5267,.T.);
#5265 = VERTEX_POINT('',#5266);
#5266 = CARTESIAN_POINT('',(-5.,-46.,262.));
#5267 = SURFACE_CURVE('',#5268,(#5427,#5589),.PCURVE_S1.);
#5268 = B_SPLINE_CURVE_WITH_KNOTS('',7,(#5269,#5270,#5271,#5272,#5273,
    #5274,#5275,#5276,#5277,#5278,#5279,#5280,#5281,#5282,#5283,#5284,
    #5285,#5286,#5287,#5288,#5289,#5290,#5291,#5292,#5293,#5294,#5295,
    #5296,#5297,#5298,#5299,#5300,#5301,#5302,#5303,#5304,#5305,#5306,
    #5307,#5308,#5309,#5310,#5311,#5312,#5313,#5314,#5315,#5316,#5317,
    #5318,#5319,#5320,#5321,#5322,#5323,#5324,#5325,#5326,#5327,#5328,
    #5329,#5330,#5331,#5332,#5333,#5334,#5335,#5336,#5337,#5338,#5339,
    #5340,#5341,#5342,#5343,#5344,#5345,#5346,#5347,#5348,#5349,#5350,
    #5351,#5352,#5353,#5354,#5355,#5356,#5357,#5358,#5359,#5360,#5361,
    #5362,#5363,#5364,#5365,#5366,#5367,#5368,#5369,#5370,#5371,#5372,
    #5373,#5374,#5375,#5376,#5377,#5378,#5379,#5380,#5381,#5382,#5383,
    #5384,#5385,#5386,#5387,#5388,#5389,#5390,#5391,#5392,#5393,#5394,
    #5395,#5396,#5397,#5398,#5399,#5400,#5401,#5402,#5403,#5404,#5405,
    #5406,#5407,#5408,#5409,#5410,#5411,#5412,#5413,#5414,#5415,#5416,
    #5417,#5418,#5419,#5420,#5421,#5422,#5423,#5424,#5425,#5426),
  .UNSPECIFIED.,.T.,.F.,(8,6,6,6,6,6,6,6,6,6,6,6,6,6,6,6,6,6,6,6,6,6,6,6
    ,6,6,8),(0.,5.945174336054E-02,9.456263493245E-02,0.137657873449,
    0.169133184986,0.191730587336,0.249993987442,0.308257387547,
    0.330854789897,0.362330101434,0.40542533995,0.440536231522,
    0.459774223609,0.500002069417,0.527612075977,0.55946855834,
    0.594579068159,0.637673838109,0.669148807421,0.691745964074,
    0.750008730693,0.808271497313,0.830868653966,0.862343623278,
    0.905438393228,0.940548903047,1.),.UNSPECIFIED.);
#5269 = CARTESIAN_POINT('',(-5.,-46.,262.));
#5270 = CARTESIAN_POINT('',(-4.51893639989,-46.,262.));
#5271 = CARTESIAN_POINT('',(-4.037673085679,-46.,261.95781349017));
#5272 = CARTESIAN_POINT('',(-3.56109461525,-46.,261.87337873122));
#5273 = CARTESIAN_POINT('',(-3.093380412925,-46.,261.74807656389));
#5274 = CARTESIAN_POINT('',(-2.638130382215,-46.,261.58413280888));
#5275 = CARTESIAN_POINT('',(-2.198405063159,-46.,261.38443818858));
#5276 = CARTESIAN_POINT('',(-1.527727433813,-46.,261.01538200257));
#5277 = CARTESIAN_POINT('',(-1.284910828277,-46.,260.86702180848));
#5278 = CARTESIAN_POINT('',(-1.04874570635,-46.,260.70797274725));
#5279 = CARTESIAN_POINT('',(-0.819585702639,-46.,260.53889457891));
#5280 = CARTESIAN_POINT('',(-0.597705974672,-46.,260.36044410303));
#5281 = CARTESIAN_POINT('',(-0.383315056155,-46.,260.17325868067));
#5282 = CARTESIAN_POINT('',(7.720375588089E-02,-46.,259.73821491733));
#5283 = CARTESIAN_POINT('',(0.319451511549,-46.,259.48624877351));
#5284 = CARTESIAN_POINT('',(0.549922053906,-46.,259.223150735));
#5285 = CARTESIAN_POINT('',(0.768455438203,-46.,258.94997044361));
#5286 = CARTESIAN_POINT('',(0.97497151041,-46.,258.66768800451));
#5287 = CARTESIAN_POINT('',(1.169452096076,-46.,258.37719957896));
#5288 = CARTESIAN_POINT('',(1.485193933229,-46.,257.86172932665));
#5289 = CARTESIAN_POINT('',(1.612054523404,-46.,257.64021039459));
#5290 = CARTESIAN_POINT('',(1.73251394922,-46.,257.41506038842));
#5291 = CARTESIAN_POINT('',(1.846588106954,-46.,257.18657672777));
#5292 = CARTESIAN_POINT('',(1.954298364279,-46.,256.95503937595));
#5293 = CARTESIAN_POINT('',(2.055670124904,-46.,256.7207101717));
#5294 = CARTESIAN_POINT('',(2.21897973208,-46.,256.31376783249));
#5295 = CARTESIAN_POINT('',(2.28397478823,-46.,256.142391077));
#5296 = CARTESIAN_POINT('',(2.34572681088,-46.,255.96979257229));
#5297 = CARTESIAN_POINT('',(2.404245907837,-46.,255.79605972985));
#5298 = CARTESIAN_POINT('',(2.459542045496,-46.,255.62127669489));
#5299 = CARTESIAN_POINT('',(2.511625048839,-46.,255.44552434627));
#5300 = CARTESIAN_POINT('',(2.686531871563,-46.,254.81343489684));
#5301 = CARTESIAN_POINT('',(2.791254256868,-46.,254.352093257));
#5302 = CARTESIAN_POINT('',(2.874851852083,-46.,253.8861434385));
#5303 = CARTESIAN_POINT('',(2.937452221756,-46.,253.41681403137));
#5304 = CARTESIAN_POINT('',(2.979149230156,-46.,252.94527795121));
#5305 = CARTESIAN_POINT('',(3.,-46.,252.47265311561));
#5306 = CARTESIAN_POINT('',(3.,-46.,251.52734688438));
#5307 = CARTESIAN_POINT('',(2.979149230156,-46.,251.05472204878));
#5308 = CARTESIAN_POINT('',(2.937452221756,-46.,250.58318596863));
#5309 = CARTESIAN_POINT('',(2.874851852084,-46.,250.11385656149));
#5310 = CARTESIAN_POINT('',(2.791254256869,-46.,249.64790674299));
#5311 = CARTESIAN_POINT('',(2.686531871563,-46.,249.18656510315));
#5312 = CARTESIAN_POINT('',(2.51162504884,-46.,248.55447565372));
#5313 = CARTESIAN_POINT('',(2.459542045496,-46.,248.3787233051));
#5314 = CARTESIAN_POINT('',(2.404245907838,-46.,248.20394027014));
#5315 = CARTESIAN_POINT('',(2.345726810881,-46.,248.0302074277));
#5316 = CARTESIAN_POINT('',(2.283974788231,-46.,247.85760892299));
#5317 = CARTESIAN_POINT('',(2.218979732081,-46.,247.68623216751));
#5318 = CARTESIAN_POINT('',(2.055670124905,-46.,247.27928982829));
#5319 = CARTESIAN_POINT('',(1.954298364279,-46.,247.04496062404));
#5320 = CARTESIAN_POINT('',(1.846588106955,-46.,246.81342327222));
#5321 = CARTESIAN_POINT('',(1.732513949221,-46.,246.58493961157));
#5322 = CARTESIAN_POINT('',(1.612054523405,-46.,246.3597896054));
#5323 = CARTESIAN_POINT('',(1.48519393323,-46.,246.13827067334));
#5324 = CARTESIAN_POINT('',(1.169452096077,-46.,245.62280042103));
#5325 = CARTESIAN_POINT('',(0.974971510411,-46.,245.33231199548));
#5326 = CARTESIAN_POINT('',(0.768455438204,-46.,245.05002955638));
#5327 = CARTESIAN_POINT('',(0.549922053907,-46.,244.77684926499));
#5328 = CARTESIAN_POINT('',(0.31945151155,-46.,244.51375122649));
#5329 = CARTESIAN_POINT('',(7.720375588208E-02,-46.,244.26178508266));
#5330 = CARTESIAN_POINT('',(-0.383315056153,-46.,243.82674131932));
#5331 = CARTESIAN_POINT('',(-0.597705974671,-46.,243.63955589696));
#5332 = CARTESIAN_POINT('',(-0.819585702637,-46.,243.46110542108));
#5333 = CARTESIAN_POINT('',(-1.048745706348,-46.,243.29202725274));
#5334 = CARTESIAN_POINT('',(-1.284910828276,-46.,243.13297819151));
#5335 = CARTESIAN_POINT('',(-1.527727433812,-46.,242.98461799742));
#5336 = CARTESIAN_POINT('',(-1.913192374336,-46.,242.77250682125));
#5337 = CARTESIAN_POINT('',(-2.051498462091,-46.,242.70082723427));
#5338 = CARTESIAN_POINT('',(-2.191592146545,-46.,242.63265547663));
#5339 = CARTESIAN_POINT('',(-2.333391156254,-46.,242.56809533526));
#5340 = CARTESIAN_POINT('',(-2.476805023896,-46.,242.50724714966));
#5341 = CARTESIAN_POINT('',(-2.621734530834,-46.,242.45020654133));
#5342 = CARTESIAN_POINT('',(-3.074070186981,-46.,242.28593697087));
#5343 = CARTESIAN_POINT('',(-3.386272314858,-46.,242.19183301985));
#5344 = CARTESIAN_POINT('',(-3.703618823503,-46.,242.1156060664));
#5345 = CARTESIAN_POINT('',(-4.024958832048,-46.,242.05793418126));
#5346 = CARTESIAN_POINT('',(-4.349048126467,-46.,242.01930865638));
#5347 = CARTESIAN_POINT('',(-4.67454455741,-46.,242.));
#5348 = CARTESIAN_POINT('',(-5.223373305833,-46.,242.));
#5349 = CARTESIAN_POINT('',(-5.446753898627,-46.,242.00909575187));
#5350 = CARTESIAN_POINT('',(-5.669686402323,-46.,242.02728757355));
#5351 = CARTESIAN_POINT('',(-5.891731800023,-46.,242.05451833699));
#5352 = CARTESIAN_POINT('',(-6.112467203937,-46.,242.09067744521));
#5353 = CARTESIAN_POINT('',(-6.331485625318,-46.,242.13560480933));
#5354 = CARTESIAN_POINT('',(-6.798667086002,-46.,242.25081171632));
#5355 = CARTESIAN_POINT('',(-7.046147631227,-46.,242.32393141774));
#5356 = CARTESIAN_POINT('',(-7.290243333055,-46.,242.40814133327));
#5357 = CARTESIAN_POINT('',(-7.530431700178,-46.,242.50305892372));
#5358 = CARTESIAN_POINT('',(-7.766254037615,-46.,242.60825280151));
#5359 = CARTESIAN_POINT('',(-7.997309575454,-46.,242.72325840798));
#5360 = CARTESIAN_POINT('',(-8.472272566186,-46.,242.98461799742));
#5361 = CARTESIAN_POINT('',(-8.715089171722,-46.,243.13297819151));
#5362 = CARTESIAN_POINT('',(-8.95125429365,-46.,243.29202725274));
#5363 = CARTESIAN_POINT('',(-9.180414297361,-46.,243.46110542108));
#5364 = CARTESIAN_POINT('',(-9.402294025327,-46.,243.63955589696));
#5365 = CARTESIAN_POINT('',(-9.616684943845,-46.,243.82674131932));
#5366 = CARTESIAN_POINT('',(-10.07720375588,-46.,244.26178508266));
#5367 = CARTESIAN_POINT('',(-10.31945151154,-46.,244.51375122648));
#5368 = CARTESIAN_POINT('',(-10.5499220539,-46.,244.77684926499));
#5369 = CARTESIAN_POINT('',(-10.7684554382,-46.,245.05002955638));
#5370 = CARTESIAN_POINT('',(-10.97497151041,-46.,245.33231199548));
#5371 = CARTESIAN_POINT('',(-11.16945209607,-46.,245.62280042103));
#5372 = CARTESIAN_POINT('',(-11.48519393322,-46.,246.13827067334));
#5373 = CARTESIAN_POINT('',(-11.6120545234,-46.,246.3597896054));
#5374 = CARTESIAN_POINT('',(-11.73251394922,-46.,246.58493961157));
#5375 = CARTESIAN_POINT('',(-11.84658810695,-46.,246.81342327222));
#5376 = CARTESIAN_POINT('',(-11.95429836427,-46.,247.04496062404));
#5377 = CARTESIAN_POINT('',(-12.0556701249,-46.,247.27928982829));
#5378 = CARTESIAN_POINT('',(-12.21897973208,-46.,247.6862321675));
#5379 = CARTESIAN_POINT('',(-12.28397478823,-46.,247.85760892299));
#5380 = CARTESIAN_POINT('',(-12.34572681088,-46.,248.0302074277));
#5381 = CARTESIAN_POINT('',(-12.40424590783,-46.,248.20394027014));
#5382 = CARTESIAN_POINT('',(-12.45954204549,-46.,248.3787233051));
#5383 = CARTESIAN_POINT('',(-12.51162504883,-46.,248.55447565372));
#5384 = CARTESIAN_POINT('',(-12.68653187156,-46.,249.18656510315));
#5385 = CARTESIAN_POINT('',(-12.79125425686,-46.,249.64790674299));
#5386 = CARTESIAN_POINT('',(-12.87485185208,-46.,250.11385656149));
#5387 = CARTESIAN_POINT('',(-12.93745222175,-46.,250.58318596862));
#5388 = CARTESIAN_POINT('',(-12.97914923015,-46.,251.05472204878));
#5389 = CARTESIAN_POINT('',(-13.,-46.,251.52734688438));
#5390 = CARTESIAN_POINT('',(-13.,-46.,252.47265311561));
#5391 = CARTESIAN_POINT('',(-12.97914923015,-46.,252.94527795121));
#5392 = CARTESIAN_POINT('',(-12.93745222175,-46.,253.41681403137));
#5393 = CARTESIAN_POINT('',(-12.87485185208,-46.,253.8861434385));
#5394 = CARTESIAN_POINT('',(-12.79125425686,-46.,254.352093257));
#5395 = CARTESIAN_POINT('',(-12.68653187156,-46.,254.81343489684));
#5396 = CARTESIAN_POINT('',(-12.51162504884,-46.,255.44552434627));
#5397 = CARTESIAN_POINT('',(-12.45954204549,-46.,255.62127669489));
#5398 = CARTESIAN_POINT('',(-12.40424590783,-46.,255.79605972985));
#5399 = CARTESIAN_POINT('',(-12.34572681088,-46.,255.96979257229));
#5400 = CARTESIAN_POINT('',(-12.28397478823,-46.,256.142391077));
#5401 = CARTESIAN_POINT('',(-12.21897973208,-46.,256.31376783248));
#5402 = CARTESIAN_POINT('',(-12.0556701249,-46.,256.7207101717));
#5403 = CARTESIAN_POINT('',(-11.95429836427,-46.,256.95503937595));
#5404 = CARTESIAN_POINT('',(-11.84658810695,-46.,257.18657672777));
#5405 = CARTESIAN_POINT('',(-11.73251394922,-46.,257.41506038842));
#5406 = CARTESIAN_POINT('',(-11.6120545234,-46.,257.64021039459));
#5407 = CARTESIAN_POINT('',(-11.48519393323,-46.,257.86172932665));
#5408 = CARTESIAN_POINT('',(-11.16945209607,-46.,258.37719957896));
#5409 = CARTESIAN_POINT('',(-10.97497151041,-46.,258.66768800451));
#5410 = CARTESIAN_POINT('',(-10.7684554382,-46.,258.94997044361));
#5411 = CARTESIAN_POINT('',(-10.5499220539,-46.,259.223150735));
#5412 = CARTESIAN_POINT('',(-10.31945151155,-46.,259.48624877351));
#5413 = CARTESIAN_POINT('',(-10.07720375588,-46.,259.73821491733));
#5414 = CARTESIAN_POINT('',(-9.616684943847,-46.,260.17325868067));
#5415 = CARTESIAN_POINT('',(-9.402294025328,-46.,260.36044410303));
#5416 = CARTESIAN_POINT('',(-9.180414297363,-46.,260.53889457891));
#5417 = CARTESIAN_POINT('',(-8.951254293652,-46.,260.70797274725));
#5418 = CARTESIAN_POINT('',(-8.715089171723,-46.,260.86702180848));
#5419 = CARTESIAN_POINT('',(-8.472272566188,-46.,261.01538200257));
#5420 = CARTESIAN_POINT('',(-7.801594936841,-46.,261.38443818858));
#5421 = CARTESIAN_POINT('',(-7.361869617788,-46.,261.58413280888));
#5422 = CARTESIAN_POINT('',(-6.906619587072,-46.,261.74807656389));
#5423 = CARTESIAN_POINT('',(-6.438905384752,-46.,261.87337873122));
#5424 = CARTESIAN_POINT('',(-5.962326914321,-46.,261.95781349017));
#5425 = CARTESIAN_POINT('',(-5.48106360011,-46.,262.));
#5426 = CARTESIAN_POINT('',(-5.,-46.,262.));
#5427 = PCURVE('',#4079,#5428);
#5428 = DEFINITIONAL_REPRESENTATION('',(#5429),#5588);
#5429 = B_SPLINE_CURVE_WITH_KNOTS('',7,(#5430,#5431,#5432,#5433,#5434,
    #5435,#5436,#5437,#5438,#5439,#5440,#5441,#5442,#5443,#5444,#5445,
    #5446,#5447,#5448,#5449,#5450,#5451,#5452,#5453,#5454,#5455,#5456,
    #5457,#5458,#5459,#5460,#5461,#5462,#5463,#5464,#5465,#5466,#5467,
    #5468,#5469,#5470,#5471,#5472,#5473,#5474,#5475,#5476,#5477,#5478,
    #5479,#5480,#5481,#5482,#5483,#5484,#5485,#5486,#5487,#5488,#5489,
    #5490,#5491,#5492,#5493,#5494,#5495,#5496,#5497,#5498,#5499,#5500,
    #5501,#5502,#5503,#5504,#5505,#5506,#5507,#5508,#5509,#5510,#5511,
    #5512,#5513,#5514,#5515,#5516,#5517,#5518,#5519,#5520,#5521,#5522,
    #5523,#5524,#5525,#5526,#5527,#5528,#5529,#5530,#5531,#5532,#5533,
    #5534,#5535,#5536,#5537,#5538,#5539,#5540,#5541,#5542,#5543,#5544,
    #5545,#5546,#5547,#5548,#5549,#5550,#5551,#5552,#5553,#5554,#5555,
    #5556,#5557,#5558,#5559,#5560,#5561,#5562,#5563,#5564,#5565,#5566,
    #5567,#5568,#5569,#5570,#5571,#5572,#5573,#5574,#5575,#5576,#5577,
    #5578,#5579,#5580,#5581,#5582,#5583,#5584,#5585,#5586,#5587),
  .UNSPECIFIED.,.T.,.F.,(8,6,6,6,6,6,6,6,6,6,6,6,6,6,6,6,6,6,6,6,6,6,6,6
    ,6,6,8),(0.,5.945174336054E-02,9.456263493245E-02,0.137657873449,
    0.169133184986,0.191730587336,0.249993987442,0.308257387547,
    0.330854789897,0.362330101434,0.40542533995,0.440536231522,
    0.459774223609,0.500002069417,0.527612075977,0.55946855834,
    0.594579068159,0.637673838109,0.669148807421,0.691745964074,
    0.750008730693,0.808271497313,0.830868653966,0.862343623278,
    0.905438393228,0.940548903047,1.),.UNSPECIFIED.);
#5430 = CARTESIAN_POINT('',(3.334014448385,-40.69988931114));
#5431 = CARTESIAN_POINT('',(3.334014448385,-40.21882571103));
#5432 = CARTESIAN_POINT('',(3.291827938556,-39.73756239682));
#5433 = CARTESIAN_POINT('',(3.207393179612,-39.26098392639));
#5434 = CARTESIAN_POINT('',(3.082091012275,-38.79326972406));
#5435 = CARTESIAN_POINT('',(2.918147257271,-38.33801969336));
#5436 = CARTESIAN_POINT('',(2.718452636966,-37.8982943743));
#5437 = CARTESIAN_POINT('',(2.349396450963,-37.22761674495));
#5438 = CARTESIAN_POINT('',(2.20103625687,-36.98480013942));
#5439 = CARTESIAN_POINT('',(2.041987195642,-36.74863501749));
#5440 = CARTESIAN_POINT('',(1.872909027297,-36.51947501378));
#5441 = CARTESIAN_POINT('',(1.694458551417,-36.29759528581));
#5442 = CARTESIAN_POINT('',(1.507273129064,-36.08320436729));
#5443 = CARTESIAN_POINT('',(1.072229365723,-35.62268555526));
#5444 = CARTESIAN_POINT('',(0.820263221896,-35.38043779959));
#5445 = CARTESIAN_POINT('',(0.557165183391,-35.14996725723));
#5446 = CARTESIAN_POINT('',(0.283984892001,-34.93143387294));
#5447 = CARTESIAN_POINT('',(1.702452904717E-03,-34.72491780073));
#5448 = CARTESIAN_POINT('',(-0.288785972651,-34.53043721506));
#5449 = CARTESIAN_POINT('',(-0.80425622496,-34.21469537791));
#5450 = CARTESIAN_POINT('',(-1.025775157016,-34.08783478774));
#5451 = CARTESIAN_POINT('',(-1.250925163185,-33.96737536192));
#5452 = CARTESIAN_POINT('',(-1.479408823841,-33.85330120419));
#5453 = CARTESIAN_POINT('',(-1.710946175662,-33.74559094686));
#5454 = CARTESIAN_POINT('',(-1.94527537991,-33.64421918624));
#5455 = CARTESIAN_POINT('',(-2.352217719124,-33.48090957906));
#5456 = CARTESIAN_POINT('',(-2.523594474605,-33.41591452291));
#5457 = CARTESIAN_POINT('',(-2.696192979321,-33.35416250026));
#5458 = CARTESIAN_POINT('',(-2.869925821756,-33.2956434033));
#5459 = CARTESIAN_POINT('',(-3.044708856718,-33.24034726564));
#5460 = CARTESIAN_POINT('',(-3.220461205336,-33.1882642623));
#5461 = CARTESIAN_POINT('',(-3.852550654772,-33.01335743958));
#5462 = CARTESIAN_POINT('',(-4.313892294606,-32.90863505427));
#5463 = CARTESIAN_POINT('',(-4.77984211311,-32.82503745906));
#5464 = CARTESIAN_POINT('',(-5.249171520242,-32.76243708938));
#5465 = CARTESIAN_POINT('',(-5.720707600399,-32.72074008098));
#5466 = CARTESIAN_POINT('',(-6.193332435997,-32.69988931114));
#5467 = CARTESIAN_POINT('',(-7.138638667229,-32.69988931114));
#5468 = CARTESIAN_POINT('',(-7.611263502829,-32.72074008098));
#5469 = CARTESIAN_POINT('',(-8.082799582984,-32.76243708938));
#5470 = CARTESIAN_POINT('',(-8.552128990117,-32.82503745906));
#5471 = CARTESIAN_POINT('',(-9.018078808622,-32.90863505427));
#5472 = CARTESIAN_POINT('',(-9.479420448455,-33.01335743958));
#5473 = CARTESIAN_POINT('',(-10.11150989789,-33.1882642623));
#5474 = CARTESIAN_POINT('',(-10.28726224651,-33.24034726564));
#5475 = CARTESIAN_POINT('',(-10.46204528147,-33.2956434033));
#5476 = CARTESIAN_POINT('',(-10.6357781239,-33.35416250026));
#5477 = CARTESIAN_POINT('',(-10.80837662862,-33.41591452291));
#5478 = CARTESIAN_POINT('',(-10.9797533841,-33.48090957906));
#5479 = CARTESIAN_POINT('',(-11.38669572331,-33.64421918624));
#5480 = CARTESIAN_POINT('',(-11.62102492756,-33.74559094686));
#5481 = CARTESIAN_POINT('',(-11.85256227938,-33.85330120419));
#5482 = CARTESIAN_POINT('',(-12.08104594004,-33.96737536192));
#5483 = CARTESIAN_POINT('',(-12.30619594621,-34.08783478773));
#5484 = CARTESIAN_POINT('',(-12.52771487826,-34.21469537791));
#5485 = CARTESIAN_POINT('',(-13.04318513057,-34.53043721506));
#5486 = CARTESIAN_POINT('',(-13.33367355613,-34.72491780073));
#5487 = CARTESIAN_POINT('',(-13.61595599522,-34.93143387294));
#5488 = CARTESIAN_POINT('',(-13.88913628661,-35.14996725723));
#5489 = CARTESIAN_POINT('',(-14.15223432512,-35.38043779959));
#5490 = CARTESIAN_POINT('',(-14.40420046895,-35.62268555526));
#5491 = CARTESIAN_POINT('',(-14.83924423229,-36.08320436729));
#5492 = CARTESIAN_POINT('',(-15.02642965464,-36.29759528581));
#5493 = CARTESIAN_POINT('',(-15.20488013052,-36.51947501378));
#5494 = CARTESIAN_POINT('',(-15.37395829887,-36.74863501749));
#5495 = CARTESIAN_POINT('',(-15.53300736009,-36.98480013942));
#5496 = CARTESIAN_POINT('',(-15.68136755419,-37.22761674495));
#5497 = CARTESIAN_POINT('',(-15.89347873035,-37.61308168548));
#5498 = CARTESIAN_POINT('',(-15.96515831734,-37.75138777323));
#5499 = CARTESIAN_POINT('',(-16.03333007498,-37.89148145769));
#5500 = CARTESIAN_POINT('',(-16.09789021634,-38.03328046739));
#5501 = CARTESIAN_POINT('',(-16.15873840195,-38.17669433504));
#5502 = CARTESIAN_POINT('',(-16.21577901028,-38.32162384197));
#5503 = CARTESIAN_POINT('',(-16.38004858074,-38.77395949812));
#5504 = CARTESIAN_POINT('',(-16.47415253176,-39.086161626));
#5505 = CARTESIAN_POINT('',(-16.5503794852,-39.40350813464));
#5506 = CARTESIAN_POINT('',(-16.60805137034,-39.72484814319));
#5507 = CARTESIAN_POINT('',(-16.64667689522,-40.04893743761));
#5508 = CARTESIAN_POINT('',(-16.66598555161,-40.37443386855));
#5509 = CARTESIAN_POINT('',(-16.66598555161,-40.92326261697));
#5510 = CARTESIAN_POINT('',(-16.65688979973,-41.14664320977));
#5511 = CARTESIAN_POINT('',(-16.63869797806,-41.36957571346));
#5512 = CARTESIAN_POINT('',(-16.61146721462,-41.59162111116));
#5513 = CARTESIAN_POINT('',(-16.57530810639,-41.81235651508));
#5514 = CARTESIAN_POINT('',(-16.53038074228,-42.03137493646));
#5515 = CARTESIAN_POINT('',(-16.41517383528,-42.49855639714));
#5516 = CARTESIAN_POINT('',(-16.34205413386,-42.74603694237));
#5517 = CARTESIAN_POINT('',(-16.25784421833,-42.99013264419));
#5518 = CARTESIAN_POINT('',(-16.16292662788,-43.23032101132));
#5519 = CARTESIAN_POINT('',(-16.0577327501,-43.46614334875));
#5520 = CARTESIAN_POINT('',(-15.94272714363,-43.69719888659));
#5521 = CARTESIAN_POINT('',(-15.68136755419,-44.17216187733));
#5522 = CARTESIAN_POINT('',(-15.5330073601,-44.41497848286));
#5523 = CARTESIAN_POINT('',(-15.37395829887,-44.65114360479));
#5524 = CARTESIAN_POINT('',(-15.20488013052,-44.8803036085));
#5525 = CARTESIAN_POINT('',(-15.02642965464,-45.10218333647));
#5526 = CARTESIAN_POINT('',(-14.83924423229,-45.31657425498));
#5527 = CARTESIAN_POINT('',(-14.40420046895,-45.77709306702));
#5528 = CARTESIAN_POINT('',(-14.15223432512,-46.01934082269));
#5529 = CARTESIAN_POINT('',(-13.88913628662,-46.24981136505));
#5530 = CARTESIAN_POINT('',(-13.61595599523,-46.46834474934));
#5531 = CARTESIAN_POINT('',(-13.33367355613,-46.67486082155));
#5532 = CARTESIAN_POINT('',(-13.04318513057,-46.86934140722));
#5533 = CARTESIAN_POINT('',(-12.52771487827,-47.18508324437));
#5534 = CARTESIAN_POINT('',(-12.30619594621,-47.31194383454));
#5535 = CARTESIAN_POINT('',(-12.08104594004,-47.43240326036));
#5536 = CARTESIAN_POINT('',(-11.85256227938,-47.54647741809));
#5537 = CARTESIAN_POINT('',(-11.62102492756,-47.65418767542));
#5538 = CARTESIAN_POINT('',(-11.38669572332,-47.75555943604));
#5539 = CARTESIAN_POINT('',(-10.9797533841,-47.91886904322));
#5540 = CARTESIAN_POINT('',(-10.80837662862,-47.98386409937));
#5541 = CARTESIAN_POINT('',(-10.6357781239,-48.04561612202));
#5542 = CARTESIAN_POINT('',(-10.46204528147,-48.10413521898));
#5543 = CARTESIAN_POINT('',(-10.28726224651,-48.15943135664));
#5544 = CARTESIAN_POINT('',(-10.11150989789,-48.21151435998));
#5545 = CARTESIAN_POINT('',(-9.479420448458,-48.3864211827));
#5546 = CARTESIAN_POINT('',(-9.018078808624,-48.49114356801));
#5547 = CARTESIAN_POINT('',(-8.552128990119,-48.57474116322));
#5548 = CARTESIAN_POINT('',(-8.082799582987,-48.6373415329));
#5549 = CARTESIAN_POINT('',(-7.611263502831,-48.6790385413));
#5550 = CARTESIAN_POINT('',(-7.138638667232,-48.69988931114));
#5551 = CARTESIAN_POINT('',(-6.193332436,-48.69988931114));
#5552 = CARTESIAN_POINT('',(-5.720707600401,-48.6790385413));
#5553 = CARTESIAN_POINT('',(-5.249171520245,-48.6373415329));
#5554 = CARTESIAN_POINT('',(-4.779842113113,-48.57474116322));
#5555 = CARTESIAN_POINT('',(-4.313892294607,-48.49114356801));
#5556 = CARTESIAN_POINT('',(-3.852550654774,-48.3864211827));
#5557 = CARTESIAN_POINT('',(-3.220461205338,-48.21151435998));
#5558 = CARTESIAN_POINT('',(-3.044708856719,-48.15943135664));
#5559 = CARTESIAN_POINT('',(-2.869925821757,-48.10413521898));
#5560 = CARTESIAN_POINT('',(-2.696192979322,-48.04561612202));
#5561 = CARTESIAN_POINT('',(-2.523594474607,-47.98386409937));
#5562 = CARTESIAN_POINT('',(-2.352217719125,-47.91886904322));
#5563 = CARTESIAN_POINT('',(-1.945275379911,-47.75555943604));
#5564 = CARTESIAN_POINT('',(-1.710946175663,-47.65418767542));
#5565 = CARTESIAN_POINT('',(-1.479408823843,-47.54647741809));
#5566 = CARTESIAN_POINT('',(-1.250925163187,-47.43240326036));
#5567 = CARTESIAN_POINT('',(-1.025775157017,-47.31194383454));
#5568 = CARTESIAN_POINT('',(-0.804256224961,-47.18508324437));
#5569 = CARTESIAN_POINT('',(-0.288785972653,-46.86934140722));
#5570 = CARTESIAN_POINT('',(1.702452903391E-03,-46.67486082155));
#5571 = CARTESIAN_POINT('',(0.283984891999,-46.46834474934));
#5572 = CARTESIAN_POINT('',(0.557165183389,-46.24981136505));
#5573 = CARTESIAN_POINT('',(0.820263221895,-46.01934082269));
#5574 = CARTESIAN_POINT('',(1.072229365722,-45.77709306702));
#5575 = CARTESIAN_POINT('',(1.507273129063,-45.31657425499));
#5576 = CARTESIAN_POINT('',(1.694458551417,-45.10218333647));
#5577 = CARTESIAN_POINT('',(1.872909027296,-44.8803036085));
#5578 = CARTESIAN_POINT('',(2.041987195641,-44.65114360479));
#5579 = CARTESIAN_POINT('',(2.20103625687,-44.41497848286));
#5580 = CARTESIAN_POINT('',(2.349396450962,-44.17216187733));
#5581 = CARTESIAN_POINT('',(2.718452636966,-43.50148424798));
#5582 = CARTESIAN_POINT('',(2.91814725727,-43.06175892893));
#5583 = CARTESIAN_POINT('',(3.082091012276,-42.60650889821));
#5584 = CARTESIAN_POINT('',(3.207393179612,-42.13879469589));
#5585 = CARTESIAN_POINT('',(3.291827938555,-41.66221622546));
#5586 = CARTESIAN_POINT('',(3.334014448385,-41.18095291125));
#5587 = CARTESIAN_POINT('',(3.334014448385,-40.69988931114));
#5588 = ( GEOMETRIC_REPRESENTATION_CONTEXT(2) 
PARAMETRIC_REPRESENTATION_CONTEXT() REPRESENTATION_CONTEXT('2D SPACE',''
  ) );
#5589 = PCURVE('',#4490,#5590);
#5590 = DEFINITIONAL_REPRESENTATION('',(#5591),#5750);
#5591 = B_SPLINE_CURVE_WITH_KNOTS('',7,(#5592,#5593,#5594,#5595,#5596,
    #5597,#5598,#5599,#5600,#5601,#5602,#5603,#5604,#5605,#5606,#5607,
    #5608,#5609,#5610,#5611,#5612,#5613,#5614,#5615,#5616,#5617,#5618,
    #5619,#5620,#5621,#5622,#5623,#5624,#5625,#5626,#5627,#5628,#5629,
    #5630,#5631,#5632,#5633,#5634,#5635,#5636,#5637,#5638,#5639,#5640,
    #5641,#5642,#5643,#5644,#5645,#5646,#5647,#5648,#5649,#5650,#5651,
    #5652,#5653,#5654,#5655,#5656,#5657,#5658,#5659,#5660,#5661,#5662,
    #5663,#5664,#5665,#5666,#5667,#5668,#5669,#5670,#5671,#5672,#5673,
    #5674,#5675,#5676,#5677,#5678,#5679,#5680,#5681,#5682,#5683,#5684,
    #5685,#5686,#5687,#5688,#5689,#5690,#5691,#5692,#5693,#5694,#5695,
    #5696,#5697,#5698,#5699,#5700,#5701,#5702,#5703,#5704,#5705,#5706,
    #5707,#5708,#5709,#5710,#5711,#5712,#5713,#5714,#5715,#5716,#5717,
    #5718,#5719,#5720,#5721,#5722,#5723,#5724,#5725,#5726,#5727,#5728,
    #5729,#5730,#5731,#5732,#5733,#5734,#5735,#5736,#5737,#5738,#5739,
    #5740,#5741,#5742,#5743,#5744,#5745,#5746,#5747,#5748,#5749),
  .UNSPECIFIED.,.F.,.F.,(8,6,6,6,6,6,6,6,6,6,6,6,6,6,6,6,6,6,6,6,6,6,6,6
    ,6,6,8),(0.,5.945174336054E-02,9.456263493245E-02,0.137657873449,
    0.169133184986,0.191730587336,0.249993987442,0.308257387547,
    0.330854789897,0.362330101434,0.40542533995,0.440536231522,
    0.459774223609,0.500002069417,0.527612075977,0.55946855834,
    0.594579068159,0.637673838109,0.669148807421,0.691745964074,
    0.750008730693,0.808271497313,0.830868653966,0.862343623278,
    0.905438393228,0.940548903047,1.),.UNSPECIFIED.);
#5592 = CARTESIAN_POINT('',(6.28318530718,-3.));
#5593 = CARTESIAN_POINT('',(6.223052357166,-3.));
#5594 = CARTESIAN_POINT('',(6.162894458154,-3.));
#5595 = CARTESIAN_POINT('',(6.102966913006,-3.));
#5596 = CARTESIAN_POINT('',(6.043436121437,-3.));
#5597 = CARTESIAN_POINT('',(5.984435935527,-3.));
#5598 = CARTESIAN_POINT('',(5.926083251679,-3.));
#5599 = CARTESIAN_POINT('',(5.834484767939,-3.));
#5600 = CARTESIAN_POINT('',(5.80072777334,-3.));
#5601 = CARTESIAN_POINT('',(5.767236814829,-3.));
#5602 = CARTESIAN_POINT('',(5.734019020384,-3.));
#5603 = CARTESIAN_POINT('',(5.701077378872,-3.));
#5604 = CARTESIAN_POINT('',(5.668411434422,-3.));
#5605 = CARTESIAN_POINT('',(5.596256442294,-3.));
#5606 = CARTESIAN_POINT('',(5.556906720983,-3.));
#5607 = CARTESIAN_POINT('',(5.517957483971,-3.));
#5608 = CARTESIAN_POINT('',(5.479395097748,-3.));
#5609 = CARTESIAN_POINT('',(5.441202556347,-3.));
#5610 = CARTESIAN_POINT('',(5.403359169755,-3.));
#5611 = CARTESIAN_POINT('',(5.338437698011,-3.));
#5612 = CARTESIAN_POINT('',(5.311209009173,-3.));
#5613 = CARTESIAN_POINT('',(5.284144837824,-3.));
#5614 = CARTESIAN_POINT('',(5.257235905014,-3.));
#5615 = CARTESIAN_POINT('',(5.230472806037,-3.));
#5616 = CARTESIAN_POINT('',(5.20384581562,-3.));
#5617 = CARTESIAN_POINT('',(5.158318462756,-3.));
#5618 = CARTESIAN_POINT('',(5.139357240536,-3.));
#5619 = CARTESIAN_POINT('',(5.12045735906,-3.));
#5620 = CARTESIAN_POINT('',(5.101615148331,-3.));
#5621 = CARTESIAN_POINT('',(5.082826935753,-3.));
#5622 = CARTESIAN_POINT('',(5.06408904613,-3.));
#5623 = CARTESIAN_POINT('',(4.997205737911,-3.));
#5624 = CARTESIAN_POINT('',(4.949326960885,-3.));
#5625 = CARTESIAN_POINT('',(4.901693144395,-3.));
#5626 = CARTESIAN_POINT('',(4.854242797143,-3.));
#5627 = CARTESIAN_POINT('',(4.806916796395,-3.));
#5628 = CARTESIAN_POINT('',(4.759654291946,-3.));
#5629 = CARTESIAN_POINT('',(4.665123668823,-3.));
#5630 = CARTESIAN_POINT('',(4.617861164375,-3.));
#5631 = CARTESIAN_POINT('',(4.570535163627,-3.));
#5632 = CARTESIAN_POINT('',(4.523084816374,-3.));
#5633 = CARTESIAN_POINT('',(4.475450999884,-3.));
#5634 = CARTESIAN_POINT('',(4.427572222858,-3.));
#5635 = CARTESIAN_POINT('',(4.36068891464,-3.));
#5636 = CARTESIAN_POINT('',(4.341951025017,-3.));
#5637 = CARTESIAN_POINT('',(4.323162812439,-3.));
#5638 = CARTESIAN_POINT('',(4.30432060171,-3.));
#5639 = CARTESIAN_POINT('',(4.285420720233,-3.));
#5640 = CARTESIAN_POINT('',(4.266459498013,-3.));
#5641 = CARTESIAN_POINT('',(4.22093214515,-3.));
#5642 = CARTESIAN_POINT('',(4.194305154733,-3.));
#5643 = CARTESIAN_POINT('',(4.167542055756,-3.));
#5644 = CARTESIAN_POINT('',(4.140633122946,-3.));
#5645 = CARTESIAN_POINT('',(4.113568951596,-3.));
#5646 = CARTESIAN_POINT('',(4.086340262759,-3.));
#5647 = CARTESIAN_POINT('',(4.021418791015,-3.));
#5648 = CARTESIAN_POINT('',(3.983575404423,-3.));
#5649 = CARTESIAN_POINT('',(3.945382863021,-3.));
#5650 = CARTESIAN_POINT('',(3.906820476798,-3.));
#5651 = CARTESIAN_POINT('',(3.867871239786,-3.));
#5652 = CARTESIAN_POINT('',(3.828521518475,-3.));
#5653 = CARTESIAN_POINT('',(3.756366526347,-3.));
#5654 = CARTESIAN_POINT('',(3.723700581897,-3.));
#5655 = CARTESIAN_POINT('',(3.690758940386,-3.));
#5656 = CARTESIAN_POINT('',(3.657541145941,-3.));
#5657 = CARTESIAN_POINT('',(3.624050187429,-3.));
#5658 = CARTESIAN_POINT('',(3.59029319283,-3.));
#5659 = CARTESIAN_POINT('',(3.537647924013,-3.));
#5660 = CARTESIAN_POINT('',(3.518936976956,-3.));
#5661 = CARTESIAN_POINT('',(3.500152288606,-3.));
#5662 = CARTESIAN_POINT('',(3.481296486013,-3.));
#5663 = CARTESIAN_POINT('',(3.46237265413,-3.));
#5664 = CARTESIAN_POINT('',(3.443384412578,-3.));
#5665 = CARTESIAN_POINT('',(3.384504553362,-3.));
#5666 = CARTESIAN_POINT('',(3.344403433858,-3.));
#5667 = CARTESIAN_POINT('',(3.304080274806,-3.));
#5668 = CARTESIAN_POINT('',(3.263582802654,-3.));
#5669 = CARTESIAN_POINT('',(3.222961625638,-3.));
#5670 = CARTESIAN_POINT('',(3.182274583914,-3.));
#5671 = CARTESIAN_POINT('',(3.113670990361,-3.));
#5672 = CARTESIAN_POINT('',(3.085748424159,-3.));
#5673 = CARTESIAN_POINT('',(3.057846290305,-3.));
#5674 = CARTESIAN_POINT('',(3.029983945288,-3.));
#5675 = CARTESIAN_POINT('',(3.002179451691,-3.));
#5676 = CARTESIAN_POINT('',(2.974450263108,-3.));
#5677 = CARTESIAN_POINT('',(2.914927026926,-3.));
#5678 = CARTESIAN_POINT('',(2.883161699316,-3.));
#5679 = CARTESIAN_POINT('',(2.851543859522,-3.));
#5680 = CARTESIAN_POINT('',(2.820093882329,-3.));
#5681 = CARTESIAN_POINT('',(2.78882826086,-3.));
#5682 = CARTESIAN_POINT('',(2.757760670985,-3.));
#5683 = CARTESIAN_POINT('',(2.69289211435,-3.));
#5684 = CARTESIAN_POINT('',(2.65913511975,-3.));
#5685 = CARTESIAN_POINT('',(2.625644161239,-3.));
#5686 = CARTESIAN_POINT('',(2.592426366794,-3.));
#5687 = CARTESIAN_POINT('',(2.559484725283,-3.));
#5688 = CARTESIAN_POINT('',(2.526818780832,-3.));
#5689 = CARTESIAN_POINT('',(2.454663788705,-3.));
#5690 = CARTESIAN_POINT('',(2.415314067394,-3.));
#5691 = CARTESIAN_POINT('',(2.376364830382,-3.));
#5692 = CARTESIAN_POINT('',(2.337802444159,-3.));
#5693 = CARTESIAN_POINT('',(2.299609902757,-3.));
#5694 = CARTESIAN_POINT('',(2.261766516165,-3.));
#5695 = CARTESIAN_POINT('',(2.196845044421,-3.));
#5696 = CARTESIAN_POINT('',(2.169616355583,-3.));
#5697 = CARTESIAN_POINT('',(2.142552184234,-3.));
#5698 = CARTESIAN_POINT('',(2.115643251424,-3.));
#5699 = CARTESIAN_POINT('',(2.088880152447,-3.));
#5700 = CARTESIAN_POINT('',(2.06225316203,-3.));
#5701 = CARTESIAN_POINT('',(2.016725809167,-3.));
#5702 = CARTESIAN_POINT('',(1.997764586946,-3.));
#5703 = CARTESIAN_POINT('',(1.97886470547,-3.));
#5704 = CARTESIAN_POINT('',(1.960022494741,-3.));
#5705 = CARTESIAN_POINT('',(1.941234282163,-3.));
#5706 = CARTESIAN_POINT('',(1.92249639254,-3.));
#5707 = CARTESIAN_POINT('',(1.855613084321,-3.));
#5708 = CARTESIAN_POINT('',(1.807734307296,-3.));
#5709 = CARTESIAN_POINT('',(1.760100490805,-3.));
#5710 = CARTESIAN_POINT('',(1.712650143553,-3.));
#5711 = CARTESIAN_POINT('',(1.665324142805,-3.));
#5712 = CARTESIAN_POINT('',(1.618061638357,-3.));
#5713 = CARTESIAN_POINT('',(1.523531015233,-3.));
#5714 = CARTESIAN_POINT('',(1.476268510785,-3.));
#5715 = CARTESIAN_POINT('',(1.428942510037,-3.));
#5716 = CARTESIAN_POINT('',(1.381492162785,-3.));
#5717 = CARTESIAN_POINT('',(1.333858346294,-3.));
#5718 = CARTESIAN_POINT('',(1.285979569269,-3.));
#5719 = CARTESIAN_POINT('',(1.21909626105,-3.));
#5720 = CARTESIAN_POINT('',(1.200358371427,-3.));
#5721 = CARTESIAN_POINT('',(1.181570158849,-3.));
#5722 = CARTESIAN_POINT('',(1.16272794812,-3.));
#5723 = CARTESIAN_POINT('',(1.143828066644,-3.));
#5724 = CARTESIAN_POINT('',(1.124866844423,-3.));
#5725 = CARTESIAN_POINT('',(1.07933949156,-3.));
#5726 = CARTESIAN_POINT('',(1.052712501143,-3.));
#5727 = CARTESIAN_POINT('',(1.025949402166,-3.));
#5728 = CARTESIAN_POINT('',(0.999040469356,-3.));
#5729 = CARTESIAN_POINT('',(0.971976298007,-3.));
#5730 = CARTESIAN_POINT('',(0.944747609169,-3.));
#5731 = CARTESIAN_POINT('',(0.879826137425,-3.));
#5732 = CARTESIAN_POINT('',(0.841982750833,-3.));
#5733 = CARTESIAN_POINT('',(0.803790209431,-3.));
#5734 = CARTESIAN_POINT('',(0.765227823208,-3.));
#5735 = CARTESIAN_POINT('',(0.726278586196,-3.));
#5736 = CARTESIAN_POINT('',(0.686928864885,-3.));
#5737 = CARTESIAN_POINT('',(0.614773872758,-3.));
#5738 = CARTESIAN_POINT('',(0.582107928307,-3.));
#5739 = CARTESIAN_POINT('',(0.549166286796,-3.));
#5740 = CARTESIAN_POINT('',(0.515948492351,-3.));
#5741 = CARTESIAN_POINT('',(0.48245753384,-3.));
#5742 = CARTESIAN_POINT('',(0.448700539241,-3.));
#5743 = CARTESIAN_POINT('',(0.357102055501,-3.));
#5744 = CARTESIAN_POINT('',(0.298749371654,-3.));
#5745 = CARTESIAN_POINT('',(0.239749185741,-3.));
#5746 = CARTESIAN_POINT('',(0.180218394176,-3.));
#5747 = CARTESIAN_POINT('',(0.120290849025,-3.));
#5748 = CARTESIAN_POINT('',(6.01329500138E-02,-3.));
#5749 = CARTESIAN_POINT('',(0.,-3.));
#5750 = ( GEOMETRIC_REPRESENTATION_CONTEXT(2) 
PARAMETRIC_REPRESENTATION_CONTEXT() REPRESENTATION_CONTEXT('2D SPACE',''
  ) );
#5751 = FACE_BOUND('',#5752,.F.);
#5752 = EDGE_LOOP('',(#5753));
#5753 = ORIENTED_EDGE('',*,*,#5754,.F.);
#5754 = EDGE_CURVE('',#5755,#5755,#5757,.T.);
#5755 = VERTEX_POINT('',#5756);
#5756 = CARTESIAN_POINT('',(37.2,-46.,280.));
#5757 = SURFACE_CURVE('',#5758,(#5763,#5770),.PCURVE_S1.);
#5758 = CIRCLE('',#5759,1.2);
#5759 = AXIS2_PLACEMENT_3D('',#5760,#5761,#5762);
#5760 = CARTESIAN_POINT('',(36.,-46.,280.));
#5761 = DIRECTION('',(-0.,1.,0.));
#5762 = DIRECTION('',(1.,0.,0.));
#5763 = PCURVE('',#4079,#5764);
#5764 = DEFINITIONAL_REPRESENTATION('',(#5765),#5769);
#5765 = CIRCLE('',#5766,1.2);
#5766 = AXIS2_PLACEMENT_2D('',#5767,#5768);
#5767 = CARTESIAN_POINT('',(21.334014448385,0.300110688856));
#5768 = DIRECTION('',(0.,1.));
#5769 = ( GEOMETRIC_REPRESENTATION_CONTEXT(2) 
PARAMETRIC_REPRESENTATION_CONTEXT() REPRESENTATION_CONTEXT('2D SPACE',''
  ) );
#5770 = PCURVE('',#4679,#5771);
#5771 = DEFINITIONAL_REPRESENTATION('',(#5772),#5776);
#5772 = LINE('',#5773,#5774);
#5773 = CARTESIAN_POINT('',(-6.28318530718,-3.));
#5774 = VECTOR('',#5775,1.);
#5775 = DIRECTION('',(1.,-0.));
#5776 = ( GEOMETRIC_REPRESENTATION_CONTEXT(2) 
PARAMETRIC_REPRESENTATION_CONTEXT() REPRESENTATION_CONTEXT('2D SPACE',''
  ) );
#5777 = FACE_BOUND('',#5778,.F.);
#5778 = EDGE_LOOP('',(#5779));
#5779 = ORIENTED_EDGE('',*,*,#5780,.F.);
#5780 = EDGE_CURVE('',#5781,#5781,#5783,.T.);
#5781 = VERTEX_POINT('',#5782);
#5782 = CARTESIAN_POINT('',(81.,-46.,263.));
#5783 = SURFACE_CURVE('',#5784,(#5955,#6129),.PCURVE_S1.);
#5784 = B_SPLINE_CURVE_WITH_KNOTS('',7,(#5785,#5786,#5787,#5788,#5789,
    #5790,#5791,#5792,#5793,#5794,#5795,#5796,#5797,#5798,#5799,#5800,
    #5801,#5802,#5803,#5804,#5805,#5806,#5807,#5808,#5809,#5810,#5811,
    #5812,#5813,#5814,#5815,#5816,#5817,#5818,#5819,#5820,#5821,#5822,
    #5823,#5824,#5825,#5826,#5827,#5828,#5829,#5830,#5831,#5832,#5833,
    #5834,#5835,#5836,#5837,#5838,#5839,#5840,#5841,#5842,#5843,#5844,
    #5845,#5846,#5847,#5848,#5849,#5850,#5851,#5852,#5853,#5854,#5855,
    #5856,#5857,#5858,#5859,#5860,#5861,#5862,#5863,#5864,#5865,#5866,
    #5867,#5868,#5869,#5870,#5871,#5872,#5873,#5874,#5875,#5876,#5877,
    #5878,#5879,#5880,#5881,#5882,#5883,#5884,#5885,#5886,#5887,#5888,
    #5889,#5890,#5891,#5892,#5893,#5894,#5895,#5896,#5897,#5898,#5899,
    #5900,#5901,#5902,#5903,#5904,#5905,#5906,#5907,#5908,#5909,#5910,
    #5911,#5912,#5913,#5914,#5915,#5916,#5917,#5918,#5919,#5920,#5921,
    #5922,#5923,#5924,#5925,#5926,#5927,#5928,#5929,#5930,#5931,#5932,
    #5933,#5934,#5935,#5936,#5937,#5938,#5939,#5940,#5941,#5942,#5943,
    #5944,#5945,#5946,#5947,#5948,#5949,#5950,#5951,#5952,#5953,#5954),
  .UNSPECIFIED.,.T.,.F.,(8,6,6,6,6,6,6,6,6,6,6,6,6,6,6,6,6,6,6,6,6,6,6,6
    ,6,6,6,6,8),(0.,2.280861663072E-02,3.979282869297E-02,
    6.772934262884E-02,9.758875672366E-02,0.12797711889,0.186107942007,
    0.249976514119,0.310022261816,0.367395369596,0.39821168733,
    0.42860615339,0.468204142801,0.486912630164,0.499971327052,
    0.514941199431,0.539772039932,0.567711669401,0.597574413474,
    0.627966164607,0.686103470583,0.749979165438,0.81003160955,
    0.867411115687,0.898230870115,0.928628725823,0.968231131277,
    0.980496761682,1.),.UNSPECIFIED.);
#5785 = CARTESIAN_POINT('',(81.,-46.,263.));
#5786 = CARTESIAN_POINT('',(81.,-46.,262.8003943804));
#5787 = CARTESIAN_POINT('',(80.983214238898,-46.,262.60070328533));
#5788 = CARTESIAN_POINT('',(80.949618450735,-46.,262.40283274978));
#5789 = CARTESIAN_POINT('',(80.90000851633,-46.,262.20826826955));
#5790 = CARTESIAN_POINT('',(80.835658545934,-46.,262.01814866289));
#5791 = CARTESIAN_POINT('',(80.758075356878,-46.,261.83332083342));
#5792 = CARTESIAN_POINT('',(80.602408074889,-46.,261.52112550268));
#5793 = CARTESIAN_POINT('',(80.529473230244,-46.,261.3910621681));
#5794 = CARTESIAN_POINT('',(80.450637046876,-46.,261.26433379087));
#5795 = CARTESIAN_POINT('',(80.366478092575,-46.,261.14100764333));
#5796 = CARTESIAN_POINT('',(80.27753184589,-46.,261.02108871122));
#5797 = CARTESIAN_POINT('',(80.184270831953,-46.,260.90453261969));
#5798 = CARTESIAN_POINT('',(79.927253337942,-46.,260.60492396322));
#5799 = CARTESIAN_POINT('',(79.756891172997,-46.,260.42754313946));
#5800 = CARTESIAN_POINT('',(79.577745637237,-46.,260.25864959085));
#5801 = CARTESIAN_POINT('',(79.391246932277,-46.,260.09779463517));
#5802 = CARTESIAN_POINT('',(79.198544195068,-46.,259.94451592343));
#5803 = CARTESIAN_POINT('',(79.000513410811,-46.,259.79833046743));
#5804 = CARTESIAN_POINT('',(78.581023317804,-46.,259.50955440711));
#5805 = CARTESIAN_POINT('',(78.358984626867,-46.,259.36796858208));
#5806 = CARTESIAN_POINT('',(78.1324392869,-46.,259.23342936831));
#5807 = CARTESIAN_POINT('',(77.902039759742,-46.,259.10548048943));
#5808 = CARTESIAN_POINT('',(77.668310314448,-46.,258.98372316206));
#5809 = CARTESIAN_POINT('',(77.43166108289,-46.,258.86779297171));
#5810 = CARTESIAN_POINT('',(76.948876599799,-46.,258.64496936413));
#5811 = CARTESIAN_POINT('',(76.702682255367,-46.,258.53828809851));
#5812 = CARTESIAN_POINT('',(76.454146534892,-46.,258.4369761438));
#5813 = CARTESIAN_POINT('',(76.203555251403,-46.,258.34075131521));
#5814 = CARTESIAN_POINT('',(75.951146715737,-46.,258.24936925524));
#5815 = CARTESIAN_POINT('',(75.697116323685,-46.,258.1626124103));
#5816 = CARTESIAN_POINT('',(74.952866408516,-46.,257.92280521853));
#5817 = CARTESIAN_POINT('',(74.458820648388,-46.,257.78156519547));
#5818 = CARTESIAN_POINT('',(73.960549562024,-46.,257.65519992895));
#5819 = CARTESIAN_POINT('',(73.458892418269,-46.,257.54275555776));
#5820 = CARTESIAN_POINT('',(72.954516322563,-46.,257.44347030558));
#5821 = CARTESIAN_POINT('',(72.447922865687,-46.,257.35674787925));
#5822 = CARTESIAN_POINT('',(71.380806641531,-46.,257.20013433688));
#5823 = CARTESIAN_POINT('',(70.819986488881,-46.,257.13276257707));
#5824 = CARTESIAN_POINT('',(70.257523343221,-46.,257.07939629703));
#5825 = CARTESIAN_POINT('',(69.693889354044,-46.,257.03963191378));
#5826 = CARTESIAN_POINT('',(69.129510134648,-46.,257.0132116332));
#5827 = CARTESIAN_POINT('',(68.564767738253,-46.,257.));
#5828 = CARTESIAN_POINT('',(67.469036178565,-46.,257.));
#5829 = CARTESIAN_POINT('',(66.938090435678,-46.,257.01167736535));
#5830 = CARTESIAN_POINT('',(66.407448130553,-46.,257.03503015323));
#5831 = CARTESIAN_POINT('',(65.877426613329,-46.,257.07016350005));
#5832 = CARTESIAN_POINT('',(65.348374924655,-46.,257.11727911199));
#5833 = CARTESIAN_POINT('',(64.820675744172,-46.,257.1766912581));
#5834 = CARTESIAN_POINT('',(63.792232437124,-46.,257.31783462613));
#5835 = CARTESIAN_POINT('',(63.291395891113,-46.,257.39844700718));
#5836 = CARTESIAN_POINT('',(62.792563188342,-46.,257.49111378747));
#5837 = CARTESIAN_POINT('',(62.296194132863,-46.,257.59637601561));
#5838 = CARTESIAN_POINT('',(61.802882757271,-46.,257.71490097695));
#5839 = CARTESIAN_POINT('',(61.313374612125,-46.,257.84755112795));
#5840 = CARTESIAN_POINT('',(60.568222893785,-46.,258.07501167797));
#5841 = CARTESIAN_POINT('',(60.30922800456,-46.,258.15891055206));
#5842 = CARTESIAN_POINT('',(60.051764395952,-46.,258.24741143854));
#5843 = CARTESIAN_POINT('',(59.796015933155,-46.,258.34072339682));
#5844 = CARTESIAN_POINT('',(59.542205988934,-46.,258.43908180318));
#5845 = CARTESIAN_POINT('',(59.290601562196,-46.,258.54275875711));
#5846 = CARTESIAN_POINT('',(58.795849147912,-46.,258.75990714027));
#5847 = CARTESIAN_POINT('',(58.552663528444,-46.,258.87321175202));
#5848 = CARTESIAN_POINT('',(58.312242996442,-46.,258.99231625023));
#5849 = CARTESIAN_POINT('',(58.074972401351,-46.,259.11757697533));
#5850 = CARTESIAN_POINT('',(57.841342482068,-46.,259.24938651021));
#5851 = CARTESIAN_POINT('',(57.611963162769,-46.,259.38819672657));
#5852 = CARTESIAN_POINT('',(57.095275462992,-46.,259.72525115654));
#5853 = CARTESIAN_POINT('',(56.811874036919,-46.,259.92849316794));
#5854 = CARTESIAN_POINT('',(56.538501653387,-46.,260.14579362856));
#5855 = CARTESIAN_POINT('',(56.277539094723,-46.,260.37857360276));
#5856 = CARTESIAN_POINT('',(56.032611259148,-46.,260.62812961717));
#5857 = CARTESIAN_POINT('',(55.808489386142,-46.,260.89553476762));
#5858 = CARTESIAN_POINT('',(55.518089502875,-46.,261.31703191881));
#5859 = CARTESIAN_POINT('',(55.430985361695,-46.,261.45638087989));
#5860 = CARTESIAN_POINT('',(55.350647687485,-46.,261.59983755443));
#5861 = CARTESIAN_POINT('',(55.277859684421,-46.,261.74729857847));
#5862 = CARTESIAN_POINT('',(55.213460633923,-46.,261.89853743255));
#5863 = CARTESIAN_POINT('',(55.158274225713,-46.,262.05317152278));
#5864 = CARTESIAN_POINT('',(55.081399524279,-46.,262.3205100401));
#5865 = CARTESIAN_POINT('',(55.054626427609,-46.,262.43178008517));
#5866 = CARTESIAN_POINT('',(55.032926502262,-46.,262.54420047023));
#5867 = CARTESIAN_POINT('',(55.01650208338,-46.,262.65752247095));
#5868 = CARTESIAN_POINT('',(55.00550021167,-46.,262.77147059125));
#5869 = CARTESIAN_POINT('',(55.,-46.,262.88574100535));
#5870 = CARTESIAN_POINT('',(55.,-46.,263.13098110651));
#5871 = CARTESIAN_POINT('',(55.007228153791,-46.,263.26198229997));
#5872 = CARTESIAN_POINT('',(55.021687023892,-46.,263.39249312356));
#5873 = CARTESIAN_POINT('',(55.043238612751,-46.,263.52206052575));
#5874 = CARTESIAN_POINT('',(55.071631315274,-46.,263.6502850873));
#5875 = CARTESIAN_POINT('',(55.106526871356,-46.,263.77681724823));
#5876 = CARTESIAN_POINT('',(55.2155356177,-46.,264.10792447855));
#5877 = CARTESIAN_POINT('',(55.30032990659,-46.,264.30897423741));
#5878 = CARTESIAN_POINT('',(55.400170230065,-46.,264.50340229992));
#5879 = CARTESIAN_POINT('',(55.513066437434,-46.,264.69066161613));
#5880 = CARTESIAN_POINT('',(55.637160468092,-46.,264.87055232129));
#5881 = CARTESIAN_POINT('',(55.770849903878,-46.,265.04315103471));
#5882 = CARTESIAN_POINT('',(56.072746662057,-46.,265.39507603677));
#5883 = CARTESIAN_POINT('',(56.243108827005,-46.,265.57245686053));
#5884 = CARTESIAN_POINT('',(56.422254362761,-46.,265.74135040914));
#5885 = CARTESIAN_POINT('',(56.608753067721,-46.,265.90220536482));
#5886 = CARTESIAN_POINT('',(56.801455804934,-46.,266.05548407656));
#5887 = CARTESIAN_POINT('',(56.999486589188,-46.,266.20166953256));
#5888 = CARTESIAN_POINT('',(57.418976682195,-46.,266.49044559288));
#5889 = CARTESIAN_POINT('',(57.641015373132,-46.,266.63203141791));
#5890 = CARTESIAN_POINT('',(57.867560713099,-46.,266.76657063168));
#5891 = CARTESIAN_POINT('',(58.097960240257,-46.,266.89451951056));
#5892 = CARTESIAN_POINT('',(58.331689685551,-46.,267.01627683793));
#5893 = CARTESIAN_POINT('',(58.56833891711,-46.,267.13220702828));
#5894 = CARTESIAN_POINT('',(59.051123400199,-46.,267.35503063586));
#5895 = CARTESIAN_POINT('',(59.297317744634,-46.,267.46171190148));
#5896 = CARTESIAN_POINT('',(59.545853465107,-46.,267.56302385619));
#5897 = CARTESIAN_POINT('',(59.796444748596,-46.,267.65924868478));
#5898 = CARTESIAN_POINT('',(60.048853284263,-46.,267.75063074475));
#5899 = CARTESIAN_POINT('',(60.302883676314,-46.,267.83738758969));
#5900 = CARTESIAN_POINT('',(61.047133591481,-46.,268.07719478146));
#5901 = CARTESIAN_POINT('',(61.541179351621,-46.,268.21843480452));
#5902 = CARTESIAN_POINT('',(62.039450437957,-46.,268.34480007104));
#5903 = CARTESIAN_POINT('',(62.541107581749,-46.,268.45724444223));
#5904 = CARTESIAN_POINT('',(63.045483677426,-46.,268.55652969441));
#5905 = CARTESIAN_POINT('',(63.552077134315,-46.,268.64325212074));
#5906 = CARTESIAN_POINT('',(64.619193358469,-46.,268.79986566311));
#5907 = CARTESIAN_POINT('',(65.180013511119,-46.,268.86723742292));
#5908 = CARTESIAN_POINT('',(65.742476656779,-46.,268.92060370296));
#5909 = CARTESIAN_POINT('',(66.306110645955,-46.,268.96036808621));
#5910 = CARTESIAN_POINT('',(66.870489865352,-46.,268.98678836679));
#5911 = CARTESIAN_POINT('',(67.435232261746,-46.,269.));
#5912 = CARTESIAN_POINT('',(68.530963821435,-46.,269.));
#5913 = CARTESIAN_POINT('',(69.061909564321,-46.,268.98832263464));
#5914 = CARTESIAN_POINT('',(69.592551869447,-46.,268.96496984676));
#5915 = CARTESIAN_POINT('',(70.122573386671,-46.,268.92983649994));
#5916 = CARTESIAN_POINT('',(70.651625075344,-46.,268.882720888));
#5917 = CARTESIAN_POINT('',(71.179324255828,-46.,268.82330874189));
#5918 = CARTESIAN_POINT('',(72.207767562876,-46.,268.68216537387));
#5919 = CARTESIAN_POINT('',(72.708604108887,-46.,268.60155299281));
#5920 = CARTESIAN_POINT('',(73.207436811658,-46.,268.50888621252));
#5921 = CARTESIAN_POINT('',(73.703805867137,-46.,268.40362398438));
#5922 = CARTESIAN_POINT('',(74.197117242729,-46.,268.28509902304));
#5923 = CARTESIAN_POINT('',(74.686625387875,-46.,268.15244887204));
#5924 = CARTESIAN_POINT('',(75.431777106215,-46.,267.92498832202));
#5925 = CARTESIAN_POINT('',(75.690771995441,-46.,267.84108944793));
#5926 = CARTESIAN_POINT('',(75.948235604048,-46.,267.75258856145));
#5927 = CARTESIAN_POINT('',(76.203984066845,-46.,267.65927660317));
#5928 = CARTESIAN_POINT('',(76.457794011067,-46.,267.56091819681));
#5929 = CARTESIAN_POINT('',(76.709398437804,-46.,267.45724124289));
#5930 = CARTESIAN_POINT('',(77.204150852089,-46.,267.24009285972));
#5931 = CARTESIAN_POINT('',(77.447336471557,-46.,267.12678824797));
#5932 = CARTESIAN_POINT('',(77.687757003558,-46.,267.00768374976));
#5933 = CARTESIAN_POINT('',(77.92502759865,-46.,266.88242302466));
#5934 = CARTESIAN_POINT('',(78.158657517933,-46.,266.75061348978));
#5935 = CARTESIAN_POINT('',(78.38803683723,-46.,266.61180327343));
#5936 = CARTESIAN_POINT('',(78.904724537011,-46.,266.27474884345));
#5937 = CARTESIAN_POINT('',(79.188125963072,-46.,266.07150683205));
#5938 = CARTESIAN_POINT('',(79.461498346627,-46.,265.85420637142));
#5939 = CARTESIAN_POINT('',(79.722460905265,-46.,265.62142639724));
#5940 = CARTESIAN_POINT('',(79.967388740857,-46.,265.37187038282));
#5941 = CARTESIAN_POINT('',(80.191510613857,-46.,265.10446523237));
#5942 = CARTESIAN_POINT('',(80.449814541385,-46.,264.72955334064));
#5943 = CARTESIAN_POINT('',(80.508284422213,-46.,264.63913405996));
#5944 = CARTESIAN_POINT('',(80.563948280723,-46.,264.54695278584));
#5945 = CARTESIAN_POINT('',(80.616594520085,-46.,264.45302657859));
#5946 = CARTESIAN_POINT('',(80.66599975298,-46.,264.35739421988));
#5947 = CARTESIAN_POINT('',(80.711935806452,-46.,264.26011988387));
#5948 = CARTESIAN_POINT('',(80.821342841211,-46.,264.00416097995));
#5949 = CARTESIAN_POINT('',(80.879200460474,-46.,263.84303141207));
#5950 = CARTESIAN_POINT('',(80.926773950769,-46.,263.67840144433));
#5951 = CARTESIAN_POINT('',(80.963185628875,-46.,263.51090407854));
#5952 = CARTESIAN_POINT('',(80.987733106759,-46.,263.34132753276));
#5953 = CARTESIAN_POINT('',(81.,-46.,263.17063662696));
#5954 = CARTESIAN_POINT('',(81.,-46.,263.));
#5955 = PCURVE('',#4079,#5956);
#5956 = DEFINITIONAL_REPRESENTATION('',(#5957),#6128);
#5957 = B_SPLINE_CURVE_WITH_KNOTS('',7,(#5958,#5959,#5960,#5961,#5962,
    #5963,#5964,#5965,#5966,#5967,#5968,#5969,#5970,#5971,#5972,#5973,
    #5974,#5975,#5976,#5977,#5978,#5979,#5980,#5981,#5982,#5983,#5984,
    #5985,#5986,#5987,#5988,#5989,#5990,#5991,#5992,#5993,#5994,#5995,
    #5996,#5997,#5998,#5999,#6000,#6001,#6002,#6003,#6004,#6005,#6006,
    #6007,#6008,#6009,#6010,#6011,#6012,#6013,#6014,#6015,#6016,#6017,
    #6018,#6019,#6020,#6021,#6022,#6023,#6024,#6025,#6026,#6027,#6028,
    #6029,#6030,#6031,#6032,#6033,#6034,#6035,#6036,#6037,#6038,#6039,
    #6040,#6041,#6042,#6043,#6044,#6045,#6046,#6047,#6048,#6049,#6050,
    #6051,#6052,#6053,#6054,#6055,#6056,#6057,#6058,#6059,#6060,#6061,
    #6062,#6063,#6064,#6065,#6066,#6067,#6068,#6069,#6070,#6071,#6072,
    #6073,#6074,#6075,#6076,#6077,#6078,#6079,#6080,#6081,#6082,#6083,
    #6084,#6085,#6086,#6087,#6088,#6089,#6090,#6091,#6092,#6093,#6094,
    #6095,#6096,#6097,#6098,#6099,#6100,#6101,#6102,#6103,#6104,#6105,
    #6106,#6107,#6108,#6109,#6110,#6111,#6112,#6113,#6114,#6115,#6116,
    #6117,#6118,#6119,#6120,#6121,#6122,#6123,#6124,#6125,#6126,#6127),
  .UNSPECIFIED.,.T.,.F.,(8,6,6,6,6,6,6,6,6,6,6,6,6,6,6,6,6,6,6,6,6,6,6,6
    ,6,6,6,6,8),(0.,2.280861663072E-02,3.979282869297E-02,
    6.772934262884E-02,9.758875672366E-02,0.12797711889,0.186107942007,
    0.249976514119,0.310022261816,0.367395369596,0.39821168733,
    0.42860615339,0.468204142801,0.486912630164,0.499971327052,
    0.514941199431,0.539772039932,0.567711669401,0.597574413474,
    0.627966164607,0.686103470583,0.749979165438,0.81003160955,
    0.867411115687,0.898230870115,0.928628725823,0.968231131277,
    0.980496761682,1.),.UNSPECIFIED.);
#5958 = CARTESIAN_POINT('',(4.334014448385,45.300110688856));
#5959 = CARTESIAN_POINT('',(4.134408828789,45.300110688856));
#5960 = CARTESIAN_POINT('',(3.934717733723,45.283324927754));
#5961 = CARTESIAN_POINT('',(3.736847198171,45.24972913959));
#5962 = CARTESIAN_POINT('',(3.54228271794,45.200119205186));
#5963 = CARTESIAN_POINT('',(3.352163111284,45.13576923479));
#5964 = CARTESIAN_POINT('',(3.167335281814,45.058186045733));
#5965 = CARTESIAN_POINT('',(2.855139951073,44.902518763744));
#5966 = CARTESIAN_POINT('',(2.725076616489,44.829583919099));
#5967 = CARTESIAN_POINT('',(2.59834823926,44.750747735732));
#5968 = CARTESIAN_POINT('',(2.475022091721,44.66658878143));
#5969 = CARTESIAN_POINT('',(2.355103159612,44.577642534745));
#5970 = CARTESIAN_POINT('',(2.238547068078,44.484381520809));
#5971 = CARTESIAN_POINT('',(1.938938411608,44.227364026797));
#5972 = CARTESIAN_POINT('',(1.761557587849,44.057001861853));
#5973 = CARTESIAN_POINT('',(1.592664039241,43.877856326093));
#5974 = CARTESIAN_POINT('',(1.431809083559,43.691357621133));
#5975 = CARTESIAN_POINT('',(1.278530371822,43.498654883923));
#5976 = CARTESIAN_POINT('',(1.132344915822,43.300624099667));
#5977 = CARTESIAN_POINT('',(0.843568855502,42.88113400666));
#5978 = CARTESIAN_POINT('',(0.701983030468,42.659095315723));
#5979 = CARTESIAN_POINT('',(0.567443816697,42.432549975756));
#5980 = CARTESIAN_POINT('',(0.439494937818,42.202150448598));
#5981 = CARTESIAN_POINT('',(0.317737610449,41.968421003303));
#5982 = CARTESIAN_POINT('',(0.201807420096,41.731771771746));
#5983 = CARTESIAN_POINT('',(-2.101618748429E-02,41.248987288655));
#5984 = CARTESIAN_POINT('',(-0.127697453102,41.002792944223));
#5985 = CARTESIAN_POINT('',(-0.229009407806,40.754257223748));
#5986 = CARTESIAN_POINT('',(-0.325234236396,40.503665940258));
#5987 = CARTESIAN_POINT('',(-0.416616296368,40.251257404593));
#5988 = CARTESIAN_POINT('',(-0.503373141307,39.997227012541));
#5989 = CARTESIAN_POINT('',(-0.743180333084,39.252977097372));
#5990 = CARTESIAN_POINT('',(-0.884420356139,38.758931337244));
#5991 = CARTESIAN_POINT('',(-1.010785622665,38.26066025088));
#5992 = CARTESIAN_POINT('',(-1.123229993851,37.759003107125));
#5993 = CARTESIAN_POINT('',(-1.222515246027,37.254627011418));
#5994 = CARTESIAN_POINT('',(-1.309237672358,36.748033554543));
#5995 = CARTESIAN_POINT('',(-1.465851214733,35.680917330386));
#5996 = CARTESIAN_POINT('',(-1.533222974543,35.120097177737));
#5997 = CARTESIAN_POINT('',(-1.586589254576,34.557634032076));
#5998 = CARTESIAN_POINT('',(-1.62635363783,33.9940000429));
#5999 = CARTESIAN_POINT('',(-1.652773918409,33.429620823504));
#6000 = CARTESIAN_POINT('',(-1.665985551615,32.864878427109));
#6001 = CARTESIAN_POINT('',(-1.665985551615,31.769146867421));
#6002 = CARTESIAN_POINT('',(-1.654308186261,31.238201124534));
#6003 = CARTESIAN_POINT('',(-1.630955398376,30.707558819409));
#6004 = CARTESIAN_POINT('',(-1.595822051557,30.177537302185));
#6005 = CARTESIAN_POINT('',(-1.548706439621,29.648485613511));
#6006 = CARTESIAN_POINT('',(-1.489294293513,29.120786433028));
#6007 = CARTESIAN_POINT('',(-1.348150925484,28.09234312598));
#6008 = CARTESIAN_POINT('',(-1.267538544426,27.591506579969));
#6009 = CARTESIAN_POINT('',(-1.174871764136,27.092673877198));
#6010 = CARTESIAN_POINT('',(-1.069609536002,26.596304821719));
#6011 = CARTESIAN_POINT('',(-0.951084574661,26.102993446127));
#6012 = CARTESIAN_POINT('',(-0.818434423656,25.613485300981));
#6013 = CARTESIAN_POINT('',(-0.590973873638,24.868333582641));
#6014 = CARTESIAN_POINT('',(-0.507074999546,24.609338693416));
#6015 = CARTESIAN_POINT('',(-0.418574113071,24.351875084808));
#6016 = CARTESIAN_POINT('',(-0.325262154786,24.096126622011));
#6017 = CARTESIAN_POINT('',(-0.226903748434,23.84231667779));
#6018 = CARTESIAN_POINT('',(-0.123226794505,23.590712251052));
#6019 = CARTESIAN_POINT('',(9.392158866149E-02,23.095959836767));
#6020 = CARTESIAN_POINT('',(0.207226200409,22.8527742173));
#6021 = CARTESIAN_POINT('',(0.326330698623,22.612353685297));
#6022 = CARTESIAN_POINT('',(0.451591423725,22.375083090206));
#6023 = CARTESIAN_POINT('',(0.5834009586,22.141453170923));
#6024 = CARTESIAN_POINT('',(0.722211174956,21.912073851625));
#6025 = CARTESIAN_POINT('',(1.059265604927,21.395386151848));
#6026 = CARTESIAN_POINT('',(1.262507616334,21.111984725775));
#6027 = CARTESIAN_POINT('',(1.479808076948,20.838612342243));
#6028 = CARTESIAN_POINT('',(1.71258805115,20.577649783579));
#6029 = CARTESIAN_POINT('',(1.962144065559,20.332721948004));
#6030 = CARTESIAN_POINT('',(2.22954921601,20.108600074998));
#6031 = CARTESIAN_POINT('',(2.651046367203,19.818200191731));
#6032 = CARTESIAN_POINT('',(2.790395328277,19.73109605055));
#6033 = CARTESIAN_POINT('',(2.933852002821,19.650758376341));
#6034 = CARTESIAN_POINT('',(3.081313026863,19.577970373276));
#6035 = CARTESIAN_POINT('',(3.232551880944,19.513571322778));
#6036 = CARTESIAN_POINT('',(3.387185971167,19.458384914569));
#6037 = CARTESIAN_POINT('',(3.654524488493,19.381510213135));
#6038 = CARTESIAN_POINT('',(3.765794533563,19.354737116464));
#6039 = CARTESIAN_POINT('',(3.878214918621,19.333037191117));
#6040 = CARTESIAN_POINT('',(3.991536919345,19.316612772236));
#6041 = CARTESIAN_POINT('',(4.105485039635,19.305610900526));
#6042 = CARTESIAN_POINT('',(4.219755453741,19.300110688856));
#6043 = CARTESIAN_POINT('',(4.464995554899,19.300110688856));
#6044 = CARTESIAN_POINT('',(4.595996748362,19.307338842647));
#6045 = CARTESIAN_POINT('',(4.726507571946,19.321797712748));
#6046 = CARTESIAN_POINT('',(4.856074974135,19.343349301607));
#6047 = CARTESIAN_POINT('',(4.984299535692,19.37174200413));
#6048 = CARTESIAN_POINT('',(5.110831696616,19.406637560212));
#6049 = CARTESIAN_POINT('',(5.44193892694,19.515646306556));
#6050 = CARTESIAN_POINT('',(5.642988685798,19.600440595446));
#6051 = CARTESIAN_POINT('',(5.837416748306,19.700280918921));
#6052 = CARTESIAN_POINT('',(6.024676064519,19.81317712629));
#6053 = CARTESIAN_POINT('',(6.20456676968,19.937271156947));
#6054 = CARTESIAN_POINT('',(6.377165483097,20.070960592733));
#6055 = CARTESIAN_POINT('',(6.729090485161,20.372857350913));
#6056 = CARTESIAN_POINT('',(6.906471308923,20.54321951586));
#6057 = CARTESIAN_POINT('',(7.075364857528,20.722365051616));
#6058 = CARTESIAN_POINT('',(7.23621981321,20.908863756576));
#6059 = CARTESIAN_POINT('',(7.38949852495,21.10156649379));
#6060 = CARTESIAN_POINT('',(7.535683980948,21.299597278043));
#6061 = CARTESIAN_POINT('',(7.824460041268,21.719087371051));
#6062 = CARTESIAN_POINT('',(7.966045866303,21.941126061987));
#6063 = CARTESIAN_POINT('',(8.100585080074,22.167671401955));
#6064 = CARTESIAN_POINT('',(8.228533958952,22.398070929113));
#6065 = CARTESIAN_POINT('',(8.350291286322,22.631800374407));
#6066 = CARTESIAN_POINT('',(8.466221476675,22.868449605965));
#6067 = CARTESIAN_POINT('',(8.689045084255,23.351234089055));
#6068 = CARTESIAN_POINT('',(8.795726349873,23.597428433489));
#6069 = CARTESIAN_POINT('',(8.897038304576,23.845964153962));
#6070 = CARTESIAN_POINT('',(8.993263133166,24.096555437451));
#6071 = CARTESIAN_POINT('',(9.084645193139,24.348963973119));
#6072 = CARTESIAN_POINT('',(9.171402038077,24.60299436517));
#6073 = CARTESIAN_POINT('',(9.411209229854,25.347244280337));
#6074 = CARTESIAN_POINT('',(9.552449252911,25.841290040477));
#6075 = CARTESIAN_POINT('',(9.678814519433,26.339561126813));
#6076 = CARTESIAN_POINT('',(9.791258890624,26.841218270605));
#6077 = CARTESIAN_POINT('',(9.890544142796,27.345594366282));
#6078 = CARTESIAN_POINT('',(9.977266569129,27.85218782317));
#6079 = CARTESIAN_POINT('',(10.133880111503,28.919304047324));
#6080 = CARTESIAN_POINT('',(10.201251871314,29.480124199974));
#6081 = CARTESIAN_POINT('',(10.254618151346,30.042587345635));
#6082 = CARTESIAN_POINT('',(10.294382534601,30.606221334811));
#6083 = CARTESIAN_POINT('',(10.32080281518,31.170600554207));
#6084 = CARTESIAN_POINT('',(10.334014448385,31.735342950602));
#6085 = CARTESIAN_POINT('',(10.334014448385,32.831074510291));
#6086 = CARTESIAN_POINT('',(10.322337083032,33.362020253177));
#6087 = CARTESIAN_POINT('',(10.298984295147,33.892662558302));
#6088 = CARTESIAN_POINT('',(10.263850948328,34.422684075527));
#6089 = CARTESIAN_POINT('',(10.216735336392,34.9517357642));
#6090 = CARTESIAN_POINT('',(10.157323190284,35.479434944684));
#6091 = CARTESIAN_POINT('',(10.016179822255,36.507878251732));
#6092 = CARTESIAN_POINT('',(9.935567441197,37.008714797742));
#6093 = CARTESIAN_POINT('',(9.842900660907,37.507547500514));
#6094 = CARTESIAN_POINT('',(9.737638432773,38.003916555992));
#6095 = CARTESIAN_POINT('',(9.619113471432,38.497227931584));
#6096 = CARTESIAN_POINT('',(9.486463320427,38.986736076731));
#6097 = CARTESIAN_POINT('',(9.259002770409,39.73188779507));
#6098 = CARTESIAN_POINT('',(9.175103896316,39.990882684296));
#6099 = CARTESIAN_POINT('',(9.086603009842,40.248346292903));
#6100 = CARTESIAN_POINT('',(8.993291051557,40.5040947557));
#6101 = CARTESIAN_POINT('',(8.894932645205,40.757904699922));
#6102 = CARTESIAN_POINT('',(8.791255691276,41.00950912666));
#6103 = CARTESIAN_POINT('',(8.574107308109,41.504261540944));
#6104 = CARTESIAN_POINT('',(8.460802696362,41.747447160412));
#6105 = CARTESIAN_POINT('',(8.341698198148,41.987867692414));
#6106 = CARTESIAN_POINT('',(8.216437473046,42.225138287505));
#6107 = CARTESIAN_POINT('',(8.08462793817,42.458768206789));
#6108 = CARTESIAN_POINT('',(7.945817721816,42.688147526086));
#6109 = CARTESIAN_POINT('',(7.608763291842,43.204835225867));
#6110 = CARTESIAN_POINT('',(7.405521280443,43.488236651927));
#6111 = CARTESIAN_POINT('',(7.188220819814,43.761609035483));
#6112 = CARTESIAN_POINT('',(6.955440845629,44.022571594121));
#6113 = CARTESIAN_POINT('',(6.705884831207,44.267499429713));
#6114 = CARTESIAN_POINT('',(6.438479680762,44.491621302713));
#6115 = CARTESIAN_POINT('',(6.063567789029,44.74992523024));
#6116 = CARTESIAN_POINT('',(5.973148508353,44.808395111069));
#6117 = CARTESIAN_POINT('',(5.880967234229,44.864058969579));
#6118 = CARTESIAN_POINT('',(5.787041026976,44.916705208941));
#6119 = CARTESIAN_POINT('',(5.691408668268,44.966110441836));
#6120 = CARTESIAN_POINT('',(5.594134332259,45.012046495307));
#6121 = CARTESIAN_POINT('',(5.338175428335,45.121453530067));
#6122 = CARTESIAN_POINT('',(5.177045860455,45.17931114933));
#6123 = CARTESIAN_POINT('',(5.012415892722,45.226884639625));
#6124 = CARTESIAN_POINT('',(4.844918526925,45.263296317731));
#6125 = CARTESIAN_POINT('',(4.675341981146,45.287843795615));
#6126 = CARTESIAN_POINT('',(4.504651075348,45.300110688856));
#6127 = CARTESIAN_POINT('',(4.334014448385,45.300110688856));
#6128 = ( GEOMETRIC_REPRESENTATION_CONTEXT(2) 
PARAMETRIC_REPRESENTATION_CONTEXT() REPRESENTATION_CONTEXT('2D SPACE',''
  ) );
#6129 = PCURVE('',#5043,#6130);
#6130 = DEFINITIONAL_REPRESENTATION('',(#6131),#6302);
#6131 = B_SPLINE_CURVE_WITH_KNOTS('',7,(#6132,#6133,#6134,#6135,#6136,
    #6137,#6138,#6139,#6140,#6141,#6142,#6143,#6144,#6145,#6146,#6147,
    #6148,#6149,#6150,#6151,#6152,#6153,#6154,#6155,#6156,#6157,#6158,
    #6159,#6160,#6161,#6162,#6163,#6164,#6165,#6166,#6167,#6168,#6169,
    #6170,#6171,#6172,#6173,#6174,#6175,#6176,#6177,#6178,#6179,#6180,
    #6181,#6182,#6183,#6184,#6185,#6186,#6187,#6188,#6189,#6190,#6191,
    #6192,#6193,#6194,#6195,#6196,#6197,#6198,#6199,#6200,#6201,#6202,
    #6203,#6204,#6205,#6206,#6207,#6208,#6209,#6210,#6211,#6212,#6213,
    #6214,#6215,#6216,#6217,#6218,#6219,#6220,#6221,#6222,#6223,#6224,
    #6225,#6226,#6227,#6228,#6229,#6230,#6231,#6232,#6233,#6234,#6235,
    #6236,#6237,#6238,#6239,#6240,#6241,#6242,#6243,#6244,#6245,#6246,
    #6247,#6248,#6249,#6250,#6251,#6252,#6253,#6254,#6255,#6256,#6257,
    #6258,#6259,#6260,#6261,#6262,#6263,#6264,#6265,#6266,#6267,#6268,
    #6269,#6270,#6271,#6272,#6273,#6274,#6275,#6276,#6277,#6278,#6279,
    #6280,#6281,#6282,#6283,#6284,#6285,#6286,#6287,#6288,#6289,#6290,
    #6291,#6292,#6293,#6294,#6295,#6296,#6297,#6298,#6299,#6300,#6301),
  .UNSPECIFIED.,.F.,.F.,(8,6,6,6,6,6,6,6,6,6,6,6,6,6,6,6,6,6,6,6,6,6,6,6
    ,6,6,6,6,8),(0.,2.280861663072E-02,3.979282869297E-02,
    6.772934262884E-02,9.758875672366E-02,0.12797711889,0.186107942007,
    0.249976514119,0.310022261816,0.367395369596,0.39821168733,
    0.42860615339,0.468204142801,0.486912630164,0.499971327052,
    0.514941199431,0.539772039932,0.567711669401,0.597574413474,
    0.627966164607,0.686103470583,0.749979165438,0.81003160955,
    0.867411115687,0.898230870115,0.928628725823,0.968231131277,
    0.980496761682,1.),.UNSPECIFIED.);
#6132 = CARTESIAN_POINT('',(6.28318530718,-3.));
#6133 = CARTESIAN_POINT('',(6.249917703913,-3.));
#6134 = CARTESIAN_POINT('',(6.216635883943,-3.));
#6135 = CARTESIAN_POINT('',(6.183597221522,-3.));
#6136 = CARTESIAN_POINT('',(6.150989312703,-3.));
#6137 = CARTESIAN_POINT('',(6.118952790754,-3.));
#6138 = CARTESIAN_POINT('',(6.087594444,-3.));
#6139 = CARTESIAN_POINT('',(6.034201811558,-3.));
#6140 = CARTESIAN_POINT('',(6.011818536105,-3.));
#6141 = CARTESIAN_POINT('',(5.98985577679,-3.));
#6142 = CARTESIAN_POINT('',(5.968318248499,-3.));
#6143 = CARTESIAN_POINT('',(5.947202879241,-3.));
#6144 = CARTESIAN_POINT('',(5.926500132797,-3.));
#6145 = CARTESIAN_POINT('',(5.872793917555,-3.));
#6146 = CARTESIAN_POINT('',(5.840482292325,-3.));
#6147 = CARTESIAN_POINT('',(5.809176363109,-3.));
#6148 = CARTESIAN_POINT('',(5.778803888304,-3.));
#6149 = CARTESIAN_POINT('',(5.749294547478,-3.));
#6150 = CARTESIAN_POINT('',(5.720574728404,-3.));
#6151 = CARTESIAN_POINT('',(5.662629169759,-3.));
#6152 = CARTESIAN_POINT('',(5.633517676078,-3.));
#6153 = CARTESIAN_POINT('',(5.605144856142,-3.));
#6154 = CARTESIAN_POINT('',(5.577442344881,-3.));
#6155 = CARTESIAN_POINT('',(5.550351147964,-3.));
#6156 = CARTESIAN_POINT('',(5.523816606792,-3.));
#6157 = CARTESIAN_POINT('',(5.471296578816,-3.));
#6158 = CARTESIAN_POINT('',(5.445332859474,-3.));
#6159 = CARTESIAN_POINT('',(5.419844224218,-3.));
#6160 = CARTESIAN_POINT('',(5.394787966543,-3.));
#6161 = CARTESIAN_POINT('',(5.370126929932,-3.));
#6162 = CARTESIAN_POINT('',(5.345827337337,-3.));
#6163 = CARTESIAN_POINT('',(5.276006194342,-3.));
#6164 = CARTESIAN_POINT('',(5.231370061857,-3.));
#6165 = CARTESIAN_POINT('',(5.187729185051,-3.));
#6166 = CARTESIAN_POINT('',(5.144925249545,-3.));
#6167 = CARTESIAN_POINT('',(5.102823918385,-3.));
#6168 = CARTESIAN_POINT('',(5.061307548357,-3.));
#6169 = CARTESIAN_POINT('',(4.975171511802,-3.));
#6170 = CARTESIAN_POINT('',(4.930657258425,-3.));
#6171 = CARTESIAN_POINT('',(4.886580357966,-3.));
#6172 = CARTESIAN_POINT('',(4.842821969248,-3.));
#6173 = CARTESIAN_POINT('',(4.799274423196,-3.));
#6174 = CARTESIAN_POINT('',(4.755832652558,-3.));
#6175 = CARTESIAN_POINT('',(4.671545609505,-3.));
#6176 = CARTESIAN_POINT('',(4.630703599321,-3.));
#6177 = CARTESIAN_POINT('',(4.589773777051,-3.));
#6178 = CARTESIAN_POINT('',(4.548668932328,-3.));
#6179 = CARTESIAN_POINT('',(4.507299811064,-3.));
#6180 = CARTESIAN_POINT('',(4.4655689649,-3.));
#6181 = CARTESIAN_POINT('',(4.3830345619,-3.));
#6182 = CARTESIAN_POINT('',(4.342277221993,-3.));
#6183 = CARTESIAN_POINT('',(4.300988268516,-3.));
#6184 = CARTESIAN_POINT('',(4.259057476457,-3.));
#6185 = CARTESIAN_POINT('',(4.21636370113,-3.));
#6186 = CARTESIAN_POINT('',(4.172760858259,-3.));
#6187 = CARTESIAN_POINT('',(4.10403906827,-3.));
#6188 = CARTESIAN_POINT('',(4.079708237787,-3.));
#6189 = CARTESIAN_POINT('',(4.055029944569,-3.));
#6190 = CARTESIAN_POINT('',(4.02997139844,-3.));
#6191 = CARTESIAN_POINT('',(4.004496521302,-3.));
#6192 = CARTESIAN_POINT('',(3.978563908232,-3.));
#6193 = CARTESIAN_POINT('',(3.926045156244,-3.));
#6194 = CARTESIAN_POINT('',(3.899476059113,-3.));
#6195 = CARTESIAN_POINT('',(3.872366063639,-3.));
#6196 = CARTESIAN_POINT('',(3.844661642336,-3.));
#6197 = CARTESIAN_POINT('',(3.816304690289,-3.));
#6198 = CARTESIAN_POINT('',(3.787227621355,-3.));
#6199 = CARTESIAN_POINT('',(3.718413414175,-3.));
#6200 = CARTESIAN_POINT('',(3.678169884183,-3.));
#6201 = CARTESIAN_POINT('',(3.636362667881,-3.));
#6202 = CARTESIAN_POINT('',(3.592779139112,-3.));
#6203 = CARTESIAN_POINT('',(3.547227980533,-3.));
#6204 = CARTESIAN_POINT('',(3.499531661225,-3.));
#6205 = CARTESIAN_POINT('',(3.425815975965,-3.));
#6206 = CARTESIAN_POINT('',(3.401652775951,-3.));
#6207 = CARTESIAN_POINT('',(3.376973207104,-3.));
#6208 = CARTESIAN_POINT('',(3.351786289485,-3.));
#6209 = CARTESIAN_POINT('',(3.32611684278,-3.));
#6210 = CARTESIAN_POINT('',(3.300010023314,-3.));
#6211 = CARTESIAN_POINT('',(3.255062906841,-3.));
#6212 = CARTESIAN_POINT('',(3.236408129842,-3.));
#6213 = CARTESIAN_POINT('',(3.21760438298,-3.));
#6214 = CARTESIAN_POINT('',(3.198683534951,-3.));
#6215 = CARTESIAN_POINT('',(3.179680872608,-3.));
#6216 = CARTESIAN_POINT('',(3.160635819364,-3.));
#6217 = CARTESIAN_POINT('',(3.119762469171,-3.));
#6218 = CARTESIAN_POINT('',(3.097928975325,-3.));
#6219 = CARTESIAN_POINT('',(3.076160107284,-3.));
#6220 = CARTESIAN_POINT('',(3.054514543971,-3.));
#6221 = CARTESIAN_POINT('',(3.033043164155,-3.));
#6222 = CARTESIAN_POINT('',(3.011790502601,-3.));
#6223 = CARTESIAN_POINT('',(2.955972527585,-3.));
#6224 = CARTESIAN_POINT('',(2.921864633862,-3.));
#6225 = CARTESIAN_POINT('',(2.888604947862,-3.));
#6226 = CARTESIAN_POINT('',(2.8562505653,-3.));
#6227 = CARTESIAN_POINT('',(2.824817520794,-3.));
#6228 = CARTESIAN_POINT('',(2.794285422256,-3.));
#6229 = CARTESIAN_POINT('',(2.731201263966,-3.));
#6230 = CARTESIAN_POINT('',(2.698889638735,-3.));
#6231 = CARTESIAN_POINT('',(2.667583709519,-3.));
#6232 = CARTESIAN_POINT('',(2.637211234714,-3.));
#6233 = CARTESIAN_POINT('',(2.607701893887,-3.));
#6234 = CARTESIAN_POINT('',(2.578982074814,-3.));
#6235 = CARTESIAN_POINT('',(2.52103651617,-3.));
#6236 = CARTESIAN_POINT('',(2.491925022488,-3.));
#6237 = CARTESIAN_POINT('',(2.463552202553,-3.));
#6238 = CARTESIAN_POINT('',(2.435849691291,-3.));
#6239 = CARTESIAN_POINT('',(2.408758494375,-3.));
#6240 = CARTESIAN_POINT('',(2.382223953202,-3.));
#6241 = CARTESIAN_POINT('',(2.329703925226,-3.));
#6242 = CARTESIAN_POINT('',(2.303740205884,-3.));
#6243 = CARTESIAN_POINT('',(2.278251570629,-3.));
#6244 = CARTESIAN_POINT('',(2.253195312953,-3.));
#6245 = CARTESIAN_POINT('',(2.228534276342,-3.));
#6246 = CARTESIAN_POINT('',(2.204234683747,-3.));
#6247 = CARTESIAN_POINT('',(2.134413540752,-3.));
#6248 = CARTESIAN_POINT('',(2.089777408266,-3.));
#6249 = CARTESIAN_POINT('',(2.046136531463,-3.));
#6250 = CARTESIAN_POINT('',(2.003332595954,-3.));
#6251 = CARTESIAN_POINT('',(1.961231264796,-3.));
#6252 = CARTESIAN_POINT('',(1.919714894767,-3.));
#6253 = CARTESIAN_POINT('',(1.833578858212,-3.));
#6254 = CARTESIAN_POINT('',(1.789064604836,-3.));
#6255 = CARTESIAN_POINT('',(1.744987704377,-3.));
#6256 = CARTESIAN_POINT('',(1.701229315658,-3.));
#6257 = CARTESIAN_POINT('',(1.657681769607,-3.));
#6258 = CARTESIAN_POINT('',(1.614239998968,-3.));
#6259 = CARTESIAN_POINT('',(1.529952955915,-3.));
#6260 = CARTESIAN_POINT('',(1.489110945732,-3.));
#6261 = CARTESIAN_POINT('',(1.448181123461,-3.));
#6262 = CARTESIAN_POINT('',(1.407076278738,-3.));
#6263 = CARTESIAN_POINT('',(1.365707157474,-3.));
#6264 = CARTESIAN_POINT('',(1.323976311311,-3.));
#6265 = CARTESIAN_POINT('',(1.241441908311,-3.));
#6266 = CARTESIAN_POINT('',(1.200684568403,-3.));
#6267 = CARTESIAN_POINT('',(1.159395614926,-3.));
#6268 = CARTESIAN_POINT('',(1.117464822867,-3.));
#6269 = CARTESIAN_POINT('',(1.074771047541,-3.));
#6270 = CARTESIAN_POINT('',(1.031168204669,-3.));
#6271 = CARTESIAN_POINT('',(0.96244641468,-3.));
#6272 = CARTESIAN_POINT('',(0.938115584197,-3.));
#6273 = CARTESIAN_POINT('',(0.91343729098,-3.));
#6274 = CARTESIAN_POINT('',(0.88837874485,-3.));
#6275 = CARTESIAN_POINT('',(0.862903867712,-3.));
#6276 = CARTESIAN_POINT('',(0.836971254642,-3.));
#6277 = CARTESIAN_POINT('',(0.784452502654,-3.));
#6278 = CARTESIAN_POINT('',(0.757883405523,-3.));
#6279 = CARTESIAN_POINT('',(0.730773410049,-3.));
#6280 = CARTESIAN_POINT('',(0.703068988746,-3.));
#6281 = CARTESIAN_POINT('',(0.674712036699,-3.));
#6282 = CARTESIAN_POINT('',(0.645634967766,-3.));
#6283 = CARTESIAN_POINT('',(0.576820760584,-3.));
#6284 = CARTESIAN_POINT('',(0.536577230594,-3.));
#6285 = CARTESIAN_POINT('',(0.49477001429,-3.));
#6286 = CARTESIAN_POINT('',(0.451186485524,-3.));
#6287 = CARTESIAN_POINT('',(0.405635326942,-3.));
#6288 = CARTESIAN_POINT('',(0.357939007636,-3.));
#6289 = CARTESIAN_POINT('',(0.292370623761,-3.));
#6290 = CARTESIAN_POINT('',(0.276646373678,-3.));
#6291 = CARTESIAN_POINT('',(0.260701611799,-3.));
#6292 = CARTESIAN_POINT('',(0.244537080631,-3.));
#6293 = CARTESIAN_POINT('',(0.228156437495,-3.));
#6294 = CARTESIAN_POINT('',(0.211566708836,-3.));
#6295 = CARTESIAN_POINT('',(0.168084668634,-3.));
#6296 = CARTESIAN_POINT('',(0.140876154461,-3.));
#6297 = CARTESIAN_POINT('',(0.113217274906,-3.));
#6298 = CARTESIAN_POINT('',(8.518826979075E-02,-3.));
#6299 = CARTESIAN_POINT('',(5.688791397709E-02,-3.));
#6300 = CARTESIAN_POINT('',(2.843943782713E-02,-3.));
#6301 = CARTESIAN_POINT('',(0.,-3.));
#6302 = ( GEOMETRIC_REPRESENTATION_CONTEXT(2) 
PARAMETRIC_REPRESENTATION_CONTEXT() REPRESENTATION_CONTEXT('2D SPACE',''
  ) );
#6303 = ADVANCED_FACE('',(#6304),#4490,.T.);
#6304 = FACE_BOUND('',#6305,.T.);
#6305 = EDGE_LOOP('',(#6306,#6307,#6328,#6329));
#6306 = ORIENTED_EDGE('',*,*,#4164,.T.);
#6307 = ORIENTED_EDGE('',*,*,#6308,.T.);
#6308 = EDGE_CURVE('',#4165,#5265,#6309,.T.);
#6309 = SEAM_CURVE('',#6310,(#6314,#6321),.PCURVE_S1.);
#6310 = LINE('',#6311,#6312);
#6311 = CARTESIAN_POINT('',(-5.,-43.,262.));
#6312 = VECTOR('',#6313,1.);
#6313 = DIRECTION('',(0.,-1.,0.));
#6314 = PCURVE('',#4490,#6315);
#6315 = DEFINITIONAL_REPRESENTATION('',(#6316),#6320);
#6316 = LINE('',#6317,#6318);
#6317 = CARTESIAN_POINT('',(6.28318530718,0.));
#6318 = VECTOR('',#6319,1.);
#6319 = DIRECTION('',(0.,-1.));
#6320 = ( GEOMETRIC_REPRESENTATION_CONTEXT(2) 
PARAMETRIC_REPRESENTATION_CONTEXT() REPRESENTATION_CONTEXT('2D SPACE',''
  ) );
#6321 = PCURVE('',#4490,#6322);
#6322 = DEFINITIONAL_REPRESENTATION('',(#6323),#6327);
#6323 = LINE('',#6324,#6325);
#6324 = CARTESIAN_POINT('',(0.,0.));
#6325 = VECTOR('',#6326,1.);
#6326 = DIRECTION('',(0.,-1.));
#6327 = ( GEOMETRIC_REPRESENTATION_CONTEXT(2) 
PARAMETRIC_REPRESENTATION_CONTEXT() REPRESENTATION_CONTEXT('2D SPACE',''
  ) );
#6328 = ORIENTED_EDGE('',*,*,#5264,.F.);
#6329 = ORIENTED_EDGE('',*,*,#6308,.F.);
#6330 = ADVANCED_FACE('',(#6331),#4679,.F.);
#6331 = FACE_BOUND('',#6332,.T.);
#6332 = EDGE_LOOP('',(#6333,#6334,#6355,#6356));
#6333 = ORIENTED_EDGE('',*,*,#4662,.T.);
#6334 = ORIENTED_EDGE('',*,*,#6335,.T.);
#6335 = EDGE_CURVE('',#4663,#5755,#6336,.T.);
#6336 = SEAM_CURVE('',#6337,(#6341,#6348),.PCURVE_S1.);
#6337 = LINE('',#6338,#6339);
#6338 = CARTESIAN_POINT('',(37.2,-43.,280.));
#6339 = VECTOR('',#6340,1.);
#6340 = DIRECTION('',(0.,-1.,0.));
#6341 = PCURVE('',#4679,#6342);
#6342 = DEFINITIONAL_REPRESENTATION('',(#6343),#6347);
#6343 = LINE('',#6344,#6345);
#6344 = CARTESIAN_POINT('',(-6.28318530718,0.));
#6345 = VECTOR('',#6346,1.);
#6346 = DIRECTION('',(-0.,-1.));
#6347 = ( GEOMETRIC_REPRESENTATION_CONTEXT(2) 
PARAMETRIC_REPRESENTATION_CONTEXT() REPRESENTATION_CONTEXT('2D SPACE',''
  ) );
#6348 = PCURVE('',#4679,#6349);
#6349 = DEFINITIONAL_REPRESENTATION('',(#6350),#6354);
#6350 = LINE('',#6351,#6352);
#6351 = CARTESIAN_POINT('',(-0.,0.));
#6352 = VECTOR('',#6353,1.);
#6353 = DIRECTION('',(-0.,-1.));
#6354 = ( GEOMETRIC_REPRESENTATION_CONTEXT(2) 
PARAMETRIC_REPRESENTATION_CONTEXT() REPRESENTATION_CONTEXT('2D SPACE',''
  ) );
#6355 = ORIENTED_EDGE('',*,*,#5754,.F.);
#6356 = ORIENTED_EDGE('',*,*,#6335,.F.);
#6357 = ADVANCED_FACE('',(#6358),#5043,.T.);
#6358 = FACE_BOUND('',#6359,.T.);
#6359 = EDGE_LOOP('',(#6360,#6361,#6382,#6383));
#6360 = ORIENTED_EDGE('',*,*,#4693,.T.);
#6361 = ORIENTED_EDGE('',*,*,#6362,.T.);
#6362 = EDGE_CURVE('',#4694,#5781,#6363,.T.);
#6363 = SEAM_CURVE('',#6364,(#6368,#6375),.PCURVE_S1.);
#6364 = LINE('',#6365,#6366);
#6365 = CARTESIAN_POINT('',(81.,-43.,263.));
#6366 = VECTOR('',#6367,1.);
#6367 = DIRECTION('',(0.,-1.,0.));
#6368 = PCURVE('',#5043,#6369);
#6369 = DEFINITIONAL_REPRESENTATION('',(#6370),#6374);
#6370 = LINE('',#6371,#6372);
#6371 = CARTESIAN_POINT('',(6.28318530718,0.));
#6372 = VECTOR('',#6373,1.);
#6373 = DIRECTION('',(0.,-1.));
#6374 = ( GEOMETRIC_REPRESENTATION_CONTEXT(2) 
PARAMETRIC_REPRESENTATION_CONTEXT() REPRESENTATION_CONTEXT('2D SPACE',''
  ) );
#6375 = PCURVE('',#5043,#6376);
#6376 = DEFINITIONAL_REPRESENTATION('',(#6377),#6381);
#6377 = LINE('',#6378,#6379);
#6378 = CARTESIAN_POINT('',(0.,0.));
#6379 = VECTOR('',#6380,1.);
#6380 = DIRECTION('',(0.,-1.));
#6381 = ( GEOMETRIC_REPRESENTATION_CONTEXT(2) 
PARAMETRIC_REPRESENTATION_CONTEXT() REPRESENTATION_CONTEXT('2D SPACE',''
  ) );
#6382 = ORIENTED_EDGE('',*,*,#5780,.F.);
#6383 = ORIENTED_EDGE('',*,*,#6362,.F.);
#6384 = ( GEOMETRIC_REPRESENTATION_CONTEXT(3) 
GLOBAL_UNCERTAINTY_ASSIGNED_CONTEXT((#6388)) 
GLOBAL_UNIT_ASSIGNED_CONTEXT((#6385,#6386,#6387)) REPRESENTATION_CONTEXT
('Context #1','3D Context with UNIT and UNCERTAINTY') );
#6385 = ( LENGTH_UNIT() NAMED_UNIT(*) SI_UNIT(.MILLI.,.METRE.) );
#6386 = ( NAMED_UNIT(*) PLANE_ANGLE_UNIT() SI_UNIT($,.RADIAN.) );
#6387 = ( NAMED_UNIT(*) SI_UNIT($,.STERADIAN.) SOLID_ANGLE_UNIT() );
#6388 = UNCERTAINTY_MEASURE_WITH_UNIT(LENGTH_MEASURE(2.E-06),#6385,
  'distance_accuracy_value','confusion accuracy');
#6389 = CONTEXT_DEPENDENT_SHAPE_REPRESENTATION(#6390,#6392);
#6390 = ( REPRESENTATION_RELATIONSHIP('','',#3931,#10) 
REPRESENTATION_RELATIONSHIP_WITH_TRANSFORMATION(#6391) 
SHAPE_REPRESENTATION_RELATIONSHIP() );
#6391 = ITEM_DEFINED_TRANSFORMATION('','',#11,#27);
#6392 = PRODUCT_DEFINITION_SHAPE('Placement','Placement of an item',
  #6393);
#6393 = NEXT_ASSEMBLY_USAGE_OCCURRENCE('4','skull_cheek_right','',#5,
  #3926,$);
#6394 = PRODUCT_RELATED_PRODUCT_CATEGORY('part',$,(#3928));
#6395 = SHAPE_DEFINITION_REPRESENTATION(#6396,#6402);
#6396 = PRODUCT_DEFINITION_SHAPE('','',#6397);
#6397 = PRODUCT_DEFINITION('design','',#6398,#6401);
#6398 = PRODUCT_DEFINITION_FORMATION('','',#6399);
#6399 = PRODUCT('teeth_right','teeth_right','',(#6400));
#6400 = PRODUCT_CONTEXT('',#2,'mechanical');
#6401 = PRODUCT_DEFINITION_CONTEXT('part definition',#2,'design');
#6402 = ADVANCED_BREP_SHAPE_REPRESENTATION('',(#11,#6403),#7551);
#6403 = MANIFOLD_SOLID_BREP('',#6404);
#6404 = CLOSED_SHELL('',(#6405,#6525,#6900,#6954,#7004,#7274,#7301,#7328
    ,#7355,#7382,#7409,#7436,#7463,#7490,#7517,#7544));
#6405 = ADVANCED_FACE('',(#6406),#6420,.T.);
#6406 = FACE_BOUND('',#6407,.T.);
#6407 = EDGE_LOOP('',(#6408,#6443,#6471,#6499));
#6408 = ORIENTED_EDGE('',*,*,#6409,.F.);
#6409 = EDGE_CURVE('',#6410,#6412,#6414,.T.);
#6410 = VERTEX_POINT('',#6411);
#6411 = CARTESIAN_POINT('',(62.20622577483,-46.,249.));
#6412 = VERTEX_POINT('',#6413);
#6413 = CARTESIAN_POINT('',(94.6,-46.,249.));
#6414 = SURFACE_CURVE('',#6415,(#6419,#6431),.PCURVE_S1.);
#6415 = LINE('',#6416,#6417);
#6416 = CARTESIAN_POINT('',(61.,-46.,249.));
#6417 = VECTOR('',#6418,1.);
#6418 = DIRECTION('',(1.,0.,0.));
#6419 = PCURVE('',#6420,#6425);
#6420 = PLANE('',#6421);
#6421 = AXIS2_PLACEMENT_3D('',#6422,#6423,#6424);
#6422 = CARTESIAN_POINT('',(61.,-46.,249.));
#6423 = DIRECTION('',(-0.,0.,1.));
#6424 = DIRECTION('',(1.,0.,0.));
#6425 = DEFINITIONAL_REPRESENTATION('',(#6426),#6430);
#6426 = LINE('',#6427,#6428);
#6427 = CARTESIAN_POINT('',(0.,0.));
#6428 = VECTOR('',#6429,1.);
#6429 = DIRECTION('',(1.,0.));
#6430 = ( GEOMETRIC_REPRESENTATION_CONTEXT(2) 
PARAMETRIC_REPRESENTATION_CONTEXT() REPRESENTATION_CONTEXT('2D SPACE',''
  ) );
#6431 = PCURVE('',#6432,#6437);
#6432 = PLANE('',#6433);
#6433 = AXIS2_PLACEMENT_3D('',#6434,#6435,#6436);
#6434 = CARTESIAN_POINT('',(78.51178325339,-46.,246.04717333299));
#6435 = DIRECTION('',(0.,1.,0.));
#6436 = DIRECTION('',(0.,-0.,1.));
#6437 = DEFINITIONAL_REPRESENTATION('',(#6438),#6442);
#6438 = LINE('',#6439,#6440);
#6439 = CARTESIAN_POINT('',(2.952826667002,-17.51178325339));
#6440 = VECTOR('',#6441,1.);
#6441 = DIRECTION('',(0.,1.));
#6442 = ( GEOMETRIC_REPRESENTATION_CONTEXT(2) 
PARAMETRIC_REPRESENTATION_CONTEXT() REPRESENTATION_CONTEXT('2D SPACE',''
  ) );
#6443 = ORIENTED_EDGE('',*,*,#6444,.T.);
#6444 = EDGE_CURVE('',#6410,#6445,#6447,.T.);
#6445 = VERTEX_POINT('',#6446);
#6446 = CARTESIAN_POINT('',(62.20622577483,-48.,249.));
#6447 = SURFACE_CURVE('',#6448,(#6452,#6459),.PCURVE_S1.);
#6448 = LINE('',#6449,#6450);
#6449 = CARTESIAN_POINT('',(62.20622577483,-46.,249.));
#6450 = VECTOR('',#6451,1.);
#6451 = DIRECTION('',(0.,-1.,0.));
#6452 = PCURVE('',#6420,#6453);
#6453 = DEFINITIONAL_REPRESENTATION('',(#6454),#6458);
#6454 = LINE('',#6455,#6456);
#6455 = CARTESIAN_POINT('',(1.20622577483,0.));
#6456 = VECTOR('',#6457,1.);
#6457 = DIRECTION('',(0.,-1.));
#6458 = ( GEOMETRIC_REPRESENTATION_CONTEXT(2) 
PARAMETRIC_REPRESENTATION_CONTEXT() REPRESENTATION_CONTEXT('2D SPACE',''
  ) );
#6459 = PCURVE('',#6460,#6465);
#6460 = CYLINDRICAL_SURFACE('',#6461,0.7);
#6461 = AXIS2_PLACEMENT_3D('',#6462,#6463,#6464);
#6462 = CARTESIAN_POINT('',(62.20622577483,-46.,248.3));
#6463 = DIRECTION('',(0.,-1.,0.));
#6464 = DIRECTION('',(-0.,0.,1.));
#6465 = DEFINITIONAL_REPRESENTATION('',(#6466),#6470);
#6466 = LINE('',#6467,#6468);
#6467 = CARTESIAN_POINT('',(0.,0.));
#6468 = VECTOR('',#6469,1.);
#6469 = DIRECTION('',(0.,1.));
#6470 = ( GEOMETRIC_REPRESENTATION_CONTEXT(2) 
PARAMETRIC_REPRESENTATION_CONTEXT() REPRESENTATION_CONTEXT('2D SPACE',''
  ) );
#6471 = ORIENTED_EDGE('',*,*,#6472,.T.);
#6472 = EDGE_CURVE('',#6445,#6473,#6475,.T.);
#6473 = VERTEX_POINT('',#6474);
#6474 = CARTESIAN_POINT('',(94.6,-48.,249.));
#6475 = SURFACE_CURVE('',#6476,(#6480,#6487),.PCURVE_S1.);
#6476 = LINE('',#6477,#6478);
#6477 = CARTESIAN_POINT('',(61.,-48.,249.));
#6478 = VECTOR('',#6479,1.);
#6479 = DIRECTION('',(1.,0.,0.));
#6480 = PCURVE('',#6420,#6481);
#6481 = DEFINITIONAL_REPRESENTATION('',(#6482),#6486);
#6482 = LINE('',#6483,#6484);
#6483 = CARTESIAN_POINT('',(0.,-2.));
#6484 = VECTOR('',#6485,1.);
#6485 = DIRECTION('',(1.,0.));
#6486 = ( GEOMETRIC_REPRESENTATION_CONTEXT(2) 
PARAMETRIC_REPRESENTATION_CONTEXT() REPRESENTATION_CONTEXT('2D SPACE',''
  ) );
#6487 = PCURVE('',#6488,#6493);
#6488 = PLANE('',#6489);
#6489 = AXIS2_PLACEMENT_3D('',#6490,#6491,#6492);
#6490 = CARTESIAN_POINT('',(78.51178325339,-48.,246.04717333299));
#6491 = DIRECTION('',(0.,1.,0.));
#6492 = DIRECTION('',(0.,-0.,1.));
#6493 = DEFINITIONAL_REPRESENTATION('',(#6494),#6498);
#6494 = LINE('',#6495,#6496);
#6495 = CARTESIAN_POINT('',(2.952826667002,-17.51178325339));
#6496 = VECTOR('',#6497,1.);
#6497 = DIRECTION('',(0.,1.));
#6498 = ( GEOMETRIC_REPRESENTATION_CONTEXT(2) 
PARAMETRIC_REPRESENTATION_CONTEXT() REPRESENTATION_CONTEXT('2D SPACE',''
  ) );
#6499 = ORIENTED_EDGE('',*,*,#6500,.F.);
#6500 = EDGE_CURVE('',#6412,#6473,#6501,.T.);
#6501 = SURFACE_CURVE('',#6502,(#6506,#6513),.PCURVE_S1.);
#6502 = LINE('',#6503,#6504);
#6503 = CARTESIAN_POINT('',(94.6,-46.,249.));
#6504 = VECTOR('',#6505,1.);
#6505 = DIRECTION('',(0.,-1.,0.));
#6506 = PCURVE('',#6420,#6507);
#6507 = DEFINITIONAL_REPRESENTATION('',(#6508),#6512);
#6508 = LINE('',#6509,#6510);
#6509 = CARTESIAN_POINT('',(33.6,0.));
#6510 = VECTOR('',#6511,1.);
#6511 = DIRECTION('',(0.,-1.));
#6512 = ( GEOMETRIC_REPRESENTATION_CONTEXT(2) 
PARAMETRIC_REPRESENTATION_CONTEXT() REPRESENTATION_CONTEXT('2D SPACE',''
  ) );
#6513 = PCURVE('',#6514,#6519);
#6514 = CYLINDRICAL_SURFACE('',#6515,0.7);
#6515 = AXIS2_PLACEMENT_3D('',#6516,#6517,#6518);
#6516 = CARTESIAN_POINT('',(94.6,-46.,248.3));
#6517 = DIRECTION('',(0.,-1.,0.));
#6518 = DIRECTION('',(-0.,0.,1.));
#6519 = DEFINITIONAL_REPRESENTATION('',(#6520),#6524);
#6520 = LINE('',#6521,#6522);
#6521 = CARTESIAN_POINT('',(-0.,0.));
#6522 = VECTOR('',#6523,1.);
#6523 = DIRECTION('',(-0.,1.));
#6524 = ( GEOMETRIC_REPRESENTATION_CONTEXT(2) 
PARAMETRIC_REPRESENTATION_CONTEXT() REPRESENTATION_CONTEXT('2D SPACE',''
  ) );
#6525 = ADVANCED_FACE('',(#6526),#6432,.T.);
#6526 = FACE_BOUND('',#6527,.T.);
#6527 = EDGE_LOOP('',(#6528,#6529,#6553,#6581,#6610,#6638,#6671,#6699,
    #6728,#6756,#6789,#6817,#6846,#6874));
#6528 = ORIENTED_EDGE('',*,*,#6409,.T.);
#6529 = ORIENTED_EDGE('',*,*,#6530,.T.);
#6530 = EDGE_CURVE('',#6412,#6531,#6533,.T.);
#6531 = VERTEX_POINT('',#6532);
#6532 = CARTESIAN_POINT('',(95.16,-46.,247.88));
#6533 = SURFACE_CURVE('',#6534,(#6539,#6546),.PCURVE_S1.);
#6534 = CIRCLE('',#6535,0.7);
#6535 = AXIS2_PLACEMENT_3D('',#6536,#6537,#6538);
#6536 = CARTESIAN_POINT('',(94.6,-46.,248.3));
#6537 = DIRECTION('',(-0.,1.,0.));
#6538 = DIRECTION('',(0.,0.,-1.));
#6539 = PCURVE('',#6432,#6540);
#6540 = DEFINITIONAL_REPRESENTATION('',(#6541),#6545);
#6541 = CIRCLE('',#6542,0.7);
#6542 = AXIS2_PLACEMENT_2D('',#6543,#6544);
#6543 = CARTESIAN_POINT('',(2.252826667002,16.08821674661));
#6544 = DIRECTION('',(-1.,0.));
#6545 = ( GEOMETRIC_REPRESENTATION_CONTEXT(2) 
PARAMETRIC_REPRESENTATION_CONTEXT() REPRESENTATION_CONTEXT('2D SPACE',''
  ) );
#6546 = PCURVE('',#6514,#6547);
#6547 = DEFINITIONAL_REPRESENTATION('',(#6548),#6552);
#6548 = LINE('',#6549,#6550);
#6549 = CARTESIAN_POINT('',(3.14159265359,1.42108547152E-14));
#6550 = VECTOR('',#6551,1.);
#6551 = DIRECTION('',(-1.,0.));
#6552 = ( GEOMETRIC_REPRESENTATION_CONTEXT(2) 
PARAMETRIC_REPRESENTATION_CONTEXT() REPRESENTATION_CONTEXT('2D SPACE',''
  ) );
#6553 = ORIENTED_EDGE('',*,*,#6554,.T.);
#6554 = EDGE_CURVE('',#6531,#6555,#6557,.T.);
#6555 = VERTEX_POINT('',#6556);
#6556 = CARTESIAN_POINT('',(90.484264068712,-46.,241.64568542494));
#6557 = SURFACE_CURVE('',#6558,(#6562,#6569),.PCURVE_S1.);
#6558 = LINE('',#6559,#6560);
#6559 = CARTESIAN_POINT('',(96.,-46.,249.));
#6560 = VECTOR('',#6561,1.);
#6561 = DIRECTION('',(-0.6,0.,-0.8));
#6562 = PCURVE('',#6432,#6563);
#6563 = DEFINITIONAL_REPRESENTATION('',(#6564),#6568);
#6564 = LINE('',#6565,#6566);
#6565 = CARTESIAN_POINT('',(2.952826667002,17.48821674661));
#6566 = VECTOR('',#6567,1.);
#6567 = DIRECTION('',(-0.8,-0.6));
#6568 = ( GEOMETRIC_REPRESENTATION_CONTEXT(2) 
PARAMETRIC_REPRESENTATION_CONTEXT() REPRESENTATION_CONTEXT('2D SPACE',''
  ) );
#6569 = PCURVE('',#6570,#6575);
#6570 = PLANE('',#6571);
#6571 = AXIS2_PLACEMENT_3D('',#6572,#6573,#6574);
#6572 = CARTESIAN_POINT('',(96.,-46.,249.));
#6573 = DIRECTION('',(0.8,0.,-0.6));
#6574 = DIRECTION('',(-0.6,0.,-0.8));
#6575 = DEFINITIONAL_REPRESENTATION('',(#6576),#6580);
#6576 = LINE('',#6577,#6578);
#6577 = CARTESIAN_POINT('',(0.,0.));
#6578 = VECTOR('',#6579,1.);
#6579 = DIRECTION('',(1.,0.));
#6580 = ( GEOMETRIC_REPRESENTATION_CONTEXT(2) 
PARAMETRIC_REPRESENTATION_CONTEXT() REPRESENTATION_CONTEXT('2D SPACE',''
  ) );
#6581 = ORIENTED_EDGE('',*,*,#6582,.T.);
#6582 = EDGE_CURVE('',#6555,#6583,#6585,.T.);
#6583 = VERTEX_POINT('',#6584);
#6584 = CARTESIAN_POINT('',(89.429289321881,-46.,241.57071067811));
#6585 = SURFACE_CURVE('',#6586,(#6591,#6598),.PCURVE_S1.);
#6586 = CIRCLE('',#6587,0.7);
#6587 = AXIS2_PLACEMENT_3D('',#6588,#6589,#6590);
#6588 = CARTESIAN_POINT('',(89.924264068712,-46.,242.06568542494));
#6589 = DIRECTION('',(-0.,1.,0.));
#6590 = DIRECTION('',(0.,0.,-1.));
#6591 = PCURVE('',#6432,#6592);
#6592 = DEFINITIONAL_REPRESENTATION('',(#6593),#6597);
#6593 = CIRCLE('',#6594,0.7);
#6594 = AXIS2_PLACEMENT_2D('',#6595,#6596);
#6595 = CARTESIAN_POINT('',(-3.981487908048,11.412480815322));
#6596 = DIRECTION('',(-1.,0.));
#6597 = ( GEOMETRIC_REPRESENTATION_CONTEXT(2) 
PARAMETRIC_REPRESENTATION_CONTEXT() REPRESENTATION_CONTEXT('2D SPACE',''
  ) );
#6598 = PCURVE('',#6599,#6604);
#6599 = CYLINDRICAL_SURFACE('',#6600,0.7);
#6600 = AXIS2_PLACEMENT_3D('',#6601,#6602,#6603);
#6601 = CARTESIAN_POINT('',(89.924264068712,-46.,242.06568542494));
#6602 = DIRECTION('',(0.,-1.,0.));
#6603 = DIRECTION('',(0.8,0.,-0.6));
#6604 = DEFINITIONAL_REPRESENTATION('',(#6605),#6609);
#6605 = LINE('',#6606,#6607);
#6606 = CARTESIAN_POINT('',(5.355890089178,1.42108547152E-14));
#6607 = VECTOR('',#6608,1.);
#6608 = DIRECTION('',(-1.,0.));
#6609 = ( GEOMETRIC_REPRESENTATION_CONTEXT(2) 
PARAMETRIC_REPRESENTATION_CONTEXT() REPRESENTATION_CONTEXT('2D SPACE',''
  ) );
#6610 = ORIENTED_EDGE('',*,*,#6611,.T.);
#6611 = EDGE_CURVE('',#6583,#6612,#6614,.T.);
#6612 = VERTEX_POINT('',#6613);
#6613 = CARTESIAN_POINT('',(85.458362028713,-46.,245.54163797128));
#6614 = SURFACE_CURVE('',#6615,(#6619,#6626),.PCURVE_S1.);
#6615 = LINE('',#6616,#6617);
#6616 = CARTESIAN_POINT('',(90.,-46.,241.));
#6617 = VECTOR('',#6618,1.);
#6618 = DIRECTION('',(-0.707106781187,0.,0.707106781187));
#6619 = PCURVE('',#6432,#6620);
#6620 = DEFINITIONAL_REPRESENTATION('',(#6621),#6625);
#6621 = LINE('',#6622,#6623);
#6622 = CARTESIAN_POINT('',(-5.047173332998,11.48821674661));
#6623 = VECTOR('',#6624,1.);
#6624 = DIRECTION('',(0.707106781187,-0.707106781187));
#6625 = ( GEOMETRIC_REPRESENTATION_CONTEXT(2) 
PARAMETRIC_REPRESENTATION_CONTEXT() REPRESENTATION_CONTEXT('2D SPACE',''
  ) );
#6626 = PCURVE('',#6627,#6632);
#6627 = PLANE('',#6628);
#6628 = AXIS2_PLACEMENT_3D('',#6629,#6630,#6631);
#6629 = CARTESIAN_POINT('',(90.,-46.,241.));
#6630 = DIRECTION('',(-0.707106781187,-0.,-0.707106781187));
#6631 = DIRECTION('',(-0.707106781187,0.,0.707106781187));
#6632 = DEFINITIONAL_REPRESENTATION('',(#6633),#6637);
#6633 = LINE('',#6634,#6635);
#6634 = CARTESIAN_POINT('',(0.,0.));
#6635 = VECTOR('',#6636,1.);
#6636 = DIRECTION('',(1.,0.));
#6637 = ( GEOMETRIC_REPRESENTATION_CONTEXT(2) 
PARAMETRIC_REPRESENTATION_CONTEXT() REPRESENTATION_CONTEXT('2D SPACE',''
  ) );
#6638 = ORIENTED_EDGE('',*,*,#6639,.T.);
#6639 = EDGE_CURVE('',#6612,#6640,#6642,.T.);
#6640 = VERTEX_POINT('',#6641);
#6641 = CARTESIAN_POINT('',(84.507833320464,-46.,245.57814284611));
#6642 = SURFACE_CURVE('',#6643,(#6648,#6659),.PCURVE_S1.);
#6643 = CIRCLE('',#6644,0.7);
#6644 = AXIS2_PLACEMENT_3D('',#6645,#6646,#6647);
#6645 = CARTESIAN_POINT('',(84.963387281883,-46.,245.04666322445));
#6646 = DIRECTION('',(0.,-1.,0.));
#6647 = DIRECTION('',(0.,-0.,-1.));
#6648 = PCURVE('',#6432,#6649);
#6649 = DEFINITIONAL_REPRESENTATION('',(#6650),#6658);
#6650 = ( BOUNDED_CURVE() B_SPLINE_CURVE(2,(#6651,#6652,#6653,#6654,
#6655,#6656,#6657),.UNSPECIFIED.,.T.,.F.) B_SPLINE_CURVE_WITH_KNOTS((1,2
    ,2,2,2,1),(-2.094395102393,0.,2.094395102393,4.188790204786,
6.28318530718,8.377580409573),.UNSPECIFIED.) CURVE() 
GEOMETRIC_REPRESENTATION_ITEM() RATIONAL_B_SPLINE_CURVE((1.,0.5,1.,0.5,
1.,0.5,1.)) REPRESENTATION_ITEM('') );
#6651 = CARTESIAN_POINT('',(-1.700510108542,6.451604028493));
#6652 = CARTESIAN_POINT('',(-1.700510108542,7.664039593791));
#6653 = CARTESIAN_POINT('',(-0.650510108542,7.057821811142));
#6654 = CARTESIAN_POINT('',(0.399489891458,6.451604028493));
#6655 = CARTESIAN_POINT('',(-0.650510108542,5.845386245844));
#6656 = CARTESIAN_POINT('',(-1.700510108542,5.239168463194));
#6657 = CARTESIAN_POINT('',(-1.700510108542,6.451604028493));
#6658 = ( GEOMETRIC_REPRESENTATION_CONTEXT(2) 
PARAMETRIC_REPRESENTATION_CONTEXT() REPRESENTATION_CONTEXT('2D SPACE',''
  ) );
#6659 = PCURVE('',#6660,#6665);
#6660 = CYLINDRICAL_SURFACE('',#6661,0.7);
#6661 = AXIS2_PLACEMENT_3D('',#6662,#6663,#6664);
#6662 = CARTESIAN_POINT('',(84.963387281883,-46.,245.04666322445));
#6663 = DIRECTION('',(0.,-1.,0.));
#6664 = DIRECTION('',(0.707106781187,0.,0.707106781187));
#6665 = DEFINITIONAL_REPRESENTATION('',(#6666),#6670);
#6666 = LINE('',#6667,#6668);
#6667 = CARTESIAN_POINT('',(-2.356194490192,1.42108547152E-14));
#6668 = VECTOR('',#6669,1.);
#6669 = DIRECTION('',(1.,0.));
#6670 = ( GEOMETRIC_REPRESENTATION_CONTEXT(2) 
PARAMETRIC_REPRESENTATION_CONTEXT() REPRESENTATION_CONTEXT('2D SPACE',''
  ) );
#6671 = ORIENTED_EDGE('',*,*,#6672,.T.);
#6672 = EDGE_CURVE('',#6640,#6673,#6675,.T.);
#6673 = VERTEX_POINT('',#6674);
#6674 = CARTESIAN_POINT('',(78.492166679536,-46.,240.42185715388));
#6675 = SURFACE_CURVE('',#6676,(#6680,#6687),.PCURVE_S1.);
#6676 = LINE('',#6677,#6678);
#6677 = CARTESIAN_POINT('',(85.,-46.,246.));
#6678 = VECTOR('',#6679,1.);
#6679 = DIRECTION('',(-0.759256602365,0.,-0.650791373456));
#6680 = PCURVE('',#6432,#6681);
#6681 = DEFINITIONAL_REPRESENTATION('',(#6682),#6686);
#6682 = LINE('',#6683,#6684);
#6683 = CARTESIAN_POINT('',(-4.717333299763E-02,6.48821674661));
#6684 = VECTOR('',#6685,1.);
#6685 = DIRECTION('',(-0.650791373456,-0.759256602365));
#6686 = ( GEOMETRIC_REPRESENTATION_CONTEXT(2) 
PARAMETRIC_REPRESENTATION_CONTEXT() REPRESENTATION_CONTEXT('2D SPACE',''
  ) );
#6687 = PCURVE('',#6688,#6693);
#6688 = PLANE('',#6689);
#6689 = AXIS2_PLACEMENT_3D('',#6690,#6691,#6692);
#6690 = CARTESIAN_POINT('',(85.,-46.,246.));
#6691 = DIRECTION('',(0.650791373456,0.,-0.759256602365));
#6692 = DIRECTION('',(-0.759256602365,0.,-0.650791373456));
#6693 = DEFINITIONAL_REPRESENTATION('',(#6694),#6698);
#6694 = LINE('',#6695,#6696);
#6695 = CARTESIAN_POINT('',(0.,0.));
#6696 = VECTOR('',#6697,1.);
#6697 = DIRECTION('',(1.,0.));
#6698 = ( GEOMETRIC_REPRESENTATION_CONTEXT(2) 
PARAMETRIC_REPRESENTATION_CONTEXT() REPRESENTATION_CONTEXT('2D SPACE',''
  ) );
#6699 = ORIENTED_EDGE('',*,*,#6700,.T.);
#6700 = EDGE_CURVE('',#6673,#6701,#6703,.T.);
#6701 = VERTEX_POINT('',#6702);
#6702 = CARTESIAN_POINT('',(77.541637971287,-46.,240.45836202871));
#6703 = SURFACE_CURVE('',#6704,(#6709,#6716),.PCURVE_S1.);
#6704 = CIRCLE('',#6705,0.7);
#6705 = AXIS2_PLACEMENT_3D('',#6706,#6707,#6708);
#6706 = CARTESIAN_POINT('',(78.036612718117,-46.,240.95333677554));
#6707 = DIRECTION('',(-0.,1.,0.));
#6708 = DIRECTION('',(0.,0.,-1.));
#6709 = PCURVE('',#6432,#6710);
#6710 = DEFINITIONAL_REPRESENTATION('',(#6711),#6715);
#6711 = CIRCLE('',#6712,0.7);
#6712 = AXIS2_PLACEMENT_2D('',#6713,#6714);
#6713 = CARTESIAN_POINT('',(-5.093836557454,-0.475170535273));
#6714 = DIRECTION('',(-1.,0.));
#6715 = ( GEOMETRIC_REPRESENTATION_CONTEXT(2) 
PARAMETRIC_REPRESENTATION_CONTEXT() REPRESENTATION_CONTEXT('2D SPACE',''
  ) );
#6716 = PCURVE('',#6717,#6722);
#6717 = CYLINDRICAL_SURFACE('',#6718,0.7);
#6718 = AXIS2_PLACEMENT_3D('',#6719,#6720,#6721);
#6719 = CARTESIAN_POINT('',(78.036612718117,-46.,240.95333677554));
#6720 = DIRECTION('',(0.,-1.,0.));
#6721 = DIRECTION('',(0.650791373456,0.,-0.759256602365));
#6722 = DEFINITIONAL_REPRESENTATION('',(#6723),#6727);
#6723 = LINE('',#6724,#6725);
#6724 = CARTESIAN_POINT('',(5.574559035052,1.42108547152E-14));
#6725 = VECTOR('',#6726,1.);
#6726 = DIRECTION('',(-1.,0.));
#6727 = ( GEOMETRIC_REPRESENTATION_CONTEXT(2) 
PARAMETRIC_REPRESENTATION_CONTEXT() REPRESENTATION_CONTEXT('2D SPACE',''
  ) );
#6728 = ORIENTED_EDGE('',*,*,#6729,.T.);
#6729 = EDGE_CURVE('',#6701,#6730,#6732,.T.);
#6730 = VERTEX_POINT('',#6731);
#6731 = CARTESIAN_POINT('',(72.378059653029,-46.,245.62194034697));
#6732 = SURFACE_CURVE('',#6733,(#6737,#6744),.PCURVE_S1.);
#6733 = LINE('',#6734,#6735);
#6734 = CARTESIAN_POINT('',(78.,-46.,240.));
#6735 = VECTOR('',#6736,1.);
#6736 = DIRECTION('',(-0.707106781187,0.,0.707106781187));
#6737 = PCURVE('',#6432,#6738);
#6738 = DEFINITIONAL_REPRESENTATION('',(#6739),#6743);
#6739 = LINE('',#6740,#6741);
#6740 = CARTESIAN_POINT('',(-6.047173332998,-0.51178325339));
#6741 = VECTOR('',#6742,1.);
#6742 = DIRECTION('',(0.707106781187,-0.707106781187));
#6743 = ( GEOMETRIC_REPRESENTATION_CONTEXT(2) 
PARAMETRIC_REPRESENTATION_CONTEXT() REPRESENTATION_CONTEXT('2D SPACE',''
  ) );
#6744 = PCURVE('',#6745,#6750);
#6745 = PLANE('',#6746);
#6746 = AXIS2_PLACEMENT_3D('',#6747,#6748,#6749);
#6747 = CARTESIAN_POINT('',(78.,-46.,240.));
#6748 = DIRECTION('',(-0.707106781187,-0.,-0.707106781187));
#6749 = DIRECTION('',(-0.707106781187,0.,0.707106781187));
#6750 = DEFINITIONAL_REPRESENTATION('',(#6751),#6755);
#6751 = LINE('',#6752,#6753);
#6752 = CARTESIAN_POINT('',(0.,0.));
#6753 = VECTOR('',#6754,1.);
#6754 = DIRECTION('',(1.,0.));
#6755 = ( GEOMETRIC_REPRESENTATION_CONTEXT(2) 
PARAMETRIC_REPRESENTATION_CONTEXT() REPRESENTATION_CONTEXT('2D SPACE',''
  ) );
#6756 = ORIENTED_EDGE('',*,*,#6757,.T.);
#6757 = EDGE_CURVE('',#6730,#6758,#6760,.T.);
#6758 = VERTEX_POINT('',#6759);
#6759 = CARTESIAN_POINT('',(71.535787649348,-46.,245.73473579962));
#6760 = SURFACE_CURVE('',#6761,(#6766,#6777),.PCURVE_S1.);
#6761 = CIRCLE('',#6762,0.7);
#6762 = AXIS2_PLACEMENT_3D('',#6763,#6764,#6765);
#6763 = CARTESIAN_POINT('',(71.883084906198,-46.,245.12696560014));
#6764 = DIRECTION('',(0.,-1.,0.));
#6765 = DIRECTION('',(0.,-0.,-1.));
#6766 = PCURVE('',#6432,#6767);
#6767 = DEFINITIONAL_REPRESENTATION('',(#6768),#6776);
#6768 = ( BOUNDED_CURVE() B_SPLINE_CURVE(2,(#6769,#6770,#6771,#6772,
#6773,#6774,#6775),.UNSPECIFIED.,.T.,.F.) B_SPLINE_CURVE_WITH_KNOTS((1,2
    ,2,2,2,1),(-2.094395102393,0.,2.094395102393,4.188790204786,
6.28318530718,8.377580409573),.UNSPECIFIED.) CURVE() 
GEOMETRIC_REPRESENTATION_ITEM() RATIONAL_B_SPLINE_CURVE((1.,0.5,1.,0.5,
1.,0.5,1.)) REPRESENTATION_ITEM('') );
#6769 = CARTESIAN_POINT('',(-1.620207732857,-6.628698347192));
#6770 = CARTESIAN_POINT('',(-1.620207732857,-5.416262781894));
#6771 = CARTESIAN_POINT('',(-0.570207732857,-6.022480564543));
#6772 = CARTESIAN_POINT('',(0.479792267143,-6.628698347192));
#6773 = CARTESIAN_POINT('',(-0.570207732857,-7.234916129841));
#6774 = CARTESIAN_POINT('',(-1.620207732857,-7.84113391249));
#6775 = CARTESIAN_POINT('',(-1.620207732857,-6.628698347192));
#6776 = ( GEOMETRIC_REPRESENTATION_CONTEXT(2) 
PARAMETRIC_REPRESENTATION_CONTEXT() REPRESENTATION_CONTEXT('2D SPACE',''
  ) );
#6777 = PCURVE('',#6778,#6783);
#6778 = CYLINDRICAL_SURFACE('',#6779,0.7);
#6779 = AXIS2_PLACEMENT_3D('',#6780,#6781,#6782);
#6780 = CARTESIAN_POINT('',(71.883084906198,-46.,245.12696560014));
#6781 = DIRECTION('',(0.,-1.,0.));
#6782 = DIRECTION('',(0.707106781187,0.,0.707106781187));
#6783 = DEFINITIONAL_REPRESENTATION('',(#6784),#6788);
#6784 = LINE('',#6785,#6786);
#6785 = CARTESIAN_POINT('',(-2.356194490192,1.42108547152E-14));
#6786 = VECTOR('',#6787,1.);
#6787 = DIRECTION('',(1.,0.));
#6788 = ( GEOMETRIC_REPRESENTATION_CONTEXT(2) 
PARAMETRIC_REPRESENTATION_CONTEXT() REPRESENTATION_CONTEXT('2D SPACE',''
  ) );
#6789 = ORIENTED_EDGE('',*,*,#6790,.T.);
#6790 = EDGE_CURVE('',#6758,#6791,#6793,.T.);
#6791 = VERTEX_POINT('',#6792);
#6792 = CARTESIAN_POINT('',(65.607770199487,-46.,242.34729725685));
#6793 = SURFACE_CURVE('',#6794,(#6798,#6805),.PCURVE_S1.);
#6794 = LINE('',#6795,#6796);
#6795 = CARTESIAN_POINT('',(72.,-46.,246.));
#6796 = VECTOR('',#6797,1.);
#6797 = DIRECTION('',(-0.868243142124,0.,-0.496138938357));
#6798 = PCURVE('',#6432,#6799);
#6799 = DEFINITIONAL_REPRESENTATION('',(#6800),#6804);
#6800 = LINE('',#6801,#6802);
#6801 = CARTESIAN_POINT('',(-4.717333299763E-02,-6.51178325339));
#6802 = VECTOR('',#6803,1.);
#6803 = DIRECTION('',(-0.496138938357,-0.868243142124));
#6804 = ( GEOMETRIC_REPRESENTATION_CONTEXT(2) 
PARAMETRIC_REPRESENTATION_CONTEXT() REPRESENTATION_CONTEXT('2D SPACE',''
  ) );
#6805 = PCURVE('',#6806,#6811);
#6806 = PLANE('',#6807);
#6807 = AXIS2_PLACEMENT_3D('',#6808,#6809,#6810);
#6808 = CARTESIAN_POINT('',(72.,-46.,246.));
#6809 = DIRECTION('',(0.496138938357,0.,-0.868243142124));
#6810 = DIRECTION('',(-0.868243142124,0.,-0.496138938357));
#6811 = DEFINITIONAL_REPRESENTATION('',(#6812),#6816);
#6812 = LINE('',#6813,#6814);
#6813 = CARTESIAN_POINT('',(0.,0.));
#6814 = VECTOR('',#6815,1.);
#6815 = DIRECTION('',(1.,0.));
#6816 = ( GEOMETRIC_REPRESENTATION_CONTEXT(2) 
PARAMETRIC_REPRESENTATION_CONTEXT() REPRESENTATION_CONTEXT('2D SPACE',''
  ) );
#6817 = ORIENTED_EDGE('',*,*,#6818,.T.);
#6818 = EDGE_CURVE('',#6791,#6819,#6821,.T.);
#6819 = VERTEX_POINT('',#6820);
#6820 = CARTESIAN_POINT('',(64.65270274315,-46.,242.60777019948));
#6821 = SURFACE_CURVE('',#6822,(#6827,#6834),.PCURVE_S1.);
#6822 = CIRCLE('',#6823,0.7);
#6823 = AXIS2_PLACEMENT_3D('',#6824,#6825,#6826);
#6824 = CARTESIAN_POINT('',(65.260472942637,-46.,242.95506745633));
#6825 = DIRECTION('',(-0.,1.,0.));
#6826 = DIRECTION('',(0.,0.,-1.));
#6827 = PCURVE('',#6432,#6828);
#6828 = DEFINITIONAL_REPRESENTATION('',(#6829),#6833);
#6829 = CIRCLE('',#6830,0.7);
#6830 = AXIS2_PLACEMENT_2D('',#6831,#6832);
#6831 = CARTESIAN_POINT('',(-3.092105876661,-13.25131031075));
#6832 = DIRECTION('',(-1.,0.));
#6833 = ( GEOMETRIC_REPRESENTATION_CONTEXT(2) 
PARAMETRIC_REPRESENTATION_CONTEXT() REPRESENTATION_CONTEXT('2D SPACE',''
  ) );
#6834 = PCURVE('',#6835,#6840);
#6835 = CYLINDRICAL_SURFACE('',#6836,0.7);
#6836 = AXIS2_PLACEMENT_3D('',#6837,#6838,#6839);
#6837 = CARTESIAN_POINT('',(65.260472942637,-46.,242.95506745633));
#6838 = DIRECTION('',(0.,-1.,0.));
#6839 = DIRECTION('',(0.496138938357,0.,-0.868243142124));
#6840 = DEFINITIONAL_REPRESENTATION('',(#6841),#6845);
#6841 = LINE('',#6842,#6843);
#6842 = CARTESIAN_POINT('',(5.764039192933,1.42108547152E-14));
#6843 = VECTOR('',#6844,1.);
#6844 = DIRECTION('',(-1.,0.));
#6845 = ( GEOMETRIC_REPRESENTATION_CONTEXT(2) 
PARAMETRIC_REPRESENTATION_CONTEXT() REPRESENTATION_CONTEXT('2D SPACE',''
  ) );
#6846 = ORIENTED_EDGE('',*,*,#6847,.T.);
#6847 = EDGE_CURVE('',#6819,#6848,#6850,.T.);
#6848 = VERTEX_POINT('',#6849);
#6849 = CARTESIAN_POINT('',(61.598455575343,-46.,247.95270274315));
#6850 = SURFACE_CURVE('',#6851,(#6855,#6862),.PCURVE_S1.);
#6851 = LINE('',#6852,#6853);
#6852 = CARTESIAN_POINT('',(65.,-46.,242.));
#6853 = VECTOR('',#6854,1.);
#6854 = DIRECTION('',(-0.496138938357,0.,0.868243142124));
#6855 = PCURVE('',#6432,#6856);
#6856 = DEFINITIONAL_REPRESENTATION('',(#6857),#6861);
#6857 = LINE('',#6858,#6859);
#6858 = CARTESIAN_POINT('',(-4.047173332998,-13.51178325339));
#6859 = VECTOR('',#6860,1.);
#6860 = DIRECTION('',(0.868243142124,-0.496138938357));
#6861 = ( GEOMETRIC_REPRESENTATION_CONTEXT(2) 
PARAMETRIC_REPRESENTATION_CONTEXT() REPRESENTATION_CONTEXT('2D SPACE',''
  ) );
#6862 = PCURVE('',#6863,#6868);
#6863 = PLANE('',#6864);
#6864 = AXIS2_PLACEMENT_3D('',#6865,#6866,#6867);
#6865 = CARTESIAN_POINT('',(65.,-46.,242.));
#6866 = DIRECTION('',(-0.868243142124,-0.,-0.496138938357));
#6867 = DIRECTION('',(-0.496138938357,0.,0.868243142124));
#6868 = DEFINITIONAL_REPRESENTATION('',(#6869),#6873);
#6869 = LINE('',#6870,#6871);
#6870 = CARTESIAN_POINT('',(0.,0.));
#6871 = VECTOR('',#6872,1.);
#6872 = DIRECTION('',(1.,0.));
#6873 = ( GEOMETRIC_REPRESENTATION_CONTEXT(2) 
PARAMETRIC_REPRESENTATION_CONTEXT() REPRESENTATION_CONTEXT('2D SPACE',''
  ) );
#6874 = ORIENTED_EDGE('',*,*,#6875,.F.);
#6875 = EDGE_CURVE('',#6410,#6848,#6876,.T.);
#6876 = SURFACE_CURVE('',#6877,(#6882,#6893),.PCURVE_S1.);
#6877 = CIRCLE('',#6878,0.7);
#6878 = AXIS2_PLACEMENT_3D('',#6879,#6880,#6881);
#6879 = CARTESIAN_POINT('',(62.20622577483,-46.,248.3));
#6880 = DIRECTION('',(0.,-1.,0.));
#6881 = DIRECTION('',(0.,-0.,-1.));
#6882 = PCURVE('',#6432,#6883);
#6883 = DEFINITIONAL_REPRESENTATION('',(#6884),#6892);
#6884 = ( BOUNDED_CURVE() B_SPLINE_CURVE(2,(#6885,#6886,#6887,#6888,
#6889,#6890,#6891),.UNSPECIFIED.,.T.,.F.) B_SPLINE_CURVE_WITH_KNOTS((1,2
    ,2,2,2,1),(-2.094395102393,0.,2.094395102393,4.188790204786,
6.28318530718,8.377580409573),.UNSPECIFIED.) CURVE() 
GEOMETRIC_REPRESENTATION_ITEM() RATIONAL_B_SPLINE_CURVE((1.,0.5,1.,0.5,
1.,0.5,1.)) REPRESENTATION_ITEM('') );
#6885 = CARTESIAN_POINT('',(1.552826667002,-16.30555747856));
#6886 = CARTESIAN_POINT('',(1.552826667002,-15.09312191326));
#6887 = CARTESIAN_POINT('',(2.602826667002,-15.69933969591));
#6888 = CARTESIAN_POINT('',(3.652826667002,-16.30555747856));
#6889 = CARTESIAN_POINT('',(2.602826667002,-16.9117752612));
#6890 = CARTESIAN_POINT('',(1.552826667002,-17.51799304385));
#6891 = CARTESIAN_POINT('',(1.552826667002,-16.30555747856));
#6892 = ( GEOMETRIC_REPRESENTATION_CONTEXT(2) 
PARAMETRIC_REPRESENTATION_CONTEXT() REPRESENTATION_CONTEXT('2D SPACE',''
  ) );
#6893 = PCURVE('',#6460,#6894);
#6894 = DEFINITIONAL_REPRESENTATION('',(#6895),#6899);
#6895 = LINE('',#6896,#6897);
#6896 = CARTESIAN_POINT('',(-3.14159265359,1.42108547152E-14));
#6897 = VECTOR('',#6898,1.);
#6898 = DIRECTION('',(1.,0.));
#6899 = ( GEOMETRIC_REPRESENTATION_CONTEXT(2) 
PARAMETRIC_REPRESENTATION_CONTEXT() REPRESENTATION_CONTEXT('2D SPACE',''
  ) );
#6900 = ADVANCED_FACE('',(#6901),#6460,.T.);
#6901 = FACE_BOUND('',#6902,.T.);
#6902 = EDGE_LOOP('',(#6903,#6904,#6927,#6953));
#6903 = ORIENTED_EDGE('',*,*,#6875,.T.);
#6904 = ORIENTED_EDGE('',*,*,#6905,.T.);
#6905 = EDGE_CURVE('',#6848,#6906,#6908,.T.);
#6906 = VERTEX_POINT('',#6907);
#6907 = CARTESIAN_POINT('',(61.598455575343,-48.,247.95270274315));
#6908 = SURFACE_CURVE('',#6909,(#6913,#6920),.PCURVE_S1.);
#6909 = LINE('',#6910,#6911);
#6910 = CARTESIAN_POINT('',(61.598455575343,-46.,247.95270274315));
#6911 = VECTOR('',#6912,1.);
#6912 = DIRECTION('',(0.,-1.,0.));
#6913 = PCURVE('',#6460,#6914);
#6914 = DEFINITIONAL_REPRESENTATION('',(#6915),#6919);
#6915 = LINE('',#6916,#6917);
#6916 = CARTESIAN_POINT('',(2.089942441041,0.));
#6917 = VECTOR('',#6918,1.);
#6918 = DIRECTION('',(0.,1.));
#6919 = ( GEOMETRIC_REPRESENTATION_CONTEXT(2) 
PARAMETRIC_REPRESENTATION_CONTEXT() REPRESENTATION_CONTEXT('2D SPACE',''
  ) );
#6920 = PCURVE('',#6863,#6921);
#6921 = DEFINITIONAL_REPRESENTATION('',(#6922),#6926);
#6922 = LINE('',#6923,#6924);
#6923 = CARTESIAN_POINT('',(6.856031973469,0.));
#6924 = VECTOR('',#6925,1.);
#6925 = DIRECTION('',(0.,-1.));
#6926 = ( GEOMETRIC_REPRESENTATION_CONTEXT(2) 
PARAMETRIC_REPRESENTATION_CONTEXT() REPRESENTATION_CONTEXT('2D SPACE',''
  ) );
#6927 = ORIENTED_EDGE('',*,*,#6928,.F.);
#6928 = EDGE_CURVE('',#6445,#6906,#6929,.T.);
#6929 = SURFACE_CURVE('',#6930,(#6935,#6942),.PCURVE_S1.);
#6930 = CIRCLE('',#6931,0.7);
#6931 = AXIS2_PLACEMENT_3D('',#6932,#6933,#6934);
#6932 = CARTESIAN_POINT('',(62.20622577483,-48.,248.3));
#6933 = DIRECTION('',(0.,-1.,0.));
#6934 = DIRECTION('',(0.,-0.,-1.));
#6935 = PCURVE('',#6460,#6936);
#6936 = DEFINITIONAL_REPRESENTATION('',(#6937),#6941);
#6937 = LINE('',#6938,#6939);
#6938 = CARTESIAN_POINT('',(-3.14159265359,2.));
#6939 = VECTOR('',#6940,1.);
#6940 = DIRECTION('',(1.,0.));
#6941 = ( GEOMETRIC_REPRESENTATION_CONTEXT(2) 
PARAMETRIC_REPRESENTATION_CONTEXT() REPRESENTATION_CONTEXT('2D SPACE',''
  ) );
#6942 = PCURVE('',#6488,#6943);
#6943 = DEFINITIONAL_REPRESENTATION('',(#6944),#6952);
#6944 = ( BOUNDED_CURVE() B_SPLINE_CURVE(2,(#6945,#6946,#6947,#6948,
#6949,#6950,#6951),.UNSPECIFIED.,.T.,.F.) B_SPLINE_CURVE_WITH_KNOTS((1,2
    ,2,2,2,1),(-2.094395102393,0.,2.094395102393,4.188790204786,
6.28318530718,8.377580409573),.UNSPECIFIED.) CURVE() 
GEOMETRIC_REPRESENTATION_ITEM() RATIONAL_B_SPLINE_CURVE((1.,0.5,1.,0.5,
1.,0.5,1.)) REPRESENTATION_ITEM('') );
#6945 = CARTESIAN_POINT('',(1.552826667002,-16.30555747856));
#6946 = CARTESIAN_POINT('',(1.552826667002,-15.09312191326));
#6947 = CARTESIAN_POINT('',(2.602826667002,-15.69933969591));
#6948 = CARTESIAN_POINT('',(3.652826667002,-16.30555747856));
#6949 = CARTESIAN_POINT('',(2.602826667002,-16.9117752612));
#6950 = CARTESIAN_POINT('',(1.552826667002,-17.51799304385));
#6951 = CARTESIAN_POINT('',(1.552826667002,-16.30555747856));
#6952 = ( GEOMETRIC_REPRESENTATION_CONTEXT(2) 
PARAMETRIC_REPRESENTATION_CONTEXT() REPRESENTATION_CONTEXT('2D SPACE',''
  ) );
#6953 = ORIENTED_EDGE('',*,*,#6444,.F.);
#6954 = ADVANCED_FACE('',(#6955),#6514,.T.);
#6955 = FACE_BOUND('',#6956,.F.);
#6956 = EDGE_LOOP('',(#6957,#6958,#6981,#7003));
#6957 = ORIENTED_EDGE('',*,*,#6530,.T.);
#6958 = ORIENTED_EDGE('',*,*,#6959,.T.);
#6959 = EDGE_CURVE('',#6531,#6960,#6962,.T.);
#6960 = VERTEX_POINT('',#6961);
#6961 = CARTESIAN_POINT('',(95.16,-48.,247.88));
#6962 = SURFACE_CURVE('',#6963,(#6967,#6974),.PCURVE_S1.);
#6963 = LINE('',#6964,#6965);
#6964 = CARTESIAN_POINT('',(95.16,-46.,247.88));
#6965 = VECTOR('',#6966,1.);
#6966 = DIRECTION('',(0.,-1.,0.));
#6967 = PCURVE('',#6514,#6968);
#6968 = DEFINITIONAL_REPRESENTATION('',(#6969),#6973);
#6969 = LINE('',#6970,#6971);
#6970 = CARTESIAN_POINT('',(-2.214297435588,0.));
#6971 = VECTOR('',#6972,1.);
#6972 = DIRECTION('',(-0.,1.));
#6973 = ( GEOMETRIC_REPRESENTATION_CONTEXT(2) 
PARAMETRIC_REPRESENTATION_CONTEXT() REPRESENTATION_CONTEXT('2D SPACE',''
  ) );
#6974 = PCURVE('',#6570,#6975);
#6975 = DEFINITIONAL_REPRESENTATION('',(#6976),#6980);
#6976 = LINE('',#6977,#6978);
#6977 = CARTESIAN_POINT('',(1.4,0.));
#6978 = VECTOR('',#6979,1.);
#6979 = DIRECTION('',(-0.,-1.));
#6980 = ( GEOMETRIC_REPRESENTATION_CONTEXT(2) 
PARAMETRIC_REPRESENTATION_CONTEXT() REPRESENTATION_CONTEXT('2D SPACE',''
  ) );
#6981 = ORIENTED_EDGE('',*,*,#6982,.F.);
#6982 = EDGE_CURVE('',#6473,#6960,#6983,.T.);
#6983 = SURFACE_CURVE('',#6984,(#6989,#6996),.PCURVE_S1.);
#6984 = CIRCLE('',#6985,0.7);
#6985 = AXIS2_PLACEMENT_3D('',#6986,#6987,#6988);
#6986 = CARTESIAN_POINT('',(94.6,-48.,248.3));
#6987 = DIRECTION('',(-0.,1.,0.));
#6988 = DIRECTION('',(0.,0.,-1.));
#6989 = PCURVE('',#6514,#6990);
#6990 = DEFINITIONAL_REPRESENTATION('',(#6991),#6995);
#6991 = LINE('',#6992,#6993);
#6992 = CARTESIAN_POINT('',(3.14159265359,2.));
#6993 = VECTOR('',#6994,1.);
#6994 = DIRECTION('',(-1.,0.));
#6995 = ( GEOMETRIC_REPRESENTATION_CONTEXT(2) 
PARAMETRIC_REPRESENTATION_CONTEXT() REPRESENTATION_CONTEXT('2D SPACE',''
  ) );
#6996 = PCURVE('',#6488,#6997);
#6997 = DEFINITIONAL_REPRESENTATION('',(#6998),#7002);
#6998 = CIRCLE('',#6999,0.7);
#6999 = AXIS2_PLACEMENT_2D('',#7000,#7001);
#7000 = CARTESIAN_POINT('',(2.252826667002,16.08821674661));
#7001 = DIRECTION('',(-1.,0.));
#7002 = ( GEOMETRIC_REPRESENTATION_CONTEXT(2) 
PARAMETRIC_REPRESENTATION_CONTEXT() REPRESENTATION_CONTEXT('2D SPACE',''
  ) );
#7003 = ORIENTED_EDGE('',*,*,#6500,.F.);
#7004 = ADVANCED_FACE('',(#7005),#6488,.F.);
#7005 = FACE_BOUND('',#7006,.F.);
#7006 = EDGE_LOOP('',(#7007,#7008,#7009,#7032,#7056,#7079,#7107,#7130,
    #7154,#7177,#7205,#7228,#7252,#7273));
#7007 = ORIENTED_EDGE('',*,*,#6472,.T.);
#7008 = ORIENTED_EDGE('',*,*,#6982,.T.);
#7009 = ORIENTED_EDGE('',*,*,#7010,.T.);
#7010 = EDGE_CURVE('',#6960,#7011,#7013,.T.);
#7011 = VERTEX_POINT('',#7012);
#7012 = CARTESIAN_POINT('',(90.484264068712,-48.,241.64568542494));
#7013 = SURFACE_CURVE('',#7014,(#7018,#7025),.PCURVE_S1.);
#7014 = LINE('',#7015,#7016);
#7015 = CARTESIAN_POINT('',(96.,-48.,249.));
#7016 = VECTOR('',#7017,1.);
#7017 = DIRECTION('',(-0.6,0.,-0.8));
#7018 = PCURVE('',#6488,#7019);
#7019 = DEFINITIONAL_REPRESENTATION('',(#7020),#7024);
#7020 = LINE('',#7021,#7022);
#7021 = CARTESIAN_POINT('',(2.952826667002,17.48821674661));
#7022 = VECTOR('',#7023,1.);
#7023 = DIRECTION('',(-0.8,-0.6));
#7024 = ( GEOMETRIC_REPRESENTATION_CONTEXT(2) 
PARAMETRIC_REPRESENTATION_CONTEXT() REPRESENTATION_CONTEXT('2D SPACE',''
  ) );
#7025 = PCURVE('',#6570,#7026);
#7026 = DEFINITIONAL_REPRESENTATION('',(#7027),#7031);
#7027 = LINE('',#7028,#7029);
#7028 = CARTESIAN_POINT('',(-0.,-2.));
#7029 = VECTOR('',#7030,1.);
#7030 = DIRECTION('',(1.,0.));
#7031 = ( GEOMETRIC_REPRESENTATION_CONTEXT(2) 
PARAMETRIC_REPRESENTATION_CONTEXT() REPRESENTATION_CONTEXT('2D SPACE',''
  ) );
#7032 = ORIENTED_EDGE('',*,*,#7033,.T.);
#7033 = EDGE_CURVE('',#7011,#7034,#7036,.T.);
#7034 = VERTEX_POINT('',#7035);
#7035 = CARTESIAN_POINT('',(89.429289321881,-48.,241.57071067811));
#7036 = SURFACE_CURVE('',#7037,(#7042,#7049),.PCURVE_S1.);
#7037 = CIRCLE('',#7038,0.7);
#7038 = AXIS2_PLACEMENT_3D('',#7039,#7040,#7041);
#7039 = CARTESIAN_POINT('',(89.924264068712,-48.,242.06568542494));
#7040 = DIRECTION('',(-0.,1.,0.));
#7041 = DIRECTION('',(0.,0.,-1.));
#7042 = PCURVE('',#6488,#7043);
#7043 = DEFINITIONAL_REPRESENTATION('',(#7044),#7048);
#7044 = CIRCLE('',#7045,0.7);
#7045 = AXIS2_PLACEMENT_2D('',#7046,#7047);
#7046 = CARTESIAN_POINT('',(-3.981487908048,11.412480815322));
#7047 = DIRECTION('',(-1.,0.));
#7048 = ( GEOMETRIC_REPRESENTATION_CONTEXT(2) 
PARAMETRIC_REPRESENTATION_CONTEXT() REPRESENTATION_CONTEXT('2D SPACE',''
  ) );
#7049 = PCURVE('',#6599,#7050);
#7050 = DEFINITIONAL_REPRESENTATION('',(#7051),#7055);
#7051 = LINE('',#7052,#7053);
#7052 = CARTESIAN_POINT('',(5.355890089178,2.));
#7053 = VECTOR('',#7054,1.);
#7054 = DIRECTION('',(-1.,0.));
#7055 = ( GEOMETRIC_REPRESENTATION_CONTEXT(2) 
PARAMETRIC_REPRESENTATION_CONTEXT() REPRESENTATION_CONTEXT('2D SPACE',''
  ) );
#7056 = ORIENTED_EDGE('',*,*,#7057,.T.);
#7057 = EDGE_CURVE('',#7034,#7058,#7060,.T.);
#7058 = VERTEX_POINT('',#7059);
#7059 = CARTESIAN_POINT('',(85.458362028713,-48.,245.54163797128));
#7060 = SURFACE_CURVE('',#7061,(#7065,#7072),.PCURVE_S1.);
#7061 = LINE('',#7062,#7063);
#7062 = CARTESIAN_POINT('',(90.,-48.,241.));
#7063 = VECTOR('',#7064,1.);
#7064 = DIRECTION('',(-0.707106781187,0.,0.707106781187));
#7065 = PCURVE('',#6488,#7066);
#7066 = DEFINITIONAL_REPRESENTATION('',(#7067),#7071);
#7067 = LINE('',#7068,#7069);
#7068 = CARTESIAN_POINT('',(-5.047173332998,11.48821674661));
#7069 = VECTOR('',#7070,1.);
#7070 = DIRECTION('',(0.707106781187,-0.707106781187));
#7071 = ( GEOMETRIC_REPRESENTATION_CONTEXT(2) 
PARAMETRIC_REPRESENTATION_CONTEXT() REPRESENTATION_CONTEXT('2D SPACE',''
  ) );
#7072 = PCURVE('',#6627,#7073);
#7073 = DEFINITIONAL_REPRESENTATION('',(#7074),#7078);
#7074 = LINE('',#7075,#7076);
#7075 = CARTESIAN_POINT('',(0.,-2.));
#7076 = VECTOR('',#7077,1.);
#7077 = DIRECTION('',(1.,0.));
#7078 = ( GEOMETRIC_REPRESENTATION_CONTEXT(2) 
PARAMETRIC_REPRESENTATION_CONTEXT() REPRESENTATION_CONTEXT('2D SPACE',''
  ) );
#7079 = ORIENTED_EDGE('',*,*,#7080,.T.);
#7080 = EDGE_CURVE('',#7058,#7081,#7083,.T.);
#7081 = VERTEX_POINT('',#7082);
#7082 = CARTESIAN_POINT('',(84.507833320464,-48.,245.57814284611));
#7083 = SURFACE_CURVE('',#7084,(#7089,#7100),.PCURVE_S1.);
#7084 = CIRCLE('',#7085,0.7);
#7085 = AXIS2_PLACEMENT_3D('',#7086,#7087,#7088);
#7086 = CARTESIAN_POINT('',(84.963387281883,-48.,245.04666322445));
#7087 = DIRECTION('',(0.,-1.,0.));
#7088 = DIRECTION('',(0.,-0.,-1.));
#7089 = PCURVE('',#6488,#7090);
#7090 = DEFINITIONAL_REPRESENTATION('',(#7091),#7099);
#7091 = ( BOUNDED_CURVE() B_SPLINE_CURVE(2,(#7092,#7093,#7094,#7095,
#7096,#7097,#7098),.UNSPECIFIED.,.T.,.F.) B_SPLINE_CURVE_WITH_KNOTS((1,2
    ,2,2,2,1),(-2.094395102393,0.,2.094395102393,4.188790204786,
6.28318530718,8.377580409573),.UNSPECIFIED.) CURVE() 
GEOMETRIC_REPRESENTATION_ITEM() RATIONAL_B_SPLINE_CURVE((1.,0.5,1.,0.5,
1.,0.5,1.)) REPRESENTATION_ITEM('') );
#7092 = CARTESIAN_POINT('',(-1.700510108542,6.451604028493));
#7093 = CARTESIAN_POINT('',(-1.700510108542,7.664039593791));
#7094 = CARTESIAN_POINT('',(-0.650510108542,7.057821811142));
#7095 = CARTESIAN_POINT('',(0.399489891458,6.451604028493));
#7096 = CARTESIAN_POINT('',(-0.650510108542,5.845386245844));
#7097 = CARTESIAN_POINT('',(-1.700510108542,5.239168463194));
#7098 = CARTESIAN_POINT('',(-1.700510108542,6.451604028493));
#7099 = ( GEOMETRIC_REPRESENTATION_CONTEXT(2) 
PARAMETRIC_REPRESENTATION_CONTEXT() REPRESENTATION_CONTEXT('2D SPACE',''
  ) );
#7100 = PCURVE('',#6660,#7101);
#7101 = DEFINITIONAL_REPRESENTATION('',(#7102),#7106);
#7102 = LINE('',#7103,#7104);
#7103 = CARTESIAN_POINT('',(-2.356194490192,2.));
#7104 = VECTOR('',#7105,1.);
#7105 = DIRECTION('',(1.,0.));
#7106 = ( GEOMETRIC_REPRESENTATION_CONTEXT(2) 
PARAMETRIC_REPRESENTATION_CONTEXT() REPRESENTATION_CONTEXT('2D SPACE',''
  ) );
#7107 = ORIENTED_EDGE('',*,*,#7108,.T.);
#7108 = EDGE_CURVE('',#7081,#7109,#7111,.T.);
#7109 = VERTEX_POINT('',#7110);
#7110 = CARTESIAN_POINT('',(78.492166679536,-48.,240.42185715388));
#7111 = SURFACE_CURVE('',#7112,(#7116,#7123),.PCURVE_S1.);
#7112 = LINE('',#7113,#7114);
#7113 = CARTESIAN_POINT('',(85.,-48.,246.));
#7114 = VECTOR('',#7115,1.);
#7115 = DIRECTION('',(-0.759256602365,0.,-0.650791373456));
#7116 = PCURVE('',#6488,#7117);
#7117 = DEFINITIONAL_REPRESENTATION('',(#7118),#7122);
#7118 = LINE('',#7119,#7120);
#7119 = CARTESIAN_POINT('',(-4.717333299763E-02,6.48821674661));
#7120 = VECTOR('',#7121,1.);
#7121 = DIRECTION('',(-0.650791373456,-0.759256602365));
#7122 = ( GEOMETRIC_REPRESENTATION_CONTEXT(2) 
PARAMETRIC_REPRESENTATION_CONTEXT() REPRESENTATION_CONTEXT('2D SPACE',''
  ) );
#7123 = PCURVE('',#6688,#7124);
#7124 = DEFINITIONAL_REPRESENTATION('',(#7125),#7129);
#7125 = LINE('',#7126,#7127);
#7126 = CARTESIAN_POINT('',(-0.,-2.));
#7127 = VECTOR('',#7128,1.);
#7128 = DIRECTION('',(1.,0.));
#7129 = ( GEOMETRIC_REPRESENTATION_CONTEXT(2) 
PARAMETRIC_REPRESENTATION_CONTEXT() REPRESENTATION_CONTEXT('2D SPACE',''
  ) );
#7130 = ORIENTED_EDGE('',*,*,#7131,.T.);
#7131 = EDGE_CURVE('',#7109,#7132,#7134,.T.);
#7132 = VERTEX_POINT('',#7133);
#7133 = CARTESIAN_POINT('',(77.541637971287,-48.,240.45836202871));
#7134 = SURFACE_CURVE('',#7135,(#7140,#7147),.PCURVE_S1.);
#7135 = CIRCLE('',#7136,0.7);
#7136 = AXIS2_PLACEMENT_3D('',#7137,#7138,#7139);
#7137 = CARTESIAN_POINT('',(78.036612718117,-48.,240.95333677554));
#7138 = DIRECTION('',(-0.,1.,0.));
#7139 = DIRECTION('',(0.,0.,-1.));
#7140 = PCURVE('',#6488,#7141);
#7141 = DEFINITIONAL_REPRESENTATION('',(#7142),#7146);
#7142 = CIRCLE('',#7143,0.7);
#7143 = AXIS2_PLACEMENT_2D('',#7144,#7145);
#7144 = CARTESIAN_POINT('',(-5.093836557454,-0.475170535273));
#7145 = DIRECTION('',(-1.,0.));
#7146 = ( GEOMETRIC_REPRESENTATION_CONTEXT(2) 
PARAMETRIC_REPRESENTATION_CONTEXT() REPRESENTATION_CONTEXT('2D SPACE',''
  ) );
#7147 = PCURVE('',#6717,#7148);
#7148 = DEFINITIONAL_REPRESENTATION('',(#7149),#7153);
#7149 = LINE('',#7150,#7151);
#7150 = CARTESIAN_POINT('',(5.574559035052,2.));
#7151 = VECTOR('',#7152,1.);
#7152 = DIRECTION('',(-1.,0.));
#7153 = ( GEOMETRIC_REPRESENTATION_CONTEXT(2) 
PARAMETRIC_REPRESENTATION_CONTEXT() REPRESENTATION_CONTEXT('2D SPACE',''
  ) );
#7154 = ORIENTED_EDGE('',*,*,#7155,.T.);
#7155 = EDGE_CURVE('',#7132,#7156,#7158,.T.);
#7156 = VERTEX_POINT('',#7157);
#7157 = CARTESIAN_POINT('',(72.378059653029,-48.,245.62194034697));
#7158 = SURFACE_CURVE('',#7159,(#7163,#7170),.PCURVE_S1.);
#7159 = LINE('',#7160,#7161);
#7160 = CARTESIAN_POINT('',(78.,-48.,240.));
#7161 = VECTOR('',#7162,1.);
#7162 = DIRECTION('',(-0.707106781187,0.,0.707106781187));
#7163 = PCURVE('',#6488,#7164);
#7164 = DEFINITIONAL_REPRESENTATION('',(#7165),#7169);
#7165 = LINE('',#7166,#7167);
#7166 = CARTESIAN_POINT('',(-6.047173332998,-0.51178325339));
#7167 = VECTOR('',#7168,1.);
#7168 = DIRECTION('',(0.707106781187,-0.707106781187));
#7169 = ( GEOMETRIC_REPRESENTATION_CONTEXT(2) 
PARAMETRIC_REPRESENTATION_CONTEXT() REPRESENTATION_CONTEXT('2D SPACE',''
  ) );
#7170 = PCURVE('',#6745,#7171);
#7171 = DEFINITIONAL_REPRESENTATION('',(#7172),#7176);
#7172 = LINE('',#7173,#7174);
#7173 = CARTESIAN_POINT('',(0.,-2.));
#7174 = VECTOR('',#7175,1.);
#7175 = DIRECTION('',(1.,0.));
#7176 = ( GEOMETRIC_REPRESENTATION_CONTEXT(2) 
PARAMETRIC_REPRESENTATION_CONTEXT() REPRESENTATION_CONTEXT('2D SPACE',''
  ) );
#7177 = ORIENTED_EDGE('',*,*,#7178,.T.);
#7178 = EDGE_CURVE('',#7156,#7179,#7181,.T.);
#7179 = VERTEX_POINT('',#7180);
#7180 = CARTESIAN_POINT('',(71.535787649348,-48.,245.73473579962));
#7181 = SURFACE_CURVE('',#7182,(#7187,#7198),.PCURVE_S1.);
#7182 = CIRCLE('',#7183,0.7);
#7183 = AXIS2_PLACEMENT_3D('',#7184,#7185,#7186);
#7184 = CARTESIAN_POINT('',(71.883084906198,-48.,245.12696560014));
#7185 = DIRECTION('',(0.,-1.,0.));
#7186 = DIRECTION('',(0.,-0.,-1.));
#7187 = PCURVE('',#6488,#7188);
#7188 = DEFINITIONAL_REPRESENTATION('',(#7189),#7197);
#7189 = ( BOUNDED_CURVE() B_SPLINE_CURVE(2,(#7190,#7191,#7192,#7193,
#7194,#7195,#7196),.UNSPECIFIED.,.T.,.F.) B_SPLINE_CURVE_WITH_KNOTS((1,2
    ,2,2,2,1),(-2.094395102393,0.,2.094395102393,4.188790204786,
6.28318530718,8.377580409573),.UNSPECIFIED.) CURVE() 
GEOMETRIC_REPRESENTATION_ITEM() RATIONAL_B_SPLINE_CURVE((1.,0.5,1.,0.5,
1.,0.5,1.)) REPRESENTATION_ITEM('') );
#7190 = CARTESIAN_POINT('',(-1.620207732857,-6.628698347192));
#7191 = CARTESIAN_POINT('',(-1.620207732857,-5.416262781894));
#7192 = CARTESIAN_POINT('',(-0.570207732857,-6.022480564543));
#7193 = CARTESIAN_POINT('',(0.479792267143,-6.628698347192));
#7194 = CARTESIAN_POINT('',(-0.570207732857,-7.234916129841));
#7195 = CARTESIAN_POINT('',(-1.620207732857,-7.84113391249));
#7196 = CARTESIAN_POINT('',(-1.620207732857,-6.628698347192));
#7197 = ( GEOMETRIC_REPRESENTATION_CONTEXT(2) 
PARAMETRIC_REPRESENTATION_CONTEXT() REPRESENTATION_CONTEXT('2D SPACE',''
  ) );
#7198 = PCURVE('',#6778,#7199);
#7199 = DEFINITIONAL_REPRESENTATION('',(#7200),#7204);
#7200 = LINE('',#7201,#7202);
#7201 = CARTESIAN_POINT('',(-2.356194490192,2.));
#7202 = VECTOR('',#7203,1.);
#7203 = DIRECTION('',(1.,0.));
#7204 = ( GEOMETRIC_REPRESENTATION_CONTEXT(2) 
PARAMETRIC_REPRESENTATION_CONTEXT() REPRESENTATION_CONTEXT('2D SPACE',''
  ) );
#7205 = ORIENTED_EDGE('',*,*,#7206,.T.);
#7206 = EDGE_CURVE('',#7179,#7207,#7209,.T.);
#7207 = VERTEX_POINT('',#7208);
#7208 = CARTESIAN_POINT('',(65.607770199487,-48.,242.34729725685));
#7209 = SURFACE_CURVE('',#7210,(#7214,#7221),.PCURVE_S1.);
#7210 = LINE('',#7211,#7212);
#7211 = CARTESIAN_POINT('',(72.,-48.,246.));
#7212 = VECTOR('',#7213,1.);
#7213 = DIRECTION('',(-0.868243142124,0.,-0.496138938357));
#7214 = PCURVE('',#6488,#7215);
#7215 = DEFINITIONAL_REPRESENTATION('',(#7216),#7220);
#7216 = LINE('',#7217,#7218);
#7217 = CARTESIAN_POINT('',(-4.717333299763E-02,-6.51178325339));
#7218 = VECTOR('',#7219,1.);
#7219 = DIRECTION('',(-0.496138938357,-0.868243142124));
#7220 = ( GEOMETRIC_REPRESENTATION_CONTEXT(2) 
PARAMETRIC_REPRESENTATION_CONTEXT() REPRESENTATION_CONTEXT('2D SPACE',''
  ) );
#7221 = PCURVE('',#6806,#7222);
#7222 = DEFINITIONAL_REPRESENTATION('',(#7223),#7227);
#7223 = LINE('',#7224,#7225);
#7224 = CARTESIAN_POINT('',(-0.,-2.));
#7225 = VECTOR('',#7226,1.);
#7226 = DIRECTION('',(1.,0.));
#7227 = ( GEOMETRIC_REPRESENTATION_CONTEXT(2) 
PARAMETRIC_REPRESENTATION_CONTEXT() REPRESENTATION_CONTEXT('2D SPACE',''
  ) );
#7228 = ORIENTED_EDGE('',*,*,#7229,.T.);
#7229 = EDGE_CURVE('',#7207,#7230,#7232,.T.);
#7230 = VERTEX_POINT('',#7231);
#7231 = CARTESIAN_POINT('',(64.65270274315,-48.,242.60777019948));
#7232 = SURFACE_CURVE('',#7233,(#7238,#7245),.PCURVE_S1.);
#7233 = CIRCLE('',#7234,0.7);
#7234 = AXIS2_PLACEMENT_3D('',#7235,#7236,#7237);
#7235 = CARTESIAN_POINT('',(65.260472942637,-48.,242.95506745633));
#7236 = DIRECTION('',(-0.,1.,0.));
#7237 = DIRECTION('',(0.,0.,-1.));
#7238 = PCURVE('',#6488,#7239);
#7239 = DEFINITIONAL_REPRESENTATION('',(#7240),#7244);
#7240 = CIRCLE('',#7241,0.7);
#7241 = AXIS2_PLACEMENT_2D('',#7242,#7243);
#7242 = CARTESIAN_POINT('',(-3.092105876661,-13.25131031075));
#7243 = DIRECTION('',(-1.,0.));
#7244 = ( GEOMETRIC_REPRESENTATION_CONTEXT(2) 
PARAMETRIC_REPRESENTATION_CONTEXT() REPRESENTATION_CONTEXT('2D SPACE',''
  ) );
#7245 = PCURVE('',#6835,#7246);
#7246 = DEFINITIONAL_REPRESENTATION('',(#7247),#7251);
#7247 = LINE('',#7248,#7249);
#7248 = CARTESIAN_POINT('',(5.764039192933,2.));
#7249 = VECTOR('',#7250,1.);
#7250 = DIRECTION('',(-1.,0.));
#7251 = ( GEOMETRIC_REPRESENTATION_CONTEXT(2) 
PARAMETRIC_REPRESENTATION_CONTEXT() REPRESENTATION_CONTEXT('2D SPACE',''
  ) );
#7252 = ORIENTED_EDGE('',*,*,#7253,.T.);
#7253 = EDGE_CURVE('',#7230,#6906,#7254,.T.);
#7254 = SURFACE_CURVE('',#7255,(#7259,#7266),.PCURVE_S1.);
#7255 = LINE('',#7256,#7257);
#7256 = CARTESIAN_POINT('',(65.,-48.,242.));
#7257 = VECTOR('',#7258,1.);
#7258 = DIRECTION('',(-0.496138938357,0.,0.868243142124));
#7259 = PCURVE('',#6488,#7260);
#7260 = DEFINITIONAL_REPRESENTATION('',(#7261),#7265);
#7261 = LINE('',#7262,#7263);
#7262 = CARTESIAN_POINT('',(-4.047173332998,-13.51178325339));
#7263 = VECTOR('',#7264,1.);
#7264 = DIRECTION('',(0.868243142124,-0.496138938357));
#7265 = ( GEOMETRIC_REPRESENTATION_CONTEXT(2) 
PARAMETRIC_REPRESENTATION_CONTEXT() REPRESENTATION_CONTEXT('2D SPACE',''
  ) );
#7266 = PCURVE('',#6863,#7267);
#7267 = DEFINITIONAL_REPRESENTATION('',(#7268),#7272);
#7268 = LINE('',#7269,#7270);
#7269 = CARTESIAN_POINT('',(0.,-2.));
#7270 = VECTOR('',#7271,1.);
#7271 = DIRECTION('',(1.,0.));
#7272 = ( GEOMETRIC_REPRESENTATION_CONTEXT(2) 
PARAMETRIC_REPRESENTATION_CONTEXT() REPRESENTATION_CONTEXT('2D SPACE',''
  ) );
#7273 = ORIENTED_EDGE('',*,*,#6928,.F.);
#7274 = ADVANCED_FACE('',(#7275),#6863,.T.);
#7275 = FACE_BOUND('',#7276,.T.);
#7276 = EDGE_LOOP('',(#7277,#7278,#7299,#7300));
#7277 = ORIENTED_EDGE('',*,*,#6847,.F.);
#7278 = ORIENTED_EDGE('',*,*,#7279,.T.);
#7279 = EDGE_CURVE('',#6819,#7230,#7280,.T.);
#7280 = SURFACE_CURVE('',#7281,(#7285,#7292),.PCURVE_S1.);
#7281 = LINE('',#7282,#7283);
#7282 = CARTESIAN_POINT('',(64.65270274315,-46.,242.60777019948));
#7283 = VECTOR('',#7284,1.);
#7284 = DIRECTION('',(0.,-1.,0.));
#7285 = PCURVE('',#6863,#7286);
#7286 = DEFINITIONAL_REPRESENTATION('',(#7287),#7291);
#7287 = LINE('',#7288,#7289);
#7288 = CARTESIAN_POINT('',(0.7,0.));
#7289 = VECTOR('',#7290,1.);
#7290 = DIRECTION('',(0.,-1.));
#7291 = ( GEOMETRIC_REPRESENTATION_CONTEXT(2) 
PARAMETRIC_REPRESENTATION_CONTEXT() REPRESENTATION_CONTEXT('2D SPACE',''
  ) );
#7292 = PCURVE('',#6835,#7293);
#7293 = DEFINITIONAL_REPRESENTATION('',(#7294),#7298);
#7294 = LINE('',#7295,#7296);
#7295 = CARTESIAN_POINT('',(-1.570796326795,0.));
#7296 = VECTOR('',#7297,1.);
#7297 = DIRECTION('',(-0.,1.));
#7298 = ( GEOMETRIC_REPRESENTATION_CONTEXT(2) 
PARAMETRIC_REPRESENTATION_CONTEXT() REPRESENTATION_CONTEXT('2D SPACE',''
  ) );
#7299 = ORIENTED_EDGE('',*,*,#7253,.T.);
#7300 = ORIENTED_EDGE('',*,*,#6905,.F.);
#7301 = ADVANCED_FACE('',(#7302),#6570,.T.);
#7302 = FACE_BOUND('',#7303,.T.);
#7303 = EDGE_LOOP('',(#7304,#7305,#7306,#7307));
#7304 = ORIENTED_EDGE('',*,*,#6554,.F.);
#7305 = ORIENTED_EDGE('',*,*,#6959,.T.);
#7306 = ORIENTED_EDGE('',*,*,#7010,.T.);
#7307 = ORIENTED_EDGE('',*,*,#7308,.F.);
#7308 = EDGE_CURVE('',#6555,#7011,#7309,.T.);
#7309 = SURFACE_CURVE('',#7310,(#7314,#7321),.PCURVE_S1.);
#7310 = LINE('',#7311,#7312);
#7311 = CARTESIAN_POINT('',(90.484264068712,-46.,241.64568542494));
#7312 = VECTOR('',#7313,1.);
#7313 = DIRECTION('',(0.,-1.,0.));
#7314 = PCURVE('',#6570,#7315);
#7315 = DEFINITIONAL_REPRESENTATION('',(#7316),#7320);
#7316 = LINE('',#7317,#7318);
#7317 = CARTESIAN_POINT('',(9.192893218813,0.));
#7318 = VECTOR('',#7319,1.);
#7319 = DIRECTION('',(-0.,-1.));
#7320 = ( GEOMETRIC_REPRESENTATION_CONTEXT(2) 
PARAMETRIC_REPRESENTATION_CONTEXT() REPRESENTATION_CONTEXT('2D SPACE',''
  ) );
#7321 = PCURVE('',#6599,#7322);
#7322 = DEFINITIONAL_REPRESENTATION('',(#7323),#7327);
#7323 = LINE('',#7324,#7325);
#7324 = CARTESIAN_POINT('',(-0.,0.));
#7325 = VECTOR('',#7326,1.);
#7326 = DIRECTION('',(-0.,1.));
#7327 = ( GEOMETRIC_REPRESENTATION_CONTEXT(2) 
PARAMETRIC_REPRESENTATION_CONTEXT() REPRESENTATION_CONTEXT('2D SPACE',''
  ) );
#7328 = ADVANCED_FACE('',(#7329),#6835,.T.);
#7329 = FACE_BOUND('',#7330,.F.);
#7330 = EDGE_LOOP('',(#7331,#7332,#7333,#7334));
#7331 = ORIENTED_EDGE('',*,*,#6818,.T.);
#7332 = ORIENTED_EDGE('',*,*,#7279,.T.);
#7333 = ORIENTED_EDGE('',*,*,#7229,.F.);
#7334 = ORIENTED_EDGE('',*,*,#7335,.F.);
#7335 = EDGE_CURVE('',#6791,#7207,#7336,.T.);
#7336 = SURFACE_CURVE('',#7337,(#7341,#7348),.PCURVE_S1.);
#7337 = LINE('',#7338,#7339);
#7338 = CARTESIAN_POINT('',(65.607770199487,-46.,242.34729725685));
#7339 = VECTOR('',#7340,1.);
#7340 = DIRECTION('',(0.,-1.,0.));
#7341 = PCURVE('',#6835,#7342);
#7342 = DEFINITIONAL_REPRESENTATION('',(#7343),#7347);
#7343 = LINE('',#7344,#7345);
#7344 = CARTESIAN_POINT('',(-0.,0.));
#7345 = VECTOR('',#7346,1.);
#7346 = DIRECTION('',(-0.,1.));
#7347 = ( GEOMETRIC_REPRESENTATION_CONTEXT(2) 
PARAMETRIC_REPRESENTATION_CONTEXT() REPRESENTATION_CONTEXT('2D SPACE',''
  ) );
#7348 = PCURVE('',#6806,#7349);
#7349 = DEFINITIONAL_REPRESENTATION('',(#7350),#7354);
#7350 = LINE('',#7351,#7352);
#7351 = CARTESIAN_POINT('',(7.362257748299,0.));
#7352 = VECTOR('',#7353,1.);
#7353 = DIRECTION('',(-0.,-1.));
#7354 = ( GEOMETRIC_REPRESENTATION_CONTEXT(2) 
PARAMETRIC_REPRESENTATION_CONTEXT() REPRESENTATION_CONTEXT('2D SPACE',''
  ) );
#7355 = ADVANCED_FACE('',(#7356),#6599,.T.);
#7356 = FACE_BOUND('',#7357,.F.);
#7357 = EDGE_LOOP('',(#7358,#7359,#7380,#7381));
#7358 = ORIENTED_EDGE('',*,*,#6582,.T.);
#7359 = ORIENTED_EDGE('',*,*,#7360,.T.);
#7360 = EDGE_CURVE('',#6583,#7034,#7361,.T.);
#7361 = SURFACE_CURVE('',#7362,(#7366,#7373),.PCURVE_S1.);
#7362 = LINE('',#7363,#7364);
#7363 = CARTESIAN_POINT('',(89.429289321881,-46.,241.57071067811));
#7364 = VECTOR('',#7365,1.);
#7365 = DIRECTION('',(0.,-1.,0.));
#7366 = PCURVE('',#6599,#7367);
#7367 = DEFINITIONAL_REPRESENTATION('',(#7368),#7372);
#7368 = LINE('',#7369,#7370);
#7369 = CARTESIAN_POINT('',(-1.712693381399,0.));
#7370 = VECTOR('',#7371,1.);
#7371 = DIRECTION('',(-0.,1.));
#7372 = ( GEOMETRIC_REPRESENTATION_CONTEXT(2) 
PARAMETRIC_REPRESENTATION_CONTEXT() REPRESENTATION_CONTEXT('2D SPACE',''
  ) );
#7373 = PCURVE('',#6627,#7374);
#7374 = DEFINITIONAL_REPRESENTATION('',(#7375),#7379);
#7375 = LINE('',#7376,#7377);
#7376 = CARTESIAN_POINT('',(0.807106781187,0.));
#7377 = VECTOR('',#7378,1.);
#7378 = DIRECTION('',(0.,-1.));
#7379 = ( GEOMETRIC_REPRESENTATION_CONTEXT(2) 
PARAMETRIC_REPRESENTATION_CONTEXT() REPRESENTATION_CONTEXT('2D SPACE',''
  ) );
#7380 = ORIENTED_EDGE('',*,*,#7033,.F.);
#7381 = ORIENTED_EDGE('',*,*,#7308,.F.);
#7382 = ADVANCED_FACE('',(#7383),#6806,.T.);
#7383 = FACE_BOUND('',#7384,.T.);
#7384 = EDGE_LOOP('',(#7385,#7386,#7407,#7408));
#7385 = ORIENTED_EDGE('',*,*,#6790,.F.);
#7386 = ORIENTED_EDGE('',*,*,#7387,.T.);
#7387 = EDGE_CURVE('',#6758,#7179,#7388,.T.);
#7388 = SURFACE_CURVE('',#7389,(#7393,#7400),.PCURVE_S1.);
#7389 = LINE('',#7390,#7391);
#7390 = CARTESIAN_POINT('',(71.535787649348,-46.,245.73473579962));
#7391 = VECTOR('',#7392,1.);
#7392 = DIRECTION('',(0.,-1.,0.));
#7393 = PCURVE('',#6806,#7394);
#7394 = DEFINITIONAL_REPRESENTATION('',(#7395),#7399);
#7395 = LINE('',#7396,#7397);
#7396 = CARTESIAN_POINT('',(0.534657088699,0.));
#7397 = VECTOR('',#7398,1.);
#7398 = DIRECTION('',(-0.,-1.));
#7399 = ( GEOMETRIC_REPRESENTATION_CONTEXT(2) 
PARAMETRIC_REPRESENTATION_CONTEXT() REPRESENTATION_CONTEXT('2D SPACE',''
  ) );
#7400 = PCURVE('',#6778,#7401);
#7401 = DEFINITIONAL_REPRESENTATION('',(#7402),#7406);
#7402 = LINE('',#7403,#7404);
#7403 = CARTESIAN_POINT('',(1.304544277644,0.));
#7404 = VECTOR('',#7405,1.);
#7405 = DIRECTION('',(0.,1.));
#7406 = ( GEOMETRIC_REPRESENTATION_CONTEXT(2) 
PARAMETRIC_REPRESENTATION_CONTEXT() REPRESENTATION_CONTEXT('2D SPACE',''
  ) );
#7407 = ORIENTED_EDGE('',*,*,#7206,.T.);
#7408 = ORIENTED_EDGE('',*,*,#7335,.F.);
#7409 = ADVANCED_FACE('',(#7410),#6627,.T.);
#7410 = FACE_BOUND('',#7411,.T.);
#7411 = EDGE_LOOP('',(#7412,#7413,#7414,#7415));
#7412 = ORIENTED_EDGE('',*,*,#6611,.F.);
#7413 = ORIENTED_EDGE('',*,*,#7360,.T.);
#7414 = ORIENTED_EDGE('',*,*,#7057,.T.);
#7415 = ORIENTED_EDGE('',*,*,#7416,.F.);
#7416 = EDGE_CURVE('',#6612,#7058,#7417,.T.);
#7417 = SURFACE_CURVE('',#7418,(#7422,#7429),.PCURVE_S1.);
#7418 = LINE('',#7419,#7420);
#7419 = CARTESIAN_POINT('',(85.458362028713,-46.,245.54163797128));
#7420 = VECTOR('',#7421,1.);
#7421 = DIRECTION('',(0.,-1.,0.));
#7422 = PCURVE('',#6627,#7423);
#7423 = DEFINITIONAL_REPRESENTATION('',(#7424),#7428);
#7424 = LINE('',#7425,#7426);
#7425 = CARTESIAN_POINT('',(6.422846014382,0.));
#7426 = VECTOR('',#7427,1.);
#7427 = DIRECTION('',(0.,-1.));
#7428 = ( GEOMETRIC_REPRESENTATION_CONTEXT(2) 
PARAMETRIC_REPRESENTATION_CONTEXT() REPRESENTATION_CONTEXT('2D SPACE',''
  ) );
#7429 = PCURVE('',#6660,#7430);
#7430 = DEFINITIONAL_REPRESENTATION('',(#7431),#7435);
#7431 = LINE('',#7432,#7433);
#7432 = CARTESIAN_POINT('',(0.,0.));
#7433 = VECTOR('',#7434,1.);
#7434 = DIRECTION('',(0.,1.));
#7435 = ( GEOMETRIC_REPRESENTATION_CONTEXT(2) 
PARAMETRIC_REPRESENTATION_CONTEXT() REPRESENTATION_CONTEXT('2D SPACE',''
  ) );
#7436 = ADVANCED_FACE('',(#7437),#6778,.F.);
#7437 = FACE_BOUND('',#7438,.F.);
#7438 = EDGE_LOOP('',(#7439,#7440,#7441,#7442));
#7439 = ORIENTED_EDGE('',*,*,#6757,.T.);
#7440 = ORIENTED_EDGE('',*,*,#7387,.T.);
#7441 = ORIENTED_EDGE('',*,*,#7178,.F.);
#7442 = ORIENTED_EDGE('',*,*,#7443,.F.);
#7443 = EDGE_CURVE('',#6730,#7156,#7444,.T.);
#7444 = SURFACE_CURVE('',#7445,(#7449,#7456),.PCURVE_S1.);
#7445 = LINE('',#7446,#7447);
#7446 = CARTESIAN_POINT('',(72.378059653029,-46.,245.62194034697));
#7447 = VECTOR('',#7448,1.);
#7448 = DIRECTION('',(0.,-1.,0.));
#7449 = PCURVE('',#6778,#7450);
#7450 = DEFINITIONAL_REPRESENTATION('',(#7451),#7455);
#7451 = LINE('',#7452,#7453);
#7452 = CARTESIAN_POINT('',(0.,0.));
#7453 = VECTOR('',#7454,1.);
#7454 = DIRECTION('',(0.,1.));
#7455 = ( GEOMETRIC_REPRESENTATION_CONTEXT(2) 
PARAMETRIC_REPRESENTATION_CONTEXT() REPRESENTATION_CONTEXT('2D SPACE',''
  ) );
#7456 = PCURVE('',#6745,#7457);
#7457 = DEFINITIONAL_REPRESENTATION('',(#7458),#7462);
#7458 = LINE('',#7459,#7460);
#7459 = CARTESIAN_POINT('',(7.950624285539,0.));
#7460 = VECTOR('',#7461,1.);
#7461 = DIRECTION('',(0.,-1.));
#7462 = ( GEOMETRIC_REPRESENTATION_CONTEXT(2) 
PARAMETRIC_REPRESENTATION_CONTEXT() REPRESENTATION_CONTEXT('2D SPACE',''
  ) );
#7463 = ADVANCED_FACE('',(#7464),#6660,.F.);
#7464 = FACE_BOUND('',#7465,.F.);
#7465 = EDGE_LOOP('',(#7466,#7467,#7488,#7489));
#7466 = ORIENTED_EDGE('',*,*,#6639,.T.);
#7467 = ORIENTED_EDGE('',*,*,#7468,.T.);
#7468 = EDGE_CURVE('',#6640,#7081,#7469,.T.);
#7469 = SURFACE_CURVE('',#7470,(#7474,#7481),.PCURVE_S1.);
#7470 = LINE('',#7471,#7472);
#7471 = CARTESIAN_POINT('',(84.507833320464,-46.,245.57814284611));
#7472 = VECTOR('',#7473,1.);
#7473 = DIRECTION('',(0.,-1.,0.));
#7474 = PCURVE('',#6660,#7475);
#7475 = DEFINITIONAL_REPRESENTATION('',(#7476),#7480);
#7476 = LINE('',#7477,#7478);
#7477 = CARTESIAN_POINT('',(1.494024435525,0.));
#7478 = VECTOR('',#7479,1.);
#7479 = DIRECTION('',(0.,1.));
#7480 = ( GEOMETRIC_REPRESENTATION_CONTEXT(2) 
PARAMETRIC_REPRESENTATION_CONTEXT() REPRESENTATION_CONTEXT('2D SPACE',''
  ) );
#7481 = PCURVE('',#6688,#7482);
#7482 = DEFINITIONAL_REPRESENTATION('',(#7483),#7487);
#7483 = LINE('',#7484,#7485);
#7484 = CARTESIAN_POINT('',(0.648221797483,0.));
#7485 = VECTOR('',#7486,1.);
#7486 = DIRECTION('',(-0.,-1.));
#7487 = ( GEOMETRIC_REPRESENTATION_CONTEXT(2) 
PARAMETRIC_REPRESENTATION_CONTEXT() REPRESENTATION_CONTEXT('2D SPACE',''
  ) );
#7488 = ORIENTED_EDGE('',*,*,#7080,.F.);
#7489 = ORIENTED_EDGE('',*,*,#7416,.F.);
#7490 = ADVANCED_FACE('',(#7491),#6745,.T.);
#7491 = FACE_BOUND('',#7492,.T.);
#7492 = EDGE_LOOP('',(#7493,#7494,#7515,#7516));
#7493 = ORIENTED_EDGE('',*,*,#6729,.F.);
#7494 = ORIENTED_EDGE('',*,*,#7495,.T.);
#7495 = EDGE_CURVE('',#6701,#7132,#7496,.T.);
#7496 = SURFACE_CURVE('',#7497,(#7501,#7508),.PCURVE_S1.);
#7497 = LINE('',#7498,#7499);
#7498 = CARTESIAN_POINT('',(77.541637971287,-46.,240.45836202871));
#7499 = VECTOR('',#7500,1.);
#7500 = DIRECTION('',(0.,-1.,0.));
#7501 = PCURVE('',#6745,#7502);
#7502 = DEFINITIONAL_REPRESENTATION('',(#7503),#7507);
#7503 = LINE('',#7504,#7505);
#7504 = CARTESIAN_POINT('',(0.648221797483,0.));
#7505 = VECTOR('',#7506,1.);
#7506 = DIRECTION('',(0.,-1.));
#7507 = ( GEOMETRIC_REPRESENTATION_CONTEXT(2) 
PARAMETRIC_REPRESENTATION_CONTEXT() REPRESENTATION_CONTEXT('2D SPACE',''
  ) );
#7508 = PCURVE('',#6717,#7509);
#7509 = DEFINITIONAL_REPRESENTATION('',(#7510),#7514);
#7510 = LINE('',#7511,#7512);
#7511 = CARTESIAN_POINT('',(-1.494024435525,0.));
#7512 = VECTOR('',#7513,1.);
#7513 = DIRECTION('',(-0.,1.));
#7514 = ( GEOMETRIC_REPRESENTATION_CONTEXT(2) 
PARAMETRIC_REPRESENTATION_CONTEXT() REPRESENTATION_CONTEXT('2D SPACE',''
  ) );
#7515 = ORIENTED_EDGE('',*,*,#7155,.T.);
#7516 = ORIENTED_EDGE('',*,*,#7443,.F.);
#7517 = ADVANCED_FACE('',(#7518),#6688,.T.);
#7518 = FACE_BOUND('',#7519,.T.);
#7519 = EDGE_LOOP('',(#7520,#7521,#7522,#7523));
#7520 = ORIENTED_EDGE('',*,*,#6672,.F.);
#7521 = ORIENTED_EDGE('',*,*,#7468,.T.);
#7522 = ORIENTED_EDGE('',*,*,#7108,.T.);
#7523 = ORIENTED_EDGE('',*,*,#7524,.F.);
#7524 = EDGE_CURVE('',#6673,#7109,#7525,.T.);
#7525 = SURFACE_CURVE('',#7526,(#7530,#7537),.PCURVE_S1.);
#7526 = LINE('',#7527,#7528);
#7527 = CARTESIAN_POINT('',(78.492166679536,-46.,240.42185715388));
#7528 = VECTOR('',#7529,1.);
#7529 = DIRECTION('',(0.,-1.,0.));
#7530 = PCURVE('',#6688,#7531);
#7531 = DEFINITIONAL_REPRESENTATION('',(#7532),#7536);
#7532 = LINE('',#7533,#7534);
#7533 = CARTESIAN_POINT('',(8.57132265981,0.));
#7534 = VECTOR('',#7535,1.);
#7535 = DIRECTION('',(-0.,-1.));
#7536 = ( GEOMETRIC_REPRESENTATION_CONTEXT(2) 
PARAMETRIC_REPRESENTATION_CONTEXT() REPRESENTATION_CONTEXT('2D SPACE',''
  ) );
#7537 = PCURVE('',#6717,#7538);
#7538 = DEFINITIONAL_REPRESENTATION('',(#7539),#7543);
#7539 = LINE('',#7540,#7541);
#7540 = CARTESIAN_POINT('',(-0.,0.));
#7541 = VECTOR('',#7542,1.);
#7542 = DIRECTION('',(-0.,1.));
#7543 = ( GEOMETRIC_REPRESENTATION_CONTEXT(2) 
PARAMETRIC_REPRESENTATION_CONTEXT() REPRESENTATION_CONTEXT('2D SPACE',''
  ) );
#7544 = ADVANCED_FACE('',(#7545),#6717,.T.);
#7545 = FACE_BOUND('',#7546,.F.);
#7546 = EDGE_LOOP('',(#7547,#7548,#7549,#7550));
#7547 = ORIENTED_EDGE('',*,*,#6700,.T.);
#7548 = ORIENTED_EDGE('',*,*,#7495,.T.);
#7549 = ORIENTED_EDGE('',*,*,#7131,.F.);
#7550 = ORIENTED_EDGE('',*,*,#7524,.F.);
#7551 = ( GEOMETRIC_REPRESENTATION_CONTEXT(3) 
GLOBAL_UNCERTAINTY_ASSIGNED_CONTEXT((#7555)) 
GLOBAL_UNIT_ASSIGNED_CONTEXT((#7552,#7553,#7554)) REPRESENTATION_CONTEXT
('Context #1','3D Context with UNIT and UNCERTAINTY') );
#7552 = ( LENGTH_UNIT() NAMED_UNIT(*) SI_UNIT(.MILLI.,.METRE.) );
#7553 = ( NAMED_UNIT(*) PLANE_ANGLE_UNIT() SI_UNIT($,.RADIAN.) );
#7554 = ( NAMED_UNIT(*) SI_UNIT($,.STERADIAN.) SOLID_ANGLE_UNIT() );
#7555 = UNCERTAINTY_MEASURE_WITH_UNIT(LENGTH_MEASURE(1.E-07),#7552,
  'distance_accuracy_value','confusion accuracy');
#7556 = CONTEXT_DEPENDENT_SHAPE_REPRESENTATION(#7557,#7559);
#7557 = ( REPRESENTATION_RELATIONSHIP('','',#6402,#10) 
REPRESENTATION_RELATIONSHIP_WITH_TRANSFORMATION(#7558) 
SHAPE_REPRESENTATION_RELATIONSHIP() );
#7558 = ITEM_DEFINED_TRANSFORMATION('','',#11,#31);
#7559 = PRODUCT_DEFINITION_SHAPE('Placement','Placement of an item',
  #7560);
#7560 = NEXT_ASSEMBLY_USAGE_OCCURRENCE('5','teeth_right','',#5,#6397,$);
#7561 = PRODUCT_RELATED_PRODUCT_CATEGORY('part',$,(#6399));
#7562 = SHAPE_DEFINITION_REPRESENTATION(#7563,#7569);
#7563 = PRODUCT_DEFINITION_SHAPE('','',#7564);
#7564 = PRODUCT_DEFINITION('design','',#7565,#7568);
#7565 = PRODUCT_DEFINITION_FORMATION('','',#7566);
#7566 = PRODUCT('brow_right','brow_right','',(#7567));
#7567 = PRODUCT_CONTEXT('',#2,'mechanical');
#7568 = PRODUCT_DEFINITION_CONTEXT('part definition',#2,'design');
#7569 = ADVANCED_BREP_SHAPE_REPRESENTATION('',(#11,#7570),#7752);
#7570 = MANIFOLD_SOLID_BREP('',#7571);
#7571 = CLOSED_SHELL('',(#7572,#7748));
#7572 = ADVANCED_FACE('',(#7573),#7586,.T.);
#7573 = FACE_BOUND('',#7574,.T.);
#7574 = EDGE_LOOP('',(#7575));
#7575 = ORIENTED_EDGE('',*,*,#7576,.F.);
#7576 = EDGE_CURVE('',#7577,#7577,#7579,.T.);
#7577 = VERTEX_POINT('',#7578);
#7578 = CARTESIAN_POINT('',(29.,-45.,277.));
#7579 = SURFACE_CURVE('',#7580,(#7585,#7736),.PCURVE_S1.);
#7580 = CIRCLE('',#7581,12.);
#7581 = AXIS2_PLACEMENT_3D('',#7582,#7583,#7584);
#7582 = CARTESIAN_POINT('',(29.,-45.,265.));
#7583 = DIRECTION('',(0.,1.,0.));
#7584 = DIRECTION('',(0.,-0.,1.));
#7585 = PCURVE('',#7586,#7591);
#7586 = SPHERICAL_SURFACE('',#7587,13.);
#7587 = AXIS2_PLACEMENT_3D('',#7588,#7589,#7590);
#7588 = CARTESIAN_POINT('',(29.,-40.,265.));
#7589 = DIRECTION('',(0.,0.,1.));
#7590 = DIRECTION('',(1.,0.,0.));
#7591 = DEFINITIONAL_REPRESENTATION('',(#7592),#7735);
#7592 = B_SPLINE_CURVE_WITH_KNOTS('',8,(#7593,#7594,#7595,#7596,#7597,
    #7598,#7599,#7600,#7601,#7602,#7603,#7604,#7605,#7606,#7607,#7608,
    #7609,#7610,#7611,#7612,#7613,#7614,#7615,#7616,#7617,#7618,#7619,
    #7620,#7621,#7622,#7623,#7624,#7625,#7626,#7627,#7628,#7629,#7630,
    #7631,#7632,#7633,#7634,#7635,#7636,#7637,#7638,#7639,#7640,#7641,
    #7642,#7643,#7644,#7645,#7646,#7647,#7648,#7649,#7650,#7651,#7652,
    #7653,#7654,#7655,#7656,#7657,#7658,#7659,#7660,#7661,#7662,#7663,
    #7664,#7665,#7666,#7667,#7668,#7669,#7670,#7671,#7672,#7673,#7674,
    #7675,#7676,#7677,#7678,#7679,#7680,#7681,#7682,#7683,#7684,#7685,
    #7686,#7687,#7688,#7689,#7690,#7691,#7692,#7693,#7694,#7695,#7696,
    #7697,#7698,#7699,#7700,#7701,#7702,#7703,#7704,#7705,#7706,#7707,
    #7708,#7709,#7710,#7711,#7712,#7713,#7714,#7715,#7716,#7717,#7718,
    #7719,#7720,#7721,#7722,#7723,#7724,#7725,#7726,#7727,#7728,#7729,
    #7730,#7731,#7732,#7733,#7734),.UNSPECIFIED.,.F.,.F.,(9,7,7,7,7,7,7,
    7,7,7,7,7,7,7,7,7,7,7,7,7,9),(0.,0.196349540849,0.386563158547,
    0.755102042837,1.44611245088,2.050746557917,2.315273979746,
    2.563268437711,2.795763242052,3.013727121123,3.218068257751,
    3.409638073341,3.589234775456,3.925978591921,4.515280270736,
    4.957256529847,5.28873872418,5.53735036993,5.910267838555,
    6.096726572867,6.28318530718),.UNSPECIFIED.);
#7593 = CARTESIAN_POINT('',(4.712388980385,1.176005207095));
#7594 = CARTESIAN_POINT('',(4.771293842639,1.176005207095));
#7595 = CARTESIAN_POINT('',(4.830198688689,1.174352924398));
#7596 = CARTESIAN_POINT('',(4.888426685216,1.171048406534));
#7597 = CARTESIAN_POINT('',(4.945300414201,1.166130259685));
#7598 = CARTESIAN_POINT('',(5.000238717454,1.159676720565));
#7599 = CARTESIAN_POINT('',(5.052851021071,1.151791421623));
#7600 = CARTESIAN_POINT('',(5.102903319797,1.142587693779));
#7601 = CARTESIAN_POINT('',(5.196192462638,1.122098014279));
#7602 = CARTESIAN_POINT('',(5.239593452424,1.110886118113));
#7603 = CARTESIAN_POINT('',(5.280392999691,1.098648776841));
#7604 = CARTESIAN_POINT('',(5.31860512359,1.085491330813));
#7605 = CARTESIAN_POINT('',(5.35432009705,1.071512179387));
#7606 = CARTESIAN_POINT('',(5.38766917101,1.056799811148));
#7607 = CARTESIAN_POINT('',(5.418798343027,1.041432728958));
#7608 = CARTESIAN_POINT('',(5.504165415569,0.994571825323));
#7609 = CARTESIAN_POINT('',(5.552707846474,0.961465383798));
#7610 = CARTESIAN_POINT('',(5.594589253909,0.926663901923));
#7611 = CARTESIAN_POINT('',(5.63097238135,0.890537412494));
#7612 = CARTESIAN_POINT('',(5.662745165875,0.853346507026));
#7613 = CARTESIAN_POINT('',(5.69063536359,0.815290696484));
#7614 = CARTESIAN_POINT('',(5.715213567903,0.776521208547));
#7615 = CARTESIAN_POINT('',(5.777678372856,0.663350579728));
#7616 = CARTESIAN_POINT('',(5.808391721283,0.58745462328));
#7617 = CARTESIAN_POINT('',(5.83211420093,0.510255478515));
#7618 = CARTESIAN_POINT('',(5.850466839784,0.432138780368));
#7619 = CARTESIAN_POINT('',(5.864467293195,0.35338295962));
#7620 = CARTESIAN_POINT('',(5.87476547475,0.274179692541));
#7621 = CARTESIAN_POINT('',(5.881755157491,0.194687957629));
#7622 = CARTESIAN_POINT('',(5.889001285149,4.536390955887E-02));
#7623 = CARTESIAN_POINT('',(5.889990122193,-2.443372939547E-02));
#7624 = CARTESIAN_POINT('',(5.888708908002,-9.424992143602E-02));
#7625 = CARTESIAN_POINT('',(5.885155576951,-0.163999282612));
#7626 = CARTESIAN_POINT('',(5.879224856821,-0.233594272991));
#7627 = CARTESIAN_POINT('',(5.87069089425,-0.302934910305));
#7628 = CARTESIAN_POINT('',(5.859178465868,-0.371898817116));
#7629 = CARTESIAN_POINT('',(5.837414673682,-0.470235178343));
#7630 = CARTESIAN_POINT('',(5.830096554224,-0.500057206659));
#7631 = CARTESIAN_POINT('',(5.822029760511,-0.529757817763));
#7632 = CARTESIAN_POINT('',(5.813149794911,-0.55931985373));
#7633 = CARTESIAN_POINT('',(5.803380215188,-0.588723559397));
#7634 = CARTESIAN_POINT('',(5.792629776128,-0.617945759615));
#7635 = CARTESIAN_POINT('',(5.780788477392,-0.646958640823));
#7636 = CARTESIAN_POINT('',(5.755473180285,-0.702699539573));
#7637 = CARTESIAN_POINT('',(5.742147524875,-0.729457015211));
#7638 = CARTESIAN_POINT('',(5.727635027085,-0.755972508046));
#7639 = CARTESIAN_POINT('',(5.711807289854,-0.78221294401));
#7640 = CARTESIAN_POINT('',(5.694513209687,-0.808139142663));
#7641 = CARTESIAN_POINT('',(5.6755743299,-0.833703901109));
#7642 = CARTESIAN_POINT('',(5.654780380752,-0.858849249946));
#7643 = CARTESIAN_POINT('',(5.610420593095,-0.90661566059));
#7644 = CARTESIAN_POINT('',(5.587109260439,-0.92929625084));
#7645 = CARTESIAN_POINT('',(5.561748512955,-0.951485097451));
#7646 = CARTESIAN_POINT('',(5.534108130358,-0.973111279941));
#7647 = CARTESIAN_POINT('',(5.503931235027,-0.994090397733));
#7648 = CARTESIAN_POINT('',(5.470933676197,-1.014320430062));
#7649 = CARTESIAN_POINT('',(5.434820052675,-1.033678129033));
#7650 = CARTESIAN_POINT('',(5.358317173787,-1.069212607353));
#7651 = CARTESIAN_POINT('',(5.318336232937,-1.085512582232));
#7652 = CARTESIAN_POINT('',(5.275181351697,-1.100799060557));
#7653 = CARTESIAN_POINT('',(5.228672917485,-1.114935878451));
#7654 = CARTESIAN_POINT('',(5.178701150027,-1.127771210186));
#7655 = CARTESIAN_POINT('',(5.125284258088,-1.139139366754));
#7656 = CARTESIAN_POINT('',(5.06868051298,-1.148878244864));
#7657 = CARTESIAN_POINT('',(4.95378460396,-1.16432635815));
#7658 = CARTESIAN_POINT('',(4.895819023659,-1.17024940466));
#7659 = CARTESIAN_POINT('',(4.835886567664,-1.174508143038));
#7660 = CARTESIAN_POINT('',(4.774567713455,-1.177010089796));
#7661 = CARTESIAN_POINT('',(4.712624977583,-1.177696846818));
#7662 = CARTESIAN_POINT('',(4.650908737521,-1.176564009612));
#7663 = CARTESIAN_POINT('',(4.590175835167,-1.173655186596));
#7664 = CARTESIAN_POINT('',(4.475601891057,-1.164729586268));
#7665 = CARTESIAN_POINT('',(4.421567306737,-1.158918443302));
#7666 = CARTESIAN_POINT('',(4.369442822719,-1.151679181198));
#7667 = CARTESIAN_POINT('',(4.319622701993,-1.14310325496));
#7668 = CARTESIAN_POINT('',(4.272338926244,-1.133298168315));
#7669 = CARTESIAN_POINT('',(4.22768238083,-1.122375384448));
#7670 = CARTESIAN_POINT('',(4.185651007614,-1.110441364685));
#7671 = CARTESIAN_POINT('',(4.109175627515,-1.085552949385));
#7672 = CARTESIAN_POINT('',(4.074421653458,-1.072708894418));
#7673 = CARTESIAN_POINT('',(4.041864344074,-1.05914569613));
#7674 = CARTESIAN_POINT('',(4.011402491299,-1.044939338767));
#7675 = CARTESIAN_POINT('',(3.982911132551,-1.030158152066));
#7676 = CARTESIAN_POINT('',(3.956258204547,-1.014862317014));
#7677 = CARTESIAN_POINT('',(3.93131397484,-0.999104386086));
#7678 = CARTESIAN_POINT('',(3.864151893985,-0.952605377738));
#7679 = CARTESIAN_POINT('',(3.825917813142,-0.920818605849));
#7680 = CARTESIAN_POINT('',(3.792427653467,-0.887875915917));
#7681 = CARTESIAN_POINT('',(3.762927792544,-0.854002579417));
#7682 = CARTESIAN_POINT('',(3.736826311993,-0.819365262985));
#7683 = CARTESIAN_POINT('',(3.713638372908,-0.784093519806));
#7684 = CARTESIAN_POINT('',(3.692974952558,-0.748288901652));
#7685 = CARTESIAN_POINT('',(3.642217582454,-0.648585674057));
#7686 = CARTESIAN_POINT('',(3.616674040332,-0.583756668489));
#7687 = CARTESIAN_POINT('',(3.596182123285,-0.517984043023));
#7688 = CARTESIAN_POINT('',(3.57971536709,-0.451518822524));
#7689 = CARTESIAN_POINT('',(3.566591384246,-0.384542651402));
#7690 = CARTESIAN_POINT('',(3.556345366799,-0.317188927913));
#7691 = CARTESIAN_POINT('',(3.548668034437,-0.249566589467));
#7692 = CARTESIAN_POINT('',(3.53940252712,-0.130922438462));
#7693 = CARTESIAN_POINT('',(3.536771907541,-7.997692346867E-02));
#7694 = CARTESIAN_POINT('',(3.535403229921,-2.897309429636E-02));
#7695 = CARTESIAN_POINT('',(3.535257271088,2.205343474471E-02));
#7696 = CARTESIAN_POINT('',(3.536327223351,7.306893200524E-02));
#7697 = CARTESIAN_POINT('',(3.538636996868,0.124039227131));
#7698 = CARTESIAN_POINT('',(3.542244555918,0.174927278886));
#7699 = CARTESIAN_POINT('',(3.551004588939,0.263763147118));
#7700 = CARTESIAN_POINT('',(3.555545401305,0.301765493726));
#7701 = CARTESIAN_POINT('',(3.56091497906,0.339679759409));
#7702 = CARTESIAN_POINT('',(3.567169487284,0.377486067114));
#7703 = CARTESIAN_POINT('',(3.574380499422,0.415162053564));
#7704 = CARTESIAN_POINT('',(3.582638703041,0.452681772494));
#7705 = CARTESIAN_POINT('',(3.592059815172,0.490014022856));
#7706 = CARTESIAN_POINT('',(3.610842376285,0.554949661394));
#7707 = CARTESIAN_POINT('',(3.619629943251,0.5826519866));
#7708 = CARTESIAN_POINT('',(3.629218266754,0.610210750934));
#7709 = CARTESIAN_POINT('',(3.639680895701,0.637607121596));
#7710 = CARTESIAN_POINT('',(3.651104115878,0.664819274219));
#7711 = CARTESIAN_POINT('',(3.663589884354,0.691821490992));
#7712 = CARTESIAN_POINT('',(3.677259651696,0.718582842342));
#7713 = CARTESIAN_POINT('',(3.714758202443,0.784789367004));
#7714 = CARTESIAN_POINT('',(3.740248971518,0.823886123496));
#7715 = CARTESIAN_POINT('',(3.769223713196,0.862227570781));
#7716 = CARTESIAN_POINT('',(3.802293275061,0.899651018461));
#7717 = CARTESIAN_POINT('',(3.840238420427,0.935940462634));
#7718 = CARTESIAN_POINT('',(3.884010221152,0.970813543837));
#7719 = CARTESIAN_POINT('',(3.9348551545,1.003865554037));
#7720 = CARTESIAN_POINT('',(4.023419573077,1.049891682248));
#7721 = CARTESIAN_POINT('',(4.054990477286,1.064641752959));
#7722 = CARTESIAN_POINT('',(4.088751707876,1.078731521804));
#7723 = CARTESIAN_POINT('',(4.124835027033,1.092083900253));
#7724 = CARTESIAN_POINT('',(4.163353564155,1.104612588661));
#7725 = CARTESIAN_POINT('',(4.204375153476,1.116222609223));
#7726 = CARTESIAN_POINT('',(4.247888720021,1.126813640508));
#7727 = CARTESIAN_POINT('',(4.339659129312,1.145762298922));
#7728 = CARTESIAN_POINT('',(4.3879160201,1.154119925913));
#7729 = CARTESIAN_POINT('',(4.438424820384,1.161263087642));
#7730 = CARTESIAN_POINT('',(4.490957471287,1.167096659714));
#7731 = CARTESIAN_POINT('',(4.545155809054,1.171535203262));
#7732 = CARTESIAN_POINT('',(4.600513747831,1.174515195415));
#7733 = CARTESIAN_POINT('',(4.656451360091,1.176005207095));
#7734 = CARTESIAN_POINT('',(4.712388980385,1.176005207095));
#7735 = ( GEOMETRIC_REPRESENTATION_CONTEXT(2) 
PARAMETRIC_REPRESENTATION_CONTEXT() REPRESENTATION_CONTEXT('2D SPACE',''
  ) );
#7736 = PCURVE('',#7737,#7742);
#7737 = PLANE('',#7738);
#7738 = AXIS2_PLACEMENT_3D('',#7739,#7740,#7741);
#7739 = CARTESIAN_POINT('',(9.,-45.,245.));
#7740 = DIRECTION('',(0.,1.,0.));
#7741 = DIRECTION('',(0.,0.,1.));
#7742 = DEFINITIONAL_REPRESENTATION('',(#7743),#7747);
#7743 = CIRCLE('',#7744,12.);
#7744 = AXIS2_PLACEMENT_2D('',#7745,#7746);
#7745 = CARTESIAN_POINT('',(20.,20.));
#7746 = DIRECTION('',(1.,0.));
#7747 = ( GEOMETRIC_REPRESENTATION_CONTEXT(2) 
PARAMETRIC_REPRESENTATION_CONTEXT() REPRESENTATION_CONTEXT('2D SPACE',''
  ) );
#7748 = ADVANCED_FACE('',(#7749),#7737,.T.);
#7749 = FACE_BOUND('',#7750,.T.);
#7750 = EDGE_LOOP('',(#7751));
#7751 = ORIENTED_EDGE('',*,*,#7576,.T.);
#7752 = ( GEOMETRIC_REPRESENTATION_CONTEXT(3) 
GLOBAL_UNCERTAINTY_ASSIGNED_CONTEXT((#7756)) 
GLOBAL_UNIT_ASSIGNED_CONTEXT((#7753,#7754,#7755)) REPRESENTATION_CONTEXT
('Context #1','3D Context with UNIT and UNCERTAINTY') );
#7753 = ( LENGTH_UNIT() NAMED_UNIT(*) SI_UNIT(.MILLI.,.METRE.) );
#7754 = ( NAMED_UNIT(*) PLANE_ANGLE_UNIT() SI_UNIT($,.RADIAN.) );
#7755 = ( NAMED_UNIT(*) SI_UNIT($,.STERADIAN.) SOLID_ANGLE_UNIT() );
#7756 = UNCERTAINTY_MEASURE_WITH_UNIT(LENGTH_MEASURE(1.E-07),#7753,
  'distance_accuracy_value','confusion accuracy');
#7757 = CONTEXT_DEPENDENT_SHAPE_REPRESENTATION(#7758,#7760);
#7758 = ( REPRESENTATION_RELATIONSHIP('','',#7569,#10) 
REPRESENTATION_RELATIONSHIP_WITH_TRANSFORMATION(#7759) 
SHAPE_REPRESENTATION_RELATIONSHIP() );
#7759 = ITEM_DEFINED_TRANSFORMATION('','',#11,#35);
#7760 = PRODUCT_DEFINITION_SHAPE('Placement','Placement of an item',
  #7761);
#7761 = NEXT_ASSEMBLY_USAGE_OCCURRENCE('6','brow_right','',#5,#7564,$);
#7762 = PRODUCT_RELATED_PRODUCT_CATEGORY('part',$,(#7566));
#7763 = SHAPE_DEFINITION_REPRESENTATION(#7764,#7770);
#7764 = PRODUCT_DEFINITION_SHAPE('','',#7765);
#7765 = PRODUCT_DEFINITION('design','',#7766,#7769);
#7766 = PRODUCT_DEFINITION_FORMATION('','',#7767);
#7767 = PRODUCT('head_bridge_1','head_bridge_1','',(#7768));
#7768 = PRODUCT_CONTEXT('',#2,'mechanical');
#7769 = PRODUCT_DEFINITION_CONTEXT('part definition',#2,'design');
#7770 = ADVANCED_BREP_SHAPE_REPRESENTATION('',(#11,#7771),#9125);
#7771 = MANIFOLD_SOLID_BREP('',#7772);
#7772 = CLOSED_SHELL('',(#7773,#8061,#8261,#8316,#8416,#8465,#8538,#8585
    ,#8665,#8714,#8792,#8846,#8895,#8947,#8980,#9030,#9057,#9064,#9091,
    #9118));
#7773 = ADVANCED_FACE('',(#7774),#7788,.F.);
#7774 = FACE_BOUND('',#7775,.F.);
#7775 = EDGE_LOOP('',(#7776,#7811,#7839,#7867,#7895,#7923,#7951,#7979,
    #8007,#8035));
#7776 = ORIENTED_EDGE('',*,*,#7777,.F.);
#7777 = EDGE_CURVE('',#7778,#7780,#7782,.T.);
#7778 = VERTEX_POINT('',#7779);
#7779 = CARTESIAN_POINT('',(-9.5,-44.,284.));
#7780 = VERTEX_POINT('',#7781);
#7781 = CARTESIAN_POINT('',(-9.5,44.,284.));
#7782 = SURFACE_CURVE('',#7783,(#7787,#7799),.PCURVE_S1.);
#7783 = LINE('',#7784,#7785);
#7784 = CARTESIAN_POINT('',(-9.5,-44.,284.));
#7785 = VECTOR('',#7786,1.);
#7786 = DIRECTION('',(0.,1.,0.));
#7787 = PCURVE('',#7788,#7793);
#7788 = PLANE('',#7789);
#7789 = AXIS2_PLACEMENT_3D('',#7790,#7791,#7792);
#7790 = CARTESIAN_POINT('',(-9.5,-46.,280.));
#7791 = DIRECTION('',(1.,0.,0.));
#7792 = DIRECTION('',(0.,0.,1.));
#7793 = DEFINITIONAL_REPRESENTATION('',(#7794),#7798);
#7794 = LINE('',#7795,#7796);
#7795 = CARTESIAN_POINT('',(4.,-2.));
#7796 = VECTOR('',#7797,1.);
#7797 = DIRECTION('',(0.,-1.));
#7798 = ( GEOMETRIC_REPRESENTATION_CONTEXT(2) 
PARAMETRIC_REPRESENTATION_CONTEXT() REPRESENTATION_CONTEXT('2D SPACE',''
  ) );
#7799 = PCURVE('',#7800,#7805);
#7800 = PLANE('',#7801);
#7801 = AXIS2_PLACEMENT_3D('',#7802,#7803,#7804);
#7802 = CARTESIAN_POINT('',(-9.5,-46.,284.));
#7803 = DIRECTION('',(0.,0.,1.));
#7804 = DIRECTION('',(1.,0.,0.));
#7805 = DEFINITIONAL_REPRESENTATION('',(#7806),#7810);
#7806 = LINE('',#7807,#7808);
#7807 = CARTESIAN_POINT('',(0.,2.));
#7808 = VECTOR('',#7809,1.);
#7809 = DIRECTION('',(0.,1.));
#7810 = ( GEOMETRIC_REPRESENTATION_CONTEXT(2) 
PARAMETRIC_REPRESENTATION_CONTEXT() REPRESENTATION_CONTEXT('2D SPACE',''
  ) );
#7811 = ORIENTED_EDGE('',*,*,#7812,.F.);
#7812 = EDGE_CURVE('',#7813,#7778,#7815,.T.);
#7813 = VERTEX_POINT('',#7814);
#7814 = CARTESIAN_POINT('',(-9.5,-44.,280.));
#7815 = SURFACE_CURVE('',#7816,(#7820,#7827),.PCURVE_S1.);
#7816 = LINE('',#7817,#7818);
#7817 = CARTESIAN_POINT('',(-9.5,-44.,280.));
#7818 = VECTOR('',#7819,1.);
#7819 = DIRECTION('',(0.,0.,1.));
#7820 = PCURVE('',#7788,#7821);
#7821 = DEFINITIONAL_REPRESENTATION('',(#7822),#7826);
#7822 = LINE('',#7823,#7824);
#7823 = CARTESIAN_POINT('',(0.,-2.));
#7824 = VECTOR('',#7825,1.);
#7825 = DIRECTION('',(1.,0.));
#7826 = ( GEOMETRIC_REPRESENTATION_CONTEXT(2) 
PARAMETRIC_REPRESENTATION_CONTEXT() REPRESENTATION_CONTEXT('2D SPACE',''
  ) );
#7827 = PCURVE('',#7828,#7833);
#7828 = CYLINDRICAL_SURFACE('',#7829,2.);
#7829 = AXIS2_PLACEMENT_3D('',#7830,#7831,#7832);
#7830 = CARTESIAN_POINT('',(-7.5,-44.,280.));
#7831 = DIRECTION('',(0.,0.,1.));
#7832 = DIRECTION('',(-1.,-0.,0.));
#7833 = DEFINITIONAL_REPRESENTATION('',(#7834),#7838);
#7834 = LINE('',#7835,#7836);
#7835 = CARTESIAN_POINT('',(0.,0.));
#7836 = VECTOR('',#7837,1.);
#7837 = DIRECTION('',(0.,1.));
#7838 = ( GEOMETRIC_REPRESENTATION_CONTEXT(2) 
PARAMETRIC_REPRESENTATION_CONTEXT() REPRESENTATION_CONTEXT('2D SPACE',''
  ) );
#7839 = ORIENTED_EDGE('',*,*,#7840,.F.);
#7840 = EDGE_CURVE('',#7841,#7813,#7843,.T.);
#7841 = VERTEX_POINT('',#7842);
#7842 = CARTESIAN_POINT('',(-9.5,-44.,276.));
#7843 = SURFACE_CURVE('',#7844,(#7848,#7855),.PCURVE_S1.);
#7844 = LINE('',#7845,#7846);
#7845 = CARTESIAN_POINT('',(-9.5,-44.,276.));
#7846 = VECTOR('',#7847,1.);
#7847 = DIRECTION('',(0.,0.,1.));
#7848 = PCURVE('',#7788,#7849);
#7849 = DEFINITIONAL_REPRESENTATION('',(#7850),#7854);
#7850 = LINE('',#7851,#7852);
#7851 = CARTESIAN_POINT('',(-4.,-2.));
#7852 = VECTOR('',#7853,1.);
#7853 = DIRECTION('',(1.,0.));
#7854 = ( GEOMETRIC_REPRESENTATION_CONTEXT(2) 
PARAMETRIC_REPRESENTATION_CONTEXT() REPRESENTATION_CONTEXT('2D SPACE',''
  ) );
#7855 = PCURVE('',#7856,#7861);
#7856 = PLANE('',#7857);
#7857 = AXIS2_PLACEMENT_3D('',#7858,#7859,#7860);
#7858 = CARTESIAN_POINT('',(-9.5,-44.,276.));
#7859 = DIRECTION('',(0.,1.,0.));
#7860 = DIRECTION('',(0.,0.,1.));
#7861 = DEFINITIONAL_REPRESENTATION('',(#7862),#7866);
#7862 = LINE('',#7863,#7864);
#7863 = CARTESIAN_POINT('',(0.,0.));
#7864 = VECTOR('',#7865,1.);
#7865 = DIRECTION('',(1.,0.));
#7866 = ( GEOMETRIC_REPRESENTATION_CONTEXT(2) 
PARAMETRIC_REPRESENTATION_CONTEXT() REPRESENTATION_CONTEXT('2D SPACE',''
  ) );
#7867 = ORIENTED_EDGE('',*,*,#7868,.T.);
#7868 = EDGE_CURVE('',#7841,#7869,#7871,.T.);
#7869 = VERTEX_POINT('',#7870);
#7870 = CARTESIAN_POINT('',(-9.5,-38.,276.));
#7871 = SURFACE_CURVE('',#7872,(#7876,#7883),.PCURVE_S1.);
#7872 = LINE('',#7873,#7874);
#7873 = CARTESIAN_POINT('',(-9.5,-44.,276.));
#7874 = VECTOR('',#7875,1.);
#7875 = DIRECTION('',(0.,1.,0.));
#7876 = PCURVE('',#7788,#7877);
#7877 = DEFINITIONAL_REPRESENTATION('',(#7878),#7882);
#7878 = LINE('',#7879,#7880);
#7879 = CARTESIAN_POINT('',(-4.,-2.));
#7880 = VECTOR('',#7881,1.);
#7881 = DIRECTION('',(0.,-1.));
#7882 = ( GEOMETRIC_REPRESENTATION_CONTEXT(2) 
PARAMETRIC_REPRESENTATION_CONTEXT() REPRESENTATION_CONTEXT('2D SPACE',''
  ) );
#7883 = PCURVE('',#7884,#7889);
#7884 = PLANE('',#7885);
#7885 = AXIS2_PLACEMENT_3D('',#7886,#7887,#7888);
#7886 = CARTESIAN_POINT('',(-9.5,-44.,276.));
#7887 = DIRECTION('',(0.,0.,1.));
#7888 = DIRECTION('',(1.,0.,0.));
#7889 = DEFINITIONAL_REPRESENTATION('',(#7890),#7894);
#7890 = LINE('',#7891,#7892);
#7891 = CARTESIAN_POINT('',(0.,0.));
#7892 = VECTOR('',#7893,1.);
#7893 = DIRECTION('',(0.,1.));
#7894 = ( GEOMETRIC_REPRESENTATION_CONTEXT(2) 
PARAMETRIC_REPRESENTATION_CONTEXT() REPRESENTATION_CONTEXT('2D SPACE',''
  ) );
#7895 = ORIENTED_EDGE('',*,*,#7896,.T.);
#7896 = EDGE_CURVE('',#7869,#7897,#7899,.T.);
#7897 = VERTEX_POINT('',#7898);
#7898 = CARTESIAN_POINT('',(-9.5,-38.,280.));
#7899 = SURFACE_CURVE('',#7900,(#7904,#7911),.PCURVE_S1.);
#7900 = LINE('',#7901,#7902);
#7901 = CARTESIAN_POINT('',(-9.5,-38.,276.));
#7902 = VECTOR('',#7903,1.);
#7903 = DIRECTION('',(0.,0.,1.));
#7904 = PCURVE('',#7788,#7905);
#7905 = DEFINITIONAL_REPRESENTATION('',(#7906),#7910);
#7906 = LINE('',#7907,#7908);
#7907 = CARTESIAN_POINT('',(-4.,-8.));
#7908 = VECTOR('',#7909,1.);
#7909 = DIRECTION('',(1.,0.));
#7910 = ( GEOMETRIC_REPRESENTATION_CONTEXT(2) 
PARAMETRIC_REPRESENTATION_CONTEXT() REPRESENTATION_CONTEXT('2D SPACE',''
  ) );
#7911 = PCURVE('',#7912,#7917);
#7912 = PLANE('',#7913);
#7913 = AXIS2_PLACEMENT_3D('',#7914,#7915,#7916);
#7914 = CARTESIAN_POINT('',(-9.5,-38.,276.));
#7915 = DIRECTION('',(0.,1.,0.));
#7916 = DIRECTION('',(0.,0.,1.));
#7917 = DEFINITIONAL_REPRESENTATION('',(#7918),#7922);
#7918 = LINE('',#7919,#7920);
#7919 = CARTESIAN_POINT('',(0.,0.));
#7920 = VECTOR('',#7921,1.);
#7921 = DIRECTION('',(1.,0.));
#7922 = ( GEOMETRIC_REPRESENTATION_CONTEXT(2) 
PARAMETRIC_REPRESENTATION_CONTEXT() REPRESENTATION_CONTEXT('2D SPACE',''
  ) );
#7923 = ORIENTED_EDGE('',*,*,#7924,.T.);
#7924 = EDGE_CURVE('',#7897,#7925,#7927,.T.);
#7925 = VERTEX_POINT('',#7926);
#7926 = CARTESIAN_POINT('',(-9.5,38.,280.));
#7927 = SURFACE_CURVE('',#7928,(#7932,#7939),.PCURVE_S1.);
#7928 = LINE('',#7929,#7930);
#7929 = CARTESIAN_POINT('',(-9.5,-46.,280.));
#7930 = VECTOR('',#7931,1.);
#7931 = DIRECTION('',(0.,1.,0.));
#7932 = PCURVE('',#7788,#7933);
#7933 = DEFINITIONAL_REPRESENTATION('',(#7934),#7938);
#7934 = LINE('',#7935,#7936);
#7935 = CARTESIAN_POINT('',(0.,0.));
#7936 = VECTOR('',#7937,1.);
#7937 = DIRECTION('',(0.,-1.));
#7938 = ( GEOMETRIC_REPRESENTATION_CONTEXT(2) 
PARAMETRIC_REPRESENTATION_CONTEXT() REPRESENTATION_CONTEXT('2D SPACE',''
  ) );
#7939 = PCURVE('',#7940,#7945);
#7940 = PLANE('',#7941);
#7941 = AXIS2_PLACEMENT_3D('',#7942,#7943,#7944);
#7942 = CARTESIAN_POINT('',(-9.5,-46.,280.));
#7943 = DIRECTION('',(0.,0.,1.));
#7944 = DIRECTION('',(1.,0.,0.));
#7945 = DEFINITIONAL_REPRESENTATION('',(#7946),#7950);
#7946 = LINE('',#7947,#7948);
#7947 = CARTESIAN_POINT('',(0.,0.));
#7948 = VECTOR('',#7949,1.);
#7949 = DIRECTION('',(0.,1.));
#7950 = ( GEOMETRIC_REPRESENTATION_CONTEXT(2) 
PARAMETRIC_REPRESENTATION_CONTEXT() REPRESENTATION_CONTEXT('2D SPACE',''
  ) );
#7951 = ORIENTED_EDGE('',*,*,#7952,.F.);
#7952 = EDGE_CURVE('',#7953,#7925,#7955,.T.);
#7953 = VERTEX_POINT('',#7954);
#7954 = CARTESIAN_POINT('',(-9.5,38.,276.));
#7955 = SURFACE_CURVE('',#7956,(#7960,#7967),.PCURVE_S1.);
#7956 = LINE('',#7957,#7958);
#7957 = CARTESIAN_POINT('',(-9.5,38.,276.));
#7958 = VECTOR('',#7959,1.);
#7959 = DIRECTION('',(0.,0.,1.));
#7960 = PCURVE('',#7788,#7961);
#7961 = DEFINITIONAL_REPRESENTATION('',(#7962),#7966);
#7962 = LINE('',#7963,#7964);
#7963 = CARTESIAN_POINT('',(-4.,-84.));
#7964 = VECTOR('',#7965,1.);
#7965 = DIRECTION('',(1.,0.));
#7966 = ( GEOMETRIC_REPRESENTATION_CONTEXT(2) 
PARAMETRIC_REPRESENTATION_CONTEXT() REPRESENTATION_CONTEXT('2D SPACE',''
  ) );
#7967 = PCURVE('',#7968,#7973);
#7968 = PLANE('',#7969);
#7969 = AXIS2_PLACEMENT_3D('',#7970,#7971,#7972);
#7970 = CARTESIAN_POINT('',(-9.5,38.,276.));
#7971 = DIRECTION('',(0.,1.,0.));
#7972 = DIRECTION('',(0.,0.,1.));
#7973 = DEFINITIONAL_REPRESENTATION('',(#7974),#7978);
#7974 = LINE('',#7975,#7976);
#7975 = CARTESIAN_POINT('',(0.,0.));
#7976 = VECTOR('',#7977,1.);
#7977 = DIRECTION('',(1.,0.));
#7978 = ( GEOMETRIC_REPRESENTATION_CONTEXT(2) 
PARAMETRIC_REPRESENTATION_CONTEXT() REPRESENTATION_CONTEXT('2D SPACE',''
  ) );
#7979 = ORIENTED_EDGE('',*,*,#7980,.T.);
#7980 = EDGE_CURVE('',#7953,#7981,#7983,.T.);
#7981 = VERTEX_POINT('',#7982);
#7982 = CARTESIAN_POINT('',(-9.5,44.,276.));
#7983 = SURFACE_CURVE('',#7984,(#7988,#7995),.PCURVE_S1.);
#7984 = LINE('',#7985,#7986);
#7985 = CARTESIAN_POINT('',(-9.5,38.,276.));
#7986 = VECTOR('',#7987,1.);
#7987 = DIRECTION('',(0.,1.,0.));
#7988 = PCURVE('',#7788,#7989);
#7989 = DEFINITIONAL_REPRESENTATION('',(#7990),#7994);
#7990 = LINE('',#7991,#7992);
#7991 = CARTESIAN_POINT('',(-4.,-84.));
#7992 = VECTOR('',#7993,1.);
#7993 = DIRECTION('',(0.,-1.));
#7994 = ( GEOMETRIC_REPRESENTATION_CONTEXT(2) 
PARAMETRIC_REPRESENTATION_CONTEXT() REPRESENTATION_CONTEXT('2D SPACE',''
  ) );
#7995 = PCURVE('',#7996,#8001);
#7996 = PLANE('',#7997);
#7997 = AXIS2_PLACEMENT_3D('',#7998,#7999,#8000);
#7998 = CARTESIAN_POINT('',(-9.5,38.,276.));
#7999 = DIRECTION('',(0.,0.,1.));
#8000 = DIRECTION('',(1.,0.,0.));
#8001 = DEFINITIONAL_REPRESENTATION('',(#8002),#8006);
#8002 = LINE('',#8003,#8004);
#8003 = CARTESIAN_POINT('',(0.,0.));
#8004 = VECTOR('',#8005,1.);
#8005 = DIRECTION('',(0.,1.));
#8006 = ( GEOMETRIC_REPRESENTATION_CONTEXT(2) 
PARAMETRIC_REPRESENTATION_CONTEXT() REPRESENTATION_CONTEXT('2D SPACE',''
  ) );
#8007 = ORIENTED_EDGE('',*,*,#8008,.T.);
#8008 = EDGE_CURVE('',#7981,#8009,#8011,.T.);
#8009 = VERTEX_POINT('',#8010);
#8010 = CARTESIAN_POINT('',(-9.5,44.,280.));
#8011 = SURFACE_CURVE('',#8012,(#8016,#8023),.PCURVE_S1.);
#8012 = LINE('',#8013,#8014);
#8013 = CARTESIAN_POINT('',(-9.5,44.,276.));
#8014 = VECTOR('',#8015,1.);
#8015 = DIRECTION('',(0.,0.,1.));
#8016 = PCURVE('',#7788,#8017);
#8017 = DEFINITIONAL_REPRESENTATION('',(#8018),#8022);
#8018 = LINE('',#8019,#8020);
#8019 = CARTESIAN_POINT('',(-4.,-90.));
#8020 = VECTOR('',#8021,1.);
#8021 = DIRECTION('',(1.,0.));
#8022 = ( GEOMETRIC_REPRESENTATION_CONTEXT(2) 
PARAMETRIC_REPRESENTATION_CONTEXT() REPRESENTATION_CONTEXT('2D SPACE',''
  ) );
#8023 = PCURVE('',#8024,#8029);
#8024 = PLANE('',#8025);
#8025 = AXIS2_PLACEMENT_3D('',#8026,#8027,#8028);
#8026 = CARTESIAN_POINT('',(-9.5,44.,276.));
#8027 = DIRECTION('',(0.,1.,0.));
#8028 = DIRECTION('',(0.,0.,1.));
#8029 = DEFINITIONAL_REPRESENTATION('',(#8030),#8034);
#8030 = LINE('',#8031,#8032);
#8031 = CARTESIAN_POINT('',(0.,0.));
#8032 = VECTOR('',#8033,1.);
#8033 = DIRECTION('',(1.,0.));
#8034 = ( GEOMETRIC_REPRESENTATION_CONTEXT(2) 
PARAMETRIC_REPRESENTATION_CONTEXT() REPRESENTATION_CONTEXT('2D SPACE',''
  ) );
#8035 = ORIENTED_EDGE('',*,*,#8036,.T.);
#8036 = EDGE_CURVE('',#8009,#7780,#8037,.T.);
#8037 = SURFACE_CURVE('',#8038,(#8042,#8049),.PCURVE_S1.);
#8038 = LINE('',#8039,#8040);
#8039 = CARTESIAN_POINT('',(-9.5,44.,280.));
#8040 = VECTOR('',#8041,1.);
#8041 = DIRECTION('',(0.,0.,1.));
#8042 = PCURVE('',#7788,#8043);
#8043 = DEFINITIONAL_REPRESENTATION('',(#8044),#8048);
#8044 = LINE('',#8045,#8046);
#8045 = CARTESIAN_POINT('',(0.,-90.));
#8046 = VECTOR('',#8047,1.);
#8047 = DIRECTION('',(1.,0.));
#8048 = ( GEOMETRIC_REPRESENTATION_CONTEXT(2) 
PARAMETRIC_REPRESENTATION_CONTEXT() REPRESENTATION_CONTEXT('2D SPACE',''
  ) );
#8049 = PCURVE('',#8050,#8055);
#8050 = CYLINDRICAL_SURFACE('',#8051,2.);
#8051 = AXIS2_PLACEMENT_3D('',#8052,#8053,#8054);
#8052 = CARTESIAN_POINT('',(-7.5,44.,280.));
#8053 = DIRECTION('',(0.,0.,1.));
#8054 = DIRECTION('',(-1.,-0.,0.));
#8055 = DEFINITIONAL_REPRESENTATION('',(#8056),#8060);
#8056 = LINE('',#8057,#8058);
#8057 = CARTESIAN_POINT('',(-0.,0.));
#8058 = VECTOR('',#8059,1.);
#8059 = DIRECTION('',(-0.,1.));
#8060 = ( GEOMETRIC_REPRESENTATION_CONTEXT(2) 
PARAMETRIC_REPRESENTATION_CONTEXT() REPRESENTATION_CONTEXT('2D SPACE',''
  ) );
#8061 = ADVANCED_FACE('',(#8062),#7800,.T.);
#8062 = FACE_BOUND('',#8063,.T.);
#8063 = EDGE_LOOP('',(#8064,#8065,#8089,#8117,#8150,#8178,#8207,#8235));
#8064 = ORIENTED_EDGE('',*,*,#7777,.F.);
#8065 = ORIENTED_EDGE('',*,*,#8066,.T.);
#8066 = EDGE_CURVE('',#7778,#8067,#8069,.T.);
#8067 = VERTEX_POINT('',#8068);
#8068 = CARTESIAN_POINT('',(-7.5,-46.,284.));
#8069 = SURFACE_CURVE('',#8070,(#8075,#8082),.PCURVE_S1.);
#8070 = CIRCLE('',#8071,2.);
#8071 = AXIS2_PLACEMENT_3D('',#8072,#8073,#8074);
#8072 = CARTESIAN_POINT('',(-7.5,-44.,284.));
#8073 = DIRECTION('',(0.,0.,1.));
#8074 = DIRECTION('',(0.,-1.,0.));
#8075 = PCURVE('',#7800,#8076);
#8076 = DEFINITIONAL_REPRESENTATION('',(#8077),#8081);
#8077 = CIRCLE('',#8078,2.);
#8078 = AXIS2_PLACEMENT_2D('',#8079,#8080);
#8079 = CARTESIAN_POINT('',(2.,2.));
#8080 = DIRECTION('',(0.,-1.));
#8081 = ( GEOMETRIC_REPRESENTATION_CONTEXT(2) 
PARAMETRIC_REPRESENTATION_CONTEXT() REPRESENTATION_CONTEXT('2D SPACE',''
  ) );
#8082 = PCURVE('',#7828,#8083);
#8083 = DEFINITIONAL_REPRESENTATION('',(#8084),#8088);
#8084 = LINE('',#8085,#8086);
#8085 = CARTESIAN_POINT('',(-4.712388980385,4.));
#8086 = VECTOR('',#8087,1.);
#8087 = DIRECTION('',(1.,0.));
#8088 = ( GEOMETRIC_REPRESENTATION_CONTEXT(2) 
PARAMETRIC_REPRESENTATION_CONTEXT() REPRESENTATION_CONTEXT('2D SPACE',''
  ) );
#8089 = ORIENTED_EDGE('',*,*,#8090,.T.);
#8090 = EDGE_CURVE('',#8067,#8091,#8093,.T.);
#8091 = VERTEX_POINT('',#8092);
#8092 = CARTESIAN_POINT('',(-4.5,-46.,284.));
#8093 = SURFACE_CURVE('',#8094,(#8098,#8105),.PCURVE_S1.);
#8094 = LINE('',#8095,#8096);
#8095 = CARTESIAN_POINT('',(-9.5,-46.,284.));
#8096 = VECTOR('',#8097,1.);
#8097 = DIRECTION('',(1.,0.,0.));
#8098 = PCURVE('',#7800,#8099);
#8099 = DEFINITIONAL_REPRESENTATION('',(#8100),#8104);
#8100 = LINE('',#8101,#8102);
#8101 = CARTESIAN_POINT('',(0.,0.));
#8102 = VECTOR('',#8103,1.);
#8103 = DIRECTION('',(1.,0.));
#8104 = ( GEOMETRIC_REPRESENTATION_CONTEXT(2) 
PARAMETRIC_REPRESENTATION_CONTEXT() REPRESENTATION_CONTEXT('2D SPACE',''
  ) );
#8105 = PCURVE('',#8106,#8111);
#8106 = PLANE('',#8107);
#8107 = AXIS2_PLACEMENT_3D('',#8108,#8109,#8110);
#8108 = CARTESIAN_POINT('',(-9.5,-46.,280.));
#8109 = DIRECTION('',(0.,1.,0.));
#8110 = DIRECTION('',(0.,0.,1.));
#8111 = DEFINITIONAL_REPRESENTATION('',(#8112),#8116);
#8112 = LINE('',#8113,#8114);
#8113 = CARTESIAN_POINT('',(4.,0.));
#8114 = VECTOR('',#8115,1.);
#8115 = DIRECTION('',(0.,1.));
#8116 = ( GEOMETRIC_REPRESENTATION_CONTEXT(2) 
PARAMETRIC_REPRESENTATION_CONTEXT() REPRESENTATION_CONTEXT('2D SPACE',''
  ) );
#8117 = ORIENTED_EDGE('',*,*,#8118,.F.);
#8118 = EDGE_CURVE('',#8119,#8091,#8121,.T.);
#8119 = VERTEX_POINT('',#8120);
#8120 = CARTESIAN_POINT('',(-2.5,-44.,284.));
#8121 = SURFACE_CURVE('',#8122,(#8127,#8138),.PCURVE_S1.);
#8122 = CIRCLE('',#8123,2.);
#8123 = AXIS2_PLACEMENT_3D('',#8124,#8125,#8126);
#8124 = CARTESIAN_POINT('',(-4.5,-44.,284.));
#8125 = DIRECTION('',(-0.,-0.,-1.));
#8126 = DIRECTION('',(0.,-1.,0.));
#8127 = PCURVE('',#7800,#8128);
#8128 = DEFINITIONAL_REPRESENTATION('',(#8129),#8137);
#8129 = ( BOUNDED_CURVE() B_SPLINE_CURVE(2,(#8130,#8131,#8132,#8133,
#8134,#8135,#8136),.UNSPECIFIED.,.T.,.F.) B_SPLINE_CURVE_WITH_KNOTS((1,2
    ,2,2,2,1),(-2.094395102393,0.,2.094395102393,4.188790204786,
6.28318530718,8.377580409573),.UNSPECIFIED.) CURVE() 
GEOMETRIC_REPRESENTATION_ITEM() RATIONAL_B_SPLINE_CURVE((1.,0.5,1.,0.5,
1.,0.5,1.)) REPRESENTATION_ITEM('') );
#8130 = CARTESIAN_POINT('',(5.,0.));
#8131 = CARTESIAN_POINT('',(1.535898384862,0.));
#8132 = CARTESIAN_POINT('',(3.267949192431,3.));
#8133 = CARTESIAN_POINT('',(5.,6.));
#8134 = CARTESIAN_POINT('',(6.732050807569,3.));
#8135 = CARTESIAN_POINT('',(8.464101615138,3.10862446895E-15));
#8136 = CARTESIAN_POINT('',(5.,0.));
#8137 = ( GEOMETRIC_REPRESENTATION_CONTEXT(2) 
PARAMETRIC_REPRESENTATION_CONTEXT() REPRESENTATION_CONTEXT('2D SPACE',''
  ) );
#8138 = PCURVE('',#8139,#8144);
#8139 = CYLINDRICAL_SURFACE('',#8140,2.);
#8140 = AXIS2_PLACEMENT_3D('',#8141,#8142,#8143);
#8141 = CARTESIAN_POINT('',(-4.5,-44.,280.));
#8142 = DIRECTION('',(0.,0.,1.));
#8143 = DIRECTION('',(1.,0.,-0.));
#8144 = DEFINITIONAL_REPRESENTATION('',(#8145),#8149);
#8145 = LINE('',#8146,#8147);
#8146 = CARTESIAN_POINT('',(4.712388980385,4.));
#8147 = VECTOR('',#8148,1.);
#8148 = DIRECTION('',(-1.,0.));
#8149 = ( GEOMETRIC_REPRESENTATION_CONTEXT(2) 
PARAMETRIC_REPRESENTATION_CONTEXT() REPRESENTATION_CONTEXT('2D SPACE',''
  ) );
#8150 = ORIENTED_EDGE('',*,*,#8151,.T.);
#8151 = EDGE_CURVE('',#8119,#8152,#8154,.T.);
#8152 = VERTEX_POINT('',#8153);
#8153 = CARTESIAN_POINT('',(-2.5,44.,284.));
#8154 = SURFACE_CURVE('',#8155,(#8159,#8166),.PCURVE_S1.);
#8155 = LINE('',#8156,#8157);
#8156 = CARTESIAN_POINT('',(-2.5,-44.,284.));
#8157 = VECTOR('',#8158,1.);
#8158 = DIRECTION('',(0.,1.,0.));
#8159 = PCURVE('',#7800,#8160);
#8160 = DEFINITIONAL_REPRESENTATION('',(#8161),#8165);
#8161 = LINE('',#8162,#8163);
#8162 = CARTESIAN_POINT('',(7.,2.));
#8163 = VECTOR('',#8164,1.);
#8164 = DIRECTION('',(0.,1.));
#8165 = ( GEOMETRIC_REPRESENTATION_CONTEXT(2) 
PARAMETRIC_REPRESENTATION_CONTEXT() REPRESENTATION_CONTEXT('2D SPACE',''
  ) );
#8166 = PCURVE('',#8167,#8172);
#8167 = PLANE('',#8168);
#8168 = AXIS2_PLACEMENT_3D('',#8169,#8170,#8171);
#8169 = CARTESIAN_POINT('',(-2.5,-46.,280.));
#8170 = DIRECTION('',(1.,0.,0.));
#8171 = DIRECTION('',(0.,0.,1.));
#8172 = DEFINITIONAL_REPRESENTATION('',(#8173),#8177);
#8173 = LINE('',#8174,#8175);
#8174 = CARTESIAN_POINT('',(4.,-2.));
#8175 = VECTOR('',#8176,1.);
#8176 = DIRECTION('',(0.,-1.));
#8177 = ( GEOMETRIC_REPRESENTATION_CONTEXT(2) 
PARAMETRIC_REPRESENTATION_CONTEXT() REPRESENTATION_CONTEXT('2D SPACE',''
  ) );
#8178 = ORIENTED_EDGE('',*,*,#8179,.T.);
#8179 = EDGE_CURVE('',#8152,#8180,#8182,.T.);
#8180 = VERTEX_POINT('',#8181);
#8181 = CARTESIAN_POINT('',(-4.5,46.,284.));
#8182 = SURFACE_CURVE('',#8183,(#8188,#8195),.PCURVE_S1.);
#8183 = CIRCLE('',#8184,2.);
#8184 = AXIS2_PLACEMENT_3D('',#8185,#8186,#8187);
#8185 = CARTESIAN_POINT('',(-4.5,44.,284.));
#8186 = DIRECTION('',(0.,0.,1.));
#8187 = DIRECTION('',(0.,-1.,0.));
#8188 = PCURVE('',#7800,#8189);
#8189 = DEFINITIONAL_REPRESENTATION('',(#8190),#8194);
#8190 = CIRCLE('',#8191,2.);
#8191 = AXIS2_PLACEMENT_2D('',#8192,#8193);
#8192 = CARTESIAN_POINT('',(5.,90.));
#8193 = DIRECTION('',(0.,-1.));
#8194 = ( GEOMETRIC_REPRESENTATION_CONTEXT(2) 
PARAMETRIC_REPRESENTATION_CONTEXT() REPRESENTATION_CONTEXT('2D SPACE',''
  ) );
#8195 = PCURVE('',#8196,#8201);
#8196 = CYLINDRICAL_SURFACE('',#8197,2.);
#8197 = AXIS2_PLACEMENT_3D('',#8198,#8199,#8200);
#8198 = CARTESIAN_POINT('',(-4.5,44.,280.));
#8199 = DIRECTION('',(0.,0.,1.));
#8200 = DIRECTION('',(1.,0.,-0.));
#8201 = DEFINITIONAL_REPRESENTATION('',(#8202),#8206);
#8202 = LINE('',#8203,#8204);
#8203 = CARTESIAN_POINT('',(-1.570796326795,4.));
#8204 = VECTOR('',#8205,1.);
#8205 = DIRECTION('',(1.,0.));
#8206 = ( GEOMETRIC_REPRESENTATION_CONTEXT(2) 
PARAMETRIC_REPRESENTATION_CONTEXT() REPRESENTATION_CONTEXT('2D SPACE',''
  ) );
#8207 = ORIENTED_EDGE('',*,*,#8208,.F.);
#8208 = EDGE_CURVE('',#8209,#8180,#8211,.T.);
#8209 = VERTEX_POINT('',#8210);
#8210 = CARTESIAN_POINT('',(-7.5,46.,284.));
#8211 = SURFACE_CURVE('',#8212,(#8216,#8223),.PCURVE_S1.);
#8212 = LINE('',#8213,#8214);
#8213 = CARTESIAN_POINT('',(-9.5,46.,284.));
#8214 = VECTOR('',#8215,1.);
#8215 = DIRECTION('',(1.,0.,0.));
#8216 = PCURVE('',#7800,#8217);
#8217 = DEFINITIONAL_REPRESENTATION('',(#8218),#8222);
#8218 = LINE('',#8219,#8220);
#8219 = CARTESIAN_POINT('',(0.,92.));
#8220 = VECTOR('',#8221,1.);
#8221 = DIRECTION('',(1.,0.));
#8222 = ( GEOMETRIC_REPRESENTATION_CONTEXT(2) 
PARAMETRIC_REPRESENTATION_CONTEXT() REPRESENTATION_CONTEXT('2D SPACE',''
  ) );
#8223 = PCURVE('',#8224,#8229);
#8224 = PLANE('',#8225);
#8225 = AXIS2_PLACEMENT_3D('',#8226,#8227,#8228);
#8226 = CARTESIAN_POINT('',(-9.5,46.,280.));
#8227 = DIRECTION('',(0.,1.,0.));
#8228 = DIRECTION('',(0.,0.,1.));
#8229 = DEFINITIONAL_REPRESENTATION('',(#8230),#8234);
#8230 = LINE('',#8231,#8232);
#8231 = CARTESIAN_POINT('',(4.,0.));
#8232 = VECTOR('',#8233,1.);
#8233 = DIRECTION('',(0.,1.));
#8234 = ( GEOMETRIC_REPRESENTATION_CONTEXT(2) 
PARAMETRIC_REPRESENTATION_CONTEXT() REPRESENTATION_CONTEXT('2D SPACE',''
  ) );
#8235 = ORIENTED_EDGE('',*,*,#8236,.F.);
#8236 = EDGE_CURVE('',#7780,#8209,#8237,.T.);
#8237 = SURFACE_CURVE('',#8238,(#8243,#8254),.PCURVE_S1.);
#8238 = CIRCLE('',#8239,2.);
#8239 = AXIS2_PLACEMENT_3D('',#8240,#8241,#8242);
#8240 = CARTESIAN_POINT('',(-7.5,44.,284.));
#8241 = DIRECTION('',(-0.,-0.,-1.));
#8242 = DIRECTION('',(0.,-1.,0.));
#8243 = PCURVE('',#7800,#8244);
#8244 = DEFINITIONAL_REPRESENTATION('',(#8245),#8253);
#8245 = ( BOUNDED_CURVE() B_SPLINE_CURVE(2,(#8246,#8247,#8248,#8249,
#8250,#8251,#8252),.UNSPECIFIED.,.T.,.F.) B_SPLINE_CURVE_WITH_KNOTS((1,2
    ,2,2,2,1),(-2.094395102393,0.,2.094395102393,4.188790204786,
6.28318530718,8.377580409573),.UNSPECIFIED.) CURVE() 
GEOMETRIC_REPRESENTATION_ITEM() RATIONAL_B_SPLINE_CURVE((1.,0.5,1.,0.5,
1.,0.5,1.)) REPRESENTATION_ITEM('') );
#8246 = CARTESIAN_POINT('',(2.,88.));
#8247 = CARTESIAN_POINT('',(-1.464101615138,88.));
#8248 = CARTESIAN_POINT('',(0.267949192431,91.));
#8249 = CARTESIAN_POINT('',(2.,94.));
#8250 = CARTESIAN_POINT('',(3.732050807569,91.));
#8251 = CARTESIAN_POINT('',(5.464101615138,88.));
#8252 = CARTESIAN_POINT('',(2.,88.));
#8253 = ( GEOMETRIC_REPRESENTATION_CONTEXT(2) 
PARAMETRIC_REPRESENTATION_CONTEXT() REPRESENTATION_CONTEXT('2D SPACE',''
  ) );
#8254 = PCURVE('',#8050,#8255);
#8255 = DEFINITIONAL_REPRESENTATION('',(#8256),#8260);
#8256 = LINE('',#8257,#8258);
#8257 = CARTESIAN_POINT('',(1.570796326795,4.));
#8258 = VECTOR('',#8259,1.);
#8259 = DIRECTION('',(-1.,0.));
#8260 = ( GEOMETRIC_REPRESENTATION_CONTEXT(2) 
PARAMETRIC_REPRESENTATION_CONTEXT() REPRESENTATION_CONTEXT('2D SPACE',''
  ) );
#8261 = ADVANCED_FACE('',(#8262),#7828,.T.);
#8262 = FACE_BOUND('',#8263,.T.);
#8263 = EDGE_LOOP('',(#8264,#8293,#8314,#8315));
#8264 = ORIENTED_EDGE('',*,*,#8265,.T.);
#8265 = EDGE_CURVE('',#7813,#8266,#8268,.T.);
#8266 = VERTEX_POINT('',#8267);
#8267 = CARTESIAN_POINT('',(-7.5,-46.,280.));
#8268 = SURFACE_CURVE('',#8269,(#8274,#8281),.PCURVE_S1.);
#8269 = CIRCLE('',#8270,2.);
#8270 = AXIS2_PLACEMENT_3D('',#8271,#8272,#8273);
#8271 = CARTESIAN_POINT('',(-7.5,-44.,280.));
#8272 = DIRECTION('',(0.,0.,1.));
#8273 = DIRECTION('',(0.,-1.,0.));
#8274 = PCURVE('',#7828,#8275);
#8275 = DEFINITIONAL_REPRESENTATION('',(#8276),#8280);
#8276 = LINE('',#8277,#8278);
#8277 = CARTESIAN_POINT('',(-4.712388980385,0.));
#8278 = VECTOR('',#8279,1.);
#8279 = DIRECTION('',(1.,0.));
#8280 = ( GEOMETRIC_REPRESENTATION_CONTEXT(2) 
PARAMETRIC_REPRESENTATION_CONTEXT() REPRESENTATION_CONTEXT('2D SPACE',''
  ) );
#8281 = PCURVE('',#8282,#8287);
#8282 = PLANE('',#8283);
#8283 = AXIS2_PLACEMENT_3D('',#8284,#8285,#8286);
#8284 = CARTESIAN_POINT('',(-9.5,-46.,280.));
#8285 = DIRECTION('',(0.,0.,1.));
#8286 = DIRECTION('',(1.,0.,0.));
#8287 = DEFINITIONAL_REPRESENTATION('',(#8288),#8292);
#8288 = CIRCLE('',#8289,2.);
#8289 = AXIS2_PLACEMENT_2D('',#8290,#8291);
#8290 = CARTESIAN_POINT('',(2.,2.));
#8291 = DIRECTION('',(0.,-1.));
#8292 = ( GEOMETRIC_REPRESENTATION_CONTEXT(2) 
PARAMETRIC_REPRESENTATION_CONTEXT() REPRESENTATION_CONTEXT('2D SPACE',''
  ) );
#8293 = ORIENTED_EDGE('',*,*,#8294,.T.);
#8294 = EDGE_CURVE('',#8266,#8067,#8295,.T.);
#8295 = SURFACE_CURVE('',#8296,(#8300,#8307),.PCURVE_S1.);
#8296 = LINE('',#8297,#8298);
#8297 = CARTESIAN_POINT('',(-7.5,-46.,280.));
#8298 = VECTOR('',#8299,1.);
#8299 = DIRECTION('',(0.,0.,1.));
#8300 = PCURVE('',#7828,#8301);
#8301 = DEFINITIONAL_REPRESENTATION('',(#8302),#8306);
#8302 = LINE('',#8303,#8304);
#8303 = CARTESIAN_POINT('',(1.570796326795,0.));
#8304 = VECTOR('',#8305,1.);
#8305 = DIRECTION('',(0.,1.));
#8306 = ( GEOMETRIC_REPRESENTATION_CONTEXT(2) 
PARAMETRIC_REPRESENTATION_CONTEXT() REPRESENTATION_CONTEXT('2D SPACE',''
  ) );
#8307 = PCURVE('',#8106,#8308);
#8308 = DEFINITIONAL_REPRESENTATION('',(#8309),#8313);
#8309 = LINE('',#8310,#8311);
#8310 = CARTESIAN_POINT('',(0.,2.));
#8311 = VECTOR('',#8312,1.);
#8312 = DIRECTION('',(1.,0.));
#8313 = ( GEOMETRIC_REPRESENTATION_CONTEXT(2) 
PARAMETRIC_REPRESENTATION_CONTEXT() REPRESENTATION_CONTEXT('2D SPACE',''
  ) );
#8314 = ORIENTED_EDGE('',*,*,#8066,.F.);
#8315 = ORIENTED_EDGE('',*,*,#7812,.F.);
#8316 = ADVANCED_FACE('',(#8317,#8385),#7856,.F.);
#8317 = FACE_BOUND('',#8318,.F.);
#8318 = EDGE_LOOP('',(#8319,#8344,#8365,#8366));
#8319 = ORIENTED_EDGE('',*,*,#8320,.F.);
#8320 = EDGE_CURVE('',#8321,#8323,#8325,.T.);
#8321 = VERTEX_POINT('',#8322);
#8322 = CARTESIAN_POINT('',(-2.5,-44.,276.));
#8323 = VERTEX_POINT('',#8324);
#8324 = CARTESIAN_POINT('',(-2.5,-44.,280.));
#8325 = SURFACE_CURVE('',#8326,(#8330,#8337),.PCURVE_S1.);
#8326 = LINE('',#8327,#8328);
#8327 = CARTESIAN_POINT('',(-2.5,-44.,276.));
#8328 = VECTOR('',#8329,1.);
#8329 = DIRECTION('',(0.,0.,1.));
#8330 = PCURVE('',#7856,#8331);
#8331 = DEFINITIONAL_REPRESENTATION('',(#8332),#8336);
#8332 = LINE('',#8333,#8334);
#8333 = CARTESIAN_POINT('',(0.,7.));
#8334 = VECTOR('',#8335,1.);
#8335 = DIRECTION('',(1.,0.));
#8336 = ( GEOMETRIC_REPRESENTATION_CONTEXT(2) 
PARAMETRIC_REPRESENTATION_CONTEXT() REPRESENTATION_CONTEXT('2D SPACE',''
  ) );
#8337 = PCURVE('',#8167,#8338);
#8338 = DEFINITIONAL_REPRESENTATION('',(#8339),#8343);
#8339 = LINE('',#8340,#8341);
#8340 = CARTESIAN_POINT('',(-4.,-2.));
#8341 = VECTOR('',#8342,1.);
#8342 = DIRECTION('',(1.,0.));
#8343 = ( GEOMETRIC_REPRESENTATION_CONTEXT(2) 
PARAMETRIC_REPRESENTATION_CONTEXT() REPRESENTATION_CONTEXT('2D SPACE',''
  ) );
#8344 = ORIENTED_EDGE('',*,*,#8345,.F.);
#8345 = EDGE_CURVE('',#7841,#8321,#8346,.T.);
#8346 = SURFACE_CURVE('',#8347,(#8351,#8358),.PCURVE_S1.);
#8347 = LINE('',#8348,#8349);
#8348 = CARTESIAN_POINT('',(-9.5,-44.,276.));
#8349 = VECTOR('',#8350,1.);
#8350 = DIRECTION('',(1.,0.,0.));
#8351 = PCURVE('',#7856,#8352);
#8352 = DEFINITIONAL_REPRESENTATION('',(#8353),#8357);
#8353 = LINE('',#8354,#8355);
#8354 = CARTESIAN_POINT('',(0.,0.));
#8355 = VECTOR('',#8356,1.);
#8356 = DIRECTION('',(0.,1.));
#8357 = ( GEOMETRIC_REPRESENTATION_CONTEXT(2) 
PARAMETRIC_REPRESENTATION_CONTEXT() REPRESENTATION_CONTEXT('2D SPACE',''
  ) );
#8358 = PCURVE('',#7884,#8359);
#8359 = DEFINITIONAL_REPRESENTATION('',(#8360),#8364);
#8360 = LINE('',#8361,#8362);
#8361 = CARTESIAN_POINT('',(0.,0.));
#8362 = VECTOR('',#8363,1.);
#8363 = DIRECTION('',(1.,0.));
#8364 = ( GEOMETRIC_REPRESENTATION_CONTEXT(2) 
PARAMETRIC_REPRESENTATION_CONTEXT() REPRESENTATION_CONTEXT('2D SPACE',''
  ) );
#8365 = ORIENTED_EDGE('',*,*,#7840,.T.);
#8366 = ORIENTED_EDGE('',*,*,#8367,.F.);
#8367 = EDGE_CURVE('',#8323,#7813,#8368,.T.);
#8368 = SURFACE_CURVE('',#8369,(#8373,#8379),.PCURVE_S1.);
#8369 = LINE('',#8370,#8371);
#8370 = CARTESIAN_POINT('',(-9.5,-44.,280.));
#8371 = VECTOR('',#8372,1.);
#8372 = DIRECTION('',(-1.,0.,0.));
#8373 = PCURVE('',#7856,#8374);
#8374 = DEFINITIONAL_REPRESENTATION('',(#8375),#8378);
#8375 = B_SPLINE_CURVE_WITH_KNOTS('',1,(#8376,#8377),.UNSPECIFIED.,.F.,
  .F.,(2,2),(-7.,0.),.PIECEWISE_BEZIER_KNOTS.);
#8376 = CARTESIAN_POINT('',(4.,7.));
#8377 = CARTESIAN_POINT('',(4.,0.));
#8378 = ( GEOMETRIC_REPRESENTATION_CONTEXT(2) 
PARAMETRIC_REPRESENTATION_CONTEXT() REPRESENTATION_CONTEXT('2D SPACE',''
  ) );
#8379 = PCURVE('',#8282,#8380);
#8380 = DEFINITIONAL_REPRESENTATION('',(#8381),#8384);
#8381 = B_SPLINE_CURVE_WITH_KNOTS('',1,(#8382,#8383),.UNSPECIFIED.,.F.,
  .F.,(2,2),(-7.,0.),.PIECEWISE_BEZIER_KNOTS.);
#8382 = CARTESIAN_POINT('',(7.,2.));
#8383 = CARTESIAN_POINT('',(0.,2.));
#8384 = ( GEOMETRIC_REPRESENTATION_CONTEXT(2) 
PARAMETRIC_REPRESENTATION_CONTEXT() REPRESENTATION_CONTEXT('2D SPACE',''
  ) );
#8385 = FACE_BOUND('',#8386,.F.);
#8386 = EDGE_LOOP('',(#8387));
#8387 = ORIENTED_EDGE('',*,*,#8388,.F.);
#8388 = EDGE_CURVE('',#8389,#8389,#8391,.T.);
#8389 = VERTEX_POINT('',#8390);
#8390 = CARTESIAN_POINT('',(-4.8,-44.,278.));
#8391 = SURFACE_CURVE('',#8392,(#8397,#8404),.PCURVE_S1.);
#8392 = CIRCLE('',#8393,1.2);
#8393 = AXIS2_PLACEMENT_3D('',#8394,#8395,#8396);
#8394 = CARTESIAN_POINT('',(-6.,-44.,278.));
#8395 = DIRECTION('',(-0.,1.,0.));
#8396 = DIRECTION('',(1.,0.,0.));
#8397 = PCURVE('',#7856,#8398);
#8398 = DEFINITIONAL_REPRESENTATION('',(#8399),#8403);
#8399 = CIRCLE('',#8400,1.2);
#8400 = AXIS2_PLACEMENT_2D('',#8401,#8402);
#8401 = CARTESIAN_POINT('',(2.,3.5));
#8402 = DIRECTION('',(0.,1.));
#8403 = ( GEOMETRIC_REPRESENTATION_CONTEXT(2) 
PARAMETRIC_REPRESENTATION_CONTEXT() REPRESENTATION_CONTEXT('2D SPACE',''
  ) );
#8404 = PCURVE('',#8405,#8410);
#8405 = CYLINDRICAL_SURFACE('',#8406,1.2);
#8406 = AXIS2_PLACEMENT_3D('',#8407,#8408,#8409);
#8407 = CARTESIAN_POINT('',(-6.,-36.,278.));
#8408 = DIRECTION('',(-0.,1.,-0.));
#8409 = DIRECTION('',(1.,0.,0.));
#8410 = DEFINITIONAL_REPRESENTATION('',(#8411),#8415);
#8411 = LINE('',#8412,#8413);
#8412 = CARTESIAN_POINT('',(-6.28318530718,-8.));
#8413 = VECTOR('',#8414,1.);
#8414 = DIRECTION('',(1.,-0.));
#8415 = ( GEOMETRIC_REPRESENTATION_CONTEXT(2) 
PARAMETRIC_REPRESENTATION_CONTEXT() REPRESENTATION_CONTEXT('2D SPACE',''
  ) );
#8416 = ADVANCED_FACE('',(#8417),#7884,.F.);
#8417 = FACE_BOUND('',#8418,.F.);
#8418 = EDGE_LOOP('',(#8419,#8420,#8421,#8444));
#8419 = ORIENTED_EDGE('',*,*,#7868,.F.);
#8420 = ORIENTED_EDGE('',*,*,#8345,.T.);
#8421 = ORIENTED_EDGE('',*,*,#8422,.T.);
#8422 = EDGE_CURVE('',#8321,#8423,#8425,.T.);
#8423 = VERTEX_POINT('',#8424);
#8424 = CARTESIAN_POINT('',(-2.5,-38.,276.));
#8425 = SURFACE_CURVE('',#8426,(#8430,#8437),.PCURVE_S1.);
#8426 = LINE('',#8427,#8428);
#8427 = CARTESIAN_POINT('',(-2.5,-44.,276.));
#8428 = VECTOR('',#8429,1.);
#8429 = DIRECTION('',(0.,1.,0.));
#8430 = PCURVE('',#7884,#8431);
#8431 = DEFINITIONAL_REPRESENTATION('',(#8432),#8436);
#8432 = LINE('',#8433,#8434);
#8433 = CARTESIAN_POINT('',(7.,0.));
#8434 = VECTOR('',#8435,1.);
#8435 = DIRECTION('',(0.,1.));
#8436 = ( GEOMETRIC_REPRESENTATION_CONTEXT(2) 
PARAMETRIC_REPRESENTATION_CONTEXT() REPRESENTATION_CONTEXT('2D SPACE',''
  ) );
#8437 = PCURVE('',#8167,#8438);
#8438 = DEFINITIONAL_REPRESENTATION('',(#8439),#8443);
#8439 = LINE('',#8440,#8441);
#8440 = CARTESIAN_POINT('',(-4.,-2.));
#8441 = VECTOR('',#8442,1.);
#8442 = DIRECTION('',(0.,-1.));
#8443 = ( GEOMETRIC_REPRESENTATION_CONTEXT(2) 
PARAMETRIC_REPRESENTATION_CONTEXT() REPRESENTATION_CONTEXT('2D SPACE',''
  ) );
#8444 = ORIENTED_EDGE('',*,*,#8445,.F.);
#8445 = EDGE_CURVE('',#7869,#8423,#8446,.T.);
#8446 = SURFACE_CURVE('',#8447,(#8451,#8458),.PCURVE_S1.);
#8447 = LINE('',#8448,#8449);
#8448 = CARTESIAN_POINT('',(-9.5,-38.,276.));
#8449 = VECTOR('',#8450,1.);
#8450 = DIRECTION('',(1.,0.,0.));
#8451 = PCURVE('',#7884,#8452);
#8452 = DEFINITIONAL_REPRESENTATION('',(#8453),#8457);
#8453 = LINE('',#8454,#8455);
#8454 = CARTESIAN_POINT('',(0.,6.));
#8455 = VECTOR('',#8456,1.);
#8456 = DIRECTION('',(1.,0.));
#8457 = ( GEOMETRIC_REPRESENTATION_CONTEXT(2) 
PARAMETRIC_REPRESENTATION_CONTEXT() REPRESENTATION_CONTEXT('2D SPACE',''
  ) );
#8458 = PCURVE('',#7912,#8459);
#8459 = DEFINITIONAL_REPRESENTATION('',(#8460),#8464);
#8460 = LINE('',#8461,#8462);
#8461 = CARTESIAN_POINT('',(0.,0.));
#8462 = VECTOR('',#8463,1.);
#8463 = DIRECTION('',(0.,1.));
#8464 = ( GEOMETRIC_REPRESENTATION_CONTEXT(2) 
PARAMETRIC_REPRESENTATION_CONTEXT() REPRESENTATION_CONTEXT('2D SPACE',''
  ) );
#8465 = ADVANCED_FACE('',(#8466,#8512),#7912,.T.);
#8466 = FACE_BOUND('',#8467,.T.);
#8467 = EDGE_LOOP('',(#8468,#8491,#8492,#8493));
#8468 = ORIENTED_EDGE('',*,*,#8469,.F.);
#8469 = EDGE_CURVE('',#8423,#8470,#8472,.T.);
#8470 = VERTEX_POINT('',#8471);
#8471 = CARTESIAN_POINT('',(-2.5,-38.,280.));
#8472 = SURFACE_CURVE('',#8473,(#8477,#8484),.PCURVE_S1.);
#8473 = LINE('',#8474,#8475);
#8474 = CARTESIAN_POINT('',(-2.5,-38.,276.));
#8475 = VECTOR('',#8476,1.);
#8476 = DIRECTION('',(0.,0.,1.));
#8477 = PCURVE('',#7912,#8478);
#8478 = DEFINITIONAL_REPRESENTATION('',(#8479),#8483);
#8479 = LINE('',#8480,#8481);
#8480 = CARTESIAN_POINT('',(0.,7.));
#8481 = VECTOR('',#8482,1.);
#8482 = DIRECTION('',(1.,0.));
#8483 = ( GEOMETRIC_REPRESENTATION_CONTEXT(2) 
PARAMETRIC_REPRESENTATION_CONTEXT() REPRESENTATION_CONTEXT('2D SPACE',''
  ) );
#8484 = PCURVE('',#8167,#8485);
#8485 = DEFINITIONAL_REPRESENTATION('',(#8486),#8490);
#8486 = LINE('',#8487,#8488);
#8487 = CARTESIAN_POINT('',(-4.,-8.));
#8488 = VECTOR('',#8489,1.);
#8489 = DIRECTION('',(1.,0.));
#8490 = ( GEOMETRIC_REPRESENTATION_CONTEXT(2) 
PARAMETRIC_REPRESENTATION_CONTEXT() REPRESENTATION_CONTEXT('2D SPACE',''
  ) );
#8491 = ORIENTED_EDGE('',*,*,#8445,.F.);
#8492 = ORIENTED_EDGE('',*,*,#7896,.T.);
#8493 = ORIENTED_EDGE('',*,*,#8494,.F.);
#8494 = EDGE_CURVE('',#8470,#7897,#8495,.T.);
#8495 = SURFACE_CURVE('',#8496,(#8500,#8506),.PCURVE_S1.);
#8496 = LINE('',#8497,#8498);
#8497 = CARTESIAN_POINT('',(-9.5,-38.,280.));
#8498 = VECTOR('',#8499,1.);
#8499 = DIRECTION('',(-1.,0.,0.));
#8500 = PCURVE('',#7912,#8501);
#8501 = DEFINITIONAL_REPRESENTATION('',(#8502),#8505);
#8502 = B_SPLINE_CURVE_WITH_KNOTS('',1,(#8503,#8504),.UNSPECIFIED.,.F.,
  .F.,(2,2),(-7.,0.),.PIECEWISE_BEZIER_KNOTS.);
#8503 = CARTESIAN_POINT('',(4.,7.));
#8504 = CARTESIAN_POINT('',(4.,0.));
#8505 = ( GEOMETRIC_REPRESENTATION_CONTEXT(2) 
PARAMETRIC_REPRESENTATION_CONTEXT() REPRESENTATION_CONTEXT('2D SPACE',''
  ) );
#8506 = PCURVE('',#7940,#8507);
#8507 = DEFINITIONAL_REPRESENTATION('',(#8508),#8511);
#8508 = B_SPLINE_CURVE_WITH_KNOTS('',1,(#8509,#8510),.UNSPECIFIED.,.F.,
  .F.,(2,2),(-7.,0.),.PIECEWISE_BEZIER_KNOTS.);
#8509 = CARTESIAN_POINT('',(7.,8.));
#8510 = CARTESIAN_POINT('',(0.,8.));
#8511 = ( GEOMETRIC_REPRESENTATION_CONTEXT(2) 
PARAMETRIC_REPRESENTATION_CONTEXT() REPRESENTATION_CONTEXT('2D SPACE',''
  ) );
#8512 = FACE_BOUND('',#8513,.T.);
#8513 = EDGE_LOOP('',(#8514));
#8514 = ORIENTED_EDGE('',*,*,#8515,.F.);
#8515 = EDGE_CURVE('',#8516,#8516,#8518,.T.);
#8516 = VERTEX_POINT('',#8517);
#8517 = CARTESIAN_POINT('',(-4.8,-38.,278.));
#8518 = SURFACE_CURVE('',#8519,(#8524,#8531),.PCURVE_S1.);
#8519 = CIRCLE('',#8520,1.2);
#8520 = AXIS2_PLACEMENT_3D('',#8521,#8522,#8523);
#8521 = CARTESIAN_POINT('',(-6.,-38.,278.));
#8522 = DIRECTION('',(-0.,1.,0.));
#8523 = DIRECTION('',(1.,0.,0.));
#8524 = PCURVE('',#7912,#8525);
#8525 = DEFINITIONAL_REPRESENTATION('',(#8526),#8530);
#8526 = CIRCLE('',#8527,1.2);
#8527 = AXIS2_PLACEMENT_2D('',#8528,#8529);
#8528 = CARTESIAN_POINT('',(2.,3.5));
#8529 = DIRECTION('',(0.,1.));
#8530 = ( GEOMETRIC_REPRESENTATION_CONTEXT(2) 
PARAMETRIC_REPRESENTATION_CONTEXT() REPRESENTATION_CONTEXT('2D SPACE',''
  ) );
#8531 = PCURVE('',#8405,#8532);
#8532 = DEFINITIONAL_REPRESENTATION('',(#8533),#8537);
#8533 = LINE('',#8534,#8535);
#8534 = CARTESIAN_POINT('',(-6.28318530718,-2.));
#8535 = VECTOR('',#8536,1.);
#8536 = DIRECTION('',(1.,-0.));
#8537 = ( GEOMETRIC_REPRESENTATION_CONTEXT(2) 
PARAMETRIC_REPRESENTATION_CONTEXT() REPRESENTATION_CONTEXT('2D SPACE',''
  ) );
#8538 = ADVANCED_FACE('',(#8539),#7940,.F.);
#8539 = FACE_BOUND('',#8540,.F.);
#8540 = EDGE_LOOP('',(#8541,#8542,#8543,#8566));
#8541 = ORIENTED_EDGE('',*,*,#7924,.F.);
#8542 = ORIENTED_EDGE('',*,*,#8494,.F.);
#8543 = ORIENTED_EDGE('',*,*,#8544,.T.);
#8544 = EDGE_CURVE('',#8470,#8545,#8547,.T.);
#8545 = VERTEX_POINT('',#8546);
#8546 = CARTESIAN_POINT('',(-2.5,38.,280.));
#8547 = SURFACE_CURVE('',#8548,(#8552,#8559),.PCURVE_S1.);
#8548 = LINE('',#8549,#8550);
#8549 = CARTESIAN_POINT('',(-2.5,-46.,280.));
#8550 = VECTOR('',#8551,1.);
#8551 = DIRECTION('',(0.,1.,0.));
#8552 = PCURVE('',#7940,#8553);
#8553 = DEFINITIONAL_REPRESENTATION('',(#8554),#8558);
#8554 = LINE('',#8555,#8556);
#8555 = CARTESIAN_POINT('',(7.,0.));
#8556 = VECTOR('',#8557,1.);
#8557 = DIRECTION('',(0.,1.));
#8558 = ( GEOMETRIC_REPRESENTATION_CONTEXT(2) 
PARAMETRIC_REPRESENTATION_CONTEXT() REPRESENTATION_CONTEXT('2D SPACE',''
  ) );
#8559 = PCURVE('',#8167,#8560);
#8560 = DEFINITIONAL_REPRESENTATION('',(#8561),#8565);
#8561 = LINE('',#8562,#8563);
#8562 = CARTESIAN_POINT('',(0.,0.));
#8563 = VECTOR('',#8564,1.);
#8564 = DIRECTION('',(0.,-1.));
#8565 = ( GEOMETRIC_REPRESENTATION_CONTEXT(2) 
PARAMETRIC_REPRESENTATION_CONTEXT() REPRESENTATION_CONTEXT('2D SPACE',''
  ) );
#8566 = ORIENTED_EDGE('',*,*,#8567,.T.);
#8567 = EDGE_CURVE('',#8545,#7925,#8568,.T.);
#8568 = SURFACE_CURVE('',#8569,(#8573,#8579),.PCURVE_S1.);
#8569 = LINE('',#8570,#8571);
#8570 = CARTESIAN_POINT('',(-9.5,38.,280.));
#8571 = VECTOR('',#8572,1.);
#8572 = DIRECTION('',(-1.,0.,0.));
#8573 = PCURVE('',#7940,#8574);
#8574 = DEFINITIONAL_REPRESENTATION('',(#8575),#8578);
#8575 = B_SPLINE_CURVE_WITH_KNOTS('',1,(#8576,#8577),.UNSPECIFIED.,.F.,
  .F.,(2,2),(-7.,0.),.PIECEWISE_BEZIER_KNOTS.);
#8576 = CARTESIAN_POINT('',(7.,84.));
#8577 = CARTESIAN_POINT('',(0.,84.));
#8578 = ( GEOMETRIC_REPRESENTATION_CONTEXT(2) 
PARAMETRIC_REPRESENTATION_CONTEXT() REPRESENTATION_CONTEXT('2D SPACE',''
  ) );
#8579 = PCURVE('',#7968,#8580);
#8580 = DEFINITIONAL_REPRESENTATION('',(#8581),#8584);
#8581 = B_SPLINE_CURVE_WITH_KNOTS('',1,(#8582,#8583),.UNSPECIFIED.,.F.,
  .F.,(2,2),(-7.,0.),.PIECEWISE_BEZIER_KNOTS.);
#8582 = CARTESIAN_POINT('',(4.,7.));
#8583 = CARTESIAN_POINT('',(4.,0.));
#8584 = ( GEOMETRIC_REPRESENTATION_CONTEXT(2) 
PARAMETRIC_REPRESENTATION_CONTEXT() REPRESENTATION_CONTEXT('2D SPACE',''
  ) );
#8585 = ADVANCED_FACE('',(#8586,#8634),#7968,.F.);
#8586 = FACE_BOUND('',#8587,.F.);
#8587 = EDGE_LOOP('',(#8588,#8611,#8632,#8633));
#8588 = ORIENTED_EDGE('',*,*,#8589,.F.);
#8589 = EDGE_CURVE('',#8590,#8545,#8592,.T.);
#8590 = VERTEX_POINT('',#8591);
#8591 = CARTESIAN_POINT('',(-2.5,38.,276.));
#8592 = SURFACE_CURVE('',#8593,(#8597,#8604),.PCURVE_S1.);
#8593 = LINE('',#8594,#8595);
#8594 = CARTESIAN_POINT('',(-2.5,38.,276.));
#8595 = VECTOR('',#8596,1.);
#8596 = DIRECTION('',(0.,0.,1.));
#8597 = PCURVE('',#7968,#8598);
#8598 = DEFINITIONAL_REPRESENTATION('',(#8599),#8603);
#8599 = LINE('',#8600,#8601);
#8600 = CARTESIAN_POINT('',(0.,7.));
#8601 = VECTOR('',#8602,1.);
#8602 = DIRECTION('',(1.,0.));
#8603 = ( GEOMETRIC_REPRESENTATION_CONTEXT(2) 
PARAMETRIC_REPRESENTATION_CONTEXT() REPRESENTATION_CONTEXT('2D SPACE',''
  ) );
#8604 = PCURVE('',#8167,#8605);
#8605 = DEFINITIONAL_REPRESENTATION('',(#8606),#8610);
#8606 = LINE('',#8607,#8608);
#8607 = CARTESIAN_POINT('',(-4.,-84.));
#8608 = VECTOR('',#8609,1.);
#8609 = DIRECTION('',(1.,0.));
#8610 = ( GEOMETRIC_REPRESENTATION_CONTEXT(2) 
PARAMETRIC_REPRESENTATION_CONTEXT() REPRESENTATION_CONTEXT('2D SPACE',''
  ) );
#8611 = ORIENTED_EDGE('',*,*,#8612,.F.);
#8612 = EDGE_CURVE('',#7953,#8590,#8613,.T.);
#8613 = SURFACE_CURVE('',#8614,(#8618,#8625),.PCURVE_S1.);
#8614 = LINE('',#8615,#8616);
#8615 = CARTESIAN_POINT('',(-9.5,38.,276.));
#8616 = VECTOR('',#8617,1.);
#8617 = DIRECTION('',(1.,0.,0.));
#8618 = PCURVE('',#7968,#8619);
#8619 = DEFINITIONAL_REPRESENTATION('',(#8620),#8624);
#8620 = LINE('',#8621,#8622);
#8621 = CARTESIAN_POINT('',(0.,0.));
#8622 = VECTOR('',#8623,1.);
#8623 = DIRECTION('',(0.,1.));
#8624 = ( GEOMETRIC_REPRESENTATION_CONTEXT(2) 
PARAMETRIC_REPRESENTATION_CONTEXT() REPRESENTATION_CONTEXT('2D SPACE',''
  ) );
#8625 = PCURVE('',#7996,#8626);
#8626 = DEFINITIONAL_REPRESENTATION('',(#8627),#8631);
#8627 = LINE('',#8628,#8629);
#8628 = CARTESIAN_POINT('',(0.,0.));
#8629 = VECTOR('',#8630,1.);
#8630 = DIRECTION('',(1.,0.));
#8631 = ( GEOMETRIC_REPRESENTATION_CONTEXT(2) 
PARAMETRIC_REPRESENTATION_CONTEXT() REPRESENTATION_CONTEXT('2D SPACE',''
  ) );
#8632 = ORIENTED_EDGE('',*,*,#7952,.T.);
#8633 = ORIENTED_EDGE('',*,*,#8567,.F.);
#8634 = FACE_BOUND('',#8635,.F.);
#8635 = EDGE_LOOP('',(#8636));
#8636 = ORIENTED_EDGE('',*,*,#8637,.F.);
#8637 = EDGE_CURVE('',#8638,#8638,#8640,.T.);
#8638 = VERTEX_POINT('',#8639);
#8639 = CARTESIAN_POINT('',(-4.8,38.,278.));
#8640 = SURFACE_CURVE('',#8641,(#8646,#8653),.PCURVE_S1.);
#8641 = CIRCLE('',#8642,1.2);
#8642 = AXIS2_PLACEMENT_3D('',#8643,#8644,#8645);
#8643 = CARTESIAN_POINT('',(-6.,38.,278.));
#8644 = DIRECTION('',(-0.,1.,0.));
#8645 = DIRECTION('',(1.,0.,0.));
#8646 = PCURVE('',#7968,#8647);
#8647 = DEFINITIONAL_REPRESENTATION('',(#8648),#8652);
#8648 = CIRCLE('',#8649,1.2);
#8649 = AXIS2_PLACEMENT_2D('',#8650,#8651);
#8650 = CARTESIAN_POINT('',(2.,3.5));
#8651 = DIRECTION('',(0.,1.));
#8652 = ( GEOMETRIC_REPRESENTATION_CONTEXT(2) 
PARAMETRIC_REPRESENTATION_CONTEXT() REPRESENTATION_CONTEXT('2D SPACE',''
  ) );
#8653 = PCURVE('',#8654,#8659);
#8654 = CYLINDRICAL_SURFACE('',#8655,1.2);
#8655 = AXIS2_PLACEMENT_3D('',#8656,#8657,#8658);
#8656 = CARTESIAN_POINT('',(-6.,46.,278.));
#8657 = DIRECTION('',(-0.,1.,-0.));
#8658 = DIRECTION('',(1.,0.,0.));
#8659 = DEFINITIONAL_REPRESENTATION('',(#8660),#8664);
#8660 = LINE('',#8661,#8662);
#8661 = CARTESIAN_POINT('',(-6.28318530718,-8.));
#8662 = VECTOR('',#8663,1.);
#8663 = DIRECTION('',(1.,-0.));
#8664 = ( GEOMETRIC_REPRESENTATION_CONTEXT(2) 
PARAMETRIC_REPRESENTATION_CONTEXT() REPRESENTATION_CONTEXT('2D SPACE',''
  ) );
#8665 = ADVANCED_FACE('',(#8666),#7996,.F.);
#8666 = FACE_BOUND('',#8667,.F.);
#8667 = EDGE_LOOP('',(#8668,#8669,#8670,#8693));
#8668 = ORIENTED_EDGE('',*,*,#7980,.F.);
#8669 = ORIENTED_EDGE('',*,*,#8612,.T.);
#8670 = ORIENTED_EDGE('',*,*,#8671,.T.);
#8671 = EDGE_CURVE('',#8590,#8672,#8674,.T.);
#8672 = VERTEX_POINT('',#8673);
#8673 = CARTESIAN_POINT('',(-2.5,44.,276.));
#8674 = SURFACE_CURVE('',#8675,(#8679,#8686),.PCURVE_S1.);
#8675 = LINE('',#8676,#8677);
#8676 = CARTESIAN_POINT('',(-2.5,38.,276.));
#8677 = VECTOR('',#8678,1.);
#8678 = DIRECTION('',(0.,1.,0.));
#8679 = PCURVE('',#7996,#8680);
#8680 = DEFINITIONAL_REPRESENTATION('',(#8681),#8685);
#8681 = LINE('',#8682,#8683);
#8682 = CARTESIAN_POINT('',(7.,0.));
#8683 = VECTOR('',#8684,1.);
#8684 = DIRECTION('',(0.,1.));
#8685 = ( GEOMETRIC_REPRESENTATION_CONTEXT(2) 
PARAMETRIC_REPRESENTATION_CONTEXT() REPRESENTATION_CONTEXT('2D SPACE',''
  ) );
#8686 = PCURVE('',#8167,#8687);
#8687 = DEFINITIONAL_REPRESENTATION('',(#8688),#8692);
#8688 = LINE('',#8689,#8690);
#8689 = CARTESIAN_POINT('',(-4.,-84.));
#8690 = VECTOR('',#8691,1.);
#8691 = DIRECTION('',(0.,-1.));
#8692 = ( GEOMETRIC_REPRESENTATION_CONTEXT(2) 
PARAMETRIC_REPRESENTATION_CONTEXT() REPRESENTATION_CONTEXT('2D SPACE',''
  ) );
#8693 = ORIENTED_EDGE('',*,*,#8694,.F.);
#8694 = EDGE_CURVE('',#7981,#8672,#8695,.T.);
#8695 = SURFACE_CURVE('',#8696,(#8700,#8707),.PCURVE_S1.);
#8696 = LINE('',#8697,#8698);
#8697 = CARTESIAN_POINT('',(-9.5,44.,276.));
#8698 = VECTOR('',#8699,1.);
#8699 = DIRECTION('',(1.,0.,0.));
#8700 = PCURVE('',#7996,#8701);
#8701 = DEFINITIONAL_REPRESENTATION('',(#8702),#8706);
#8702 = LINE('',#8703,#8704);
#8703 = CARTESIAN_POINT('',(0.,6.));
#8704 = VECTOR('',#8705,1.);
#8705 = DIRECTION('',(1.,0.));
#8706 = ( GEOMETRIC_REPRESENTATION_CONTEXT(2) 
PARAMETRIC_REPRESENTATION_CONTEXT() REPRESENTATION_CONTEXT('2D SPACE',''
  ) );
#8707 = PCURVE('',#8024,#8708);
#8708 = DEFINITIONAL_REPRESENTATION('',(#8709),#8713);
#8709 = LINE('',#8710,#8711);
#8710 = CARTESIAN_POINT('',(0.,0.));
#8711 = VECTOR('',#8712,1.);
#8712 = DIRECTION('',(0.,1.));
#8713 = ( GEOMETRIC_REPRESENTATION_CONTEXT(2) 
PARAMETRIC_REPRESENTATION_CONTEXT() REPRESENTATION_CONTEXT('2D SPACE',''
  ) );
#8714 = ADVANCED_FACE('',(#8715,#8766),#8024,.T.);
#8715 = FACE_BOUND('',#8716,.T.);
#8716 = EDGE_LOOP('',(#8717,#8740,#8741,#8742));
#8717 = ORIENTED_EDGE('',*,*,#8718,.F.);
#8718 = EDGE_CURVE('',#8672,#8719,#8721,.T.);
#8719 = VERTEX_POINT('',#8720);
#8720 = CARTESIAN_POINT('',(-2.5,44.,280.));
#8721 = SURFACE_CURVE('',#8722,(#8726,#8733),.PCURVE_S1.);
#8722 = LINE('',#8723,#8724);
#8723 = CARTESIAN_POINT('',(-2.5,44.,276.));
#8724 = VECTOR('',#8725,1.);
#8725 = DIRECTION('',(0.,0.,1.));
#8726 = PCURVE('',#8024,#8727);
#8727 = DEFINITIONAL_REPRESENTATION('',(#8728),#8732);
#8728 = LINE('',#8729,#8730);
#8729 = CARTESIAN_POINT('',(0.,7.));
#8730 = VECTOR('',#8731,1.);
#8731 = DIRECTION('',(1.,0.));
#8732 = ( GEOMETRIC_REPRESENTATION_CONTEXT(2) 
PARAMETRIC_REPRESENTATION_CONTEXT() REPRESENTATION_CONTEXT('2D SPACE',''
  ) );
#8733 = PCURVE('',#8167,#8734);
#8734 = DEFINITIONAL_REPRESENTATION('',(#8735),#8739);
#8735 = LINE('',#8736,#8737);
#8736 = CARTESIAN_POINT('',(-4.,-90.));
#8737 = VECTOR('',#8738,1.);
#8738 = DIRECTION('',(1.,0.));
#8739 = ( GEOMETRIC_REPRESENTATION_CONTEXT(2) 
PARAMETRIC_REPRESENTATION_CONTEXT() REPRESENTATION_CONTEXT('2D SPACE',''
  ) );
#8740 = ORIENTED_EDGE('',*,*,#8694,.F.);
#8741 = ORIENTED_EDGE('',*,*,#8008,.T.);
#8742 = ORIENTED_EDGE('',*,*,#8743,.F.);
#8743 = EDGE_CURVE('',#8719,#8009,#8744,.T.);
#8744 = SURFACE_CURVE('',#8745,(#8749,#8755),.PCURVE_S1.);
#8745 = LINE('',#8746,#8747);
#8746 = CARTESIAN_POINT('',(-9.5,44.,280.));
#8747 = VECTOR('',#8748,1.);
#8748 = DIRECTION('',(-1.,0.,0.));
#8749 = PCURVE('',#8024,#8750);
#8750 = DEFINITIONAL_REPRESENTATION('',(#8751),#8754);
#8751 = B_SPLINE_CURVE_WITH_KNOTS('',1,(#8752,#8753),.UNSPECIFIED.,.F.,
  .F.,(2,2),(-7.,0.),.PIECEWISE_BEZIER_KNOTS.);
#8752 = CARTESIAN_POINT('',(4.,7.));
#8753 = CARTESIAN_POINT('',(4.,0.));
#8754 = ( GEOMETRIC_REPRESENTATION_CONTEXT(2) 
PARAMETRIC_REPRESENTATION_CONTEXT() REPRESENTATION_CONTEXT('2D SPACE',''
  ) );
#8755 = PCURVE('',#8756,#8761);
#8756 = PLANE('',#8757);
#8757 = AXIS2_PLACEMENT_3D('',#8758,#8759,#8760);
#8758 = CARTESIAN_POINT('',(-9.5,-46.,280.));
#8759 = DIRECTION('',(0.,0.,1.));
#8760 = DIRECTION('',(1.,0.,0.));
#8761 = DEFINITIONAL_REPRESENTATION('',(#8762),#8765);
#8762 = B_SPLINE_CURVE_WITH_KNOTS('',1,(#8763,#8764),.UNSPECIFIED.,.F.,
  .F.,(2,2),(-7.,0.),.PIECEWISE_BEZIER_KNOTS.);
#8763 = CARTESIAN_POINT('',(7.,90.));
#8764 = CARTESIAN_POINT('',(0.,90.));
#8765 = ( GEOMETRIC_REPRESENTATION_CONTEXT(2) 
PARAMETRIC_REPRESENTATION_CONTEXT() REPRESENTATION_CONTEXT('2D SPACE',''
  ) );
#8766 = FACE_BOUND('',#8767,.T.);
#8767 = EDGE_LOOP('',(#8768));
#8768 = ORIENTED_EDGE('',*,*,#8769,.F.);
#8769 = EDGE_CURVE('',#8770,#8770,#8772,.T.);
#8770 = VERTEX_POINT('',#8771);
#8771 = CARTESIAN_POINT('',(-4.8,44.,278.));
#8772 = SURFACE_CURVE('',#8773,(#8778,#8785),.PCURVE_S1.);
#8773 = CIRCLE('',#8774,1.2);
#8774 = AXIS2_PLACEMENT_3D('',#8775,#8776,#8777);
#8775 = CARTESIAN_POINT('',(-6.,44.,278.));
#8776 = DIRECTION('',(-0.,1.,0.));
#8777 = DIRECTION('',(1.,0.,0.));
#8778 = PCURVE('',#8024,#8779);
#8779 = DEFINITIONAL_REPRESENTATION('',(#8780),#8784);
#8780 = CIRCLE('',#8781,1.2);
#8781 = AXIS2_PLACEMENT_2D('',#8782,#8783);
#8782 = CARTESIAN_POINT('',(2.,3.5));
#8783 = DIRECTION('',(0.,1.));
#8784 = ( GEOMETRIC_REPRESENTATION_CONTEXT(2) 
PARAMETRIC_REPRESENTATION_CONTEXT() REPRESENTATION_CONTEXT('2D SPACE',''
  ) );
#8785 = PCURVE('',#8654,#8786);
#8786 = DEFINITIONAL_REPRESENTATION('',(#8787),#8791);
#8787 = LINE('',#8788,#8789);
#8788 = CARTESIAN_POINT('',(-6.28318530718,-2.));
#8789 = VECTOR('',#8790,1.);
#8790 = DIRECTION('',(1.,-0.));
#8791 = ( GEOMETRIC_REPRESENTATION_CONTEXT(2) 
PARAMETRIC_REPRESENTATION_CONTEXT() REPRESENTATION_CONTEXT('2D SPACE',''
  ) );
#8792 = ADVANCED_FACE('',(#8793),#8050,.T.);
#8793 = FACE_BOUND('',#8794,.F.);
#8794 = EDGE_LOOP('',(#8795,#8823,#8844,#8845));
#8795 = ORIENTED_EDGE('',*,*,#8796,.T.);
#8796 = EDGE_CURVE('',#8009,#8797,#8799,.T.);
#8797 = VERTEX_POINT('',#8798);
#8798 = CARTESIAN_POINT('',(-7.5,46.,280.));
#8799 = SURFACE_CURVE('',#8800,(#8805,#8812),.PCURVE_S1.);
#8800 = CIRCLE('',#8801,2.);
#8801 = AXIS2_PLACEMENT_3D('',#8802,#8803,#8804);
#8802 = CARTESIAN_POINT('',(-7.5,44.,280.));
#8803 = DIRECTION('',(-0.,-0.,-1.));
#8804 = DIRECTION('',(0.,-1.,0.));
#8805 = PCURVE('',#8050,#8806);
#8806 = DEFINITIONAL_REPRESENTATION('',(#8807),#8811);
#8807 = LINE('',#8808,#8809);
#8808 = CARTESIAN_POINT('',(1.570796326795,-0.));
#8809 = VECTOR('',#8810,1.);
#8810 = DIRECTION('',(-1.,0.));
#8811 = ( GEOMETRIC_REPRESENTATION_CONTEXT(2) 
PARAMETRIC_REPRESENTATION_CONTEXT() REPRESENTATION_CONTEXT('2D SPACE',''
  ) );
#8812 = PCURVE('',#8756,#8813);
#8813 = DEFINITIONAL_REPRESENTATION('',(#8814),#8822);
#8814 = ( BOUNDED_CURVE() B_SPLINE_CURVE(2,(#8815,#8816,#8817,#8818,
#8819,#8820,#8821),.UNSPECIFIED.,.T.,.F.) B_SPLINE_CURVE_WITH_KNOTS((1,2
    ,2,2,2,1),(-2.094395102393,0.,2.094395102393,4.188790204786,
6.28318530718,8.377580409573),.UNSPECIFIED.) CURVE() 
GEOMETRIC_REPRESENTATION_ITEM() RATIONAL_B_SPLINE_CURVE((1.,0.5,1.,0.5,
1.,0.5,1.)) REPRESENTATION_ITEM('') );
#8815 = CARTESIAN_POINT('',(2.,88.));
#8816 = CARTESIAN_POINT('',(-1.464101615138,88.));
#8817 = CARTESIAN_POINT('',(0.267949192431,91.));
#8818 = CARTESIAN_POINT('',(2.,94.));
#8819 = CARTESIAN_POINT('',(3.732050807569,91.));
#8820 = CARTESIAN_POINT('',(5.464101615138,88.));
#8821 = CARTESIAN_POINT('',(2.,88.));
#8822 = ( GEOMETRIC_REPRESENTATION_CONTEXT(2) 
PARAMETRIC_REPRESENTATION_CONTEXT() REPRESENTATION_CONTEXT('2D SPACE',''
  ) );
#8823 = ORIENTED_EDGE('',*,*,#8824,.T.);
#8824 = EDGE_CURVE('',#8797,#8209,#8825,.T.);
#8825 = SURFACE_CURVE('',#8826,(#8830,#8837),.PCURVE_S1.);
#8826 = LINE('',#8827,#8828);
#8827 = CARTESIAN_POINT('',(-7.5,46.,280.));
#8828 = VECTOR('',#8829,1.);
#8829 = DIRECTION('',(0.,0.,1.));
#8830 = PCURVE('',#8050,#8831);
#8831 = DEFINITIONAL_REPRESENTATION('',(#8832),#8836);
#8832 = LINE('',#8833,#8834);
#8833 = CARTESIAN_POINT('',(-1.570796326795,0.));
#8834 = VECTOR('',#8835,1.);
#8835 = DIRECTION('',(-0.,1.));
#8836 = ( GEOMETRIC_REPRESENTATION_CONTEXT(2) 
PARAMETRIC_REPRESENTATION_CONTEXT() REPRESENTATION_CONTEXT('2D SPACE',''
  ) );
#8837 = PCURVE('',#8224,#8838);
#8838 = DEFINITIONAL_REPRESENTATION('',(#8839),#8843);
#8839 = LINE('',#8840,#8841);
#8840 = CARTESIAN_POINT('',(0.,2.));
#8841 = VECTOR('',#8842,1.);
#8842 = DIRECTION('',(1.,0.));
#8843 = ( GEOMETRIC_REPRESENTATION_CONTEXT(2) 
PARAMETRIC_REPRESENTATION_CONTEXT() REPRESENTATION_CONTEXT('2D SPACE',''
  ) );
#8844 = ORIENTED_EDGE('',*,*,#8236,.F.);
#8845 = ORIENTED_EDGE('',*,*,#8036,.F.);
#8846 = ADVANCED_FACE('',(#8847),#8106,.F.);
#8847 = FACE_BOUND('',#8848,.F.);
#8848 = EDGE_LOOP('',(#8849,#8872,#8873,#8874));
#8849 = ORIENTED_EDGE('',*,*,#8850,.F.);
#8850 = EDGE_CURVE('',#8266,#8851,#8853,.T.);
#8851 = VERTEX_POINT('',#8852);
#8852 = CARTESIAN_POINT('',(-4.5,-46.,280.));
#8853 = SURFACE_CURVE('',#8854,(#8858,#8865),.PCURVE_S1.);
#8854 = LINE('',#8855,#8856);
#8855 = CARTESIAN_POINT('',(-9.5,-46.,280.));
#8856 = VECTOR('',#8857,1.);
#8857 = DIRECTION('',(1.,0.,0.));
#8858 = PCURVE('',#8106,#8859);
#8859 = DEFINITIONAL_REPRESENTATION('',(#8860),#8864);
#8860 = LINE('',#8861,#8862);
#8861 = CARTESIAN_POINT('',(0.,0.));
#8862 = VECTOR('',#8863,1.);
#8863 = DIRECTION('',(0.,1.));
#8864 = ( GEOMETRIC_REPRESENTATION_CONTEXT(2) 
PARAMETRIC_REPRESENTATION_CONTEXT() REPRESENTATION_CONTEXT('2D SPACE',''
  ) );
#8865 = PCURVE('',#8282,#8866);
#8866 = DEFINITIONAL_REPRESENTATION('',(#8867),#8871);
#8867 = LINE('',#8868,#8869);
#8868 = CARTESIAN_POINT('',(0.,0.));
#8869 = VECTOR('',#8870,1.);
#8870 = DIRECTION('',(1.,0.));
#8871 = ( GEOMETRIC_REPRESENTATION_CONTEXT(2) 
PARAMETRIC_REPRESENTATION_CONTEXT() REPRESENTATION_CONTEXT('2D SPACE',''
  ) );
#8872 = ORIENTED_EDGE('',*,*,#8294,.T.);
#8873 = ORIENTED_EDGE('',*,*,#8090,.T.);
#8874 = ORIENTED_EDGE('',*,*,#8875,.F.);
#8875 = EDGE_CURVE('',#8851,#8091,#8876,.T.);
#8876 = SURFACE_CURVE('',#8877,(#8881,#8888),.PCURVE_S1.);
#8877 = LINE('',#8878,#8879);
#8878 = CARTESIAN_POINT('',(-4.5,-46.,280.));
#8879 = VECTOR('',#8880,1.);
#8880 = DIRECTION('',(0.,0.,1.));
#8881 = PCURVE('',#8106,#8882);
#8882 = DEFINITIONAL_REPRESENTATION('',(#8883),#8887);
#8883 = LINE('',#8884,#8885);
#8884 = CARTESIAN_POINT('',(0.,5.));
#8885 = VECTOR('',#8886,1.);
#8886 = DIRECTION('',(1.,0.));
#8887 = ( GEOMETRIC_REPRESENTATION_CONTEXT(2) 
PARAMETRIC_REPRESENTATION_CONTEXT() REPRESENTATION_CONTEXT('2D SPACE',''
  ) );
#8888 = PCURVE('',#8139,#8889);
#8889 = DEFINITIONAL_REPRESENTATION('',(#8890),#8894);
#8890 = LINE('',#8891,#8892);
#8891 = CARTESIAN_POINT('',(-1.570796326795,0.));
#8892 = VECTOR('',#8893,1.);
#8893 = DIRECTION('',(-0.,1.));
#8894 = ( GEOMETRIC_REPRESENTATION_CONTEXT(2) 
PARAMETRIC_REPRESENTATION_CONTEXT() REPRESENTATION_CONTEXT('2D SPACE',''
  ) );
#8895 = ADVANCED_FACE('',(#8896),#8139,.T.);
#8896 = FACE_BOUND('',#8897,.F.);
#8897 = EDGE_LOOP('',(#8898,#8924,#8925,#8926));
#8898 = ORIENTED_EDGE('',*,*,#8899,.T.);
#8899 = EDGE_CURVE('',#8323,#8851,#8900,.T.);
#8900 = SURFACE_CURVE('',#8901,(#8906,#8913),.PCURVE_S1.);
#8901 = CIRCLE('',#8902,2.);
#8902 = AXIS2_PLACEMENT_3D('',#8903,#8904,#8905);
#8903 = CARTESIAN_POINT('',(-4.5,-44.,280.));
#8904 = DIRECTION('',(-0.,-0.,-1.));
#8905 = DIRECTION('',(0.,-1.,0.));
#8906 = PCURVE('',#8139,#8907);
#8907 = DEFINITIONAL_REPRESENTATION('',(#8908),#8912);
#8908 = LINE('',#8909,#8910);
#8909 = CARTESIAN_POINT('',(4.712388980385,-0.));
#8910 = VECTOR('',#8911,1.);
#8911 = DIRECTION('',(-1.,0.));
#8912 = ( GEOMETRIC_REPRESENTATION_CONTEXT(2) 
PARAMETRIC_REPRESENTATION_CONTEXT() REPRESENTATION_CONTEXT('2D SPACE',''
  ) );
#8913 = PCURVE('',#8282,#8914);
#8914 = DEFINITIONAL_REPRESENTATION('',(#8915),#8923);
#8915 = ( BOUNDED_CURVE() B_SPLINE_CURVE(2,(#8916,#8917,#8918,#8919,
#8920,#8921,#8922),.UNSPECIFIED.,.T.,.F.) B_SPLINE_CURVE_WITH_KNOTS((1,2
    ,2,2,2,1),(-2.094395102393,0.,2.094395102393,4.188790204786,
6.28318530718,8.377580409573),.UNSPECIFIED.) CURVE() 
GEOMETRIC_REPRESENTATION_ITEM() RATIONAL_B_SPLINE_CURVE((1.,0.5,1.,0.5,
1.,0.5,1.)) REPRESENTATION_ITEM('') );
#8916 = CARTESIAN_POINT('',(5.,0.));
#8917 = CARTESIAN_POINT('',(1.535898384862,0.));
#8918 = CARTESIAN_POINT('',(3.267949192431,3.));
#8919 = CARTESIAN_POINT('',(5.,6.));
#8920 = CARTESIAN_POINT('',(6.732050807569,3.));
#8921 = CARTESIAN_POINT('',(8.464101615138,3.10862446895E-15));
#8922 = CARTESIAN_POINT('',(5.,0.));
#8923 = ( GEOMETRIC_REPRESENTATION_CONTEXT(2) 
PARAMETRIC_REPRESENTATION_CONTEXT() REPRESENTATION_CONTEXT('2D SPACE',''
  ) );
#8924 = ORIENTED_EDGE('',*,*,#8875,.T.);
#8925 = ORIENTED_EDGE('',*,*,#8118,.F.);
#8926 = ORIENTED_EDGE('',*,*,#8927,.F.);
#8927 = EDGE_CURVE('',#8323,#8119,#8928,.T.);
#8928 = SURFACE_CURVE('',#8929,(#8933,#8940),.PCURVE_S1.);
#8929 = LINE('',#8930,#8931);
#8930 = CARTESIAN_POINT('',(-2.5,-44.,280.));
#8931 = VECTOR('',#8932,1.);
#8932 = DIRECTION('',(0.,0.,1.));
#8933 = PCURVE('',#8139,#8934);
#8934 = DEFINITIONAL_REPRESENTATION('',(#8935),#8939);
#8935 = LINE('',#8936,#8937);
#8936 = CARTESIAN_POINT('',(-0.,0.));
#8937 = VECTOR('',#8938,1.);
#8938 = DIRECTION('',(-0.,1.));
#8939 = ( GEOMETRIC_REPRESENTATION_CONTEXT(2) 
PARAMETRIC_REPRESENTATION_CONTEXT() REPRESENTATION_CONTEXT('2D SPACE',''
  ) );
#8940 = PCURVE('',#8167,#8941);
#8941 = DEFINITIONAL_REPRESENTATION('',(#8942),#8946);
#8942 = LINE('',#8943,#8944);
#8943 = CARTESIAN_POINT('',(0.,-2.));
#8944 = VECTOR('',#8945,1.);
#8945 = DIRECTION('',(1.,0.));
#8946 = ( GEOMETRIC_REPRESENTATION_CONTEXT(2) 
PARAMETRIC_REPRESENTATION_CONTEXT() REPRESENTATION_CONTEXT('2D SPACE',''
  ) );
#8947 = ADVANCED_FACE('',(#8948),#8167,.T.);
#8948 = FACE_BOUND('',#8949,.T.);
#8949 = EDGE_LOOP('',(#8950,#8951,#8952,#8953,#8954,#8955,#8956,#8957,
    #8958,#8959));
#8950 = ORIENTED_EDGE('',*,*,#8151,.F.);
#8951 = ORIENTED_EDGE('',*,*,#8927,.F.);
#8952 = ORIENTED_EDGE('',*,*,#8320,.F.);
#8953 = ORIENTED_EDGE('',*,*,#8422,.T.);
#8954 = ORIENTED_EDGE('',*,*,#8469,.T.);
#8955 = ORIENTED_EDGE('',*,*,#8544,.T.);
#8956 = ORIENTED_EDGE('',*,*,#8589,.F.);
#8957 = ORIENTED_EDGE('',*,*,#8671,.T.);
#8958 = ORIENTED_EDGE('',*,*,#8718,.T.);
#8959 = ORIENTED_EDGE('',*,*,#8960,.T.);
#8960 = EDGE_CURVE('',#8719,#8152,#8961,.T.);
#8961 = SURFACE_CURVE('',#8962,(#8966,#8973),.PCURVE_S1.);
#8962 = LINE('',#8963,#8964);
#8963 = CARTESIAN_POINT('',(-2.5,44.,280.));
#8964 = VECTOR('',#8965,1.);
#8965 = DIRECTION('',(0.,0.,1.));
#8966 = PCURVE('',#8167,#8967);
#8967 = DEFINITIONAL_REPRESENTATION('',(#8968),#8972);
#8968 = LINE('',#8969,#8970);
#8969 = CARTESIAN_POINT('',(0.,-90.));
#8970 = VECTOR('',#8971,1.);
#8971 = DIRECTION('',(1.,0.));
#8972 = ( GEOMETRIC_REPRESENTATION_CONTEXT(2) 
PARAMETRIC_REPRESENTATION_CONTEXT() REPRESENTATION_CONTEXT('2D SPACE',''
  ) );
#8973 = PCURVE('',#8196,#8974);
#8974 = DEFINITIONAL_REPRESENTATION('',(#8975),#8979);
#8975 = LINE('',#8976,#8977);
#8976 = CARTESIAN_POINT('',(0.,0.));
#8977 = VECTOR('',#8978,1.);
#8978 = DIRECTION('',(0.,1.));
#8979 = ( GEOMETRIC_REPRESENTATION_CONTEXT(2) 
PARAMETRIC_REPRESENTATION_CONTEXT() REPRESENTATION_CONTEXT('2D SPACE',''
  ) );
#8980 = ADVANCED_FACE('',(#8981),#8196,.T.);
#8981 = FACE_BOUND('',#8982,.T.);
#8982 = EDGE_LOOP('',(#8983,#9007,#9028,#9029));
#8983 = ORIENTED_EDGE('',*,*,#8984,.T.);
#8984 = EDGE_CURVE('',#8719,#8985,#8987,.T.);
#8985 = VERTEX_POINT('',#8986);
#8986 = CARTESIAN_POINT('',(-4.5,46.,280.));
#8987 = SURFACE_CURVE('',#8988,(#8993,#9000),.PCURVE_S1.);
#8988 = CIRCLE('',#8989,2.);
#8989 = AXIS2_PLACEMENT_3D('',#8990,#8991,#8992);
#8990 = CARTESIAN_POINT('',(-4.5,44.,280.));
#8991 = DIRECTION('',(0.,0.,1.));
#8992 = DIRECTION('',(0.,-1.,0.));
#8993 = PCURVE('',#8196,#8994);
#8994 = DEFINITIONAL_REPRESENTATION('',(#8995),#8999);
#8995 = LINE('',#8996,#8997);
#8996 = CARTESIAN_POINT('',(-1.570796326795,0.));
#8997 = VECTOR('',#8998,1.);
#8998 = DIRECTION('',(1.,0.));
#8999 = ( GEOMETRIC_REPRESENTATION_CONTEXT(2) 
PARAMETRIC_REPRESENTATION_CONTEXT() REPRESENTATION_CONTEXT('2D SPACE',''
  ) );
#9000 = PCURVE('',#8756,#9001);
#9001 = DEFINITIONAL_REPRESENTATION('',(#9002),#9006);
#9002 = CIRCLE('',#9003,2.);
#9003 = AXIS2_PLACEMENT_2D('',#9004,#9005);
#9004 = CARTESIAN_POINT('',(5.,90.));
#9005 = DIRECTION('',(0.,-1.));
#9006 = ( GEOMETRIC_REPRESENTATION_CONTEXT(2) 
PARAMETRIC_REPRESENTATION_CONTEXT() REPRESENTATION_CONTEXT('2D SPACE',''
  ) );
#9007 = ORIENTED_EDGE('',*,*,#9008,.T.);
#9008 = EDGE_CURVE('',#8985,#8180,#9009,.T.);
#9009 = SURFACE_CURVE('',#9010,(#9014,#9021),.PCURVE_S1.);
#9010 = LINE('',#9011,#9012);
#9011 = CARTESIAN_POINT('',(-4.5,46.,280.));
#9012 = VECTOR('',#9013,1.);
#9013 = DIRECTION('',(0.,0.,1.));
#9014 = PCURVE('',#8196,#9015);
#9015 = DEFINITIONAL_REPRESENTATION('',(#9016),#9020);
#9016 = LINE('',#9017,#9018);
#9017 = CARTESIAN_POINT('',(1.570796326795,0.));
#9018 = VECTOR('',#9019,1.);
#9019 = DIRECTION('',(0.,1.));
#9020 = ( GEOMETRIC_REPRESENTATION_CONTEXT(2) 
PARAMETRIC_REPRESENTATION_CONTEXT() REPRESENTATION_CONTEXT('2D SPACE',''
  ) );
#9021 = PCURVE('',#8224,#9022);
#9022 = DEFINITIONAL_REPRESENTATION('',(#9023),#9027);
#9023 = LINE('',#9024,#9025);
#9024 = CARTESIAN_POINT('',(0.,5.));
#9025 = VECTOR('',#9026,1.);
#9026 = DIRECTION('',(1.,0.));
#9027 = ( GEOMETRIC_REPRESENTATION_CONTEXT(2) 
PARAMETRIC_REPRESENTATION_CONTEXT() REPRESENTATION_CONTEXT('2D SPACE',''
  ) );
#9028 = ORIENTED_EDGE('',*,*,#8179,.F.);
#9029 = ORIENTED_EDGE('',*,*,#8960,.F.);
#9030 = ADVANCED_FACE('',(#9031),#8224,.T.);
#9031 = FACE_BOUND('',#9032,.T.);
#9032 = EDGE_LOOP('',(#9033,#9054,#9055,#9056));
#9033 = ORIENTED_EDGE('',*,*,#9034,.F.);
#9034 = EDGE_CURVE('',#8797,#8985,#9035,.T.);
#9035 = SURFACE_CURVE('',#9036,(#9040,#9047),.PCURVE_S1.);
#9036 = LINE('',#9037,#9038);
#9037 = CARTESIAN_POINT('',(-9.5,46.,280.));
#9038 = VECTOR('',#9039,1.);
#9039 = DIRECTION('',(1.,0.,0.));
#9040 = PCURVE('',#8224,#9041);
#9041 = DEFINITIONAL_REPRESENTATION('',(#9042),#9046);
#9042 = LINE('',#9043,#9044);
#9043 = CARTESIAN_POINT('',(0.,0.));
#9044 = VECTOR('',#9045,1.);
#9045 = DIRECTION('',(0.,1.));
#9046 = ( GEOMETRIC_REPRESENTATION_CONTEXT(2) 
PARAMETRIC_REPRESENTATION_CONTEXT() REPRESENTATION_CONTEXT('2D SPACE',''
  ) );
#9047 = PCURVE('',#8756,#9048);
#9048 = DEFINITIONAL_REPRESENTATION('',(#9049),#9053);
#9049 = LINE('',#9050,#9051);
#9050 = CARTESIAN_POINT('',(0.,92.));
#9051 = VECTOR('',#9052,1.);
#9052 = DIRECTION('',(1.,0.));
#9053 = ( GEOMETRIC_REPRESENTATION_CONTEXT(2) 
PARAMETRIC_REPRESENTATION_CONTEXT() REPRESENTATION_CONTEXT('2D SPACE',''
  ) );
#9054 = ORIENTED_EDGE('',*,*,#8824,.T.);
#9055 = ORIENTED_EDGE('',*,*,#8208,.T.);
#9056 = ORIENTED_EDGE('',*,*,#9008,.F.);
#9057 = ADVANCED_FACE('',(#9058),#8282,.F.);
#9058 = FACE_BOUND('',#9059,.F.);
#9059 = EDGE_LOOP('',(#9060,#9061,#9062,#9063));
#9060 = ORIENTED_EDGE('',*,*,#8367,.T.);
#9061 = ORIENTED_EDGE('',*,*,#8265,.T.);
#9062 = ORIENTED_EDGE('',*,*,#8850,.T.);
#9063 = ORIENTED_EDGE('',*,*,#8899,.F.);
#9064 = ADVANCED_FACE('',(#9065),#8405,.F.);
#9065 = FACE_BOUND('',#9066,.T.);
#9066 = EDGE_LOOP('',(#9067,#9068,#9089,#9090));
#9067 = ORIENTED_EDGE('',*,*,#8515,.T.);
#9068 = ORIENTED_EDGE('',*,*,#9069,.T.);
#9069 = EDGE_CURVE('',#8516,#8389,#9070,.T.);
#9070 = SEAM_CURVE('',#9071,(#9075,#9082),.PCURVE_S1.);
#9071 = LINE('',#9072,#9073);
#9072 = CARTESIAN_POINT('',(-4.8,-36.,278.));
#9073 = VECTOR('',#9074,1.);
#9074 = DIRECTION('',(0.,-1.,0.));
#9075 = PCURVE('',#8405,#9076);
#9076 = DEFINITIONAL_REPRESENTATION('',(#9077),#9081);
#9077 = LINE('',#9078,#9079);
#9078 = CARTESIAN_POINT('',(-6.28318530718,0.));
#9079 = VECTOR('',#9080,1.);
#9080 = DIRECTION('',(-0.,-1.));
#9081 = ( GEOMETRIC_REPRESENTATION_CONTEXT(2) 
PARAMETRIC_REPRESENTATION_CONTEXT() REPRESENTATION_CONTEXT('2D SPACE',''
  ) );
#9082 = PCURVE('',#8405,#9083);
#9083 = DEFINITIONAL_REPRESENTATION('',(#9084),#9088);
#9084 = LINE('',#9085,#9086);
#9085 = CARTESIAN_POINT('',(-0.,0.));
#9086 = VECTOR('',#9087,1.);
#9087 = DIRECTION('',(-0.,-1.));
#9088 = ( GEOMETRIC_REPRESENTATION_CONTEXT(2) 
PARAMETRIC_REPRESENTATION_CONTEXT() REPRESENTATION_CONTEXT('2D SPACE',''
  ) );
#9089 = ORIENTED_EDGE('',*,*,#8388,.F.);
#9090 = ORIENTED_EDGE('',*,*,#9069,.F.);
#9091 = ADVANCED_FACE('',(#9092),#8654,.F.);
#9092 = FACE_BOUND('',#9093,.T.);
#9093 = EDGE_LOOP('',(#9094,#9095,#9116,#9117));
#9094 = ORIENTED_EDGE('',*,*,#8769,.T.);
#9095 = ORIENTED_EDGE('',*,*,#9096,.T.);
#9096 = EDGE_CURVE('',#8770,#8638,#9097,.T.);
#9097 = SEAM_CURVE('',#9098,(#9102,#9109),.PCURVE_S1.);
#9098 = LINE('',#9099,#9100);
#9099 = CARTESIAN_POINT('',(-4.8,46.,278.));
#9100 = VECTOR('',#9101,1.);
#9101 = DIRECTION('',(0.,-1.,0.));
#9102 = PCURVE('',#8654,#9103);
#9103 = DEFINITIONAL_REPRESENTATION('',(#9104),#9108);
#9104 = LINE('',#9105,#9106);
#9105 = CARTESIAN_POINT('',(-6.28318530718,0.));
#9106 = VECTOR('',#9107,1.);
#9107 = DIRECTION('',(-0.,-1.));
#9108 = ( GEOMETRIC_REPRESENTATION_CONTEXT(2) 
PARAMETRIC_REPRESENTATION_CONTEXT() REPRESENTATION_CONTEXT('2D SPACE',''
  ) );
#9109 = PCURVE('',#8654,#9110);
#9110 = DEFINITIONAL_REPRESENTATION('',(#9111),#9115);
#9111 = LINE('',#9112,#9113);
#9112 = CARTESIAN_POINT('',(-0.,0.));
#9113 = VECTOR('',#9114,1.);
#9114 = DIRECTION('',(-0.,-1.));
#9115 = ( GEOMETRIC_REPRESENTATION_CONTEXT(2) 
PARAMETRIC_REPRESENTATION_CONTEXT() REPRESENTATION_CONTEXT('2D SPACE',''
  ) );
#9116 = ORIENTED_EDGE('',*,*,#8637,.F.);
#9117 = ORIENTED_EDGE('',*,*,#9096,.F.);
#9118 = ADVANCED_FACE('',(#9119),#8756,.F.);
#9119 = FACE_BOUND('',#9120,.F.);
#9120 = EDGE_LOOP('',(#9121,#9122,#9123,#9124));
#9121 = ORIENTED_EDGE('',*,*,#8796,.F.);
#9122 = ORIENTED_EDGE('',*,*,#8743,.F.);
#9123 = ORIENTED_EDGE('',*,*,#8984,.T.);
#9124 = ORIENTED_EDGE('',*,*,#9034,.F.);
#9125 = ( GEOMETRIC_REPRESENTATION_CONTEXT(3) 
GLOBAL_UNCERTAINTY_ASSIGNED_CONTEXT((#9129)) 
GLOBAL_UNIT_ASSIGNED_CONTEXT((#9126,#9127,#9128)) REPRESENTATION_CONTEXT
('Context #1','3D Context with UNIT and UNCERTAINTY') );
#9126 = ( LENGTH_UNIT() NAMED_UNIT(*) SI_UNIT(.MILLI.,.METRE.) );
#9127 = ( NAMED_UNIT(*) PLANE_ANGLE_UNIT() SI_UNIT($,.RADIAN.) );
#9128 = ( NAMED_UNIT(*) SI_UNIT($,.STERADIAN.) SOLID_ANGLE_UNIT() );
#9129 = UNCERTAINTY_MEASURE_WITH_UNIT(LENGTH_MEASURE(1.E-07),#9126,
  'distance_accuracy_value','confusion accuracy');
#9130 = CONTEXT_DEPENDENT_SHAPE_REPRESENTATION(#9131,#9133);
#9131 = ( REPRESENTATION_RELATIONSHIP('','',#7770,#10) 
REPRESENTATION_RELATIONSHIP_WITH_TRANSFORMATION(#9132) 
SHAPE_REPRESENTATION_RELATIONSHIP() );
#9132 = ITEM_DEFINED_TRANSFORMATION('','',#11,#39);
#9133 = PRODUCT_DEFINITION_SHAPE('Placement','Placement of an item',
  #9134);
#9134 = NEXT_ASSEMBLY_USAGE_OCCURRENCE('7','head_bridge_1','',#5,#7765,$
  );
#9135 = PRODUCT_RELATED_PRODUCT_CATEGORY('part',$,(#7767));
#9136 = SHAPE_DEFINITION_REPRESENTATION(#9137,#9143);
#9137 = PRODUCT_DEFINITION_SHAPE('','',#9138);
#9138 = PRODUCT_DEFINITION('design','',#9139,#9142);
#9139 = PRODUCT_DEFINITION_FORMATION('','',#9140);
#9140 = PRODUCT('head_bridge_2','head_bridge_2','',(#9141));
#9141 = PRODUCT_CONTEXT('',#2,'mechanical');
#9142 = PRODUCT_DEFINITION_CONTEXT('part definition',#2,'design');
#9143 = ADVANCED_BREP_SHAPE_REPRESENTATION('',(#11,#9144),#10498);
#9144 = MANIFOLD_SOLID_BREP('',#9145);
#9145 = CLOSED_SHELL('',(#9146,#9434,#9634,#9689,#9789,#9838,#9911,#9958
    ,#10038,#10087,#10165,#10219,#10268,#10320,#10353,#10403,#10430,
    #10437,#10464,#10491));
#9146 = ADVANCED_FACE('',(#9147),#9161,.F.);
#9147 = FACE_BOUND('',#9148,.F.);
#9148 = EDGE_LOOP('',(#9149,#9184,#9212,#9240,#9268,#9296,#9324,#9352,
    #9380,#9408));
#9149 = ORIENTED_EDGE('',*,*,#9150,.F.);
#9150 = EDGE_CURVE('',#9151,#9153,#9155,.T.);
#9151 = VERTEX_POINT('',#9152);
#9152 = CARTESIAN_POINT('',(32.5,-44.,286.));
#9153 = VERTEX_POINT('',#9154);
#9154 = CARTESIAN_POINT('',(32.5,44.,286.));
#9155 = SURFACE_CURVE('',#9156,(#9160,#9172),.PCURVE_S1.);
#9156 = LINE('',#9157,#9158);
#9157 = CARTESIAN_POINT('',(32.5,-44.,286.));
#9158 = VECTOR('',#9159,1.);
#9159 = DIRECTION('',(0.,1.,0.));
#9160 = PCURVE('',#9161,#9166);
#9161 = PLANE('',#9162);
#9162 = AXIS2_PLACEMENT_3D('',#9163,#9164,#9165);
#9163 = CARTESIAN_POINT('',(32.5,-46.,282.));
#9164 = DIRECTION('',(1.,0.,0.));
#9165 = DIRECTION('',(0.,0.,1.));
#9166 = DEFINITIONAL_REPRESENTATION('',(#9167),#9171);
#9167 = LINE('',#9168,#9169);
#9168 = CARTESIAN_POINT('',(4.,-2.));
#9169 = VECTOR('',#9170,1.);
#9170 = DIRECTION('',(0.,-1.));
#9171 = ( GEOMETRIC_REPRESENTATION_CONTEXT(2) 
PARAMETRIC_REPRESENTATION_CONTEXT() REPRESENTATION_CONTEXT('2D SPACE',''
  ) );
#9172 = PCURVE('',#9173,#9178);
#9173 = PLANE('',#9174);
#9174 = AXIS2_PLACEMENT_3D('',#9175,#9176,#9177);
#9175 = CARTESIAN_POINT('',(32.5,-46.,286.));
#9176 = DIRECTION('',(0.,0.,1.));
#9177 = DIRECTION('',(1.,0.,0.));
#9178 = DEFINITIONAL_REPRESENTATION('',(#9179),#9183);
#9179 = LINE('',#9180,#9181);
#9180 = CARTESIAN_POINT('',(0.,2.));
#9181 = VECTOR('',#9182,1.);
#9182 = DIRECTION('',(0.,1.));
#9183 = ( GEOMETRIC_REPRESENTATION_CONTEXT(2) 
PARAMETRIC_REPRESENTATION_CONTEXT() REPRESENTATION_CONTEXT('2D SPACE',''
  ) );
#9184 = ORIENTED_EDGE('',*,*,#9185,.F.);
#9185 = EDGE_CURVE('',#9186,#9151,#9188,.T.);
#9186 = VERTEX_POINT('',#9187);
#9187 = CARTESIAN_POINT('',(32.5,-44.,282.));
#9188 = SURFACE_CURVE('',#9189,(#9193,#9200),.PCURVE_S1.);
#9189 = LINE('',#9190,#9191);
#9190 = CARTESIAN_POINT('',(32.5,-44.,282.));
#9191 = VECTOR('',#9192,1.);
#9192 = DIRECTION('',(0.,0.,1.));
#9193 = PCURVE('',#9161,#9194);
#9194 = DEFINITIONAL_REPRESENTATION('',(#9195),#9199);
#9195 = LINE('',#9196,#9197);
#9196 = CARTESIAN_POINT('',(0.,-2.));
#9197 = VECTOR('',#9198,1.);
#9198 = DIRECTION('',(1.,0.));
#9199 = ( GEOMETRIC_REPRESENTATION_CONTEXT(2) 
PARAMETRIC_REPRESENTATION_CONTEXT() REPRESENTATION_CONTEXT('2D SPACE',''
  ) );
#9200 = PCURVE('',#9201,#9206);
#9201 = CYLINDRICAL_SURFACE('',#9202,2.);
#9202 = AXIS2_PLACEMENT_3D('',#9203,#9204,#9205);
#9203 = CARTESIAN_POINT('',(34.5,-44.,282.));
#9204 = DIRECTION('',(0.,0.,1.));
#9205 = DIRECTION('',(-1.,-0.,0.));
#9206 = DEFINITIONAL_REPRESENTATION('',(#9207),#9211);
#9207 = LINE('',#9208,#9209);
#9208 = CARTESIAN_POINT('',(0.,0.));
#9209 = VECTOR('',#9210,1.);
#9210 = DIRECTION('',(0.,1.));
#9211 = ( GEOMETRIC_REPRESENTATION_CONTEXT(2) 
PARAMETRIC_REPRESENTATION_CONTEXT() REPRESENTATION_CONTEXT('2D SPACE',''
  ) );
#9212 = ORIENTED_EDGE('',*,*,#9213,.F.);
#9213 = EDGE_CURVE('',#9214,#9186,#9216,.T.);
#9214 = VERTEX_POINT('',#9215);
#9215 = CARTESIAN_POINT('',(32.5,-44.,278.));
#9216 = SURFACE_CURVE('',#9217,(#9221,#9228),.PCURVE_S1.);
#9217 = LINE('',#9218,#9219);
#9218 = CARTESIAN_POINT('',(32.5,-44.,278.));
#9219 = VECTOR('',#9220,1.);
#9220 = DIRECTION('',(0.,0.,1.));
#9221 = PCURVE('',#9161,#9222);
#9222 = DEFINITIONAL_REPRESENTATION('',(#9223),#9227);
#9223 = LINE('',#9224,#9225);
#9224 = CARTESIAN_POINT('',(-4.,-2.));
#9225 = VECTOR('',#9226,1.);
#9226 = DIRECTION('',(1.,0.));
#9227 = ( GEOMETRIC_REPRESENTATION_CONTEXT(2) 
PARAMETRIC_REPRESENTATION_CONTEXT() REPRESENTATION_CONTEXT('2D SPACE',''
  ) );
#9228 = PCURVE('',#9229,#9234);
#9229 = PLANE('',#9230);
#9230 = AXIS2_PLACEMENT_3D('',#9231,#9232,#9233);
#9231 = CARTESIAN_POINT('',(32.5,-44.,278.));
#9232 = DIRECTION('',(0.,1.,0.));
#9233 = DIRECTION('',(0.,0.,1.));
#9234 = DEFINITIONAL_REPRESENTATION('',(#9235),#9239);
#9235 = LINE('',#9236,#9237);
#9236 = CARTESIAN_POINT('',(0.,0.));
#9237 = VECTOR('',#9238,1.);
#9238 = DIRECTION('',(1.,0.));
#9239 = ( GEOMETRIC_REPRESENTATION_CONTEXT(2) 
PARAMETRIC_REPRESENTATION_CONTEXT() REPRESENTATION_CONTEXT('2D SPACE',''
  ) );
#9240 = ORIENTED_EDGE('',*,*,#9241,.T.);
#9241 = EDGE_CURVE('',#9214,#9242,#9244,.T.);
#9242 = VERTEX_POINT('',#9243);
#9243 = CARTESIAN_POINT('',(32.5,-38.,278.));
#9244 = SURFACE_CURVE('',#9245,(#9249,#9256),.PCURVE_S1.);
#9245 = LINE('',#9246,#9247);
#9246 = CARTESIAN_POINT('',(32.5,-44.,278.));
#9247 = VECTOR('',#9248,1.);
#9248 = DIRECTION('',(0.,1.,0.));
#9249 = PCURVE('',#9161,#9250);
#9250 = DEFINITIONAL_REPRESENTATION('',(#9251),#9255);
#9251 = LINE('',#9252,#9253);
#9252 = CARTESIAN_POINT('',(-4.,-2.));
#9253 = VECTOR('',#9254,1.);
#9254 = DIRECTION('',(0.,-1.));
#9255 = ( GEOMETRIC_REPRESENTATION_CONTEXT(2) 
PARAMETRIC_REPRESENTATION_CONTEXT() REPRESENTATION_CONTEXT('2D SPACE',''
  ) );
#9256 = PCURVE('',#9257,#9262);
#9257 = PLANE('',#9258);
#9258 = AXIS2_PLACEMENT_3D('',#9259,#9260,#9261);
#9259 = CARTESIAN_POINT('',(32.5,-44.,278.));
#9260 = DIRECTION('',(0.,0.,1.));
#9261 = DIRECTION('',(1.,0.,0.));
#9262 = DEFINITIONAL_REPRESENTATION('',(#9263),#9267);
#9263 = LINE('',#9264,#9265);
#9264 = CARTESIAN_POINT('',(0.,0.));
#9265 = VECTOR('',#9266,1.);
#9266 = DIRECTION('',(0.,1.));
#9267 = ( GEOMETRIC_REPRESENTATION_CONTEXT(2) 
PARAMETRIC_REPRESENTATION_CONTEXT() REPRESENTATION_CONTEXT('2D SPACE',''
  ) );
#9268 = ORIENTED_EDGE('',*,*,#9269,.T.);
#9269 = EDGE_CURVE('',#9242,#9270,#9272,.T.);
#9270 = VERTEX_POINT('',#9271);
#9271 = CARTESIAN_POINT('',(32.5,-38.,282.));
#9272 = SURFACE_CURVE('',#9273,(#9277,#9284),.PCURVE_S1.);
#9273 = LINE('',#9274,#9275);
#9274 = CARTESIAN_POINT('',(32.5,-38.,278.));
#9275 = VECTOR('',#9276,1.);
#9276 = DIRECTION('',(0.,0.,1.));
#9277 = PCURVE('',#9161,#9278);
#9278 = DEFINITIONAL_REPRESENTATION('',(#9279),#9283);
#9279 = LINE('',#9280,#9281);
#9280 = CARTESIAN_POINT('',(-4.,-8.));
#9281 = VECTOR('',#9282,1.);
#9282 = DIRECTION('',(1.,0.));
#9283 = ( GEOMETRIC_REPRESENTATION_CONTEXT(2) 
PARAMETRIC_REPRESENTATION_CONTEXT() REPRESENTATION_CONTEXT('2D SPACE',''
  ) );
#9284 = PCURVE('',#9285,#9290);
#9285 = PLANE('',#9286);
#9286 = AXIS2_PLACEMENT_3D('',#9287,#9288,#9289);
#9287 = CARTESIAN_POINT('',(32.5,-38.,278.));
#9288 = DIRECTION('',(0.,1.,0.));
#9289 = DIRECTION('',(0.,0.,1.));
#9290 = DEFINITIONAL_REPRESENTATION('',(#9291),#9295);
#9291 = LINE('',#9292,#9293);
#9292 = CARTESIAN_POINT('',(0.,0.));
#9293 = VECTOR('',#9294,1.);
#9294 = DIRECTION('',(1.,0.));
#9295 = ( GEOMETRIC_REPRESENTATION_CONTEXT(2) 
PARAMETRIC_REPRESENTATION_CONTEXT() REPRESENTATION_CONTEXT('2D SPACE',''
  ) );
#9296 = ORIENTED_EDGE('',*,*,#9297,.T.);
#9297 = EDGE_CURVE('',#9270,#9298,#9300,.T.);
#9298 = VERTEX_POINT('',#9299);
#9299 = CARTESIAN_POINT('',(32.5,38.,282.));
#9300 = SURFACE_CURVE('',#9301,(#9305,#9312),.PCURVE_S1.);
#9301 = LINE('',#9302,#9303);
#9302 = CARTESIAN_POINT('',(32.5,-46.,282.));
#9303 = VECTOR('',#9304,1.);
#9304 = DIRECTION('',(0.,1.,0.));
#9305 = PCURVE('',#9161,#9306);
#9306 = DEFINITIONAL_REPRESENTATION('',(#9307),#9311);
#9307 = LINE('',#9308,#9309);
#9308 = CARTESIAN_POINT('',(0.,0.));
#9309 = VECTOR('',#9310,1.);
#9310 = DIRECTION('',(0.,-1.));
#9311 = ( GEOMETRIC_REPRESENTATION_CONTEXT(2) 
PARAMETRIC_REPRESENTATION_CONTEXT() REPRESENTATION_CONTEXT('2D SPACE',''
  ) );
#9312 = PCURVE('',#9313,#9318);
#9313 = PLANE('',#9314);
#9314 = AXIS2_PLACEMENT_3D('',#9315,#9316,#9317);
#9315 = CARTESIAN_POINT('',(32.5,-46.,282.));
#9316 = DIRECTION('',(0.,0.,1.));
#9317 = DIRECTION('',(1.,0.,0.));
#9318 = DEFINITIONAL_REPRESENTATION('',(#9319),#9323);
#9319 = LINE('',#9320,#9321);
#9320 = CARTESIAN_POINT('',(0.,0.));
#9321 = VECTOR('',#9322,1.);
#9322 = DIRECTION('',(0.,1.));
#9323 = ( GEOMETRIC_REPRESENTATION_CONTEXT(2) 
PARAMETRIC_REPRESENTATION_CONTEXT() REPRESENTATION_CONTEXT('2D SPACE',''
  ) );
#9324 = ORIENTED_EDGE('',*,*,#9325,.F.);
#9325 = EDGE_CURVE('',#9326,#9298,#9328,.T.);
#9326 = VERTEX_POINT('',#9327);
#9327 = CARTESIAN_POINT('',(32.5,38.,278.));
#9328 = SURFACE_CURVE('',#9329,(#9333,#9340),.PCURVE_S1.);
#9329 = LINE('',#9330,#9331);
#9330 = CARTESIAN_POINT('',(32.5,38.,278.));
#9331 = VECTOR('',#9332,1.);
#9332 = DIRECTION('',(0.,0.,1.));
#9333 = PCURVE('',#9161,#9334);
#9334 = DEFINITIONAL_REPRESENTATION('',(#9335),#9339);
#9335 = LINE('',#9336,#9337);
#9336 = CARTESIAN_POINT('',(-4.,-84.));
#9337 = VECTOR('',#9338,1.);
#9338 = DIRECTION('',(1.,0.));
#9339 = ( GEOMETRIC_REPRESENTATION_CONTEXT(2) 
PARAMETRIC_REPRESENTATION_CONTEXT() REPRESENTATION_CONTEXT('2D SPACE',''
  ) );
#9340 = PCURVE('',#9341,#9346);
#9341 = PLANE('',#9342);
#9342 = AXIS2_PLACEMENT_3D('',#9343,#9344,#9345);
#9343 = CARTESIAN_POINT('',(32.5,38.,278.));
#9344 = DIRECTION('',(0.,1.,0.));
#9345 = DIRECTION('',(0.,0.,1.));
#9346 = DEFINITIONAL_REPRESENTATION('',(#9347),#9351);
#9347 = LINE('',#9348,#9349);
#9348 = CARTESIAN_POINT('',(0.,0.));
#9349 = VECTOR('',#9350,1.);
#9350 = DIRECTION('',(1.,0.));
#9351 = ( GEOMETRIC_REPRESENTATION_CONTEXT(2) 
PARAMETRIC_REPRESENTATION_CONTEXT() REPRESENTATION_CONTEXT('2D SPACE',''
  ) );
#9352 = ORIENTED_EDGE('',*,*,#9353,.T.);
#9353 = EDGE_CURVE('',#9326,#9354,#9356,.T.);
#9354 = VERTEX_POINT('',#9355);
#9355 = CARTESIAN_POINT('',(32.5,44.,278.));
#9356 = SURFACE_CURVE('',#9357,(#9361,#9368),.PCURVE_S1.);
#9357 = LINE('',#9358,#9359);
#9358 = CARTESIAN_POINT('',(32.5,38.,278.));
#9359 = VECTOR('',#9360,1.);
#9360 = DIRECTION('',(0.,1.,0.));
#9361 = PCURVE('',#9161,#9362);
#9362 = DEFINITIONAL_REPRESENTATION('',(#9363),#9367);
#9363 = LINE('',#9364,#9365);
#9364 = CARTESIAN_POINT('',(-4.,-84.));
#9365 = VECTOR('',#9366,1.);
#9366 = DIRECTION('',(0.,-1.));
#9367 = ( GEOMETRIC_REPRESENTATION_CONTEXT(2) 
PARAMETRIC_REPRESENTATION_CONTEXT() REPRESENTATION_CONTEXT('2D SPACE',''
  ) );
#9368 = PCURVE('',#9369,#9374);
#9369 = PLANE('',#9370);
#9370 = AXIS2_PLACEMENT_3D('',#9371,#9372,#9373);
#9371 = CARTESIAN_POINT('',(32.5,38.,278.));
#9372 = DIRECTION('',(0.,0.,1.));
#9373 = DIRECTION('',(1.,0.,0.));
#9374 = DEFINITIONAL_REPRESENTATION('',(#9375),#9379);
#9375 = LINE('',#9376,#9377);
#9376 = CARTESIAN_POINT('',(0.,0.));
#9377 = VECTOR('',#9378,1.);
#9378 = DIRECTION('',(0.,1.));
#9379 = ( GEOMETRIC_REPRESENTATION_CONTEXT(2) 
PARAMETRIC_REPRESENTATION_CONTEXT() REPRESENTATION_CONTEXT('2D SPACE',''
  ) );
#9380 = ORIENTED_EDGE('',*,*,#9381,.T.);
#9381 = EDGE_CURVE('',#9354,#9382,#9384,.T.);
#9382 = VERTEX_POINT('',#9383);
#9383 = CARTESIAN_POINT('',(32.5,44.,282.));
#9384 = SURFACE_CURVE('',#9385,(#9389,#9396),.PCURVE_S1.);
#9385 = LINE('',#9386,#9387);
#9386 = CARTESIAN_POINT('',(32.5,44.,278.));
#9387 = VECTOR('',#9388,1.);
#9388 = DIRECTION('',(0.,0.,1.));
#9389 = PCURVE('',#9161,#9390);
#9390 = DEFINITIONAL_REPRESENTATION('',(#9391),#9395);
#9391 = LINE('',#9392,#9393);
#9392 = CARTESIAN_POINT('',(-4.,-90.));
#9393 = VECTOR('',#9394,1.);
#9394 = DIRECTION('',(1.,0.));
#9395 = ( GEOMETRIC_REPRESENTATION_CONTEXT(2) 
PARAMETRIC_REPRESENTATION_CONTEXT() REPRESENTATION_CONTEXT('2D SPACE',''
  ) );
#9396 = PCURVE('',#9397,#9402);
#9397 = PLANE('',#9398);
#9398 = AXIS2_PLACEMENT_3D('',#9399,#9400,#9401);
#9399 = CARTESIAN_POINT('',(32.5,44.,278.));
#9400 = DIRECTION('',(0.,1.,0.));
#9401 = DIRECTION('',(0.,0.,1.));
#9402 = DEFINITIONAL_REPRESENTATION('',(#9403),#9407);
#9403 = LINE('',#9404,#9405);
#9404 = CARTESIAN_POINT('',(0.,0.));
#9405 = VECTOR('',#9406,1.);
#9406 = DIRECTION('',(1.,0.));
#9407 = ( GEOMETRIC_REPRESENTATION_CONTEXT(2) 
PARAMETRIC_REPRESENTATION_CONTEXT() REPRESENTATION_CONTEXT('2D SPACE',''
  ) );
#9408 = ORIENTED_EDGE('',*,*,#9409,.T.);
#9409 = EDGE_CURVE('',#9382,#9153,#9410,.T.);
#9410 = SURFACE_CURVE('',#9411,(#9415,#9422),.PCURVE_S1.);
#9411 = LINE('',#9412,#9413);
#9412 = CARTESIAN_POINT('',(32.5,44.,282.));
#9413 = VECTOR('',#9414,1.);
#9414 = DIRECTION('',(0.,0.,1.));
#9415 = PCURVE('',#9161,#9416);
#9416 = DEFINITIONAL_REPRESENTATION('',(#9417),#9421);
#9417 = LINE('',#9418,#9419);
#9418 = CARTESIAN_POINT('',(0.,-90.));
#9419 = VECTOR('',#9420,1.);
#9420 = DIRECTION('',(1.,0.));
#9421 = ( GEOMETRIC_REPRESENTATION_CONTEXT(2) 
PARAMETRIC_REPRESENTATION_CONTEXT() REPRESENTATION_CONTEXT('2D SPACE',''
  ) );
#9422 = PCURVE('',#9423,#9428);
#9423 = CYLINDRICAL_SURFACE('',#9424,2.);
#9424 = AXIS2_PLACEMENT_3D('',#9425,#9426,#9427);
#9425 = CARTESIAN_POINT('',(34.5,44.,282.));
#9426 = DIRECTION('',(0.,0.,1.));
#9427 = DIRECTION('',(-1.,-0.,0.));
#9428 = DEFINITIONAL_REPRESENTATION('',(#9429),#9433);
#9429 = LINE('',#9430,#9431);
#9430 = CARTESIAN_POINT('',(-0.,0.));
#9431 = VECTOR('',#9432,1.);
#9432 = DIRECTION('',(-0.,1.));
#9433 = ( GEOMETRIC_REPRESENTATION_CONTEXT(2) 
PARAMETRIC_REPRESENTATION_CONTEXT() REPRESENTATION_CONTEXT('2D SPACE',''
  ) );
#9434 = ADVANCED_FACE('',(#9435),#9173,.T.);
#9435 = FACE_BOUND('',#9436,.T.);
#9436 = EDGE_LOOP('',(#9437,#9438,#9462,#9490,#9523,#9551,#9580,#9608));
#9437 = ORIENTED_EDGE('',*,*,#9150,.F.);
#9438 = ORIENTED_EDGE('',*,*,#9439,.T.);
#9439 = EDGE_CURVE('',#9151,#9440,#9442,.T.);
#9440 = VERTEX_POINT('',#9441);
#9441 = CARTESIAN_POINT('',(34.5,-46.,286.));
#9442 = SURFACE_CURVE('',#9443,(#9448,#9455),.PCURVE_S1.);
#9443 = CIRCLE('',#9444,2.);
#9444 = AXIS2_PLACEMENT_3D('',#9445,#9446,#9447);
#9445 = CARTESIAN_POINT('',(34.5,-44.,286.));
#9446 = DIRECTION('',(0.,0.,1.));
#9447 = DIRECTION('',(0.,-1.,0.));
#9448 = PCURVE('',#9173,#9449);
#9449 = DEFINITIONAL_REPRESENTATION('',(#9450),#9454);
#9450 = CIRCLE('',#9451,2.);
#9451 = AXIS2_PLACEMENT_2D('',#9452,#9453);
#9452 = CARTESIAN_POINT('',(2.,2.));
#9453 = DIRECTION('',(0.,-1.));
#9454 = ( GEOMETRIC_REPRESENTATION_CONTEXT(2) 
PARAMETRIC_REPRESENTATION_CONTEXT() REPRESENTATION_CONTEXT('2D SPACE',''
  ) );
#9455 = PCURVE('',#9201,#9456);
#9456 = DEFINITIONAL_REPRESENTATION('',(#9457),#9461);
#9457 = LINE('',#9458,#9459);
#9458 = CARTESIAN_POINT('',(-4.712388980385,4.));
#9459 = VECTOR('',#9460,1.);
#9460 = DIRECTION('',(1.,0.));
#9461 = ( GEOMETRIC_REPRESENTATION_CONTEXT(2) 
PARAMETRIC_REPRESENTATION_CONTEXT() REPRESENTATION_CONTEXT('2D SPACE',''
  ) );
#9462 = ORIENTED_EDGE('',*,*,#9463,.T.);
#9463 = EDGE_CURVE('',#9440,#9464,#9466,.T.);
#9464 = VERTEX_POINT('',#9465);
#9465 = CARTESIAN_POINT('',(37.5,-46.,286.));
#9466 = SURFACE_CURVE('',#9467,(#9471,#9478),.PCURVE_S1.);
#9467 = LINE('',#9468,#9469);
#9468 = CARTESIAN_POINT('',(32.5,-46.,286.));
#9469 = VECTOR('',#9470,1.);
#9470 = DIRECTION('',(1.,0.,0.));
#9471 = PCURVE('',#9173,#9472);
#9472 = DEFINITIONAL_REPRESENTATION('',(#9473),#9477);
#9473 = LINE('',#9474,#9475);
#9474 = CARTESIAN_POINT('',(0.,0.));
#9475 = VECTOR('',#9476,1.);
#9476 = DIRECTION('',(1.,0.));
#9477 = ( GEOMETRIC_REPRESENTATION_CONTEXT(2) 
PARAMETRIC_REPRESENTATION_CONTEXT() REPRESENTATION_CONTEXT('2D SPACE',''
  ) );
#9478 = PCURVE('',#9479,#9484);
#9479 = PLANE('',#9480);
#9480 = AXIS2_PLACEMENT_3D('',#9481,#9482,#9483);
#9481 = CARTESIAN_POINT('',(32.5,-46.,282.));
#9482 = DIRECTION('',(0.,1.,0.));
#9483 = DIRECTION('',(0.,0.,1.));
#9484 = DEFINITIONAL_REPRESENTATION('',(#9485),#9489);
#9485 = LINE('',#9486,#9487);
#9486 = CARTESIAN_POINT('',(4.,0.));
#9487 = VECTOR('',#9488,1.);
#9488 = DIRECTION('',(0.,1.));
#9489 = ( GEOMETRIC_REPRESENTATION_CONTEXT(2) 
PARAMETRIC_REPRESENTATION_CONTEXT() REPRESENTATION_CONTEXT('2D SPACE',''
  ) );
#9490 = ORIENTED_EDGE('',*,*,#9491,.F.);
#9491 = EDGE_CURVE('',#9492,#9464,#9494,.T.);
#9492 = VERTEX_POINT('',#9493);
#9493 = CARTESIAN_POINT('',(39.5,-44.,286.));
#9494 = SURFACE_CURVE('',#9495,(#9500,#9511),.PCURVE_S1.);
#9495 = CIRCLE('',#9496,2.);
#9496 = AXIS2_PLACEMENT_3D('',#9497,#9498,#9499);
#9497 = CARTESIAN_POINT('',(37.5,-44.,286.));
#9498 = DIRECTION('',(-0.,-0.,-1.));
#9499 = DIRECTION('',(0.,-1.,0.));
#9500 = PCURVE('',#9173,#9501);
#9501 = DEFINITIONAL_REPRESENTATION('',(#9502),#9510);
#9502 = ( BOUNDED_CURVE() B_SPLINE_CURVE(2,(#9503,#9504,#9505,#9506,
#9507,#9508,#9509),.UNSPECIFIED.,.T.,.F.) B_SPLINE_CURVE_WITH_KNOTS((1,2
    ,2,2,2,1),(-2.094395102393,0.,2.094395102393,4.188790204786,
6.28318530718,8.377580409573),.UNSPECIFIED.) CURVE() 
GEOMETRIC_REPRESENTATION_ITEM() RATIONAL_B_SPLINE_CURVE((1.,0.5,1.,0.5,
1.,0.5,1.)) REPRESENTATION_ITEM('') );
#9503 = CARTESIAN_POINT('',(5.,0.));
#9504 = CARTESIAN_POINT('',(1.535898384862,0.));
#9505 = CARTESIAN_POINT('',(3.267949192431,3.));
#9506 = CARTESIAN_POINT('',(5.,6.));
#9507 = CARTESIAN_POINT('',(6.732050807569,3.));
#9508 = CARTESIAN_POINT('',(8.464101615138,3.10862446895E-15));
#9509 = CARTESIAN_POINT('',(5.,0.));
#9510 = ( GEOMETRIC_REPRESENTATION_CONTEXT(2) 
PARAMETRIC_REPRESENTATION_CONTEXT() REPRESENTATION_CONTEXT('2D SPACE',''
  ) );
#9511 = PCURVE('',#9512,#9517);
#9512 = CYLINDRICAL_SURFACE('',#9513,2.);
#9513 = AXIS2_PLACEMENT_3D('',#9514,#9515,#9516);
#9514 = CARTESIAN_POINT('',(37.5,-44.,282.));
#9515 = DIRECTION('',(0.,0.,1.));
#9516 = DIRECTION('',(1.,0.,-0.));
#9517 = DEFINITIONAL_REPRESENTATION('',(#9518),#9522);
#9518 = LINE('',#9519,#9520);
#9519 = CARTESIAN_POINT('',(4.712388980385,4.));
#9520 = VECTOR('',#9521,1.);
#9521 = DIRECTION('',(-1.,0.));
#9522 = ( GEOMETRIC_REPRESENTATION_CONTEXT(2) 
PARAMETRIC_REPRESENTATION_CONTEXT() REPRESENTATION_CONTEXT('2D SPACE',''
  ) );
#9523 = ORIENTED_EDGE('',*,*,#9524,.T.);
#9524 = EDGE_CURVE('',#9492,#9525,#9527,.T.);
#9525 = VERTEX_POINT('',#9526);
#9526 = CARTESIAN_POINT('',(39.5,44.,286.));
#9527 = SURFACE_CURVE('',#9528,(#9532,#9539),.PCURVE_S1.);
#9528 = LINE('',#9529,#9530);
#9529 = CARTESIAN_POINT('',(39.5,-44.,286.));
#9530 = VECTOR('',#9531,1.);
#9531 = DIRECTION('',(0.,1.,0.));
#9532 = PCURVE('',#9173,#9533);
#9533 = DEFINITIONAL_REPRESENTATION('',(#9534),#9538);
#9534 = LINE('',#9535,#9536);
#9535 = CARTESIAN_POINT('',(7.,2.));
#9536 = VECTOR('',#9537,1.);
#9537 = DIRECTION('',(0.,1.));
#9538 = ( GEOMETRIC_REPRESENTATION_CONTEXT(2) 
PARAMETRIC_REPRESENTATION_CONTEXT() REPRESENTATION_CONTEXT('2D SPACE',''
  ) );
#9539 = PCURVE('',#9540,#9545);
#9540 = PLANE('',#9541);
#9541 = AXIS2_PLACEMENT_3D('',#9542,#9543,#9544);
#9542 = CARTESIAN_POINT('',(39.5,-46.,282.));
#9543 = DIRECTION('',(1.,0.,0.));
#9544 = DIRECTION('',(0.,0.,1.));
#9545 = DEFINITIONAL_REPRESENTATION('',(#9546),#9550);
#9546 = LINE('',#9547,#9548);
#9547 = CARTESIAN_POINT('',(4.,-2.));
#9548 = VECTOR('',#9549,1.);
#9549 = DIRECTION('',(0.,-1.));
#9550 = ( GEOMETRIC_REPRESENTATION_CONTEXT(2) 
PARAMETRIC_REPRESENTATION_CONTEXT() REPRESENTATION_CONTEXT('2D SPACE',''
  ) );
#9551 = ORIENTED_EDGE('',*,*,#9552,.T.);
#9552 = EDGE_CURVE('',#9525,#9553,#9555,.T.);
#9553 = VERTEX_POINT('',#9554);
#9554 = CARTESIAN_POINT('',(37.5,46.,286.));
#9555 = SURFACE_CURVE('',#9556,(#9561,#9568),.PCURVE_S1.);
#9556 = CIRCLE('',#9557,2.);
#9557 = AXIS2_PLACEMENT_3D('',#9558,#9559,#9560);
#9558 = CARTESIAN_POINT('',(37.5,44.,286.));
#9559 = DIRECTION('',(0.,0.,1.));
#9560 = DIRECTION('',(0.,-1.,0.));
#9561 = PCURVE('',#9173,#9562);
#9562 = DEFINITIONAL_REPRESENTATION('',(#9563),#9567);
#9563 = CIRCLE('',#9564,2.);
#9564 = AXIS2_PLACEMENT_2D('',#9565,#9566);
#9565 = CARTESIAN_POINT('',(5.,90.));
#9566 = DIRECTION('',(0.,-1.));
#9567 = ( GEOMETRIC_REPRESENTATION_CONTEXT(2) 
PARAMETRIC_REPRESENTATION_CONTEXT() REPRESENTATION_CONTEXT('2D SPACE',''
  ) );
#9568 = PCURVE('',#9569,#9574);
#9569 = CYLINDRICAL_SURFACE('',#9570,2.);
#9570 = AXIS2_PLACEMENT_3D('',#9571,#9572,#9573);
#9571 = CARTESIAN_POINT('',(37.5,44.,282.));
#9572 = DIRECTION('',(0.,0.,1.));
#9573 = DIRECTION('',(1.,0.,-0.));
#9574 = DEFINITIONAL_REPRESENTATION('',(#9575),#9579);
#9575 = LINE('',#9576,#9577);
#9576 = CARTESIAN_POINT('',(-1.570796326795,4.));
#9577 = VECTOR('',#9578,1.);
#9578 = DIRECTION('',(1.,0.));
#9579 = ( GEOMETRIC_REPRESENTATION_CONTEXT(2) 
PARAMETRIC_REPRESENTATION_CONTEXT() REPRESENTATION_CONTEXT('2D SPACE',''
  ) );
#9580 = ORIENTED_EDGE('',*,*,#9581,.F.);
#9581 = EDGE_CURVE('',#9582,#9553,#9584,.T.);
#9582 = VERTEX_POINT('',#9583);
#9583 = CARTESIAN_POINT('',(34.5,46.,286.));
#9584 = SURFACE_CURVE('',#9585,(#9589,#9596),.PCURVE_S1.);
#9585 = LINE('',#9586,#9587);
#9586 = CARTESIAN_POINT('',(32.5,46.,286.));
#9587 = VECTOR('',#9588,1.);
#9588 = DIRECTION('',(1.,0.,0.));
#9589 = PCURVE('',#9173,#9590);
#9590 = DEFINITIONAL_REPRESENTATION('',(#9591),#9595);
#9591 = LINE('',#9592,#9593);
#9592 = CARTESIAN_POINT('',(0.,92.));
#9593 = VECTOR('',#9594,1.);
#9594 = DIRECTION('',(1.,0.));
#9595 = ( GEOMETRIC_REPRESENTATION_CONTEXT(2) 
PARAMETRIC_REPRESENTATION_CONTEXT() REPRESENTATION_CONTEXT('2D SPACE',''
  ) );
#9596 = PCURVE('',#9597,#9602);
#9597 = PLANE('',#9598);
#9598 = AXIS2_PLACEMENT_3D('',#9599,#9600,#9601);
#9599 = CARTESIAN_POINT('',(32.5,46.,282.));
#9600 = DIRECTION('',(0.,1.,0.));
#9601 = DIRECTION('',(0.,0.,1.));
#9602 = DEFINITIONAL_REPRESENTATION('',(#9603),#9607);
#9603 = LINE('',#9604,#9605);
#9604 = CARTESIAN_POINT('',(4.,0.));
#9605 = VECTOR('',#9606,1.);
#9606 = DIRECTION('',(0.,1.));
#9607 = ( GEOMETRIC_REPRESENTATION_CONTEXT(2) 
PARAMETRIC_REPRESENTATION_CONTEXT() REPRESENTATION_CONTEXT('2D SPACE',''
  ) );
#9608 = ORIENTED_EDGE('',*,*,#9609,.F.);
#9609 = EDGE_CURVE('',#9153,#9582,#9610,.T.);
#9610 = SURFACE_CURVE('',#9611,(#9616,#9627),.PCURVE_S1.);
#9611 = CIRCLE('',#9612,2.);
#9612 = AXIS2_PLACEMENT_3D('',#9613,#9614,#9615);
#9613 = CARTESIAN_POINT('',(34.5,44.,286.));
#9614 = DIRECTION('',(-0.,-0.,-1.));
#9615 = DIRECTION('',(0.,-1.,0.));
#9616 = PCURVE('',#9173,#9617);
#9617 = DEFINITIONAL_REPRESENTATION('',(#9618),#9626);
#9618 = ( BOUNDED_CURVE() B_SPLINE_CURVE(2,(#9619,#9620,#9621,#9622,
#9623,#9624,#9625),.UNSPECIFIED.,.T.,.F.) B_SPLINE_CURVE_WITH_KNOTS((1,2
    ,2,2,2,1),(-2.094395102393,0.,2.094395102393,4.188790204786,
6.28318530718,8.377580409573),.UNSPECIFIED.) CURVE() 
GEOMETRIC_REPRESENTATION_ITEM() RATIONAL_B_SPLINE_CURVE((1.,0.5,1.,0.5,
1.,0.5,1.)) REPRESENTATION_ITEM('') );
#9619 = CARTESIAN_POINT('',(2.,88.));
#9620 = CARTESIAN_POINT('',(-1.464101615138,88.));
#9621 = CARTESIAN_POINT('',(0.267949192431,91.));
#9622 = CARTESIAN_POINT('',(2.,94.));
#9623 = CARTESIAN_POINT('',(3.732050807569,91.));
#9624 = CARTESIAN_POINT('',(5.464101615138,88.));
#9625 = CARTESIAN_POINT('',(2.,88.));
#9626 = ( GEOMETRIC_REPRESENTATION_CONTEXT(2) 
PARAMETRIC_REPRESENTATION_CONTEXT() REPRESENTATION_CONTEXT('2D SPACE',''
  ) );
#9627 = PCURVE('',#9423,#9628);
#9628 = DEFINITIONAL_REPRESENTATION('',(#9629),#9633);
#9629 = LINE('',#9630,#9631);
#9630 = CARTESIAN_POINT('',(1.570796326795,4.));
#9631 = VECTOR('',#9632,1.);
#9632 = DIRECTION('',(-1.,0.));
#9633 = ( GEOMETRIC_REPRESENTATION_CONTEXT(2) 
PARAMETRIC_REPRESENTATION_CONTEXT() REPRESENTATION_CONTEXT('2D SPACE',''
  ) );
#9634 = ADVANCED_FACE('',(#9635),#9201,.T.);
#9635 = FACE_BOUND('',#9636,.T.);
#9636 = EDGE_LOOP('',(#9637,#9666,#9687,#9688));
#9637 = ORIENTED_EDGE('',*,*,#9638,.T.);
#9638 = EDGE_CURVE('',#9186,#9639,#9641,.T.);
#9639 = VERTEX_POINT('',#9640);
#9640 = CARTESIAN_POINT('',(34.5,-46.,282.));
#9641 = SURFACE_CURVE('',#9642,(#9647,#9654),.PCURVE_S1.);
#9642 = CIRCLE('',#9643,2.);
#9643 = AXIS2_PLACEMENT_3D('',#9644,#9645,#9646);
#9644 = CARTESIAN_POINT('',(34.5,-44.,282.));
#9645 = DIRECTION('',(0.,0.,1.));
#9646 = DIRECTION('',(0.,-1.,0.));
#9647 = PCURVE('',#9201,#9648);
#9648 = DEFINITIONAL_REPRESENTATION('',(#9649),#9653);
#9649 = LINE('',#9650,#9651);
#9650 = CARTESIAN_POINT('',(-4.712388980385,0.));
#9651 = VECTOR('',#9652,1.);
#9652 = DIRECTION('',(1.,0.));
#9653 = ( GEOMETRIC_REPRESENTATION_CONTEXT(2) 
PARAMETRIC_REPRESENTATION_CONTEXT() REPRESENTATION_CONTEXT('2D SPACE',''
  ) );
#9654 = PCURVE('',#9655,#9660);
#9655 = PLANE('',#9656);
#9656 = AXIS2_PLACEMENT_3D('',#9657,#9658,#9659);
#9657 = CARTESIAN_POINT('',(32.5,-46.,282.));
#9658 = DIRECTION('',(0.,0.,1.));
#9659 = DIRECTION('',(1.,0.,0.));
#9660 = DEFINITIONAL_REPRESENTATION('',(#9661),#9665);
#9661 = CIRCLE('',#9662,2.);
#9662 = AXIS2_PLACEMENT_2D('',#9663,#9664);
#9663 = CARTESIAN_POINT('',(2.,2.));
#9664 = DIRECTION('',(0.,-1.));
#9665 = ( GEOMETRIC_REPRESENTATION_CONTEXT(2) 
PARAMETRIC_REPRESENTATION_CONTEXT() REPRESENTATION_CONTEXT('2D SPACE',''
  ) );
#9666 = ORIENTED_EDGE('',*,*,#9667,.T.);
#9667 = EDGE_CURVE('',#9639,#9440,#9668,.T.);
#9668 = SURFACE_CURVE('',#9669,(#9673,#9680),.PCURVE_S1.);
#9669 = LINE('',#9670,#9671);
#9670 = CARTESIAN_POINT('',(34.5,-46.,282.));
#9671 = VECTOR('',#9672,1.);
#9672 = DIRECTION('',(0.,0.,1.));
#9673 = PCURVE('',#9201,#9674);
#9674 = DEFINITIONAL_REPRESENTATION('',(#9675),#9679);
#9675 = LINE('',#9676,#9677);
#9676 = CARTESIAN_POINT('',(1.570796326795,0.));
#9677 = VECTOR('',#9678,1.);
#9678 = DIRECTION('',(0.,1.));
#9679 = ( GEOMETRIC_REPRESENTATION_CONTEXT(2) 
PARAMETRIC_REPRESENTATION_CONTEXT() REPRESENTATION_CONTEXT('2D SPACE',''
  ) );
#9680 = PCURVE('',#9479,#9681);
#9681 = DEFINITIONAL_REPRESENTATION('',(#9682),#9686);
#9682 = LINE('',#9683,#9684);
#9683 = CARTESIAN_POINT('',(0.,2.));
#9684 = VECTOR('',#9685,1.);
#9685 = DIRECTION('',(1.,0.));
#9686 = ( GEOMETRIC_REPRESENTATION_CONTEXT(2) 
PARAMETRIC_REPRESENTATION_CONTEXT() REPRESENTATION_CONTEXT('2D SPACE',''
  ) );
#9687 = ORIENTED_EDGE('',*,*,#9439,.F.);
#9688 = ORIENTED_EDGE('',*,*,#9185,.F.);
#9689 = ADVANCED_FACE('',(#9690,#9758),#9229,.F.);
#9690 = FACE_BOUND('',#9691,.F.);
#9691 = EDGE_LOOP('',(#9692,#9717,#9738,#9739));
#9692 = ORIENTED_EDGE('',*,*,#9693,.F.);
#9693 = EDGE_CURVE('',#9694,#9696,#9698,.T.);
#9694 = VERTEX_POINT('',#9695);
#9695 = CARTESIAN_POINT('',(39.5,-44.,278.));
#9696 = VERTEX_POINT('',#9697);
#9697 = CARTESIAN_POINT('',(39.5,-44.,282.));
#9698 = SURFACE_CURVE('',#9699,(#9703,#9710),.PCURVE_S1.);
#9699 = LINE('',#9700,#9701);
#9700 = CARTESIAN_POINT('',(39.5,-44.,278.));
#9701 = VECTOR('',#9702,1.);
#9702 = DIRECTION('',(0.,0.,1.));
#9703 = PCURVE('',#9229,#9704);
#9704 = DEFINITIONAL_REPRESENTATION('',(#9705),#9709);
#9705 = LINE('',#9706,#9707);
#9706 = CARTESIAN_POINT('',(0.,7.));
#9707 = VECTOR('',#9708,1.);
#9708 = DIRECTION('',(1.,0.));
#9709 = ( GEOMETRIC_REPRESENTATION_CONTEXT(2) 
PARAMETRIC_REPRESENTATION_CONTEXT() REPRESENTATION_CONTEXT('2D SPACE',''
  ) );
#9710 = PCURVE('',#9540,#9711);
#9711 = DEFINITIONAL_REPRESENTATION('',(#9712),#9716);
#9712 = LINE('',#9713,#9714);
#9713 = CARTESIAN_POINT('',(-4.,-2.));
#9714 = VECTOR('',#9715,1.);
#9715 = DIRECTION('',(1.,0.));
#9716 = ( GEOMETRIC_REPRESENTATION_CONTEXT(2) 
PARAMETRIC_REPRESENTATION_CONTEXT() REPRESENTATION_CONTEXT('2D SPACE',''
  ) );
#9717 = ORIENTED_EDGE('',*,*,#9718,.F.);
#9718 = EDGE_CURVE('',#9214,#9694,#9719,.T.);
#9719 = SURFACE_CURVE('',#9720,(#9724,#9731),.PCURVE_S1.);
#9720 = LINE('',#9721,#9722);
#9721 = CARTESIAN_POINT('',(32.5,-44.,278.));
#9722 = VECTOR('',#9723,1.);
#9723 = DIRECTION('',(1.,0.,0.));
#9724 = PCURVE('',#9229,#9725);
#9725 = DEFINITIONAL_REPRESENTATION('',(#9726),#9730);
#9726 = LINE('',#9727,#9728);
#9727 = CARTESIAN_POINT('',(0.,0.));
#9728 = VECTOR('',#9729,1.);
#9729 = DIRECTION('',(0.,1.));
#9730 = ( GEOMETRIC_REPRESENTATION_CONTEXT(2) 
PARAMETRIC_REPRESENTATION_CONTEXT() REPRESENTATION_CONTEXT('2D SPACE',''
  ) );
#9731 = PCURVE('',#9257,#9732);
#9732 = DEFINITIONAL_REPRESENTATION('',(#9733),#9737);
#9733 = LINE('',#9734,#9735);
#9734 = CARTESIAN_POINT('',(0.,0.));
#9735 = VECTOR('',#9736,1.);
#9736 = DIRECTION('',(1.,0.));
#9737 = ( GEOMETRIC_REPRESENTATION_CONTEXT(2) 
PARAMETRIC_REPRESENTATION_CONTEXT() REPRESENTATION_CONTEXT('2D SPACE',''
  ) );
#9738 = ORIENTED_EDGE('',*,*,#9213,.T.);
#9739 = ORIENTED_EDGE('',*,*,#9740,.F.);
#9740 = EDGE_CURVE('',#9696,#9186,#9741,.T.);
#9741 = SURFACE_CURVE('',#9742,(#9746,#9752),.PCURVE_S1.);
#9742 = LINE('',#9743,#9744);
#9743 = CARTESIAN_POINT('',(32.5,-44.,282.));
#9744 = VECTOR('',#9745,1.);
#9745 = DIRECTION('',(-1.,0.,0.));
#9746 = PCURVE('',#9229,#9747);
#9747 = DEFINITIONAL_REPRESENTATION('',(#9748),#9751);
#9748 = B_SPLINE_CURVE_WITH_KNOTS('',1,(#9749,#9750),.UNSPECIFIED.,.F.,
  .F.,(2,2),(-7.,0.),.PIECEWISE_BEZIER_KNOTS.);
#9749 = CARTESIAN_POINT('',(4.,7.));
#9750 = CARTESIAN_POINT('',(4.,0.));
#9751 = ( GEOMETRIC_REPRESENTATION_CONTEXT(2) 
PARAMETRIC_REPRESENTATION_CONTEXT() REPRESENTATION_CONTEXT('2D SPACE',''
  ) );
#9752 = PCURVE('',#9655,#9753);
#9753 = DEFINITIONAL_REPRESENTATION('',(#9754),#9757);
#9754 = B_SPLINE_CURVE_WITH_KNOTS('',1,(#9755,#9756),.UNSPECIFIED.,.F.,
  .F.,(2,2),(-7.,0.),.PIECEWISE_BEZIER_KNOTS.);
#9755 = CARTESIAN_POINT('',(7.,2.));
#9756 = CARTESIAN_POINT('',(0.,2.));
#9757 = ( GEOMETRIC_REPRESENTATION_CONTEXT(2) 
PARAMETRIC_REPRESENTATION_CONTEXT() REPRESENTATION_CONTEXT('2D SPACE',''
  ) );
#9758 = FACE_BOUND('',#9759,.F.);
#9759 = EDGE_LOOP('',(#9760));
#9760 = ORIENTED_EDGE('',*,*,#9761,.F.);
#9761 = EDGE_CURVE('',#9762,#9762,#9764,.T.);
#9762 = VERTEX_POINT('',#9763);
#9763 = CARTESIAN_POINT('',(37.2,-44.,280.));
#9764 = SURFACE_CURVE('',#9765,(#9770,#9777),.PCURVE_S1.);
#9765 = CIRCLE('',#9766,1.2);
#9766 = AXIS2_PLACEMENT_3D('',#9767,#9768,#9769);
#9767 = CARTESIAN_POINT('',(36.,-44.,280.));
#9768 = DIRECTION('',(-0.,1.,0.));
#9769 = DIRECTION('',(1.,0.,0.));
#9770 = PCURVE('',#9229,#9771);
#9771 = DEFINITIONAL_REPRESENTATION('',(#9772),#9776);
#9772 = CIRCLE('',#9773,1.2);
#9773 = AXIS2_PLACEMENT_2D('',#9774,#9775);
#9774 = CARTESIAN_POINT('',(2.,3.5));
#9775 = DIRECTION('',(0.,1.));
#9776 = ( GEOMETRIC_REPRESENTATION_CONTEXT(2) 
PARAMETRIC_REPRESENTATION_CONTEXT() REPRESENTATION_CONTEXT('2D SPACE',''
  ) );
#9777 = PCURVE('',#9778,#9783);
#9778 = CYLINDRICAL_SURFACE('',#9779,1.2);
#9779 = AXIS2_PLACEMENT_3D('',#9780,#9781,#9782);
#9780 = CARTESIAN_POINT('',(36.,-36.,280.));
#9781 = DIRECTION('',(-0.,1.,-0.));
#9782 = DIRECTION('',(1.,0.,0.));
#9783 = DEFINITIONAL_REPRESENTATION('',(#9784),#9788);
#9784 = LINE('',#9785,#9786);
#9785 = CARTESIAN_POINT('',(-6.28318530718,-8.));
#9786 = VECTOR('',#9787,1.);
#9787 = DIRECTION('',(1.,-0.));
#9788 = ( GEOMETRIC_REPRESENTATION_CONTEXT(2) 
PARAMETRIC_REPRESENTATION_CONTEXT() REPRESENTATION_CONTEXT('2D SPACE',''
  ) );
#9789 = ADVANCED_FACE('',(#9790),#9257,.F.);
#9790 = FACE_BOUND('',#9791,.F.);
#9791 = EDGE_LOOP('',(#9792,#9793,#9794,#9817));
#9792 = ORIENTED_EDGE('',*,*,#9241,.F.);
#9793 = ORIENTED_EDGE('',*,*,#9718,.T.);
#9794 = ORIENTED_EDGE('',*,*,#9795,.T.);
#9795 = EDGE_CURVE('',#9694,#9796,#9798,.T.);
#9796 = VERTEX_POINT('',#9797);
#9797 = CARTESIAN_POINT('',(39.5,-38.,278.));
#9798 = SURFACE_CURVE('',#9799,(#9803,#9810),.PCURVE_S1.);
#9799 = LINE('',#9800,#9801);
#9800 = CARTESIAN_POINT('',(39.5,-44.,278.));
#9801 = VECTOR('',#9802,1.);
#9802 = DIRECTION('',(0.,1.,0.));
#9803 = PCURVE('',#9257,#9804);
#9804 = DEFINITIONAL_REPRESENTATION('',(#9805),#9809);
#9805 = LINE('',#9806,#9807);
#9806 = CARTESIAN_POINT('',(7.,0.));
#9807 = VECTOR('',#9808,1.);
#9808 = DIRECTION('',(0.,1.));
#9809 = ( GEOMETRIC_REPRESENTATION_CONTEXT(2) 
PARAMETRIC_REPRESENTATION_CONTEXT() REPRESENTATION_CONTEXT('2D SPACE',''
  ) );
#9810 = PCURVE('',#9540,#9811);
#9811 = DEFINITIONAL_REPRESENTATION('',(#9812),#9816);
#9812 = LINE('',#9813,#9814);
#9813 = CARTESIAN_POINT('',(-4.,-2.));
#9814 = VECTOR('',#9815,1.);
#9815 = DIRECTION('',(0.,-1.));
#9816 = ( GEOMETRIC_REPRESENTATION_CONTEXT(2) 
PARAMETRIC_REPRESENTATION_CONTEXT() REPRESENTATION_CONTEXT('2D SPACE',''
  ) );
#9817 = ORIENTED_EDGE('',*,*,#9818,.F.);
#9818 = EDGE_CURVE('',#9242,#9796,#9819,.T.);
#9819 = SURFACE_CURVE('',#9820,(#9824,#9831),.PCURVE_S1.);
#9820 = LINE('',#9821,#9822);
#9821 = CARTESIAN_POINT('',(32.5,-38.,278.));
#9822 = VECTOR('',#9823,1.);
#9823 = DIRECTION('',(1.,0.,0.));
#9824 = PCURVE('',#9257,#9825);
#9825 = DEFINITIONAL_REPRESENTATION('',(#9826),#9830);
#9826 = LINE('',#9827,#9828);
#9827 = CARTESIAN_POINT('',(0.,6.));
#9828 = VECTOR('',#9829,1.);
#9829 = DIRECTION('',(1.,0.));
#9830 = ( GEOMETRIC_REPRESENTATION_CONTEXT(2) 
PARAMETRIC_REPRESENTATION_CONTEXT() REPRESENTATION_CONTEXT('2D SPACE',''
  ) );
#9831 = PCURVE('',#9285,#9832);
#9832 = DEFINITIONAL_REPRESENTATION('',(#9833),#9837);
#9833 = LINE('',#9834,#9835);
#9834 = CARTESIAN_POINT('',(0.,0.));
#9835 = VECTOR('',#9836,1.);
#9836 = DIRECTION('',(0.,1.));
#9837 = ( GEOMETRIC_REPRESENTATION_CONTEXT(2) 
PARAMETRIC_REPRESENTATION_CONTEXT() REPRESENTATION_CONTEXT('2D SPACE',''
  ) );
#9838 = ADVANCED_FACE('',(#9839,#9885),#9285,.T.);
#9839 = FACE_BOUND('',#9840,.T.);
#9840 = EDGE_LOOP('',(#9841,#9864,#9865,#9866));
#9841 = ORIENTED_EDGE('',*,*,#9842,.F.);
#9842 = EDGE_CURVE('',#9796,#9843,#9845,.T.);
#9843 = VERTEX_POINT('',#9844);
#9844 = CARTESIAN_POINT('',(39.5,-38.,282.));
#9845 = SURFACE_CURVE('',#9846,(#9850,#9857),.PCURVE_S1.);
#9846 = LINE('',#9847,#9848);
#9847 = CARTESIAN_POINT('',(39.5,-38.,278.));
#9848 = VECTOR('',#9849,1.);
#9849 = DIRECTION('',(0.,0.,1.));
#9850 = PCURVE('',#9285,#9851);
#9851 = DEFINITIONAL_REPRESENTATION('',(#9852),#9856);
#9852 = LINE('',#9853,#9854);
#9853 = CARTESIAN_POINT('',(0.,7.));
#9854 = VECTOR('',#9855,1.);
#9855 = DIRECTION('',(1.,0.));
#9856 = ( GEOMETRIC_REPRESENTATION_CONTEXT(2) 
PARAMETRIC_REPRESENTATION_CONTEXT() REPRESENTATION_CONTEXT('2D SPACE',''
  ) );
#9857 = PCURVE('',#9540,#9858);
#9858 = DEFINITIONAL_REPRESENTATION('',(#9859),#9863);
#9859 = LINE('',#9860,#9861);
#9860 = CARTESIAN_POINT('',(-4.,-8.));
#9861 = VECTOR('',#9862,1.);
#9862 = DIRECTION('',(1.,0.));
#9863 = ( GEOMETRIC_REPRESENTATION_CONTEXT(2) 
PARAMETRIC_REPRESENTATION_CONTEXT() REPRESENTATION_CONTEXT('2D SPACE',''
  ) );
#9864 = ORIENTED_EDGE('',*,*,#9818,.F.);
#9865 = ORIENTED_EDGE('',*,*,#9269,.T.);
#9866 = ORIENTED_EDGE('',*,*,#9867,.F.);
#9867 = EDGE_CURVE('',#9843,#9270,#9868,.T.);
#9868 = SURFACE_CURVE('',#9869,(#9873,#9879),.PCURVE_S1.);
#9869 = LINE('',#9870,#9871);
#9870 = CARTESIAN_POINT('',(32.5,-38.,282.));
#9871 = VECTOR('',#9872,1.);
#9872 = DIRECTION('',(-1.,0.,0.));
#9873 = PCURVE('',#9285,#9874);
#9874 = DEFINITIONAL_REPRESENTATION('',(#9875),#9878);
#9875 = B_SPLINE_CURVE_WITH_KNOTS('',1,(#9876,#9877),.UNSPECIFIED.,.F.,
  .F.,(2,2),(-7.,0.),.PIECEWISE_BEZIER_KNOTS.);
#9876 = CARTESIAN_POINT('',(4.,7.));
#9877 = CARTESIAN_POINT('',(4.,0.));
#9878 = ( GEOMETRIC_REPRESENTATION_CONTEXT(2) 
PARAMETRIC_REPRESENTATION_CONTEXT() REPRESENTATION_CONTEXT('2D SPACE',''
  ) );
#9879 = PCURVE('',#9313,#9880);
#9880 = DEFINITIONAL_REPRESENTATION('',(#9881),#9884);
#9881 = B_SPLINE_CURVE_WITH_KNOTS('',1,(#9882,#9883),.UNSPECIFIED.,.F.,
  .F.,(2,2),(-7.,0.),.PIECEWISE_BEZIER_KNOTS.);
#9882 = CARTESIAN_POINT('',(7.,8.));
#9883 = CARTESIAN_POINT('',(0.,8.));
#9884 = ( GEOMETRIC_REPRESENTATION_CONTEXT(2) 
PARAMETRIC_REPRESENTATION_CONTEXT() REPRESENTATION_CONTEXT('2D SPACE',''
  ) );
#9885 = FACE_BOUND('',#9886,.T.);
#9886 = EDGE_LOOP('',(#9887));
#9887 = ORIENTED_EDGE('',*,*,#9888,.F.);
#9888 = EDGE_CURVE('',#9889,#9889,#9891,.T.);
#9889 = VERTEX_POINT('',#9890);
#9890 = CARTESIAN_POINT('',(37.2,-38.,280.));
#9891 = SURFACE_CURVE('',#9892,(#9897,#9904),.PCURVE_S1.);
#9892 = CIRCLE('',#9893,1.2);
#9893 = AXIS2_PLACEMENT_3D('',#9894,#9895,#9896);
#9894 = CARTESIAN_POINT('',(36.,-38.,280.));
#9895 = DIRECTION('',(-0.,1.,0.));
#9896 = DIRECTION('',(1.,0.,0.));
#9897 = PCURVE('',#9285,#9898);
#9898 = DEFINITIONAL_REPRESENTATION('',(#9899),#9903);
#9899 = CIRCLE('',#9900,1.2);
#9900 = AXIS2_PLACEMENT_2D('',#9901,#9902);
#9901 = CARTESIAN_POINT('',(2.,3.5));
#9902 = DIRECTION('',(0.,1.));
#9903 = ( GEOMETRIC_REPRESENTATION_CONTEXT(2) 
PARAMETRIC_REPRESENTATION_CONTEXT() REPRESENTATION_CONTEXT('2D SPACE',''
  ) );
#9904 = PCURVE('',#9778,#9905);
#9905 = DEFINITIONAL_REPRESENTATION('',(#9906),#9910);
#9906 = LINE('',#9907,#9908);
#9907 = CARTESIAN_POINT('',(-6.28318530718,-2.));
#9908 = VECTOR('',#9909,1.);
#9909 = DIRECTION('',(1.,-0.));
#9910 = ( GEOMETRIC_REPRESENTATION_CONTEXT(2) 
PARAMETRIC_REPRESENTATION_CONTEXT() REPRESENTATION_CONTEXT('2D SPACE',''
  ) );
#9911 = ADVANCED_FACE('',(#9912),#9313,.F.);
#9912 = FACE_BOUND('',#9913,.F.);
#9913 = EDGE_LOOP('',(#9914,#9915,#9916,#9939));
#9914 = ORIENTED_EDGE('',*,*,#9297,.F.);
#9915 = ORIENTED_EDGE('',*,*,#9867,.F.);
#9916 = ORIENTED_EDGE('',*,*,#9917,.T.);
#9917 = EDGE_CURVE('',#9843,#9918,#9920,.T.);
#9918 = VERTEX_POINT('',#9919);
#9919 = CARTESIAN_POINT('',(39.5,38.,282.));
#9920 = SURFACE_CURVE('',#9921,(#9925,#9932),.PCURVE_S1.);
#9921 = LINE('',#9922,#9923);
#9922 = CARTESIAN_POINT('',(39.5,-46.,282.));
#9923 = VECTOR('',#9924,1.);
#9924 = DIRECTION('',(0.,1.,0.));
#9925 = PCURVE('',#9313,#9926);
#9926 = DEFINITIONAL_REPRESENTATION('',(#9927),#9931);
#9927 = LINE('',#9928,#9929);
#9928 = CARTESIAN_POINT('',(7.,0.));
#9929 = VECTOR('',#9930,1.);
#9930 = DIRECTION('',(0.,1.));
#9931 = ( GEOMETRIC_REPRESENTATION_CONTEXT(2) 
PARAMETRIC_REPRESENTATION_CONTEXT() REPRESENTATION_CONTEXT('2D SPACE',''
  ) );
#9932 = PCURVE('',#9540,#9933);
#9933 = DEFINITIONAL_REPRESENTATION('',(#9934),#9938);
#9934 = LINE('',#9935,#9936);
#9935 = CARTESIAN_POINT('',(0.,0.));
#9936 = VECTOR('',#9937,1.);
#9937 = DIRECTION('',(0.,-1.));
#9938 = ( GEOMETRIC_REPRESENTATION_CONTEXT(2) 
PARAMETRIC_REPRESENTATION_CONTEXT() REPRESENTATION_CONTEXT('2D SPACE',''
  ) );
#9939 = ORIENTED_EDGE('',*,*,#9940,.T.);
#9940 = EDGE_CURVE('',#9918,#9298,#9941,.T.);
#9941 = SURFACE_CURVE('',#9942,(#9946,#9952),.PCURVE_S1.);
#9942 = LINE('',#9943,#9944);
#9943 = CARTESIAN_POINT('',(32.5,38.,282.));
#9944 = VECTOR('',#9945,1.);
#9945 = DIRECTION('',(-1.,0.,0.));
#9946 = PCURVE('',#9313,#9947);
#9947 = DEFINITIONAL_REPRESENTATION('',(#9948),#9951);
#9948 = B_SPLINE_CURVE_WITH_KNOTS('',1,(#9949,#9950),.UNSPECIFIED.,.F.,
  .F.,(2,2),(-7.,0.),.PIECEWISE_BEZIER_KNOTS.);
#9949 = CARTESIAN_POINT('',(7.,84.));
#9950 = CARTESIAN_POINT('',(0.,84.));
#9951 = ( GEOMETRIC_REPRESENTATION_CONTEXT(2) 
PARAMETRIC_REPRESENTATION_CONTEXT() REPRESENTATION_CONTEXT('2D SPACE',''
  ) );
#9952 = PCURVE('',#9341,#9953);
#9953 = DEFINITIONAL_REPRESENTATION('',(#9954),#9957);
#9954 = B_SPLINE_CURVE_WITH_KNOTS('',1,(#9955,#9956),.UNSPECIFIED.,.F.,
  .F.,(2,2),(-7.,0.),.PIECEWISE_BEZIER_KNOTS.);
#9955 = CARTESIAN_POINT('',(4.,7.));
#9956 = CARTESIAN_POINT('',(4.,0.));
#9957 = ( GEOMETRIC_REPRESENTATION_CONTEXT(2) 
PARAMETRIC_REPRESENTATION_CONTEXT() REPRESENTATION_CONTEXT('2D SPACE',''
  ) );
#9958 = ADVANCED_FACE('',(#9959,#10007),#9341,.F.);
#9959 = FACE_BOUND('',#9960,.F.);
#9960 = EDGE_LOOP('',(#9961,#9984,#10005,#10006));
#9961 = ORIENTED_EDGE('',*,*,#9962,.F.);
#9962 = EDGE_CURVE('',#9963,#9918,#9965,.T.);
#9963 = VERTEX_POINT('',#9964);
#9964 = CARTESIAN_POINT('',(39.5,38.,278.));
#9965 = SURFACE_CURVE('',#9966,(#9970,#9977),.PCURVE_S1.);
#9966 = LINE('',#9967,#9968);
#9967 = CARTESIAN_POINT('',(39.5,38.,278.));
#9968 = VECTOR('',#9969,1.);
#9969 = DIRECTION('',(0.,0.,1.));
#9970 = PCURVE('',#9341,#9971);
#9971 = DEFINITIONAL_REPRESENTATION('',(#9972),#9976);
#9972 = LINE('',#9973,#9974);
#9973 = CARTESIAN_POINT('',(0.,7.));
#9974 = VECTOR('',#9975,1.);
#9975 = DIRECTION('',(1.,0.));
#9976 = ( GEOMETRIC_REPRESENTATION_CONTEXT(2) 
PARAMETRIC_REPRESENTATION_CONTEXT() REPRESENTATION_CONTEXT('2D SPACE',''
  ) );
#9977 = PCURVE('',#9540,#9978);
#9978 = DEFINITIONAL_REPRESENTATION('',(#9979),#9983);
#9979 = LINE('',#9980,#9981);
#9980 = CARTESIAN_POINT('',(-4.,-84.));
#9981 = VECTOR('',#9982,1.);
#9982 = DIRECTION('',(1.,0.));
#9983 = ( GEOMETRIC_REPRESENTATION_CONTEXT(2) 
PARAMETRIC_REPRESENTATION_CONTEXT() REPRESENTATION_CONTEXT('2D SPACE',''
  ) );
#9984 = ORIENTED_EDGE('',*,*,#9985,.F.);
#9985 = EDGE_CURVE('',#9326,#9963,#9986,.T.);
#9986 = SURFACE_CURVE('',#9987,(#9991,#9998),.PCURVE_S1.);
#9987 = LINE('',#9988,#9989);
#9988 = CARTESIAN_POINT('',(32.5,38.,278.));
#9989 = VECTOR('',#9990,1.);
#9990 = DIRECTION('',(1.,0.,0.));
#9991 = PCURVE('',#9341,#9992);
#9992 = DEFINITIONAL_REPRESENTATION('',(#9993),#9997);
#9993 = LINE('',#9994,#9995);
#9994 = CARTESIAN_POINT('',(0.,0.));
#9995 = VECTOR('',#9996,1.);
#9996 = DIRECTION('',(0.,1.));
#9997 = ( GEOMETRIC_REPRESENTATION_CONTEXT(2) 
PARAMETRIC_REPRESENTATION_CONTEXT() REPRESENTATION_CONTEXT('2D SPACE',''
  ) );
#9998 = PCURVE('',#9369,#9999);
#9999 = DEFINITIONAL_REPRESENTATION('',(#10000),#10004);
#10000 = LINE('',#10001,#10002);
#10001 = CARTESIAN_POINT('',(0.,0.));
#10002 = VECTOR('',#10003,1.);
#10003 = DIRECTION('',(1.,0.));
#10004 = ( GEOMETRIC_REPRESENTATION_CONTEXT(2) 
PARAMETRIC_REPRESENTATION_CONTEXT() REPRESENTATION_CONTEXT('2D SPACE',''
  ) );
#10005 = ORIENTED_EDGE('',*,*,#9325,.T.);
#10006 = ORIENTED_EDGE('',*,*,#9940,.F.);
#10007 = FACE_BOUND('',#10008,.F.);
#10008 = EDGE_LOOP('',(#10009));
#10009 = ORIENTED_EDGE('',*,*,#10010,.F.);
#10010 = EDGE_CURVE('',#10011,#10011,#10013,.T.);
#10011 = VERTEX_POINT('',#10012);
#10012 = CARTESIAN_POINT('',(37.2,38.,280.));
#10013 = SURFACE_CURVE('',#10014,(#10019,#10026),.PCURVE_S1.);
#10014 = CIRCLE('',#10015,1.2);
#10015 = AXIS2_PLACEMENT_3D('',#10016,#10017,#10018);
#10016 = CARTESIAN_POINT('',(36.,38.,280.));
#10017 = DIRECTION('',(-0.,1.,0.));
#10018 = DIRECTION('',(1.,0.,0.));
#10019 = PCURVE('',#9341,#10020);
#10020 = DEFINITIONAL_REPRESENTATION('',(#10021),#10025);
#10021 = CIRCLE('',#10022,1.2);
#10022 = AXIS2_PLACEMENT_2D('',#10023,#10024);
#10023 = CARTESIAN_POINT('',(2.,3.5));
#10024 = DIRECTION('',(0.,1.));
#10025 = ( GEOMETRIC_REPRESENTATION_CONTEXT(2) 
PARAMETRIC_REPRESENTATION_CONTEXT() REPRESENTATION_CONTEXT('2D SPACE',''
  ) );
#10026 = PCURVE('',#10027,#10032);
#10027 = CYLINDRICAL_SURFACE('',#10028,1.2);
#10028 = AXIS2_PLACEMENT_3D('',#10029,#10030,#10031);
#10029 = CARTESIAN_POINT('',(36.,46.,280.));
#10030 = DIRECTION('',(-0.,1.,-0.));
#10031 = DIRECTION('',(1.,0.,0.));
#10032 = DEFINITIONAL_REPRESENTATION('',(#10033),#10037);
#10033 = LINE('',#10034,#10035);
#10034 = CARTESIAN_POINT('',(-6.28318530718,-8.));
#10035 = VECTOR('',#10036,1.);
#10036 = DIRECTION('',(1.,-0.));
#10037 = ( GEOMETRIC_REPRESENTATION_CONTEXT(2) 
PARAMETRIC_REPRESENTATION_CONTEXT() REPRESENTATION_CONTEXT('2D SPACE',''
  ) );
#10038 = ADVANCED_FACE('',(#10039),#9369,.F.);
#10039 = FACE_BOUND('',#10040,.F.);
#10040 = EDGE_LOOP('',(#10041,#10042,#10043,#10066));
#10041 = ORIENTED_EDGE('',*,*,#9353,.F.);
#10042 = ORIENTED_EDGE('',*,*,#9985,.T.);
#10043 = ORIENTED_EDGE('',*,*,#10044,.T.);
#10044 = EDGE_CURVE('',#9963,#10045,#10047,.T.);
#10045 = VERTEX_POINT('',#10046);
#10046 = CARTESIAN_POINT('',(39.5,44.,278.));
#10047 = SURFACE_CURVE('',#10048,(#10052,#10059),.PCURVE_S1.);
#10048 = LINE('',#10049,#10050);
#10049 = CARTESIAN_POINT('',(39.5,38.,278.));
#10050 = VECTOR('',#10051,1.);
#10051 = DIRECTION('',(0.,1.,0.));
#10052 = PCURVE('',#9369,#10053);
#10053 = DEFINITIONAL_REPRESENTATION('',(#10054),#10058);
#10054 = LINE('',#10055,#10056);
#10055 = CARTESIAN_POINT('',(7.,0.));
#10056 = VECTOR('',#10057,1.);
#10057 = DIRECTION('',(0.,1.));
#10058 = ( GEOMETRIC_REPRESENTATION_CONTEXT(2) 
PARAMETRIC_REPRESENTATION_CONTEXT() REPRESENTATION_CONTEXT('2D SPACE',''
  ) );
#10059 = PCURVE('',#9540,#10060);
#10060 = DEFINITIONAL_REPRESENTATION('',(#10061),#10065);
#10061 = LINE('',#10062,#10063);
#10062 = CARTESIAN_POINT('',(-4.,-84.));
#10063 = VECTOR('',#10064,1.);
#10064 = DIRECTION('',(0.,-1.));
#10065 = ( GEOMETRIC_REPRESENTATION_CONTEXT(2) 
PARAMETRIC_REPRESENTATION_CONTEXT() REPRESENTATION_CONTEXT('2D SPACE',''
  ) );
#10066 = ORIENTED_EDGE('',*,*,#10067,.F.);
#10067 = EDGE_CURVE('',#9354,#10045,#10068,.T.);
#10068 = SURFACE_CURVE('',#10069,(#10073,#10080),.PCURVE_S1.);
#10069 = LINE('',#10070,#10071);
#10070 = CARTESIAN_POINT('',(32.5,44.,278.));
#10071 = VECTOR('',#10072,1.);
#10072 = DIRECTION('',(1.,0.,0.));
#10073 = PCURVE('',#9369,#10074);
#10074 = DEFINITIONAL_REPRESENTATION('',(#10075),#10079);
#10075 = LINE('',#10076,#10077);
#10076 = CARTESIAN_POINT('',(0.,6.));
#10077 = VECTOR('',#10078,1.);
#10078 = DIRECTION('',(1.,0.));
#10079 = ( GEOMETRIC_REPRESENTATION_CONTEXT(2) 
PARAMETRIC_REPRESENTATION_CONTEXT() REPRESENTATION_CONTEXT('2D SPACE',''
  ) );
#10080 = PCURVE('',#9397,#10081);
#10081 = DEFINITIONAL_REPRESENTATION('',(#10082),#10086);
#10082 = LINE('',#10083,#10084);
#10083 = CARTESIAN_POINT('',(0.,0.));
#10084 = VECTOR('',#10085,1.);
#10085 = DIRECTION('',(0.,1.));
#10086 = ( GEOMETRIC_REPRESENTATION_CONTEXT(2) 
PARAMETRIC_REPRESENTATION_CONTEXT() REPRESENTATION_CONTEXT('2D SPACE',''
  ) );
#10087 = ADVANCED_FACE('',(#10088,#10139),#9397,.T.);
#10088 = FACE_BOUND('',#10089,.T.);
#10089 = EDGE_LOOP('',(#10090,#10113,#10114,#10115));
#10090 = ORIENTED_EDGE('',*,*,#10091,.F.);
#10091 = EDGE_CURVE('',#10045,#10092,#10094,.T.);
#10092 = VERTEX_POINT('',#10093);
#10093 = CARTESIAN_POINT('',(39.5,44.,282.));
#10094 = SURFACE_CURVE('',#10095,(#10099,#10106),.PCURVE_S1.);
#10095 = LINE('',#10096,#10097);
#10096 = CARTESIAN_POINT('',(39.5,44.,278.));
#10097 = VECTOR('',#10098,1.);
#10098 = DIRECTION('',(0.,0.,1.));
#10099 = PCURVE('',#9397,#10100);
#10100 = DEFINITIONAL_REPRESENTATION('',(#10101),#10105);
#10101 = LINE('',#10102,#10103);
#10102 = CARTESIAN_POINT('',(0.,7.));
#10103 = VECTOR('',#10104,1.);
#10104 = DIRECTION('',(1.,0.));
#10105 = ( GEOMETRIC_REPRESENTATION_CONTEXT(2) 
PARAMETRIC_REPRESENTATION_CONTEXT() REPRESENTATION_CONTEXT('2D SPACE',''
  ) );
#10106 = PCURVE('',#9540,#10107);
#10107 = DEFINITIONAL_REPRESENTATION('',(#10108),#10112);
#10108 = LINE('',#10109,#10110);
#10109 = CARTESIAN_POINT('',(-4.,-90.));
#10110 = VECTOR('',#10111,1.);
#10111 = DIRECTION('',(1.,0.));
#10112 = ( GEOMETRIC_REPRESENTATION_CONTEXT(2) 
PARAMETRIC_REPRESENTATION_CONTEXT() REPRESENTATION_CONTEXT('2D SPACE',''
  ) );
#10113 = ORIENTED_EDGE('',*,*,#10067,.F.);
#10114 = ORIENTED_EDGE('',*,*,#9381,.T.);
#10115 = ORIENTED_EDGE('',*,*,#10116,.F.);
#10116 = EDGE_CURVE('',#10092,#9382,#10117,.T.);
#10117 = SURFACE_CURVE('',#10118,(#10122,#10128),.PCURVE_S1.);
#10118 = LINE('',#10119,#10120);
#10119 = CARTESIAN_POINT('',(32.5,44.,282.));
#10120 = VECTOR('',#10121,1.);
#10121 = DIRECTION('',(-1.,0.,0.));
#10122 = PCURVE('',#9397,#10123);
#10123 = DEFINITIONAL_REPRESENTATION('',(#10124),#10127);
#10124 = B_SPLINE_CURVE_WITH_KNOTS('',1,(#10125,#10126),.UNSPECIFIED.,
  .F.,.F.,(2,2),(-7.,0.),.PIECEWISE_BEZIER_KNOTS.);
#10125 = CARTESIAN_POINT('',(4.,7.));
#10126 = CARTESIAN_POINT('',(4.,0.));
#10127 = ( GEOMETRIC_REPRESENTATION_CONTEXT(2) 
PARAMETRIC_REPRESENTATION_CONTEXT() REPRESENTATION_CONTEXT('2D SPACE',''
  ) );
#10128 = PCURVE('',#10129,#10134);
#10129 = PLANE('',#10130);
#10130 = AXIS2_PLACEMENT_3D('',#10131,#10132,#10133);
#10131 = CARTESIAN_POINT('',(32.5,-46.,282.));
#10132 = DIRECTION('',(0.,0.,1.));
#10133 = DIRECTION('',(1.,0.,0.));
#10134 = DEFINITIONAL_REPRESENTATION('',(#10135),#10138);
#10135 = B_SPLINE_CURVE_WITH_KNOTS('',1,(#10136,#10137),.UNSPECIFIED.,
  .F.,.F.,(2,2),(-7.,0.),.PIECEWISE_BEZIER_KNOTS.);
#10136 = CARTESIAN_POINT('',(7.,90.));
#10137 = CARTESIAN_POINT('',(0.,90.));
#10138 = ( GEOMETRIC_REPRESENTATION_CONTEXT(2) 
PARAMETRIC_REPRESENTATION_CONTEXT() REPRESENTATION_CONTEXT('2D SPACE',''
  ) );
#10139 = FACE_BOUND('',#10140,.T.);
#10140 = EDGE_LOOP('',(#10141));
#10141 = ORIENTED_EDGE('',*,*,#10142,.F.);
#10142 = EDGE_CURVE('',#10143,#10143,#10145,.T.);
#10143 = VERTEX_POINT('',#10144);
#10144 = CARTESIAN_POINT('',(37.2,44.,280.));
#10145 = SURFACE_CURVE('',#10146,(#10151,#10158),.PCURVE_S1.);
#10146 = CIRCLE('',#10147,1.2);
#10147 = AXIS2_PLACEMENT_3D('',#10148,#10149,#10150);
#10148 = CARTESIAN_POINT('',(36.,44.,280.));
#10149 = DIRECTION('',(-0.,1.,0.));
#10150 = DIRECTION('',(1.,0.,0.));
#10151 = PCURVE('',#9397,#10152);
#10152 = DEFINITIONAL_REPRESENTATION('',(#10153),#10157);
#10153 = CIRCLE('',#10154,1.2);
#10154 = AXIS2_PLACEMENT_2D('',#10155,#10156);
#10155 = CARTESIAN_POINT('',(2.,3.5));
#10156 = DIRECTION('',(0.,1.));
#10157 = ( GEOMETRIC_REPRESENTATION_CONTEXT(2) 
PARAMETRIC_REPRESENTATION_CONTEXT() REPRESENTATION_CONTEXT('2D SPACE',''
  ) );
#10158 = PCURVE('',#10027,#10159);
#10159 = DEFINITIONAL_REPRESENTATION('',(#10160),#10164);
#10160 = LINE('',#10161,#10162);
#10161 = CARTESIAN_POINT('',(-6.28318530718,-2.));
#10162 = VECTOR('',#10163,1.);
#10163 = DIRECTION('',(1.,-0.));
#10164 = ( GEOMETRIC_REPRESENTATION_CONTEXT(2) 
PARAMETRIC_REPRESENTATION_CONTEXT() REPRESENTATION_CONTEXT('2D SPACE',''
  ) );
#10165 = ADVANCED_FACE('',(#10166),#9423,.T.);
#10166 = FACE_BOUND('',#10167,.F.);
#10167 = EDGE_LOOP('',(#10168,#10196,#10217,#10218));
#10168 = ORIENTED_EDGE('',*,*,#10169,.T.);
#10169 = EDGE_CURVE('',#9382,#10170,#10172,.T.);
#10170 = VERTEX_POINT('',#10171);
#10171 = CARTESIAN_POINT('',(34.5,46.,282.));
#10172 = SURFACE_CURVE('',#10173,(#10178,#10185),.PCURVE_S1.);
#10173 = CIRCLE('',#10174,2.);
#10174 = AXIS2_PLACEMENT_3D('',#10175,#10176,#10177);
#10175 = CARTESIAN_POINT('',(34.5,44.,282.));
#10176 = DIRECTION('',(-0.,-0.,-1.));
#10177 = DIRECTION('',(0.,-1.,0.));
#10178 = PCURVE('',#9423,#10179);
#10179 = DEFINITIONAL_REPRESENTATION('',(#10180),#10184);
#10180 = LINE('',#10181,#10182);
#10181 = CARTESIAN_POINT('',(1.570796326795,-0.));
#10182 = VECTOR('',#10183,1.);
#10183 = DIRECTION('',(-1.,0.));
#10184 = ( GEOMETRIC_REPRESENTATION_CONTEXT(2) 
PARAMETRIC_REPRESENTATION_CONTEXT() REPRESENTATION_CONTEXT('2D SPACE',''
  ) );
#10185 = PCURVE('',#10129,#10186);
#10186 = DEFINITIONAL_REPRESENTATION('',(#10187),#10195);
#10187 = ( BOUNDED_CURVE() B_SPLINE_CURVE(2,(#10188,#10189,#10190,#10191
    ,#10192,#10193,#10194),.UNSPECIFIED.,.T.,.F.) 
B_SPLINE_CURVE_WITH_KNOTS((1,2,2,2,2,1),(-2.094395102393,0.,
    2.094395102393,4.188790204786,6.28318530718,8.377580409573),
.UNSPECIFIED.) CURVE() GEOMETRIC_REPRESENTATION_ITEM() 
RATIONAL_B_SPLINE_CURVE((1.,0.5,1.,0.5,1.,0.5,1.)) REPRESENTATION_ITEM(
  '') );
#10188 = CARTESIAN_POINT('',(2.,88.));
#10189 = CARTESIAN_POINT('',(-1.464101615138,88.));
#10190 = CARTESIAN_POINT('',(0.267949192431,91.));
#10191 = CARTESIAN_POINT('',(2.,94.));
#10192 = CARTESIAN_POINT('',(3.732050807569,91.));
#10193 = CARTESIAN_POINT('',(5.464101615138,88.));
#10194 = CARTESIAN_POINT('',(2.,88.));
#10195 = ( GEOMETRIC_REPRESENTATION_CONTEXT(2) 
PARAMETRIC_REPRESENTATION_CONTEXT() REPRESENTATION_CONTEXT('2D SPACE',''
  ) );
#10196 = ORIENTED_EDGE('',*,*,#10197,.T.);
#10197 = EDGE_CURVE('',#10170,#9582,#10198,.T.);
#10198 = SURFACE_CURVE('',#10199,(#10203,#10210),.PCURVE_S1.);
#10199 = LINE('',#10200,#10201);
#10200 = CARTESIAN_POINT('',(34.5,46.,282.));
#10201 = VECTOR('',#10202,1.);
#10202 = DIRECTION('',(0.,0.,1.));
#10203 = PCURVE('',#9423,#10204);
#10204 = DEFINITIONAL_REPRESENTATION('',(#10205),#10209);
#10205 = LINE('',#10206,#10207);
#10206 = CARTESIAN_POINT('',(-1.570796326795,0.));
#10207 = VECTOR('',#10208,1.);
#10208 = DIRECTION('',(-0.,1.));
#10209 = ( GEOMETRIC_REPRESENTATION_CONTEXT(2) 
PARAMETRIC_REPRESENTATION_CONTEXT() REPRESENTATION_CONTEXT('2D SPACE',''
  ) );
#10210 = PCURVE('',#9597,#10211);
#10211 = DEFINITIONAL_REPRESENTATION('',(#10212),#10216);
#10212 = LINE('',#10213,#10214);
#10213 = CARTESIAN_POINT('',(0.,2.));
#10214 = VECTOR('',#10215,1.);
#10215 = DIRECTION('',(1.,0.));
#10216 = ( GEOMETRIC_REPRESENTATION_CONTEXT(2) 
PARAMETRIC_REPRESENTATION_CONTEXT() REPRESENTATION_CONTEXT('2D SPACE',''
  ) );
#10217 = ORIENTED_EDGE('',*,*,#9609,.F.);
#10218 = ORIENTED_EDGE('',*,*,#9409,.F.);
#10219 = ADVANCED_FACE('',(#10220),#9479,.F.);
#10220 = FACE_BOUND('',#10221,.F.);
#10221 = EDGE_LOOP('',(#10222,#10245,#10246,#10247));
#10222 = ORIENTED_EDGE('',*,*,#10223,.F.);
#10223 = EDGE_CURVE('',#9639,#10224,#10226,.T.);
#10224 = VERTEX_POINT('',#10225);
#10225 = CARTESIAN_POINT('',(37.5,-46.,282.));
#10226 = SURFACE_CURVE('',#10227,(#10231,#10238),.PCURVE_S1.);
#10227 = LINE('',#10228,#10229);
#10228 = CARTESIAN_POINT('',(32.5,-46.,282.));
#10229 = VECTOR('',#10230,1.);
#10230 = DIRECTION('',(1.,0.,0.));
#10231 = PCURVE('',#9479,#10232);
#10232 = DEFINITIONAL_REPRESENTATION('',(#10233),#10237);
#10233 = LINE('',#10234,#10235);
#10234 = CARTESIAN_POINT('',(0.,0.));
#10235 = VECTOR('',#10236,1.);
#10236 = DIRECTION('',(0.,1.));
#10237 = ( GEOMETRIC_REPRESENTATION_CONTEXT(2) 
PARAMETRIC_REPRESENTATION_CONTEXT() REPRESENTATION_CONTEXT('2D SPACE',''
  ) );
#10238 = PCURVE('',#9655,#10239);
#10239 = DEFINITIONAL_REPRESENTATION('',(#10240),#10244);
#10240 = LINE('',#10241,#10242);
#10241 = CARTESIAN_POINT('',(0.,0.));
#10242 = VECTOR('',#10243,1.);
#10243 = DIRECTION('',(1.,0.));
#10244 = ( GEOMETRIC_REPRESENTATION_CONTEXT(2) 
PARAMETRIC_REPRESENTATION_CONTEXT() REPRESENTATION_CONTEXT('2D SPACE',''
  ) );
#10245 = ORIENTED_EDGE('',*,*,#9667,.T.);
#10246 = ORIENTED_EDGE('',*,*,#9463,.T.);
#10247 = ORIENTED_EDGE('',*,*,#10248,.F.);
#10248 = EDGE_CURVE('',#10224,#9464,#10249,.T.);
#10249 = SURFACE_CURVE('',#10250,(#10254,#10261),.PCURVE_S1.);
#10250 = LINE('',#10251,#10252);
#10251 = CARTESIAN_POINT('',(37.5,-46.,282.));
#10252 = VECTOR('',#10253,1.);
#10253 = DIRECTION('',(0.,0.,1.));
#10254 = PCURVE('',#9479,#10255);
#10255 = DEFINITIONAL_REPRESENTATION('',(#10256),#10260);
#10256 = LINE('',#10257,#10258);
#10257 = CARTESIAN_POINT('',(0.,5.));
#10258 = VECTOR('',#10259,1.);
#10259 = DIRECTION('',(1.,0.));
#10260 = ( GEOMETRIC_REPRESENTATION_CONTEXT(2) 
PARAMETRIC_REPRESENTATION_CONTEXT() REPRESENTATION_CONTEXT('2D SPACE',''
  ) );
#10261 = PCURVE('',#9512,#10262);
#10262 = DEFINITIONAL_REPRESENTATION('',(#10263),#10267);
#10263 = LINE('',#10264,#10265);
#10264 = CARTESIAN_POINT('',(-1.570796326795,0.));
#10265 = VECTOR('',#10266,1.);
#10266 = DIRECTION('',(-0.,1.));
#10267 = ( GEOMETRIC_REPRESENTATION_CONTEXT(2) 
PARAMETRIC_REPRESENTATION_CONTEXT() REPRESENTATION_CONTEXT('2D SPACE',''
  ) );
#10268 = ADVANCED_FACE('',(#10269),#9512,.T.);
#10269 = FACE_BOUND('',#10270,.F.);
#10270 = EDGE_LOOP('',(#10271,#10297,#10298,#10299));
#10271 = ORIENTED_EDGE('',*,*,#10272,.T.);
#10272 = EDGE_CURVE('',#9696,#10224,#10273,.T.);
#10273 = SURFACE_CURVE('',#10274,(#10279,#10286),.PCURVE_S1.);
#10274 = CIRCLE('',#10275,2.);
#10275 = AXIS2_PLACEMENT_3D('',#10276,#10277,#10278);
#10276 = CARTESIAN_POINT('',(37.5,-44.,282.));
#10277 = DIRECTION('',(-0.,-0.,-1.));
#10278 = DIRECTION('',(0.,-1.,0.));
#10279 = PCURVE('',#9512,#10280);
#10280 = DEFINITIONAL_REPRESENTATION('',(#10281),#10285);
#10281 = LINE('',#10282,#10283);
#10282 = CARTESIAN_POINT('',(4.712388980385,-0.));
#10283 = VECTOR('',#10284,1.);
#10284 = DIRECTION('',(-1.,0.));
#10285 = ( GEOMETRIC_REPRESENTATION_CONTEXT(2) 
PARAMETRIC_REPRESENTATION_CONTEXT() REPRESENTATION_CONTEXT('2D SPACE',''
  ) );
#10286 = PCURVE('',#9655,#10287);
#10287 = DEFINITIONAL_REPRESENTATION('',(#10288),#10296);
#10288 = ( BOUNDED_CURVE() B_SPLINE_CURVE(2,(#10289,#10290,#10291,#10292
    ,#10293,#10294,#10295),.UNSPECIFIED.,.T.,.F.) 
B_SPLINE_CURVE_WITH_KNOTS((1,2,2,2,2,1),(-2.094395102393,0.,
    2.094395102393,4.188790204786,6.28318530718,8.377580409573),
.UNSPECIFIED.) CURVE() GEOMETRIC_REPRESENTATION_ITEM() 
RATIONAL_B_SPLINE_CURVE((1.,0.5,1.,0.5,1.,0.5,1.)) REPRESENTATION_ITEM(
  '') );
#10289 = CARTESIAN_POINT('',(5.,0.));
#10290 = CARTESIAN_POINT('',(1.535898384862,0.));
#10291 = CARTESIAN_POINT('',(3.267949192431,3.));
#10292 = CARTESIAN_POINT('',(5.,6.));
#10293 = CARTESIAN_POINT('',(6.732050807569,3.));
#10294 = CARTESIAN_POINT('',(8.464101615138,3.10862446895E-15));
#10295 = CARTESIAN_POINT('',(5.,0.));
#10296 = ( GEOMETRIC_REPRESENTATION_CONTEXT(2) 
PARAMETRIC_REPRESENTATION_CONTEXT() REPRESENTATION_CONTEXT('2D SPACE',''
  ) );
#10297 = ORIENTED_EDGE('',*,*,#10248,.T.);
#10298 = ORIENTED_EDGE('',*,*,#9491,.F.);
#10299 = ORIENTED_EDGE('',*,*,#10300,.F.);
#10300 = EDGE_CURVE('',#9696,#9492,#10301,.T.);
#10301 = SURFACE_CURVE('',#10302,(#10306,#10313),.PCURVE_S1.);
#10302 = LINE('',#10303,#10304);
#10303 = CARTESIAN_POINT('',(39.5,-44.,282.));
#10304 = VECTOR('',#10305,1.);
#10305 = DIRECTION('',(0.,0.,1.));
#10306 = PCURVE('',#9512,#10307);
#10307 = DEFINITIONAL_REPRESENTATION('',(#10308),#10312);
#10308 = LINE('',#10309,#10310);
#10309 = CARTESIAN_POINT('',(-0.,0.));
#10310 = VECTOR('',#10311,1.);
#10311 = DIRECTION('',(-0.,1.));
#10312 = ( GEOMETRIC_REPRESENTATION_CONTEXT(2) 
PARAMETRIC_REPRESENTATION_CONTEXT() REPRESENTATION_CONTEXT('2D SPACE',''
  ) );
#10313 = PCURVE('',#9540,#10314);
#10314 = DEFINITIONAL_REPRESENTATION('',(#10315),#10319);
#10315 = LINE('',#10316,#10317);
#10316 = CARTESIAN_POINT('',(0.,-2.));
#10317 = VECTOR('',#10318,1.);
#10318 = DIRECTION('',(1.,0.));
#10319 = ( GEOMETRIC_REPRESENTATION_CONTEXT(2) 
PARAMETRIC_REPRESENTATION_CONTEXT() REPRESENTATION_CONTEXT('2D SPACE',''
  ) );
#10320 = ADVANCED_FACE('',(#10321),#9540,.T.);
#10321 = FACE_BOUND('',#10322,.T.);
#10322 = EDGE_LOOP('',(#10323,#10324,#10325,#10326,#10327,#10328,#10329,
    #10330,#10331,#10332));
#10323 = ORIENTED_EDGE('',*,*,#9524,.F.);
#10324 = ORIENTED_EDGE('',*,*,#10300,.F.);
#10325 = ORIENTED_EDGE('',*,*,#9693,.F.);
#10326 = ORIENTED_EDGE('',*,*,#9795,.T.);
#10327 = ORIENTED_EDGE('',*,*,#9842,.T.);
#10328 = ORIENTED_EDGE('',*,*,#9917,.T.);
#10329 = ORIENTED_EDGE('',*,*,#9962,.F.);
#10330 = ORIENTED_EDGE('',*,*,#10044,.T.);
#10331 = ORIENTED_EDGE('',*,*,#10091,.T.);
#10332 = ORIENTED_EDGE('',*,*,#10333,.T.);
#10333 = EDGE_CURVE('',#10092,#9525,#10334,.T.);
#10334 = SURFACE_CURVE('',#10335,(#10339,#10346),.PCURVE_S1.);
#10335 = LINE('',#10336,#10337);
#10336 = CARTESIAN_POINT('',(39.5,44.,282.));
#10337 = VECTOR('',#10338,1.);
#10338 = DIRECTION('',(0.,0.,1.));
#10339 = PCURVE('',#9540,#10340);
#10340 = DEFINITIONAL_REPRESENTATION('',(#10341),#10345);
#10341 = LINE('',#10342,#10343);
#10342 = CARTESIAN_POINT('',(0.,-90.));
#10343 = VECTOR('',#10344,1.);
#10344 = DIRECTION('',(1.,0.));
#10345 = ( GEOMETRIC_REPRESENTATION_CONTEXT(2) 
PARAMETRIC_REPRESENTATION_CONTEXT() REPRESENTATION_CONTEXT('2D SPACE',''
  ) );
#10346 = PCURVE('',#9569,#10347);
#10347 = DEFINITIONAL_REPRESENTATION('',(#10348),#10352);
#10348 = LINE('',#10349,#10350);
#10349 = CARTESIAN_POINT('',(0.,0.));
#10350 = VECTOR('',#10351,1.);
#10351 = DIRECTION('',(0.,1.));
#10352 = ( GEOMETRIC_REPRESENTATION_CONTEXT(2) 
PARAMETRIC_REPRESENTATION_CONTEXT() REPRESENTATION_CONTEXT('2D SPACE',''
  ) );
#10353 = ADVANCED_FACE('',(#10354),#9569,.T.);
#10354 = FACE_BOUND('',#10355,.T.);
#10355 = EDGE_LOOP('',(#10356,#10380,#10401,#10402));
#10356 = ORIENTED_EDGE('',*,*,#10357,.T.);
#10357 = EDGE_CURVE('',#10092,#10358,#10360,.T.);
#10358 = VERTEX_POINT('',#10359);
#10359 = CARTESIAN_POINT('',(37.5,46.,282.));
#10360 = SURFACE_CURVE('',#10361,(#10366,#10373),.PCURVE_S1.);
#10361 = CIRCLE('',#10362,2.);
#10362 = AXIS2_PLACEMENT_3D('',#10363,#10364,#10365);
#10363 = CARTESIAN_POINT('',(37.5,44.,282.));
#10364 = DIRECTION('',(0.,0.,1.));
#10365 = DIRECTION('',(0.,-1.,0.));
#10366 = PCURVE('',#9569,#10367);
#10367 = DEFINITIONAL_REPRESENTATION('',(#10368),#10372);
#10368 = LINE('',#10369,#10370);
#10369 = CARTESIAN_POINT('',(-1.570796326795,0.));
#10370 = VECTOR('',#10371,1.);
#10371 = DIRECTION('',(1.,0.));
#10372 = ( GEOMETRIC_REPRESENTATION_CONTEXT(2) 
PARAMETRIC_REPRESENTATION_CONTEXT() REPRESENTATION_CONTEXT('2D SPACE',''
  ) );
#10373 = PCURVE('',#10129,#10374);
#10374 = DEFINITIONAL_REPRESENTATION('',(#10375),#10379);
#10375 = CIRCLE('',#10376,2.);
#10376 = AXIS2_PLACEMENT_2D('',#10377,#10378);
#10377 = CARTESIAN_POINT('',(5.,90.));
#10378 = DIRECTION('',(0.,-1.));
#10379 = ( GEOMETRIC_REPRESENTATION_CONTEXT(2) 
PARAMETRIC_REPRESENTATION_CONTEXT() REPRESENTATION_CONTEXT('2D SPACE',''
  ) );
#10380 = ORIENTED_EDGE('',*,*,#10381,.T.);
#10381 = EDGE_CURVE('',#10358,#9553,#10382,.T.);
#10382 = SURFACE_CURVE('',#10383,(#10387,#10394),.PCURVE_S1.);
#10383 = LINE('',#10384,#10385);
#10384 = CARTESIAN_POINT('',(37.5,46.,282.));
#10385 = VECTOR('',#10386,1.);
#10386 = DIRECTION('',(0.,0.,1.));
#10387 = PCURVE('',#9569,#10388);
#10388 = DEFINITIONAL_REPRESENTATION('',(#10389),#10393);
#10389 = LINE('',#10390,#10391);
#10390 = CARTESIAN_POINT('',(1.570796326795,0.));
#10391 = VECTOR('',#10392,1.);
#10392 = DIRECTION('',(0.,1.));
#10393 = ( GEOMETRIC_REPRESENTATION_CONTEXT(2) 
PARAMETRIC_REPRESENTATION_CONTEXT() REPRESENTATION_CONTEXT('2D SPACE',''
  ) );
#10394 = PCURVE('',#9597,#10395);
#10395 = DEFINITIONAL_REPRESENTATION('',(#10396),#10400);
#10396 = LINE('',#10397,#10398);
#10397 = CARTESIAN_POINT('',(0.,5.));
#10398 = VECTOR('',#10399,1.);
#10399 = DIRECTION('',(1.,0.));
#10400 = ( GEOMETRIC_REPRESENTATION_CONTEXT(2) 
PARAMETRIC_REPRESENTATION_CONTEXT() REPRESENTATION_CONTEXT('2D SPACE',''
  ) );
#10401 = ORIENTED_EDGE('',*,*,#9552,.F.);
#10402 = ORIENTED_EDGE('',*,*,#10333,.F.);
#10403 = ADVANCED_FACE('',(#10404),#9597,.T.);
#10404 = FACE_BOUND('',#10405,.T.);
#10405 = EDGE_LOOP('',(#10406,#10427,#10428,#10429));
#10406 = ORIENTED_EDGE('',*,*,#10407,.F.);
#10407 = EDGE_CURVE('',#10170,#10358,#10408,.T.);
#10408 = SURFACE_CURVE('',#10409,(#10413,#10420),.PCURVE_S1.);
#10409 = LINE('',#10410,#10411);
#10410 = CARTESIAN_POINT('',(32.5,46.,282.));
#10411 = VECTOR('',#10412,1.);
#10412 = DIRECTION('',(1.,0.,0.));
#10413 = PCURVE('',#9597,#10414);
#10414 = DEFINITIONAL_REPRESENTATION('',(#10415),#10419);
#10415 = LINE('',#10416,#10417);
#10416 = CARTESIAN_POINT('',(0.,0.));
#10417 = VECTOR('',#10418,1.);
#10418 = DIRECTION('',(0.,1.));
#10419 = ( GEOMETRIC_REPRESENTATION_CONTEXT(2) 
PARAMETRIC_REPRESENTATION_CONTEXT() REPRESENTATION_CONTEXT('2D SPACE',''
  ) );
#10420 = PCURVE('',#10129,#10421);
#10421 = DEFINITIONAL_REPRESENTATION('',(#10422),#10426);
#10422 = LINE('',#10423,#10424);
#10423 = CARTESIAN_POINT('',(0.,92.));
#10424 = VECTOR('',#10425,1.);
#10425 = DIRECTION('',(1.,0.));
#10426 = ( GEOMETRIC_REPRESENTATION_CONTEXT(2) 
PARAMETRIC_REPRESENTATION_CONTEXT() REPRESENTATION_CONTEXT('2D SPACE',''
  ) );
#10427 = ORIENTED_EDGE('',*,*,#10197,.T.);
#10428 = ORIENTED_EDGE('',*,*,#9581,.T.);
#10429 = ORIENTED_EDGE('',*,*,#10381,.F.);
#10430 = ADVANCED_FACE('',(#10431),#9655,.F.);
#10431 = FACE_BOUND('',#10432,.F.);
#10432 = EDGE_LOOP('',(#10433,#10434,#10435,#10436));
#10433 = ORIENTED_EDGE('',*,*,#9740,.T.);
#10434 = ORIENTED_EDGE('',*,*,#9638,.T.);
#10435 = ORIENTED_EDGE('',*,*,#10223,.T.);
#10436 = ORIENTED_EDGE('',*,*,#10272,.F.);
#10437 = ADVANCED_FACE('',(#10438),#9778,.F.);
#10438 = FACE_BOUND('',#10439,.T.);
#10439 = EDGE_LOOP('',(#10440,#10441,#10462,#10463));
#10440 = ORIENTED_EDGE('',*,*,#9888,.T.);
#10441 = ORIENTED_EDGE('',*,*,#10442,.T.);
#10442 = EDGE_CURVE('',#9889,#9762,#10443,.T.);
#10443 = SEAM_CURVE('',#10444,(#10448,#10455),.PCURVE_S1.);
#10444 = LINE('',#10445,#10446);
#10445 = CARTESIAN_POINT('',(37.2,-36.,280.));
#10446 = VECTOR('',#10447,1.);
#10447 = DIRECTION('',(0.,-1.,0.));
#10448 = PCURVE('',#9778,#10449);
#10449 = DEFINITIONAL_REPRESENTATION('',(#10450),#10454);
#10450 = LINE('',#10451,#10452);
#10451 = CARTESIAN_POINT('',(-6.28318530718,0.));
#10452 = VECTOR('',#10453,1.);
#10453 = DIRECTION('',(-0.,-1.));
#10454 = ( GEOMETRIC_REPRESENTATION_CONTEXT(2) 
PARAMETRIC_REPRESENTATION_CONTEXT() REPRESENTATION_CONTEXT('2D SPACE',''
  ) );
#10455 = PCURVE('',#9778,#10456);
#10456 = DEFINITIONAL_REPRESENTATION('',(#10457),#10461);
#10457 = LINE('',#10458,#10459);
#10458 = CARTESIAN_POINT('',(-0.,0.));
#10459 = VECTOR('',#10460,1.);
#10460 = DIRECTION('',(-0.,-1.));
#10461 = ( GEOMETRIC_REPRESENTATION_CONTEXT(2) 
PARAMETRIC_REPRESENTATION_CONTEXT() REPRESENTATION_CONTEXT('2D SPACE',''
  ) );
#10462 = ORIENTED_EDGE('',*,*,#9761,.F.);
#10463 = ORIENTED_EDGE('',*,*,#10442,.F.);
#10464 = ADVANCED_FACE('',(#10465),#10027,.F.);
#10465 = FACE_BOUND('',#10466,.T.);
#10466 = EDGE_LOOP('',(#10467,#10468,#10489,#10490));
#10467 = ORIENTED_EDGE('',*,*,#10142,.T.);
#10468 = ORIENTED_EDGE('',*,*,#10469,.T.);
#10469 = EDGE_CURVE('',#10143,#10011,#10470,.T.);
#10470 = SEAM_CURVE('',#10471,(#10475,#10482),.PCURVE_S1.);
#10471 = LINE('',#10472,#10473);
#10472 = CARTESIAN_POINT('',(37.2,46.,280.));
#10473 = VECTOR('',#10474,1.);
#10474 = DIRECTION('',(0.,-1.,0.));
#10475 = PCURVE('',#10027,#10476);
#10476 = DEFINITIONAL_REPRESENTATION('',(#10477),#10481);
#10477 = LINE('',#10478,#10479);
#10478 = CARTESIAN_POINT('',(-6.28318530718,0.));
#10479 = VECTOR('',#10480,1.);
#10480 = DIRECTION('',(-0.,-1.));
#10481 = ( GEOMETRIC_REPRESENTATION_CONTEXT(2) 
PARAMETRIC_REPRESENTATION_CONTEXT() REPRESENTATION_CONTEXT('2D SPACE',''
  ) );
#10482 = PCURVE('',#10027,#10483);
#10483 = DEFINITIONAL_REPRESENTATION('',(#10484),#10488);
#10484 = LINE('',#10485,#10486);
#10485 = CARTESIAN_POINT('',(-0.,0.));
#10486 = VECTOR('',#10487,1.);
#10487 = DIRECTION('',(-0.,-1.));
#10488 = ( GEOMETRIC_REPRESENTATION_CONTEXT(2) 
PARAMETRIC_REPRESENTATION_CONTEXT() REPRESENTATION_CONTEXT('2D SPACE',''
  ) );
#10489 = ORIENTED_EDGE('',*,*,#10010,.F.);
#10490 = ORIENTED_EDGE('',*,*,#10469,.F.);
#10491 = ADVANCED_FACE('',(#10492),#10129,.F.);
#10492 = FACE_BOUND('',#10493,.F.);
#10493 = EDGE_LOOP('',(#10494,#10495,#10496,#10497));
#10494 = ORIENTED_EDGE('',*,*,#10169,.F.);
#10495 = ORIENTED_EDGE('',*,*,#10116,.F.);
#10496 = ORIENTED_EDGE('',*,*,#10357,.T.);
#10497 = ORIENTED_EDGE('',*,*,#10407,.F.);
#10498 = ( GEOMETRIC_REPRESENTATION_CONTEXT(3) 
GLOBAL_UNCERTAINTY_ASSIGNED_CONTEXT((#10502)) 
GLOBAL_UNIT_ASSIGNED_CONTEXT((#10499,#10500,#10501)) 
REPRESENTATION_CONTEXT('Context #1',
  '3D Context with UNIT and UNCERTAINTY') );
#10499 = ( LENGTH_UNIT() NAMED_UNIT(*) SI_UNIT(.MILLI.,.METRE.) );
#10500 = ( NAMED_UNIT(*) PLANE_ANGLE_UNIT() SI_UNIT($,.RADIAN.) );
#10501 = ( NAMED_UNIT(*) SI_UNIT($,.STERADIAN.) SOLID_ANGLE_UNIT() );
#10502 = UNCERTAINTY_MEASURE_WITH_UNIT(LENGTH_MEASURE(1.E-07),#10499,
  'distance_accuracy_value','confusion accuracy');
#10503 = CONTEXT_DEPENDENT_SHAPE_REPRESENTATION(#10504,#10506);
#10504 = ( REPRESENTATION_RELATIONSHIP('','',#9143,#10) 
REPRESENTATION_RELATIONSHIP_WITH_TRANSFORMATION(#10505) 
SHAPE_REPRESENTATION_RELATIONSHIP() );
#10505 = ITEM_DEFINED_TRANSFORMATION('','',#11,#43);
#10506 = PRODUCT_DEFINITION_SHAPE('Placement','Placement of an item',
  #10507);
#10507 = NEXT_ASSEMBLY_USAGE_OCCURRENCE('8','head_bridge_2','',#5,#9138,
  $);
#10508 = PRODUCT_RELATED_PRODUCT_CATEGORY('part',$,(#9140));
#10509 = SHAPE_DEFINITION_REPRESENTATION(#10510,#10516);
#10510 = PRODUCT_DEFINITION_SHAPE('','',#10511);
#10511 = PRODUCT_DEFINITION('design','',#10512,#10515);
#10512 = PRODUCT_DEFINITION_FORMATION('','',#10513);
#10513 = PRODUCT('tail_segment_1','tail_segment_1','',(#10514));
#10514 = PRODUCT_CONTEXT('',#2,'mechanical');
#10515 = PRODUCT_DEFINITION_CONTEXT('part definition',#2,'design');
#10516 = ADVANCED_BREP_SHAPE_REPRESENTATION('',(#11,#10517),#10699);
#10517 = MANIFOLD_SOLID_BREP('',#10518);
#10518 = CLOSED_SHELL('',(#10519,#10607,#10642,#10672));
#10519 = ADVANCED_FACE('',(#10520),#10533,.T.);
#10520 = FACE_BOUND('',#10521,.T.);
#10521 = EDGE_LOOP('',(#10522,#10556,#10579,#10606));
#10522 = ORIENTED_EDGE('',*,*,#10523,.F.);
#10523 = EDGE_CURVE('',#10524,#10524,#10526,.T.);
#10524 = VERTEX_POINT('',#10525);
#10525 = CARTESIAN_POINT('',(-99.6783986432,1.959434878636E-15,
    145.02881594235));
#10526 = SURFACE_CURVE('',#10527,(#10532,#10544),.PCURVE_S1.);
#10527 = CIRCLE('',#10528,8.);
#10528 = AXIS2_PLACEMENT_3D('',#10529,#10530,#10531);
#10529 = CARTESIAN_POINT('',(-99.,0.,153.));
#10530 = DIRECTION('',(-0.996398007206,0.,8.479983040051E-02));
#10531 = DIRECTION('',(-8.479983040051E-02,0.,-0.996398007206));
#10532 = PCURVE('',#10533,#10538);
#10533 = CONICAL_SURFACE('',#10534,11.,6.351432768224E-02);
#10534 = AXIS2_PLACEMENT_3D('',#10535,#10536,#10537);
#10535 = CARTESIAN_POINT('',(-52.,0.,149.));
#10536 = DIRECTION('',(0.996398007206,-0.,-8.479983040051E-02));
#10537 = DIRECTION('',(-8.479983040051E-02,0.,-0.996398007206));
#10538 = DEFINITIONAL_REPRESENTATION('',(#10539),#10543);
#10539 = LINE('',#10540,#10541);
#10540 = CARTESIAN_POINT('',(-0.,-47.16990566028));
#10541 = VECTOR('',#10542,1.);
#10542 = DIRECTION('',(-1.,-0.));
#10543 = ( GEOMETRIC_REPRESENTATION_CONTEXT(2) 
PARAMETRIC_REPRESENTATION_CONTEXT() REPRESENTATION_CONTEXT('2D SPACE',''
  ) );
#10544 = PCURVE('',#10545,#10550);
#10545 = PLANE('',#10546);
#10546 = AXIS2_PLACEMENT_3D('',#10547,#10548,#10549);
#10547 = CARTESIAN_POINT('',(-99.,0.,153.));
#10548 = DIRECTION('',(-0.996398007206,0.,8.479983040051E-02));
#10549 = DIRECTION('',(-8.479983040051E-02,0.,-0.996398007206));
#10550 = DEFINITIONAL_REPRESENTATION('',(#10551),#10555);
#10551 = CIRCLE('',#10552,8.);
#10552 = AXIS2_PLACEMENT_2D('',#10553,#10554);
#10553 = CARTESIAN_POINT('',(0.,0.));
#10554 = DIRECTION('',(1.,0.));
#10555 = ( GEOMETRIC_REPRESENTATION_CONTEXT(2) 
PARAMETRIC_REPRESENTATION_CONTEXT() REPRESENTATION_CONTEXT('2D SPACE',''
  ) );
#10556 = ORIENTED_EDGE('',*,*,#10557,.F.);
#10557 = EDGE_CURVE('',#10558,#10524,#10560,.T.);
#10558 = VERTEX_POINT('',#10559);
#10559 = CARTESIAN_POINT('',(-52.9327981344,2.694222958124E-15,
    138.03962192073));
#10560 = SEAM_CURVE('',#10561,(#10565,#10572),.PCURVE_S1.);
#10561 = LINE('',#10562,#10563);
#10562 = CARTESIAN_POINT('',(-52.9327981344,2.694222958124E-15,
    138.03962192073));
#10563 = VECTOR('',#10564,1.);
#10564 = DIRECTION('',(-0.989006529486,-1.554606637829E-17,
    0.147871852067));
#10565 = PCURVE('',#10533,#10566);
#10566 = DEFINITIONAL_REPRESENTATION('',(#10567),#10571);
#10567 = LINE('',#10568,#10569);
#10568 = CARTESIAN_POINT('',(-6.28318530718,0.));
#10569 = VECTOR('',#10570,1.);
#10570 = DIRECTION('',(-0.,-1.));
#10571 = ( GEOMETRIC_REPRESENTATION_CONTEXT(2) 
PARAMETRIC_REPRESENTATION_CONTEXT() REPRESENTATION_CONTEXT('2D SPACE',''
  ) );
#10572 = PCURVE('',#10533,#10573);
#10573 = DEFINITIONAL_REPRESENTATION('',(#10574),#10578);
#10574 = LINE('',#10575,#10576);
#10575 = CARTESIAN_POINT('',(0.,-0.));
#10576 = VECTOR('',#10577,1.);
#10577 = DIRECTION('',(-0.,-1.));
#10578 = ( GEOMETRIC_REPRESENTATION_CONTEXT(2) 
PARAMETRIC_REPRESENTATION_CONTEXT() REPRESENTATION_CONTEXT('2D SPACE',''
  ) );
#10579 = ORIENTED_EDGE('',*,*,#10580,.T.);
#10580 = EDGE_CURVE('',#10558,#10558,#10581,.T.);
#10581 = SURFACE_CURVE('',#10582,(#10587,#10594),.PCURVE_S1.);
#10582 = CIRCLE('',#10583,11.);
#10583 = AXIS2_PLACEMENT_3D('',#10584,#10585,#10586);
#10584 = CARTESIAN_POINT('',(-52.,0.,149.));
#10585 = DIRECTION('',(-0.996398007206,0.,8.479983040051E-02));
#10586 = DIRECTION('',(-8.479983040051E-02,0.,-0.996398007206));
#10587 = PCURVE('',#10533,#10588);
#10588 = DEFINITIONAL_REPRESENTATION('',(#10589),#10593);
#10589 = LINE('',#10590,#10591);
#10590 = CARTESIAN_POINT('',(-0.,-0.));
#10591 = VECTOR('',#10592,1.);
#10592 = DIRECTION('',(-1.,-0.));
#10593 = ( GEOMETRIC_REPRESENTATION_CONTEXT(2) 
PARAMETRIC_REPRESENTATION_CONTEXT() REPRESENTATION_CONTEXT('2D SPACE',''
  ) );
#10594 = PCURVE('',#10595,#10600);
#10595 = PLANE('',#10596);
#10596 = AXIS2_PLACEMENT_3D('',#10597,#10598,#10599);
#10597 = CARTESIAN_POINT('',(-52.,0.,149.));
#10598 = DIRECTION('',(-0.996398007206,0.,8.479983040051E-02));
#10599 = DIRECTION('',(-8.479983040051E-02,0.,-0.996398007206));
#10600 = DEFINITIONAL_REPRESENTATION('',(#10601),#10605);
#10601 = CIRCLE('',#10602,11.);
#10602 = AXIS2_PLACEMENT_2D('',#10603,#10604);
#10603 = CARTESIAN_POINT('',(0.,0.));
#10604 = DIRECTION('',(1.,0.));
#10605 = ( GEOMETRIC_REPRESENTATION_CONTEXT(2) 
PARAMETRIC_REPRESENTATION_CONTEXT() REPRESENTATION_CONTEXT('2D SPACE',''
  ) );
#10606 = ORIENTED_EDGE('',*,*,#10557,.T.);
#10607 = ADVANCED_FACE('',(#10608,#10611),#10545,.T.);
#10608 = FACE_BOUND('',#10609,.T.);
#10609 = EDGE_LOOP('',(#10610));
#10610 = ORIENTED_EDGE('',*,*,#10523,.T.);
#10611 = FACE_BOUND('',#10612,.T.);
#10612 = EDGE_LOOP('',(#10613));
#10613 = ORIENTED_EDGE('',*,*,#10614,.F.);
#10614 = EDGE_CURVE('',#10615,#10615,#10617,.T.);
#10615 = VERTEX_POINT('',#10616);
#10616 = CARTESIAN_POINT('',(-99.54325709945,1.56910235509E-15,
    146.61672908138));
#10617 = SURFACE_CURVE('',#10618,(#10623,#10630),.PCURVE_S1.);
#10618 = CIRCLE('',#10619,6.406346532658);
#10619 = AXIS2_PLACEMENT_3D('',#10620,#10621,#10622);
#10620 = CARTESIAN_POINT('',(-99.,0.,153.));
#10621 = DIRECTION('',(-0.996398007206,0.,8.479983040051E-02));
#10622 = DIRECTION('',(-8.479983040051E-02,0.,-0.996398007206));
#10623 = PCURVE('',#10545,#10624);
#10624 = DEFINITIONAL_REPRESENTATION('',(#10625),#10629);
#10625 = CIRCLE('',#10626,6.406346532658);
#10626 = AXIS2_PLACEMENT_2D('',#10627,#10628);
#10627 = CARTESIAN_POINT('',(2.410156139391E-15,0.));
#10628 = DIRECTION('',(1.,0.));
#10629 = ( GEOMETRIC_REPRESENTATION_CONTEXT(2) 
PARAMETRIC_REPRESENTATION_CONTEXT() REPRESENTATION_CONTEXT('2D SPACE',''
  ) );
#10630 = PCURVE('',#10631,#10636);
#10631 = CONICAL_SURFACE('',#10632,9.4,6.33803223571E-02);
#10632 = AXIS2_PLACEMENT_3D('',#10633,#10634,#10635);
#10633 = CARTESIAN_POINT('',(-52.,0.,149.));
#10634 = DIRECTION('',(0.996398007206,-0.,-8.479983040051E-02));
#10635 = DIRECTION('',(-8.479983040051E-02,0.,-0.996398007206));
#10636 = DEFINITIONAL_REPRESENTATION('',(#10637),#10641);
#10637 = LINE('',#10638,#10639);
#10638 = CARTESIAN_POINT('',(-0.,-47.16990566028));
#10639 = VECTOR('',#10640,1.);
#10640 = DIRECTION('',(-1.,-0.));
#10641 = ( GEOMETRIC_REPRESENTATION_CONTEXT(2) 
PARAMETRIC_REPRESENTATION_CONTEXT() REPRESENTATION_CONTEXT('2D SPACE',''
  ) );
#10642 = ADVANCED_FACE('',(#10643,#10646),#10595,.F.);
#10643 = FACE_BOUND('',#10644,.F.);
#10644 = EDGE_LOOP('',(#10645));
#10645 = ORIENTED_EDGE('',*,*,#10580,.T.);
#10646 = FACE_BOUND('',#10647,.F.);
#10647 = EDGE_LOOP('',(#10648));
#10648 = ORIENTED_EDGE('',*,*,#10649,.F.);
#10649 = EDGE_CURVE('',#10650,#10650,#10652,.T.);
#10650 = VERTEX_POINT('',#10651);
#10651 = CARTESIAN_POINT('',(-52.79711840576,2.302335982397E-15,
    139.63385873226));
#10652 = SURFACE_CURVE('',#10653,(#10658,#10665),.PCURVE_S1.);
#10653 = CIRCLE('',#10654,9.4);
#10654 = AXIS2_PLACEMENT_3D('',#10655,#10656,#10657);
#10655 = CARTESIAN_POINT('',(-52.,0.,149.));
#10656 = DIRECTION('',(-0.996398007206,0.,8.479983040051E-02));
#10657 = DIRECTION('',(-8.479983040051E-02,0.,-0.996398007206));
#10658 = PCURVE('',#10595,#10659);
#10659 = DEFINITIONAL_REPRESENTATION('',(#10660),#10664);
#10660 = CIRCLE('',#10661,9.4);
#10661 = AXIS2_PLACEMENT_2D('',#10662,#10663);
#10662 = CARTESIAN_POINT('',(0.,0.));
#10663 = DIRECTION('',(1.,0.));
#10664 = ( GEOMETRIC_REPRESENTATION_CONTEXT(2) 
PARAMETRIC_REPRESENTATION_CONTEXT() REPRESENTATION_CONTEXT('2D SPACE',''
  ) );
#10665 = PCURVE('',#10631,#10666);
#10666 = DEFINITIONAL_REPRESENTATION('',(#10667),#10671);
#10667 = LINE('',#10668,#10669);
#10668 = CARTESIAN_POINT('',(-0.,-0.));
#10669 = VECTOR('',#10670,1.);
#10670 = DIRECTION('',(-1.,-0.));
#10671 = ( GEOMETRIC_REPRESENTATION_CONTEXT(2) 
PARAMETRIC_REPRESENTATION_CONTEXT() REPRESENTATION_CONTEXT('2D SPACE',''
  ) );
#10672 = ADVANCED_FACE('',(#10673),#10631,.F.);
#10673 = FACE_BOUND('',#10674,.F.);
#10674 = EDGE_LOOP('',(#10675,#10676,#10697,#10698));
#10675 = ORIENTED_EDGE('',*,*,#10614,.F.);
#10676 = ORIENTED_EDGE('',*,*,#10677,.F.);
#10677 = EDGE_CURVE('',#10650,#10615,#10678,.T.);
#10678 = SEAM_CURVE('',#10679,(#10683,#10690),.PCURVE_S1.);
#10679 = LINE('',#10680,#10681);
#10680 = CARTESIAN_POINT('',(-52.79711840576,2.302335982397E-15,
    139.63385873226));
#10681 = VECTOR('',#10682,1.);
#10682 = DIRECTION('',(-0.989026336222,-1.551331058084E-17,
    0.147739318598));
#10683 = PCURVE('',#10631,#10684);
#10684 = DEFINITIONAL_REPRESENTATION('',(#10685),#10689);
#10685 = LINE('',#10686,#10687);
#10686 = CARTESIAN_POINT('',(-6.28318530718,0.));
#10687 = VECTOR('',#10688,1.);
#10688 = DIRECTION('',(-0.,-1.));
#10689 = ( GEOMETRIC_REPRESENTATION_CONTEXT(2) 
PARAMETRIC_REPRESENTATION_CONTEXT() REPRESENTATION_CONTEXT('2D SPACE',''
  ) );
#10690 = PCURVE('',#10631,#10691);
#10691 = DEFINITIONAL_REPRESENTATION('',(#10692),#10696);
#10692 = LINE('',#10693,#10694);
#10693 = CARTESIAN_POINT('',(0.,-0.));
#10694 = VECTOR('',#10695,1.);
#10695 = DIRECTION('',(-0.,-1.));
#10696 = ( GEOMETRIC_REPRESENTATION_CONTEXT(2) 
PARAMETRIC_REPRESENTATION_CONTEXT() REPRESENTATION_CONTEXT('2D SPACE',''
  ) );
#10697 = ORIENTED_EDGE('',*,*,#10649,.T.);
#10698 = ORIENTED_EDGE('',*,*,#10677,.T.);
#10699 = ( GEOMETRIC_REPRESENTATION_CONTEXT(3) 
GLOBAL_UNCERTAINTY_ASSIGNED_CONTEXT((#10703)) 
GLOBAL_UNIT_ASSIGNED_CONTEXT((#10700,#10701,#10702)) 
REPRESENTATION_CONTEXT('Context #1',
  '3D Context with UNIT and UNCERTAINTY') );
#10700 = ( LENGTH_UNIT() NAMED_UNIT(*) SI_UNIT(.MILLI.,.METRE.) );
#10701 = ( NAMED_UNIT(*) PLANE_ANGLE_UNIT() SI_UNIT($,.RADIAN.) );
#10702 = ( NAMED_UNIT(*) SI_UNIT($,.STERADIAN.) SOLID_ANGLE_UNIT() );
#10703 = UNCERTAINTY_MEASURE_WITH_UNIT(LENGTH_MEASURE(1.E-07),#10700,
  'distance_accuracy_value','confusion accuracy');
#10704 = CONTEXT_DEPENDENT_SHAPE_REPRESENTATION(#10705,#10707);
#10705 = ( REPRESENTATION_RELATIONSHIP('','',#10516,#10) 
REPRESENTATION_RELATIONSHIP_WITH_TRANSFORMATION(#10706) 
SHAPE_REPRESENTATION_RELATIONSHIP() );
#10706 = ITEM_DEFINED_TRANSFORMATION('','',#11,#47);
#10707 = PRODUCT_DEFINITION_SHAPE('Placement','Placement of an item',
  #10708);
#10708 = NEXT_ASSEMBLY_USAGE_OCCURRENCE('9','tail_segment_1','',#5,
  #10511,$);
#10709 = PRODUCT_RELATED_PRODUCT_CATEGORY('part',$,(#10513));
#10710 = SHAPE_DEFINITION_REPRESENTATION(#10711,#10717);
#10711 = PRODUCT_DEFINITION_SHAPE('','',#10712);
#10712 = PRODUCT_DEFINITION('design','',#10713,#10716);
#10713 = PRODUCT_DEFINITION_FORMATION('','',#10714);
#10714 = PRODUCT('tail_segment_2','tail_segment_2','',(#10715));
#10715 = PRODUCT_CONTEXT('',#2,'mechanical');
#10716 = PRODUCT_DEFINITION_CONTEXT('part definition',#2,'design');
#10717 = ADVANCED_BREP_SHAPE_REPRESENTATION('',(#11,#10718),#10900);
#10718 = MANIFOLD_SOLID_BREP('',#10719);
#10719 = CLOSED_SHELL('',(#10720,#10808,#10843,#10873));
#10720 = ADVANCED_FACE('',(#10721),#10734,.T.);
#10721 = FACE_BOUND('',#10722,.T.);
#10722 = EDGE_LOOP('',(#10723,#10757,#10780,#10807));
#10723 = ORIENTED_EDGE('',*,*,#10724,.F.);
#10724 = EDGE_CURVE('',#10725,#10725,#10727,.T.);
#10725 = VERTEX_POINT('',#10726);
#10726 = CARTESIAN_POINT('',(-143.8382944468,1.224646799147E-15,
    165.35019639913));
#10727 = SURFACE_CURVE('',#10728,(#10733,#10745),.PCURVE_S1.);
#10728 = CIRCLE('',#10729,5.);
#10729 = AXIS2_PLACEMENT_3D('',#10730,#10731,#10732);
#10730 = CARTESIAN_POINT('',(-142.,0.,170.));
#10731 = DIRECTION('',(-0.929960720174,0.,0.367658889371));
#10732 = DIRECTION('',(-0.367658889371,0.,-0.929960720174));
#10733 = PCURVE('',#10734,#10739);
#10734 = CONICAL_SURFACE('',#10735,8.,6.479017000005E-02);
#10735 = AXIS2_PLACEMENT_3D('',#10736,#10737,#10738);
#10736 = CARTESIAN_POINT('',(-99.,0.,153.));
#10737 = DIRECTION('',(0.929960720174,-0.,-0.367658889371));
#10738 = DIRECTION('',(-0.367658889371,0.,-0.929960720174));
#10739 = DEFINITIONAL_REPRESENTATION('',(#10740),#10744);
#10740 = LINE('',#10741,#10742);
#10741 = CARTESIAN_POINT('',(-0.,-46.23851208678));
#10742 = VECTOR('',#10743,1.);
#10743 = DIRECTION('',(-1.,-0.));
#10744 = ( GEOMETRIC_REPRESENTATION_CONTEXT(2) 
PARAMETRIC_REPRESENTATION_CONTEXT() REPRESENTATION_CONTEXT('2D SPACE',''
  ) );
#10745 = PCURVE('',#10746,#10751);
#10746 = PLANE('',#10747);
#10747 = AXIS2_PLACEMENT_3D('',#10748,#10749,#10750);
#10748 = CARTESIAN_POINT('',(-142.,0.,170.));
#10749 = DIRECTION('',(-0.929960720174,0.,0.367658889371));
#10750 = DIRECTION('',(-0.367658889371,0.,-0.929960720174));
#10751 = DEFINITIONAL_REPRESENTATION('',(#10752),#10756);
#10752 = CIRCLE('',#10753,5.);
#10753 = AXIS2_PLACEMENT_2D('',#10754,#10755);
#10754 = CARTESIAN_POINT('',(0.,0.));
#10755 = DIRECTION('',(1.,0.));
#10756 = ( GEOMETRIC_REPRESENTATION_CONTEXT(2) 
PARAMETRIC_REPRESENTATION_CONTEXT() REPRESENTATION_CONTEXT('2D SPACE',''
  ) );
#10757 = ORIENTED_EDGE('',*,*,#10758,.F.);
#10758 = EDGE_CURVE('',#10759,#10725,#10761,.T.);
#10759 = VERTEX_POINT('',#10760);
#10760 = CARTESIAN_POINT('',(-101.9412711149,1.959434878636E-15,
    145.5603142386));
#10761 = SEAM_CURVE('',#10762,(#10766,#10773),.PCURVE_S1.);
#10762 = LINE('',#10763,#10764);
#10763 = CARTESIAN_POINT('',(-101.9412711149,1.959434878636E-15,
    145.5603142386));
#10764 = VECTOR('',#10765,1.);
#10765 = DIRECTION('',(-0.904205504233,-1.585791478921E-17,
    0.427097654073));
#10766 = PCURVE('',#10734,#10767);
#10767 = DEFINITIONAL_REPRESENTATION('',(#10768),#10772);
#10768 = LINE('',#10769,#10770);
#10769 = CARTESIAN_POINT('',(-6.28318530718,0.));
#10770 = VECTOR('',#10771,1.);
#10771 = DIRECTION('',(-0.,-1.));
#10772 = ( GEOMETRIC_REPRESENTATION_CONTEXT(2) 
PARAMETRIC_REPRESENTATION_CONTEXT() REPRESENTATION_CONTEXT('2D SPACE',''
  ) );
#10773 = PCURVE('',#10734,#10774);
#10774 = DEFINITIONAL_REPRESENTATION('',(#10775),#10779);
#10775 = LINE('',#10776,#10777);
#10776 = CARTESIAN_POINT('',(0.,-0.));
#10777 = VECTOR('',#10778,1.);
#10778 = DIRECTION('',(-0.,-1.));
#10779 = ( GEOMETRIC_REPRESENTATION_CONTEXT(2) 
PARAMETRIC_REPRESENTATION_CONTEXT() REPRESENTATION_CONTEXT('2D SPACE',''
  ) );
#10780 = ORIENTED_EDGE('',*,*,#10781,.T.);
#10781 = EDGE_CURVE('',#10759,#10759,#10782,.T.);
#10782 = SURFACE_CURVE('',#10783,(#10788,#10795),.PCURVE_S1.);
#10783 = CIRCLE('',#10784,8.);
#10784 = AXIS2_PLACEMENT_3D('',#10785,#10786,#10787);
#10785 = CARTESIAN_POINT('',(-99.,0.,153.));
#10786 = DIRECTION('',(-0.929960720174,0.,0.367658889371));
#10787 = DIRECTION('',(-0.367658889371,0.,-0.929960720174));
#10788 = PCURVE('',#10734,#10789);
#10789 = DEFINITIONAL_REPRESENTATION('',(#10790),#10794);
#10790 = LINE('',#10791,#10792);
#10791 = CARTESIAN_POINT('',(-0.,-0.));
#10792 = VECTOR('',#10793,1.);
#10793 = DIRECTION('',(-1.,-0.));
#10794 = ( GEOMETRIC_REPRESENTATION_CONTEXT(2) 
PARAMETRIC_REPRESENTATION_CONTEXT() REPRESENTATION_CONTEXT('2D SPACE',''
  ) );
#10795 = PCURVE('',#10796,#10801);
#10796 = PLANE('',#10797);
#10797 = AXIS2_PLACEMENT_3D('',#10798,#10799,#10800);
#10798 = CARTESIAN_POINT('',(-99.,0.,153.));
#10799 = DIRECTION('',(-0.929960720174,0.,0.367658889371));
#10800 = DIRECTION('',(-0.367658889371,0.,-0.929960720174));
#10801 = DEFINITIONAL_REPRESENTATION('',(#10802),#10806);
#10802 = CIRCLE('',#10803,8.);
#10803 = AXIS2_PLACEMENT_2D('',#10804,#10805);
#10804 = CARTESIAN_POINT('',(0.,0.));
#10805 = DIRECTION('',(1.,0.));
#10806 = ( GEOMETRIC_REPRESENTATION_CONTEXT(2) 
PARAMETRIC_REPRESENTATION_CONTEXT() REPRESENTATION_CONTEXT('2D SPACE',''
  ) );
#10807 = ORIENTED_EDGE('',*,*,#10758,.T.);
#10808 = ADVANCED_FACE('',(#10809,#10812),#10746,.T.);
#10809 = FACE_BOUND('',#10810,.T.);
#10810 = EDGE_LOOP('',(#10811));
#10811 = ORIENTED_EDGE('',*,*,#10724,.T.);
#10812 = FACE_BOUND('',#10813,.T.);
#10813 = EDGE_LOOP('',(#10814));
#10814 = ORIENTED_EDGE('',*,*,#10815,.F.);
#10815 = EDGE_CURVE('',#10816,#10816,#10818,.T.);
#10816 = VERTEX_POINT('',#10817);
#10817 = CARTESIAN_POINT('',(-143.2524204829,8.343455197371E-16,
    166.83211289594));
#10818 = SURFACE_CURVE('',#10819,(#10824,#10831),.PCURVE_S1.);
#10819 = CIRCLE('',#10820,3.406474096523);
#10820 = AXIS2_PLACEMENT_3D('',#10821,#10822,#10823);
#10821 = CARTESIAN_POINT('',(-142.,0.,170.));
#10822 = DIRECTION('',(-0.929960720174,0.,0.367658889371));
#10823 = DIRECTION('',(-0.367658889371,0.,-0.929960720174));
#10824 = PCURVE('',#10746,#10825);
#10825 = DEFINITIONAL_REPRESENTATION('',(#10826),#10830);
#10826 = CIRCLE('',#10827,3.406474096523);
#10827 = AXIS2_PLACEMENT_2D('',#10828,#10829);
#10828 = CARTESIAN_POINT('',(0.,0.));
#10829 = DIRECTION('',(1.,0.));
#10830 = ( GEOMETRIC_REPRESENTATION_CONTEXT(2) 
PARAMETRIC_REPRESENTATION_CONTEXT() REPRESENTATION_CONTEXT('2D SPACE',''
  ) );
#10831 = PCURVE('',#10832,#10837);
#10832 = CONICAL_SURFACE('',#10833,6.4,6.465074042555E-02);
#10833 = AXIS2_PLACEMENT_3D('',#10834,#10835,#10836);
#10834 = CARTESIAN_POINT('',(-99.,0.,153.));
#10835 = DIRECTION('',(0.929960720174,-0.,-0.367658889371));
#10836 = DIRECTION('',(-0.367658889371,0.,-0.929960720174));
#10837 = DEFINITIONAL_REPRESENTATION('',(#10838),#10842);
#10838 = LINE('',#10839,#10840);
#10839 = CARTESIAN_POINT('',(-0.,-46.23851208678));
#10840 = VECTOR('',#10841,1.);
#10841 = DIRECTION('',(-1.,-0.));
#10842 = ( GEOMETRIC_REPRESENTATION_CONTEXT(2) 
PARAMETRIC_REPRESENTATION_CONTEXT() REPRESENTATION_CONTEXT('2D SPACE',''
  ) );
#10843 = ADVANCED_FACE('',(#10844,#10847),#10796,.F.);
#10844 = FACE_BOUND('',#10845,.F.);
#10845 = EDGE_LOOP('',(#10846));
#10846 = ORIENTED_EDGE('',*,*,#10781,.T.);
#10847 = FACE_BOUND('',#10848,.F.);
#10848 = EDGE_LOOP('',(#10849));
#10849 = ORIENTED_EDGE('',*,*,#10850,.F.);
#10850 = EDGE_CURVE('',#10851,#10851,#10853,.T.);
#10851 = VERTEX_POINT('',#10852);
#10852 = CARTESIAN_POINT('',(-101.3530168919,1.567547902909E-15,
    147.04825139088));
#10853 = SURFACE_CURVE('',#10854,(#10859,#10866),.PCURVE_S1.);
#10854 = CIRCLE('',#10855,6.4);
#10855 = AXIS2_PLACEMENT_3D('',#10856,#10857,#10858);
#10856 = CARTESIAN_POINT('',(-99.,0.,153.));
#10857 = DIRECTION('',(-0.929960720174,0.,0.367658889371));
#10858 = DIRECTION('',(-0.367658889371,0.,-0.929960720174));
#10859 = PCURVE('',#10796,#10860);
#10860 = DEFINITIONAL_REPRESENTATION('',(#10861),#10865);
#10861 = CIRCLE('',#10862,6.4);
#10862 = AXIS2_PLACEMENT_2D('',#10863,#10864);
#10863 = CARTESIAN_POINT('',(0.,0.));
#10864 = DIRECTION('',(1.,0.));
#10865 = ( GEOMETRIC_REPRESENTATION_CONTEXT(2) 
PARAMETRIC_REPRESENTATION_CONTEXT() REPRESENTATION_CONTEXT('2D SPACE',''
  ) );
#10866 = PCURVE('',#10832,#10867);
#10867 = DEFINITIONAL_REPRESENTATION('',(#10868),#10872);
#10868 = LINE('',#10869,#10870);
#10869 = CARTESIAN_POINT('',(-0.,-0.));
#10870 = VECTOR('',#10871,1.);
#10871 = DIRECTION('',(-1.,-0.));
#10872 = ( GEOMETRIC_REPRESENTATION_CONTEXT(2) 
PARAMETRIC_REPRESENTATION_CONTEXT() REPRESENTATION_CONTEXT('2D SPACE',''
  ) );
#10873 = ADVANCED_FACE('',(#10874),#10832,.F.);
#10874 = FACE_BOUND('',#10875,.F.);
#10875 = EDGE_LOOP('',(#10876,#10877,#10898,#10899));
#10876 = ORIENTED_EDGE('',*,*,#10815,.F.);
#10877 = ORIENTED_EDGE('',*,*,#10878,.F.);
#10878 = EDGE_CURVE('',#10851,#10816,#10879,.T.);
#10879 = SEAM_CURVE('',#10880,(#10884,#10891),.PCURVE_S1.);
#10880 = LINE('',#10881,#10882);
#10881 = CARTESIAN_POINT('',(-101.3530168919,1.567547902909E-15,
    147.04825139088));
#10882 = VECTOR('',#10883,1.);
#10883 = DIRECTION('',(-0.904265045488,-1.582383589137E-17,
    0.426971576933));
#10884 = PCURVE('',#10832,#10885);
#10885 = DEFINITIONAL_REPRESENTATION('',(#10886),#10890);
#10886 = LINE('',#10887,#10888);
#10887 = CARTESIAN_POINT('',(-6.28318530718,0.));
#10888 = VECTOR('',#10889,1.);
#10889 = DIRECTION('',(-0.,-1.));
#10890 = ( GEOMETRIC_REPRESENTATION_CONTEXT(2) 
PARAMETRIC_REPRESENTATION_CONTEXT() REPRESENTATION_CONTEXT('2D SPACE',''
  ) );
#10891 = PCURVE('',#10832,#10892);
#10892 = DEFINITIONAL_REPRESENTATION('',(#10893),#10897);
#10893 = LINE('',#10894,#10895);
#10894 = CARTESIAN_POINT('',(0.,-0.));
#10895 = VECTOR('',#10896,1.);
#10896 = DIRECTION('',(-0.,-1.));
#10897 = ( GEOMETRIC_REPRESENTATION_CONTEXT(2) 
PARAMETRIC_REPRESENTATION_CONTEXT() REPRESENTATION_CONTEXT('2D SPACE',''
  ) );
#10898 = ORIENTED_EDGE('',*,*,#10850,.T.);
#10899 = ORIENTED_EDGE('',*,*,#10878,.T.);
#10900 = ( GEOMETRIC_REPRESENTATION_CONTEXT(3) 
GLOBAL_UNCERTAINTY_ASSIGNED_CONTEXT((#10904)) 
GLOBAL_UNIT_ASSIGNED_CONTEXT((#10901,#10902,#10903)) 
REPRESENTATION_CONTEXT('Context #1',
  '3D Context with UNIT and UNCERTAINTY') );
#10901 = ( LENGTH_UNIT() NAMED_UNIT(*) SI_UNIT(.MILLI.,.METRE.) );
#10902 = ( NAMED_UNIT(*) PLANE_ANGLE_UNIT() SI_UNIT($,.RADIAN.) );
#10903 = ( NAMED_UNIT(*) SI_UNIT($,.STERADIAN.) SOLID_ANGLE_UNIT() );
#10904 = UNCERTAINTY_MEASURE_WITH_UNIT(LENGTH_MEASURE(1.E-07),#10901,
  'distance_accuracy_value','confusion accuracy');
#10905 = CONTEXT_DEPENDENT_SHAPE_REPRESENTATION(#10906,#10908);
#10906 = ( REPRESENTATION_RELATIONSHIP('','',#10717,#10) 
REPRESENTATION_RELATIONSHIP_WITH_TRANSFORMATION(#10907) 
SHAPE_REPRESENTATION_RELATIONSHIP() );
#10907 = ITEM_DEFINED_TRANSFORMATION('','',#11,#51);
#10908 = PRODUCT_DEFINITION_SHAPE('Placement','Placement of an item',
  #10909);
#10909 = NEXT_ASSEMBLY_USAGE_OCCURRENCE('10','tail_segment_2','',#5,
  #10712,$);
#10910 = PRODUCT_RELATED_PRODUCT_CATEGORY('part',$,(#10714));
#10911 = SHAPE_DEFINITION_REPRESENTATION(#10912,#10918);
#10912 = PRODUCT_DEFINITION_SHAPE('','',#10913);
#10913 = PRODUCT_DEFINITION('design','',#10914,#10917);
#10914 = PRODUCT_DEFINITION_FORMATION('','',#10915);
#10915 = PRODUCT('tail_segment_3','tail_segment_3','',(#10916));
#10916 = PRODUCT_CONTEXT('',#2,'mechanical');
#10917 = PRODUCT_DEFINITION_CONTEXT('part definition',#2,'design');
#10918 = ADVANCED_BREP_SHAPE_REPRESENTATION('',(#11,#10919),#11101);
#10919 = MANIFOLD_SOLID_BREP('',#10920);
#10920 = CLOSED_SHELL('',(#10921,#11009,#11044,#11074));
#10921 = ADVANCED_FACE('',(#10922),#10935,.T.);
#10922 = FACE_BOUND('',#10923,.T.);
#10923 = EDGE_LOOP('',(#10924,#10958,#10981,#11008));
#10924 = ORIENTED_EDGE('',*,*,#10925,.F.);
#10925 = EDGE_CURVE('',#10926,#10926,#10928,.T.);
#10926 = VERTEX_POINT('',#10927);
#10927 = CARTESIAN_POINT('',(-180.8167321201,4.898587196589E-16,
    185.17436349621));
#10928 = SURFACE_CURVE('',#10929,(#10934,#10946),.PCURVE_S1.);
#10929 = CIRCLE('',#10930,2.);
#10930 = AXIS2_PLACEMENT_3D('',#10931,#10932,#10933);
#10931 = CARTESIAN_POINT('',(-180.,0.,187.));
#10932 = DIRECTION('',(-0.912818251895,0.,0.408366060058));
#10933 = DIRECTION('',(-0.408366060058,0.,-0.912818251895));
#10934 = PCURVE('',#10935,#10940);
#10935 = CONICAL_SURFACE('',#10936,5.,7.19402349394E-02);
#10936 = AXIS2_PLACEMENT_3D('',#10937,#10938,#10939);
#10937 = CARTESIAN_POINT('',(-142.,0.,170.));
#10938 = DIRECTION('',(0.912818251895,-0.,-0.408366060058));
#10939 = DIRECTION('',(-0.408366060058,0.,-0.912818251895));
#10940 = DEFINITIONAL_REPRESENTATION('',(#10941),#10945);
#10941 = LINE('',#10942,#10943);
#10942 = CARTESIAN_POINT('',(-0.,-41.62931659299));
#10943 = VECTOR('',#10944,1.);
#10944 = DIRECTION('',(-1.,-0.));
#10945 = ( GEOMETRIC_REPRESENTATION_CONTEXT(2) 
PARAMETRIC_REPRESENTATION_CONTEXT() REPRESENTATION_CONTEXT('2D SPACE',''
  ) );
#10946 = PCURVE('',#10947,#10952);
#10947 = PLANE('',#10948);
#10948 = AXIS2_PLACEMENT_3D('',#10949,#10950,#10951);
#10949 = CARTESIAN_POINT('',(-180.,0.,187.));
#10950 = DIRECTION('',(-0.912818251895,0.,0.408366060058));
#10951 = DIRECTION('',(-0.408366060058,0.,-0.912818251895));
#10952 = DEFINITIONAL_REPRESENTATION('',(#10953),#10957);
#10953 = CIRCLE('',#10954,2.);
#10954 = AXIS2_PLACEMENT_2D('',#10955,#10956);
#10955 = CARTESIAN_POINT('',(0.,0.));
#10956 = DIRECTION('',(1.,0.));
#10957 = ( GEOMETRIC_REPRESENTATION_CONTEXT(2) 
PARAMETRIC_REPRESENTATION_CONTEXT() REPRESENTATION_CONTEXT('2D SPACE',''
  ) );
#10958 = ORIENTED_EDGE('',*,*,#10959,.F.);
#10959 = EDGE_CURVE('',#10960,#10926,#10962,.T.);
#10960 = VERTEX_POINT('',#10961);
#10961 = CARTESIAN_POINT('',(-144.0418303002,1.224646799147E-15,
    165.43590874052));
#10962 = SEAM_CURVE('',#10963,(#10967,#10974),.PCURVE_S1.);
#10963 = LINE('',#10964,#10965);
#10964 = CARTESIAN_POINT('',(-144.0418303002,1.224646799147E-15,
    165.43590874052));
#10965 = VECTOR('',#10966,1.);
#10966 = DIRECTION('',(-0.881104555417,-1.760508096732E-17,0.47292151825
    ));
#10967 = PCURVE('',#10935,#10968);
#10968 = DEFINITIONAL_REPRESENTATION('',(#10969),#10973);
#10969 = LINE('',#10970,#10971);
#10970 = CARTESIAN_POINT('',(-6.28318530718,0.));
#10971 = VECTOR('',#10972,1.);
#10972 = DIRECTION('',(-0.,-1.));
#10973 = ( GEOMETRIC_REPRESENTATION_CONTEXT(2) 
PARAMETRIC_REPRESENTATION_CONTEXT() REPRESENTATION_CONTEXT('2D SPACE',''
  ) );
#10974 = PCURVE('',#10935,#10975);
#10975 = DEFINITIONAL_REPRESENTATION('',(#10976),#10980);
#10976 = LINE('',#10977,#10978);
#10977 = CARTESIAN_POINT('',(0.,-0.));
#10978 = VECTOR('',#10979,1.);
#10979 = DIRECTION('',(-0.,-1.));
#10980 = ( GEOMETRIC_REPRESENTATION_CONTEXT(2) 
PARAMETRIC_REPRESENTATION_CONTEXT() REPRESENTATION_CONTEXT('2D SPACE',''
  ) );
#10981 = ORIENTED_EDGE('',*,*,#10982,.T.);
#10982 = EDGE_CURVE('',#10960,#10960,#10983,.T.);
#10983 = SURFACE_CURVE('',#10984,(#10989,#10996),.PCURVE_S1.);
#10984 = CIRCLE('',#10985,5.);
#10985 = AXIS2_PLACEMENT_3D('',#10986,#10987,#10988);
#10986 = CARTESIAN_POINT('',(-142.,0.,170.));
#10987 = DIRECTION('',(-0.912818251895,0.,0.408366060058));
#10988 = DIRECTION('',(-0.408366060058,0.,-0.912818251895));
#10989 = PCURVE('',#10935,#10990);
#10990 = DEFINITIONAL_REPRESENTATION('',(#10991),#10995);
#10991 = LINE('',#10992,#10993);
#10992 = CARTESIAN_POINT('',(-0.,-0.));
#10993 = VECTOR('',#10994,1.);
#10994 = DIRECTION('',(-1.,-0.));
#10995 = ( GEOMETRIC_REPRESENTATION_CONTEXT(2) 
PARAMETRIC_REPRESENTATION_CONTEXT() REPRESENTATION_CONTEXT('2D SPACE',''
  ) );
#10996 = PCURVE('',#10997,#11002);
#10997 = PLANE('',#10998);
#10998 = AXIS2_PLACEMENT_3D('',#10999,#11000,#11001);
#10999 = CARTESIAN_POINT('',(-142.,0.,170.));
#11000 = DIRECTION('',(-0.912818251895,0.,0.408366060058));
#11001 = DIRECTION('',(-0.408366060058,0.,-0.912818251895));
#11002 = DEFINITIONAL_REPRESENTATION('',(#11003),#11007);
#11003 = CIRCLE('',#11004,5.);
#11004 = AXIS2_PLACEMENT_2D('',#11005,#11006);
#11005 = CARTESIAN_POINT('',(0.,0.));
#11006 = DIRECTION('',(1.,0.));
#11007 = ( GEOMETRIC_REPRESENTATION_CONTEXT(2) 
PARAMETRIC_REPRESENTATION_CONTEXT() REPRESENTATION_CONTEXT('2D SPACE',''
  ) );
#11008 = ORIENTED_EDGE('',*,*,#10959,.T.);
#11009 = ADVANCED_FACE('',(#11010,#11013),#10947,.T.);
#11010 = FACE_BOUND('',#11011,.T.);
#11011 = EDGE_LOOP('',(#11012));
#11012 = ORIENTED_EDGE('',*,*,#10925,.T.);
#11013 = FACE_BOUND('',#11014,.T.);
#11014 = EDGE_LOOP('',(#11015));
#11015 = ORIENTED_EDGE('',*,*,#11016,.F.);
#11016 = EDGE_CURVE('',#11017,#11017,#11019,.T.);
#11017 = VERTEX_POINT('',#11018);
#11018 = CARTESIAN_POINT('',(-180.2070209906,1.241668289109E-16,
    186.53724719736));
#11019 = SURFACE_CURVE('',#11020,(#11025,#11032),.PCURVE_S1.);
#11020 = CIRCLE('',#11021,0.506949550668);
#11021 = AXIS2_PLACEMENT_3D('',#11022,#11023,#11024);
#11022 = CARTESIAN_POINT('',(-180.,0.,187.));
#11023 = DIRECTION('',(-0.912818251895,0.,0.408366060058));
#11024 = DIRECTION('',(-0.408366060058,0.,-0.912818251895));
#11025 = PCURVE('',#10947,#11026);
#11026 = DEFINITIONAL_REPRESENTATION('',(#11027),#11031);
#11027 = CIRCLE('',#11028,0.506949550668);
#11028 = AXIS2_PLACEMENT_2D('',#11029,#11030);
#11029 = CARTESIAN_POINT('',(1.160646150021E-14,0.));
#11030 = DIRECTION('',(1.,0.));
#11031 = ( GEOMETRIC_REPRESENTATION_CONTEXT(2) 
PARAMETRIC_REPRESENTATION_CONTEXT() REPRESENTATION_CONTEXT('2D SPACE',''
  ) );
#11032 = PCURVE('',#11033,#11038);
#11033 = CONICAL_SURFACE('',#11034,3.4,6.938395067606E-02);
#11034 = AXIS2_PLACEMENT_3D('',#11035,#11036,#11037);
#11035 = CARTESIAN_POINT('',(-142.,0.,170.));
#11036 = DIRECTION('',(0.912818251895,-0.,-0.408366060058));
#11037 = DIRECTION('',(-0.408366060058,0.,-0.912818251895));
#11038 = DEFINITIONAL_REPRESENTATION('',(#11039),#11043);
#11039 = LINE('',#11040,#11041);
#11040 = CARTESIAN_POINT('',(-0.,-41.62931659299));
#11041 = VECTOR('',#11042,1.);
#11042 = DIRECTION('',(-1.,-0.));
#11043 = ( GEOMETRIC_REPRESENTATION_CONTEXT(2) 
PARAMETRIC_REPRESENTATION_CONTEXT() REPRESENTATION_CONTEXT('2D SPACE',''
  ) );
#11044 = ADVANCED_FACE('',(#11045,#11048),#10997,.F.);
#11045 = FACE_BOUND('',#11046,.F.);
#11046 = EDGE_LOOP('',(#11047));
#11047 = ORIENTED_EDGE('',*,*,#10982,.T.);
#11048 = FACE_BOUND('',#11049,.F.);
#11049 = EDGE_LOOP('',(#11050));
#11050 = ORIENTED_EDGE('',*,*,#11051,.F.);
#11051 = EDGE_CURVE('',#11052,#11052,#11054,.T.);
#11052 = VERTEX_POINT('',#11053);
#11053 = CARTESIAN_POINT('',(-143.3884446041,8.327598234202E-16,
    166.89641794355));
#11054 = SURFACE_CURVE('',#11055,(#11060,#11067),.PCURVE_S1.);
#11055 = CIRCLE('',#11056,3.4);
#11056 = AXIS2_PLACEMENT_3D('',#11057,#11058,#11059);
#11057 = CARTESIAN_POINT('',(-142.,0.,170.));
#11058 = DIRECTION('',(-0.912818251895,0.,0.408366060058));
#11059 = DIRECTION('',(-0.408366060058,0.,-0.912818251895));
#11060 = PCURVE('',#10997,#11061);
#11061 = DEFINITIONAL_REPRESENTATION('',(#11062),#11066);
#11062 = CIRCLE('',#11063,3.4);
#11063 = AXIS2_PLACEMENT_2D('',#11064,#11065);
#11064 = CARTESIAN_POINT('',(0.,0.));
#11065 = DIRECTION('',(1.,0.));
#11066 = ( GEOMETRIC_REPRESENTATION_CONTEXT(2) 
PARAMETRIC_REPRESENTATION_CONTEXT() REPRESENTATION_CONTEXT('2D SPACE',''
  ) );
#11067 = PCURVE('',#11033,#11068);
#11068 = DEFINITIONAL_REPRESENTATION('',(#11069),#11073);
#11069 = LINE('',#11070,#11071);
#11070 = CARTESIAN_POINT('',(-0.,-0.));
#11071 = VECTOR('',#11072,1.);
#11072 = DIRECTION('',(-1.,-0.));
#11073 = ( GEOMETRIC_REPRESENTATION_CONTEXT(2) 
PARAMETRIC_REPRESENTATION_CONTEXT() REPRESENTATION_CONTEXT('2D SPACE',''
  ) );
#11074 = ADVANCED_FACE('',(#11075),#11033,.F.);
#11075 = FACE_BOUND('',#11076,.F.);
#11076 = EDGE_LOOP('',(#11077,#11078,#11099,#11100));
#11077 = ORIENTED_EDGE('',*,*,#11016,.F.);
#11078 = ORIENTED_EDGE('',*,*,#11079,.F.);
#11079 = EDGE_CURVE('',#11052,#11017,#11080,.T.);
#11080 = SEAM_CURVE('',#11081,(#11085,#11092),.PCURVE_S1.);
#11081 = LINE('',#11082,#11083);
#11082 = CARTESIAN_POINT('',(-143.3884446041,8.327598234202E-16,
    166.89641794355));
#11083 = VECTOR('',#11084,1.);
#11084 = DIRECTION('',(-0.882310597108,-1.698053454132E-17,0.47066762182
    ));
#11085 = PCURVE('',#11033,#11086);
#11086 = DEFINITIONAL_REPRESENTATION('',(#11087),#11091);
#11087 = LINE('',#11088,#11089);
#11088 = CARTESIAN_POINT('',(-6.28318530718,0.));
#11089 = VECTOR('',#11090,1.);
#11090 = DIRECTION('',(-0.,-1.));
#11091 = ( GEOMETRIC_REPRESENTATION_CONTEXT(2) 
PARAMETRIC_REPRESENTATION_CONTEXT() REPRESENTATION_CONTEXT('2D SPACE',''
  ) );
#11092 = PCURVE('',#11033,#11093);
#11093 = DEFINITIONAL_REPRESENTATION('',(#11094),#11098);
#11094 = LINE('',#11095,#11096);
#11095 = CARTESIAN_POINT('',(0.,-0.));
#11096 = VECTOR('',#11097,1.);
#11097 = DIRECTION('',(-0.,-1.));
#11098 = ( GEOMETRIC_REPRESENTATION_CONTEXT(2) 
PARAMETRIC_REPRESENTATION_CONTEXT() REPRESENTATION_CONTEXT('2D SPACE',''
  ) );
#11099 = ORIENTED_EDGE('',*,*,#11051,.T.);
#11100 = ORIENTED_EDGE('',*,*,#11079,.T.);
#11101 = ( GEOMETRIC_REPRESENTATION_CONTEXT(3) 
GLOBAL_UNCERTAINTY_ASSIGNED_CONTEXT((#11105)) 
GLOBAL_UNIT_ASSIGNED_CONTEXT((#11102,#11103,#11104)) 
REPRESENTATION_CONTEXT('Context #1',
  '3D Context with UNIT and UNCERTAINTY') );
#11102 = ( LENGTH_UNIT() NAMED_UNIT(*) SI_UNIT(.MILLI.,.METRE.) );
#11103 = ( NAMED_UNIT(*) PLANE_ANGLE_UNIT() SI_UNIT($,.RADIAN.) );
#11104 = ( NAMED_UNIT(*) SI_UNIT($,.STERADIAN.) SOLID_ANGLE_UNIT() );
#11105 = UNCERTAINTY_MEASURE_WITH_UNIT(LENGTH_MEASURE(1.E-07),#11102,
  'distance_accuracy_value','confusion accuracy');
#11106 = CONTEXT_DEPENDENT_SHAPE_REPRESENTATION(#11107,#11109);
#11107 = ( REPRESENTATION_RELATIONSHIP('','',#10918,#10) 
REPRESENTATION_RELATIONSHIP_WITH_TRANSFORMATION(#11108) 
SHAPE_REPRESENTATION_RELATIONSHIP() );
#11108 = ITEM_DEFINED_TRANSFORMATION('','',#11,#55);
#11109 = PRODUCT_DEFINITION_SHAPE('Placement','Placement of an item',
  #11110);
#11110 = NEXT_ASSEMBLY_USAGE_OCCURRENCE('11','tail_segment_3','',#5,
  #10913,$);
#11111 = PRODUCT_RELATED_PRODUCT_CATEGORY('part',$,(#10915));
#11112 = SHAPE_DEFINITION_REPRESENTATION(#11113,#11119);
#11113 = PRODUCT_DEFINITION_SHAPE('','',#11114);
#11114 = PRODUCT_DEFINITION('design','',#11115,#11118);
#11115 = PRODUCT_DEFINITION_FORMATION('','',#11116);
#11116 = PRODUCT('tail_saddle','tail_saddle','',(#11117));
#11117 = PRODUCT_CONTEXT('',#2,'mechanical');
#11118 = PRODUCT_DEFINITION_CONTEXT('part definition',#2,'design');
#11119 = ADVANCED_BREP_SHAPE_REPRESENTATION('',(#11,#11120),#12050);
#11120 = MANIFOLD_SOLID_BREP('',#11121);
#11121 = CLOSED_SHELL('',(#11122,#11242,#11318,#11389,#11628,#11827,
    #11834,#11881,#11908,#11935,#11942,#11989,#12016,#12043));
#11122 = ADVANCED_FACE('',(#11123),#11137,.F.);
#11123 = FACE_BOUND('',#11124,.F.);
#11124 = EDGE_LOOP('',(#11125,#11160,#11188,#11216));
#11125 = ORIENTED_EDGE('',*,*,#11126,.T.);
#11126 = EDGE_CURVE('',#11127,#11129,#11131,.T.);
#11127 = VERTEX_POINT('',#11128);
#11128 = CARTESIAN_POINT('',(-51.,-17.,129.));
#11129 = VERTEX_POINT('',#11130);
#11130 = CARTESIAN_POINT('',(-48.,-17.,129.));
#11131 = SURFACE_CURVE('',#11132,(#11136,#11148),.PCURVE_S1.);
#11132 = LINE('',#11133,#11134);
#11133 = CARTESIAN_POINT('',(-51.,-17.,129.));
#11134 = VECTOR('',#11135,1.);
#11135 = DIRECTION('',(1.,0.,0.));
#11136 = PCURVE('',#11137,#11142);
#11137 = PLANE('',#11138);
#11138 = AXIS2_PLACEMENT_3D('',#11139,#11140,#11141);
#11139 = CARTESIAN_POINT('',(-51.,-17.,129.));
#11140 = DIRECTION('',(0.,0.,1.));
#11141 = DIRECTION('',(0.,1.,0.));
#11142 = DEFINITIONAL_REPRESENTATION('',(#11143),#11147);
#11143 = LINE('',#11144,#11145);
#11144 = CARTESIAN_POINT('',(0.,0.));
#11145 = VECTOR('',#11146,1.);
#11146 = DIRECTION('',(0.,-1.));
#11147 = ( GEOMETRIC_REPRESENTATION_CONTEXT(2) 
PARAMETRIC_REPRESENTATION_CONTEXT() REPRESENTATION_CONTEXT('2D SPACE',''
  ) );
#11148 = PCURVE('',#11149,#11154);
#11149 = PLANE('',#11150);
#11150 = AXIS2_PLACEMENT_3D('',#11151,#11152,#11153);
#11151 = CARTESIAN_POINT('',(-51.,-17.,159.));
#11152 = DIRECTION('',(-0.,1.,0.));
#11153 = DIRECTION('',(0.,0.,-1.));
#11154 = DEFINITIONAL_REPRESENTATION('',(#11155),#11159);
#11155 = LINE('',#11156,#11157);
#11156 = CARTESIAN_POINT('',(30.,0.));
#11157 = VECTOR('',#11158,1.);
#11158 = DIRECTION('',(0.,-1.));
#11159 = ( GEOMETRIC_REPRESENTATION_CONTEXT(2) 
PARAMETRIC_REPRESENTATION_CONTEXT() REPRESENTATION_CONTEXT('2D SPACE',''
  ) );
#11160 = ORIENTED_EDGE('',*,*,#11161,.T.);
#11161 = EDGE_CURVE('',#11129,#11162,#11164,.T.);
#11162 = VERTEX_POINT('',#11163);
#11163 = CARTESIAN_POINT('',(-48.,17.,129.));
#11164 = SURFACE_CURVE('',#11165,(#11169,#11176),.PCURVE_S1.);
#11165 = LINE('',#11166,#11167);
#11166 = CARTESIAN_POINT('',(-48.,-17.,129.));
#11167 = VECTOR('',#11168,1.);
#11168 = DIRECTION('',(0.,1.,0.));
#11169 = PCURVE('',#11137,#11170);
#11170 = DEFINITIONAL_REPRESENTATION('',(#11171),#11175);
#11171 = LINE('',#11172,#11173);
#11172 = CARTESIAN_POINT('',(0.,-3.));
#11173 = VECTOR('',#11174,1.);
#11174 = DIRECTION('',(1.,0.));
#11175 = ( GEOMETRIC_REPRESENTATION_CONTEXT(2) 
PARAMETRIC_REPRESENTATION_CONTEXT() REPRESENTATION_CONTEXT('2D SPACE',''
  ) );
#11176 = PCURVE('',#11177,#11182);
#11177 = PLANE('',#11178);
#11178 = AXIS2_PLACEMENT_3D('',#11179,#11180,#11181);
#11179 = CARTESIAN_POINT('',(-48.,0.,144.));
#11180 = DIRECTION('',(1.,0.,0.));
#11181 = DIRECTION('',(-0.,0.,1.));
#11182 = DEFINITIONAL_REPRESENTATION('',(#11183),#11187);
#11183 = LINE('',#11184,#11185);
#11184 = CARTESIAN_POINT('',(-15.,17.));
#11185 = VECTOR('',#11186,1.);
#11186 = DIRECTION('',(0.,-1.));
#11187 = ( GEOMETRIC_REPRESENTATION_CONTEXT(2) 
PARAMETRIC_REPRESENTATION_CONTEXT() REPRESENTATION_CONTEXT('2D SPACE',''
  ) );
#11188 = ORIENTED_EDGE('',*,*,#11189,.F.);
#11189 = EDGE_CURVE('',#11190,#11162,#11192,.T.);
#11190 = VERTEX_POINT('',#11191);
#11191 = CARTESIAN_POINT('',(-51.,17.,129.));
#11192 = SURFACE_CURVE('',#11193,(#11197,#11204),.PCURVE_S1.);
#11193 = LINE('',#11194,#11195);
#11194 = CARTESIAN_POINT('',(-51.,17.,129.));
#11195 = VECTOR('',#11196,1.);
#11196 = DIRECTION('',(1.,0.,0.));
#11197 = PCURVE('',#11137,#11198);
#11198 = DEFINITIONAL_REPRESENTATION('',(#11199),#11203);
#11199 = LINE('',#11200,#11201);
#11200 = CARTESIAN_POINT('',(34.,0.));
#11201 = VECTOR('',#11202,1.);
#11202 = DIRECTION('',(0.,-1.));
#11203 = ( GEOMETRIC_REPRESENTATION_CONTEXT(2) 
PARAMETRIC_REPRESENTATION_CONTEXT() REPRESENTATION_CONTEXT('2D SPACE',''
  ) );
#11204 = PCURVE('',#11205,#11210);
#11205 = PLANE('',#11206);
#11206 = AXIS2_PLACEMENT_3D('',#11207,#11208,#11209);
#11207 = CARTESIAN_POINT('',(-51.,17.,129.));
#11208 = DIRECTION('',(0.,-1.,0.));
#11209 = DIRECTION('',(0.,0.,1.));
#11210 = DEFINITIONAL_REPRESENTATION('',(#11211),#11215);
#11211 = LINE('',#11212,#11213);
#11212 = CARTESIAN_POINT('',(0.,0.));
#11213 = VECTOR('',#11214,1.);
#11214 = DIRECTION('',(0.,-1.));
#11215 = ( GEOMETRIC_REPRESENTATION_CONTEXT(2) 
PARAMETRIC_REPRESENTATION_CONTEXT() REPRESENTATION_CONTEXT('2D SPACE',''
  ) );
#11216 = ORIENTED_EDGE('',*,*,#11217,.F.);
#11217 = EDGE_CURVE('',#11127,#11190,#11218,.T.);
#11218 = SURFACE_CURVE('',#11219,(#11223,#11230),.PCURVE_S1.);
#11219 = LINE('',#11220,#11221);
#11220 = CARTESIAN_POINT('',(-51.,-17.,129.));
#11221 = VECTOR('',#11222,1.);
#11222 = DIRECTION('',(0.,1.,0.));
#11223 = PCURVE('',#11137,#11224);
#11224 = DEFINITIONAL_REPRESENTATION('',(#11225),#11229);
#11225 = LINE('',#11226,#11227);
#11226 = CARTESIAN_POINT('',(0.,0.));
#11227 = VECTOR('',#11228,1.);
#11228 = DIRECTION('',(1.,0.));
#11229 = ( GEOMETRIC_REPRESENTATION_CONTEXT(2) 
PARAMETRIC_REPRESENTATION_CONTEXT() REPRESENTATION_CONTEXT('2D SPACE',''
  ) );
#11230 = PCURVE('',#11231,#11236);
#11231 = PLANE('',#11232);
#11232 = AXIS2_PLACEMENT_3D('',#11233,#11234,#11235);
#11233 = CARTESIAN_POINT('',(-51.,0.,144.));
#11234 = DIRECTION('',(1.,0.,0.));
#11235 = DIRECTION('',(-0.,0.,1.));
#11236 = DEFINITIONAL_REPRESENTATION('',(#11237),#11241);
#11237 = LINE('',#11238,#11239);
#11238 = CARTESIAN_POINT('',(-15.,17.));
#11239 = VECTOR('',#11240,1.);
#11240 = DIRECTION('',(0.,-1.));
#11241 = ( GEOMETRIC_REPRESENTATION_CONTEXT(2) 
PARAMETRIC_REPRESENTATION_CONTEXT() REPRESENTATION_CONTEXT('2D SPACE',''
  ) );
#11242 = ADVANCED_FACE('',(#11243),#11149,.F.);
#11243 = FACE_BOUND('',#11244,.F.);
#11244 = EDGE_LOOP('',(#11245,#11275,#11296,#11297));
#11245 = ORIENTED_EDGE('',*,*,#11246,.T.);
#11246 = EDGE_CURVE('',#11247,#11249,#11251,.T.);
#11247 = VERTEX_POINT('',#11248);
#11248 = CARTESIAN_POINT('',(-51.,-17.,159.));
#11249 = VERTEX_POINT('',#11250);
#11250 = CARTESIAN_POINT('',(-48.,-17.,159.));
#11251 = SURFACE_CURVE('',#11252,(#11256,#11263),.PCURVE_S1.);
#11252 = LINE('',#11253,#11254);
#11253 = CARTESIAN_POINT('',(-51.,-17.,159.));
#11254 = VECTOR('',#11255,1.);
#11255 = DIRECTION('',(1.,0.,0.));
#11256 = PCURVE('',#11149,#11257);
#11257 = DEFINITIONAL_REPRESENTATION('',(#11258),#11262);
#11258 = LINE('',#11259,#11260);
#11259 = CARTESIAN_POINT('',(0.,0.));
#11260 = VECTOR('',#11261,1.);
#11261 = DIRECTION('',(0.,-1.));
#11262 = ( GEOMETRIC_REPRESENTATION_CONTEXT(2) 
PARAMETRIC_REPRESENTATION_CONTEXT() REPRESENTATION_CONTEXT('2D SPACE',''
  ) );
#11263 = PCURVE('',#11264,#11269);
#11264 = PLANE('',#11265);
#11265 = AXIS2_PLACEMENT_3D('',#11266,#11267,#11268);
#11266 = CARTESIAN_POINT('',(-51.,17.,159.));
#11267 = DIRECTION('',(0.,0.,-1.));
#11268 = DIRECTION('',(0.,-1.,0.));
#11269 = DEFINITIONAL_REPRESENTATION('',(#11270),#11274);
#11270 = LINE('',#11271,#11272);
#11271 = CARTESIAN_POINT('',(34.,0.));
#11272 = VECTOR('',#11273,1.);
#11273 = DIRECTION('',(0.,-1.));
#11274 = ( GEOMETRIC_REPRESENTATION_CONTEXT(2) 
PARAMETRIC_REPRESENTATION_CONTEXT() REPRESENTATION_CONTEXT('2D SPACE',''
  ) );
#11275 = ORIENTED_EDGE('',*,*,#11276,.T.);
#11276 = EDGE_CURVE('',#11249,#11129,#11277,.T.);
#11277 = SURFACE_CURVE('',#11278,(#11282,#11289),.PCURVE_S1.);
#11278 = LINE('',#11279,#11280);
#11279 = CARTESIAN_POINT('',(-48.,-17.,159.));
#11280 = VECTOR('',#11281,1.);
#11281 = DIRECTION('',(0.,0.,-1.));
#11282 = PCURVE('',#11149,#11283);
#11283 = DEFINITIONAL_REPRESENTATION('',(#11284),#11288);
#11284 = LINE('',#11285,#11286);
#11285 = CARTESIAN_POINT('',(0.,-3.));
#11286 = VECTOR('',#11287,1.);
#11287 = DIRECTION('',(1.,0.));
#11288 = ( GEOMETRIC_REPRESENTATION_CONTEXT(2) 
PARAMETRIC_REPRESENTATION_CONTEXT() REPRESENTATION_CONTEXT('2D SPACE',''
  ) );
#11289 = PCURVE('',#11177,#11290);
#11290 = DEFINITIONAL_REPRESENTATION('',(#11291),#11295);
#11291 = LINE('',#11292,#11293);
#11292 = CARTESIAN_POINT('',(15.,17.));
#11293 = VECTOR('',#11294,1.);
#11294 = DIRECTION('',(-1.,0.));
#11295 = ( GEOMETRIC_REPRESENTATION_CONTEXT(2) 
PARAMETRIC_REPRESENTATION_CONTEXT() REPRESENTATION_CONTEXT('2D SPACE',''
  ) );
#11296 = ORIENTED_EDGE('',*,*,#11126,.F.);
#11297 = ORIENTED_EDGE('',*,*,#11298,.F.);
#11298 = EDGE_CURVE('',#11247,#11127,#11299,.T.);
#11299 = SURFACE_CURVE('',#11300,(#11304,#11311),.PCURVE_S1.);
#11300 = LINE('',#11301,#11302);
#11301 = CARTESIAN_POINT('',(-51.,-17.,159.));
#11302 = VECTOR('',#11303,1.);
#11303 = DIRECTION('',(0.,0.,-1.));
#11304 = PCURVE('',#11149,#11305);
#11305 = DEFINITIONAL_REPRESENTATION('',(#11306),#11310);
#11306 = LINE('',#11307,#11308);
#11307 = CARTESIAN_POINT('',(0.,0.));
#11308 = VECTOR('',#11309,1.);
#11309 = DIRECTION('',(1.,0.));
#11310 = ( GEOMETRIC_REPRESENTATION_CONTEXT(2) 
PARAMETRIC_REPRESENTATION_CONTEXT() REPRESENTATION_CONTEXT('2D SPACE',''
  ) );
#11311 = PCURVE('',#11231,#11312);
#11312 = DEFINITIONAL_REPRESENTATION('',(#11313),#11317);
#11313 = LINE('',#11314,#11315);
#11314 = CARTESIAN_POINT('',(15.,17.));
#11315 = VECTOR('',#11316,1.);
#11316 = DIRECTION('',(-1.,0.));
#11317 = ( GEOMETRIC_REPRESENTATION_CONTEXT(2) 
PARAMETRIC_REPRESENTATION_CONTEXT() REPRESENTATION_CONTEXT('2D SPACE',''
  ) );
#11318 = ADVANCED_FACE('',(#11319),#11205,.F.);
#11319 = FACE_BOUND('',#11320,.F.);
#11320 = EDGE_LOOP('',(#11321,#11322,#11345,#11368));
#11321 = ORIENTED_EDGE('',*,*,#11189,.T.);
#11322 = ORIENTED_EDGE('',*,*,#11323,.T.);
#11323 = EDGE_CURVE('',#11162,#11324,#11326,.T.);
#11324 = VERTEX_POINT('',#11325);
#11325 = CARTESIAN_POINT('',(-48.,17.,159.));
#11326 = SURFACE_CURVE('',#11327,(#11331,#11338),.PCURVE_S1.);
#11327 = LINE('',#11328,#11329);
#11328 = CARTESIAN_POINT('',(-48.,17.,129.));
#11329 = VECTOR('',#11330,1.);
#11330 = DIRECTION('',(0.,0.,1.));
#11331 = PCURVE('',#11205,#11332);
#11332 = DEFINITIONAL_REPRESENTATION('',(#11333),#11337);
#11333 = LINE('',#11334,#11335);
#11334 = CARTESIAN_POINT('',(0.,-3.));
#11335 = VECTOR('',#11336,1.);
#11336 = DIRECTION('',(1.,0.));
#11337 = ( GEOMETRIC_REPRESENTATION_CONTEXT(2) 
PARAMETRIC_REPRESENTATION_CONTEXT() REPRESENTATION_CONTEXT('2D SPACE',''
  ) );
#11338 = PCURVE('',#11177,#11339);
#11339 = DEFINITIONAL_REPRESENTATION('',(#11340),#11344);
#11340 = LINE('',#11341,#11342);
#11341 = CARTESIAN_POINT('',(-15.,-17.));
#11342 = VECTOR('',#11343,1.);
#11343 = DIRECTION('',(1.,0.));
#11344 = ( GEOMETRIC_REPRESENTATION_CONTEXT(2) 
PARAMETRIC_REPRESENTATION_CONTEXT() REPRESENTATION_CONTEXT('2D SPACE',''
  ) );
#11345 = ORIENTED_EDGE('',*,*,#11346,.F.);
#11346 = EDGE_CURVE('',#11347,#11324,#11349,.T.);
#11347 = VERTEX_POINT('',#11348);
#11348 = CARTESIAN_POINT('',(-51.,17.,159.));
#11349 = SURFACE_CURVE('',#11350,(#11354,#11361),.PCURVE_S1.);
#11350 = LINE('',#11351,#11352);
#11351 = CARTESIAN_POINT('',(-51.,17.,159.));
#11352 = VECTOR('',#11353,1.);
#11353 = DIRECTION('',(1.,0.,0.));
#11354 = PCURVE('',#11205,#11355);
#11355 = DEFINITIONAL_REPRESENTATION('',(#11356),#11360);
#11356 = LINE('',#11357,#11358);
#11357 = CARTESIAN_POINT('',(30.,0.));
#11358 = VECTOR('',#11359,1.);
#11359 = DIRECTION('',(0.,-1.));
#11360 = ( GEOMETRIC_REPRESENTATION_CONTEXT(2) 
PARAMETRIC_REPRESENTATION_CONTEXT() REPRESENTATION_CONTEXT('2D SPACE',''
  ) );
#11361 = PCURVE('',#11264,#11362);
#11362 = DEFINITIONAL_REPRESENTATION('',(#11363),#11367);
#11363 = LINE('',#11364,#11365);
#11364 = CARTESIAN_POINT('',(0.,-0.));
#11365 = VECTOR('',#11366,1.);
#11366 = DIRECTION('',(0.,-1.));
#11367 = ( GEOMETRIC_REPRESENTATION_CONTEXT(2) 
PARAMETRIC_REPRESENTATION_CONTEXT() REPRESENTATION_CONTEXT('2D SPACE',''
  ) );
#11368 = ORIENTED_EDGE('',*,*,#11369,.F.);
#11369 = EDGE_CURVE('',#11190,#11347,#11370,.T.);
#11370 = SURFACE_CURVE('',#11371,(#11375,#11382),.PCURVE_S1.);
#11371 = LINE('',#11372,#11373);
#11372 = CARTESIAN_POINT('',(-51.,17.,129.));
#11373 = VECTOR('',#11374,1.);
#11374 = DIRECTION('',(0.,0.,1.));
#11375 = PCURVE('',#11205,#11376);
#11376 = DEFINITIONAL_REPRESENTATION('',(#11377),#11381);
#11377 = LINE('',#11378,#11379);
#11378 = CARTESIAN_POINT('',(0.,0.));
#11379 = VECTOR('',#11380,1.);
#11380 = DIRECTION('',(1.,0.));
#11381 = ( GEOMETRIC_REPRESENTATION_CONTEXT(2) 
PARAMETRIC_REPRESENTATION_CONTEXT() REPRESENTATION_CONTEXT('2D SPACE',''
  ) );
#11382 = PCURVE('',#11231,#11383);
#11383 = DEFINITIONAL_REPRESENTATION('',(#11384),#11388);
#11384 = LINE('',#11385,#11386);
#11385 = CARTESIAN_POINT('',(-15.,-17.));
#11386 = VECTOR('',#11387,1.);
#11387 = DIRECTION('',(1.,0.));
#11388 = ( GEOMETRIC_REPRESENTATION_CONTEXT(2) 
PARAMETRIC_REPRESENTATION_CONTEXT() REPRESENTATION_CONTEXT('2D SPACE',''
  ) );
#11389 = ADVANCED_FACE('',(#11390,#11416,#11522),#11231,.F.);
#11390 = FACE_BOUND('',#11391,.F.);
#11391 = EDGE_LOOP('',(#11392,#11393,#11394,#11415));
#11392 = ORIENTED_EDGE('',*,*,#11217,.T.);
#11393 = ORIENTED_EDGE('',*,*,#11369,.T.);
#11394 = ORIENTED_EDGE('',*,*,#11395,.T.);
#11395 = EDGE_CURVE('',#11347,#11247,#11396,.T.);
#11396 = SURFACE_CURVE('',#11397,(#11401,#11408),.PCURVE_S1.);
#11397 = LINE('',#11398,#11399);
#11398 = CARTESIAN_POINT('',(-51.,17.,159.));
#11399 = VECTOR('',#11400,1.);
#11400 = DIRECTION('',(0.,-1.,0.));
#11401 = PCURVE('',#11231,#11402);
#11402 = DEFINITIONAL_REPRESENTATION('',(#11403),#11407);
#11403 = LINE('',#11404,#11405);
#11404 = CARTESIAN_POINT('',(15.,-17.));
#11405 = VECTOR('',#11406,1.);
#11406 = DIRECTION('',(0.,1.));
#11407 = ( GEOMETRIC_REPRESENTATION_CONTEXT(2) 
PARAMETRIC_REPRESENTATION_CONTEXT() REPRESENTATION_CONTEXT('2D SPACE',''
  ) );
#11408 = PCURVE('',#11264,#11409);
#11409 = DEFINITIONAL_REPRESENTATION('',(#11410),#11414);
#11410 = LINE('',#11411,#11412);
#11411 = CARTESIAN_POINT('',(0.,-0.));
#11412 = VECTOR('',#11413,1.);
#11413 = DIRECTION('',(1.,0.));
#11414 = ( GEOMETRIC_REPRESENTATION_CONTEXT(2) 
PARAMETRIC_REPRESENTATION_CONTEXT() REPRESENTATION_CONTEXT('2D SPACE',''
  ) );
#11415 = ORIENTED_EDGE('',*,*,#11298,.T.);
#11416 = FACE_BOUND('',#11417,.F.);
#11417 = EDGE_LOOP('',(#11418,#11446,#11472,#11498));
#11418 = ORIENTED_EDGE('',*,*,#11419,.T.);
#11419 = EDGE_CURVE('',#11420,#11422,#11424,.T.);
#11420 = VERTEX_POINT('',#11421);
#11421 = CARTESIAN_POINT('',(-51.,13.5,149.5));
#11422 = VERTEX_POINT('',#11423);
#11423 = CARTESIAN_POINT('',(-51.,13.5,132.5));
#11424 = SURFACE_CURVE('',#11425,(#11429,#11435),.PCURVE_S1.);
#11425 = LINE('',#11426,#11427);
#11426 = CARTESIAN_POINT('',(-51.,13.5,138.25));
#11427 = VECTOR('',#11428,1.);
#11428 = DIRECTION('',(0.,0.,-1.));
#11429 = PCURVE('',#11231,#11430);
#11430 = DEFINITIONAL_REPRESENTATION('',(#11431),#11434);
#11431 = B_SPLINE_CURVE_WITH_KNOTS('',1,(#11432,#11433),.UNSPECIFIED.,
  .F.,.F.,(2,2),(-11.25,5.75),.PIECEWISE_BEZIER_KNOTS.);
#11432 = CARTESIAN_POINT('',(5.5,-13.5));
#11433 = CARTESIAN_POINT('',(-11.5,-13.5));
#11434 = ( GEOMETRIC_REPRESENTATION_CONTEXT(2) 
PARAMETRIC_REPRESENTATION_CONTEXT() REPRESENTATION_CONTEXT('2D SPACE',''
  ) );
#11435 = PCURVE('',#11436,#11441);
#11436 = PLANE('',#11437);
#11437 = AXIS2_PLACEMENT_3D('',#11438,#11439,#11440);
#11438 = CARTESIAN_POINT('',(-52.,13.5,132.5));
#11439 = DIRECTION('',(0.,-1.,0.));
#11440 = DIRECTION('',(0.,0.,1.));
#11441 = DEFINITIONAL_REPRESENTATION('',(#11442),#11445);
#11442 = B_SPLINE_CURVE_WITH_KNOTS('',1,(#11443,#11444),.UNSPECIFIED.,
  .F.,.F.,(2,2),(-11.25,5.75),.PIECEWISE_BEZIER_KNOTS.);
#11443 = CARTESIAN_POINT('',(17.,-1.));
#11444 = CARTESIAN_POINT('',(0.,-1.));
#11445 = ( GEOMETRIC_REPRESENTATION_CONTEXT(2) 
PARAMETRIC_REPRESENTATION_CONTEXT() REPRESENTATION_CONTEXT('2D SPACE',''
  ) );
#11446 = ORIENTED_EDGE('',*,*,#11447,.T.);
#11447 = EDGE_CURVE('',#11422,#11448,#11450,.T.);
#11448 = VERTEX_POINT('',#11449);
#11449 = CARTESIAN_POINT('',(-51.,10.5,132.5));
#11450 = SURFACE_CURVE('',#11451,(#11455,#11461),.PCURVE_S1.);
#11451 = LINE('',#11452,#11453);
#11452 = CARTESIAN_POINT('',(-51.,5.25,132.5));
#11453 = VECTOR('',#11454,1.);
#11454 = DIRECTION('',(0.,-1.,0.));
#11455 = PCURVE('',#11231,#11456);
#11456 = DEFINITIONAL_REPRESENTATION('',(#11457),#11460);
#11457 = B_SPLINE_CURVE_WITH_KNOTS('',1,(#11458,#11459),.UNSPECIFIED.,
  .F.,.F.,(2,2),(-8.25,-5.25),.PIECEWISE_BEZIER_KNOTS.);
#11458 = CARTESIAN_POINT('',(-11.5,-13.5));
#11459 = CARTESIAN_POINT('',(-11.5,-10.5));
#11460 = ( GEOMETRIC_REPRESENTATION_CONTEXT(2) 
PARAMETRIC_REPRESENTATION_CONTEXT() REPRESENTATION_CONTEXT('2D SPACE',''
  ) );
#11461 = PCURVE('',#11462,#11467);
#11462 = PLANE('',#11463);
#11463 = AXIS2_PLACEMENT_3D('',#11464,#11465,#11466);
#11464 = CARTESIAN_POINT('',(-52.,10.5,132.5));
#11465 = DIRECTION('',(0.,0.,1.));
#11466 = DIRECTION('',(0.,1.,0.));
#11467 = DEFINITIONAL_REPRESENTATION('',(#11468),#11471);
#11468 = B_SPLINE_CURVE_WITH_KNOTS('',1,(#11469,#11470),.UNSPECIFIED.,
  .F.,.F.,(2,2),(-8.25,-5.25),.PIECEWISE_BEZIER_KNOTS.);
#11469 = CARTESIAN_POINT('',(3.,-1.));
#11470 = CARTESIAN_POINT('',(0.,-1.));
#11471 = ( GEOMETRIC_REPRESENTATION_CONTEXT(2) 
PARAMETRIC_REPRESENTATION_CONTEXT() REPRESENTATION_CONTEXT('2D SPACE',''
  ) );
#11472 = ORIENTED_EDGE('',*,*,#11473,.T.);
#11473 = EDGE_CURVE('',#11448,#11474,#11476,.T.);
#11474 = VERTEX_POINT('',#11475);
#11475 = CARTESIAN_POINT('',(-51.,10.5,149.5));
#11476 = SURFACE_CURVE('',#11477,(#11481,#11487),.PCURVE_S1.);
#11477 = LINE('',#11478,#11479);
#11478 = CARTESIAN_POINT('',(-51.,10.5,146.75));
#11479 = VECTOR('',#11480,1.);
#11480 = DIRECTION('',(0.,-0.,1.));
#11481 = PCURVE('',#11231,#11482);
#11482 = DEFINITIONAL_REPRESENTATION('',(#11483),#11486);
#11483 = B_SPLINE_CURVE_WITH_KNOTS('',1,(#11484,#11485),.UNSPECIFIED.,
  .F.,.F.,(2,2),(-14.25,2.75),.PIECEWISE_BEZIER_KNOTS.);
#11484 = CARTESIAN_POINT('',(-11.5,-10.5));
#11485 = CARTESIAN_POINT('',(5.5,-10.5));
#11486 = ( GEOMETRIC_REPRESENTATION_CONTEXT(2) 
PARAMETRIC_REPRESENTATION_CONTEXT() REPRESENTATION_CONTEXT('2D SPACE',''
  ) );
#11487 = PCURVE('',#11488,#11493);
#11488 = PLANE('',#11489);
#11489 = AXIS2_PLACEMENT_3D('',#11490,#11491,#11492);
#11490 = CARTESIAN_POINT('',(-52.,10.5,149.5));
#11491 = DIRECTION('',(-0.,1.,0.));
#11492 = DIRECTION('',(0.,0.,-1.));
#11493 = DEFINITIONAL_REPRESENTATION('',(#11494),#11497);
#11494 = B_SPLINE_CURVE_WITH_KNOTS('',1,(#11495,#11496),.UNSPECIFIED.,
  .F.,.F.,(2,2),(-14.25,2.75),.PIECEWISE_BEZIER_KNOTS.);
#11495 = CARTESIAN_POINT('',(17.,-1.));
#11496 = CARTESIAN_POINT('',(0.,-1.));
#11497 = ( GEOMETRIC_REPRESENTATION_CONTEXT(2) 
PARAMETRIC_REPRESENTATION_CONTEXT() REPRESENTATION_CONTEXT('2D SPACE',''
  ) );
#11498 = ORIENTED_EDGE('',*,*,#11499,.T.);
#11499 = EDGE_CURVE('',#11474,#11420,#11500,.T.);
#11500 = SURFACE_CURVE('',#11501,(#11505,#11511),.PCURVE_S1.);
#11501 = LINE('',#11502,#11503);
#11502 = CARTESIAN_POINT('',(-51.,6.75,149.5));
#11503 = VECTOR('',#11504,1.);
#11504 = DIRECTION('',(-0.,1.,0.));
#11505 = PCURVE('',#11231,#11506);
#11506 = DEFINITIONAL_REPRESENTATION('',(#11507),#11510);
#11507 = B_SPLINE_CURVE_WITH_KNOTS('',1,(#11508,#11509),.UNSPECIFIED.,
  .F.,.F.,(2,2),(3.75,6.75),.PIECEWISE_BEZIER_KNOTS.);
#11508 = CARTESIAN_POINT('',(5.5,-10.5));
#11509 = CARTESIAN_POINT('',(5.5,-13.5));
#11510 = ( GEOMETRIC_REPRESENTATION_CONTEXT(2) 
PARAMETRIC_REPRESENTATION_CONTEXT() REPRESENTATION_CONTEXT('2D SPACE',''
  ) );
#11511 = PCURVE('',#11512,#11517);
#11512 = PLANE('',#11513);
#11513 = AXIS2_PLACEMENT_3D('',#11514,#11515,#11516);
#11514 = CARTESIAN_POINT('',(-52.,13.5,149.5));
#11515 = DIRECTION('',(0.,0.,-1.));
#11516 = DIRECTION('',(0.,-1.,0.));
#11517 = DEFINITIONAL_REPRESENTATION('',(#11518),#11521);
#11518 = B_SPLINE_CURVE_WITH_KNOTS('',1,(#11519,#11520),.UNSPECIFIED.,
  .F.,.F.,(2,2),(3.75,6.75),.PIECEWISE_BEZIER_KNOTS.);
#11519 = CARTESIAN_POINT('',(3.,-1.));
#11520 = CARTESIAN_POINT('',(0.,-1.));
#11521 = ( GEOMETRIC_REPRESENTATION_CONTEXT(2) 
PARAMETRIC_REPRESENTATION_CONTEXT() REPRESENTATION_CONTEXT('2D SPACE',''
  ) );
#11522 = FACE_BOUND('',#11523,.F.);
#11523 = EDGE_LOOP('',(#11524,#11552,#11578,#11604));
#11524 = ORIENTED_EDGE('',*,*,#11525,.T.);
#11525 = EDGE_CURVE('',#11526,#11528,#11530,.T.);
#11526 = VERTEX_POINT('',#11527);
#11527 = CARTESIAN_POINT('',(-51.,-10.5,149.5));
#11528 = VERTEX_POINT('',#11529);
#11529 = CARTESIAN_POINT('',(-51.,-10.5,132.5));
#11530 = SURFACE_CURVE('',#11531,(#11535,#11541),.PCURVE_S1.);
#11531 = LINE('',#11532,#11533);
#11532 = CARTESIAN_POINT('',(-51.,-10.5,138.25));
#11533 = VECTOR('',#11534,1.);
#11534 = DIRECTION('',(0.,0.,-1.));
#11535 = PCURVE('',#11231,#11536);
#11536 = DEFINITIONAL_REPRESENTATION('',(#11537),#11540);
#11537 = B_SPLINE_CURVE_WITH_KNOTS('',1,(#11538,#11539),.UNSPECIFIED.,
  .F.,.F.,(2,2),(-11.25,5.75),.PIECEWISE_BEZIER_KNOTS.);
#11538 = CARTESIAN_POINT('',(5.5,10.5));
#11539 = CARTESIAN_POINT('',(-11.5,10.5));
#11540 = ( GEOMETRIC_REPRESENTATION_CONTEXT(2) 
PARAMETRIC_REPRESENTATION_CONTEXT() REPRESENTATION_CONTEXT('2D SPACE',''
  ) );
#11541 = PCURVE('',#11542,#11547);
#11542 = PLANE('',#11543);
#11543 = AXIS2_PLACEMENT_3D('',#11544,#11545,#11546);
#11544 = CARTESIAN_POINT('',(-52.,-10.5,132.5));
#11545 = DIRECTION('',(0.,-1.,0.));
#11546 = DIRECTION('',(0.,0.,1.));
#11547 = DEFINITIONAL_REPRESENTATION('',(#11548),#11551);
#11548 = B_SPLINE_CURVE_WITH_KNOTS('',1,(#11549,#11550),.UNSPECIFIED.,
  .F.,.F.,(2,2),(-11.25,5.75),.PIECEWISE_BEZIER_KNOTS.);
#11549 = CARTESIAN_POINT('',(17.,-1.));
#11550 = CARTESIAN_POINT('',(0.,-1.));
#11551 = ( GEOMETRIC_REPRESENTATION_CONTEXT(2) 
PARAMETRIC_REPRESENTATION_CONTEXT() REPRESENTATION_CONTEXT('2D SPACE',''
  ) );
#11552 = ORIENTED_EDGE('',*,*,#11553,.T.);
#11553 = EDGE_CURVE('',#11528,#11554,#11556,.T.);
#11554 = VERTEX_POINT('',#11555);
#11555 = CARTESIAN_POINT('',(-51.,-13.5,132.5));
#11556 = SURFACE_CURVE('',#11557,(#11561,#11567),.PCURVE_S1.);
#11557 = LINE('',#11558,#11559);
#11558 = CARTESIAN_POINT('',(-51.,-6.75,132.5));
#11559 = VECTOR('',#11560,1.);
#11560 = DIRECTION('',(0.,-1.,0.));
#11561 = PCURVE('',#11231,#11562);
#11562 = DEFINITIONAL_REPRESENTATION('',(#11563),#11566);
#11563 = B_SPLINE_CURVE_WITH_KNOTS('',1,(#11564,#11565),.UNSPECIFIED.,
  .F.,.F.,(2,2),(3.75,6.75),.PIECEWISE_BEZIER_KNOTS.);
#11564 = CARTESIAN_POINT('',(-11.5,10.5));
#11565 = CARTESIAN_POINT('',(-11.5,13.5));
#11566 = ( GEOMETRIC_REPRESENTATION_CONTEXT(2) 
PARAMETRIC_REPRESENTATION_CONTEXT() REPRESENTATION_CONTEXT('2D SPACE',''
  ) );
#11567 = PCURVE('',#11568,#11573);
#11568 = PLANE('',#11569);
#11569 = AXIS2_PLACEMENT_3D('',#11570,#11571,#11572);
#11570 = CARTESIAN_POINT('',(-52.,-13.5,132.5));
#11571 = DIRECTION('',(0.,0.,1.));
#11572 = DIRECTION('',(0.,1.,0.));
#11573 = DEFINITIONAL_REPRESENTATION('',(#11574),#11577);
#11574 = B_SPLINE_CURVE_WITH_KNOTS('',1,(#11575,#11576),.UNSPECIFIED.,
  .F.,.F.,(2,2),(3.75,6.75),.PIECEWISE_BEZIER_KNOTS.);
#11575 = CARTESIAN_POINT('',(3.,-1.));
#11576 = CARTESIAN_POINT('',(0.,-1.));
#11577 = ( GEOMETRIC_REPRESENTATION_CONTEXT(2) 
PARAMETRIC_REPRESENTATION_CONTEXT() REPRESENTATION_CONTEXT('2D SPACE',''
  ) );
#11578 = ORIENTED_EDGE('',*,*,#11579,.T.);
#11579 = EDGE_CURVE('',#11554,#11580,#11582,.T.);
#11580 = VERTEX_POINT('',#11581);
#11581 = CARTESIAN_POINT('',(-51.,-13.5,149.5));
#11582 = SURFACE_CURVE('',#11583,(#11587,#11593),.PCURVE_S1.);
#11583 = LINE('',#11584,#11585);
#11584 = CARTESIAN_POINT('',(-51.,-13.5,146.75));
#11585 = VECTOR('',#11586,1.);
#11586 = DIRECTION('',(0.,-0.,1.));
#11587 = PCURVE('',#11231,#11588);
#11588 = DEFINITIONAL_REPRESENTATION('',(#11589),#11592);
#11589 = B_SPLINE_CURVE_WITH_KNOTS('',1,(#11590,#11591),.UNSPECIFIED.,
  .F.,.F.,(2,2),(-14.25,2.75),.PIECEWISE_BEZIER_KNOTS.);
#11590 = CARTESIAN_POINT('',(-11.5,13.5));
#11591 = CARTESIAN_POINT('',(5.5,13.5));
#11592 = ( GEOMETRIC_REPRESENTATION_CONTEXT(2) 
PARAMETRIC_REPRESENTATION_CONTEXT() REPRESENTATION_CONTEXT('2D SPACE',''
  ) );
#11593 = PCURVE('',#11594,#11599);
#11594 = PLANE('',#11595);
#11595 = AXIS2_PLACEMENT_3D('',#11596,#11597,#11598);
#11596 = CARTESIAN_POINT('',(-52.,-13.5,149.5));
#11597 = DIRECTION('',(-0.,1.,0.));
#11598 = DIRECTION('',(0.,0.,-1.));
#11599 = DEFINITIONAL_REPRESENTATION('',(#11600),#11603);
#11600 = B_SPLINE_CURVE_WITH_KNOTS('',1,(#11601,#11602),.UNSPECIFIED.,
  .F.,.F.,(2,2),(-14.25,2.75),.PIECEWISE_BEZIER_KNOTS.);
#11601 = CARTESIAN_POINT('',(17.,-1.));
#11602 = CARTESIAN_POINT('',(0.,-1.));
#11603 = ( GEOMETRIC_REPRESENTATION_CONTEXT(2) 
PARAMETRIC_REPRESENTATION_CONTEXT() REPRESENTATION_CONTEXT('2D SPACE',''
  ) );
#11604 = ORIENTED_EDGE('',*,*,#11605,.T.);
#11605 = EDGE_CURVE('',#11580,#11526,#11606,.T.);
#11606 = SURFACE_CURVE('',#11607,(#11611,#11617),.PCURVE_S1.);
#11607 = LINE('',#11608,#11609);
#11608 = CARTESIAN_POINT('',(-51.,-5.25,149.5));
#11609 = VECTOR('',#11610,1.);
#11610 = DIRECTION('',(-0.,1.,0.));
#11611 = PCURVE('',#11231,#11612);
#11612 = DEFINITIONAL_REPRESENTATION('',(#11613),#11616);
#11613 = B_SPLINE_CURVE_WITH_KNOTS('',1,(#11614,#11615),.UNSPECIFIED.,
  .F.,.F.,(2,2),(-8.25,-5.25),.PIECEWISE_BEZIER_KNOTS.);
#11614 = CARTESIAN_POINT('',(5.5,13.5));
#11615 = CARTESIAN_POINT('',(5.5,10.5));
#11616 = ( GEOMETRIC_REPRESENTATION_CONTEXT(2) 
PARAMETRIC_REPRESENTATION_CONTEXT() REPRESENTATION_CONTEXT('2D SPACE',''
  ) );
#11617 = PCURVE('',#11618,#11623);
#11618 = PLANE('',#11619);
#11619 = AXIS2_PLACEMENT_3D('',#11620,#11621,#11622);
#11620 = CARTESIAN_POINT('',(-52.,-10.5,149.5));
#11621 = DIRECTION('',(0.,0.,-1.));
#11622 = DIRECTION('',(0.,-1.,0.));
#11623 = DEFINITIONAL_REPRESENTATION('',(#11624),#11627);
#11624 = B_SPLINE_CURVE_WITH_KNOTS('',1,(#11625,#11626),.UNSPECIFIED.,
  .F.,.F.,(2,2),(-8.25,-5.25),.PIECEWISE_BEZIER_KNOTS.);
#11625 = CARTESIAN_POINT('',(3.,-1.));
#11626 = CARTESIAN_POINT('',(0.,-1.));
#11627 = ( GEOMETRIC_REPRESENTATION_CONTEXT(2) 
PARAMETRIC_REPRESENTATION_CONTEXT() REPRESENTATION_CONTEXT('2D SPACE',''
  ) );
#11628 = ADVANCED_FACE('',(#11629,#11655,#11741),#11177,.T.);
#11629 = FACE_BOUND('',#11630,.T.);
#11630 = EDGE_LOOP('',(#11631,#11632,#11633,#11654));
#11631 = ORIENTED_EDGE('',*,*,#11161,.T.);
#11632 = ORIENTED_EDGE('',*,*,#11323,.T.);
#11633 = ORIENTED_EDGE('',*,*,#11634,.T.);
#11634 = EDGE_CURVE('',#11324,#11249,#11635,.T.);
#11635 = SURFACE_CURVE('',#11636,(#11640,#11647),.PCURVE_S1.);
#11636 = LINE('',#11637,#11638);
#11637 = CARTESIAN_POINT('',(-48.,17.,159.));
#11638 = VECTOR('',#11639,1.);
#11639 = DIRECTION('',(0.,-1.,0.));
#11640 = PCURVE('',#11177,#11641);
#11641 = DEFINITIONAL_REPRESENTATION('',(#11642),#11646);
#11642 = LINE('',#11643,#11644);
#11643 = CARTESIAN_POINT('',(15.,-17.));
#11644 = VECTOR('',#11645,1.);
#11645 = DIRECTION('',(0.,1.));
#11646 = ( GEOMETRIC_REPRESENTATION_CONTEXT(2) 
PARAMETRIC_REPRESENTATION_CONTEXT() REPRESENTATION_CONTEXT('2D SPACE',''
  ) );
#11647 = PCURVE('',#11264,#11648);
#11648 = DEFINITIONAL_REPRESENTATION('',(#11649),#11653);
#11649 = LINE('',#11650,#11651);
#11650 = CARTESIAN_POINT('',(0.,-3.));
#11651 = VECTOR('',#11652,1.);
#11652 = DIRECTION('',(1.,0.));
#11653 = ( GEOMETRIC_REPRESENTATION_CONTEXT(2) 
PARAMETRIC_REPRESENTATION_CONTEXT() REPRESENTATION_CONTEXT('2D SPACE',''
  ) );
#11654 = ORIENTED_EDGE('',*,*,#11276,.T.);
#11655 = FACE_BOUND('',#11656,.T.);
#11656 = EDGE_LOOP('',(#11657,#11680,#11701,#11722));
#11657 = ORIENTED_EDGE('',*,*,#11658,.T.);
#11658 = EDGE_CURVE('',#11659,#11661,#11663,.T.);
#11659 = VERTEX_POINT('',#11660);
#11660 = CARTESIAN_POINT('',(-48.,13.5,149.5));
#11661 = VERTEX_POINT('',#11662);
#11662 = CARTESIAN_POINT('',(-48.,13.5,132.5));
#11663 = SURFACE_CURVE('',#11664,(#11668,#11674),.PCURVE_S1.);
#11664 = LINE('',#11665,#11666);
#11665 = CARTESIAN_POINT('',(-48.,13.5,138.25));
#11666 = VECTOR('',#11667,1.);
#11667 = DIRECTION('',(0.,0.,-1.));
#11668 = PCURVE('',#11177,#11669);
#11669 = DEFINITIONAL_REPRESENTATION('',(#11670),#11673);
#11670 = B_SPLINE_CURVE_WITH_KNOTS('',1,(#11671,#11672),.UNSPECIFIED.,
  .F.,.F.,(2,2),(-11.25,5.75),.PIECEWISE_BEZIER_KNOTS.);
#11671 = CARTESIAN_POINT('',(5.5,-13.5));
#11672 = CARTESIAN_POINT('',(-11.5,-13.5));
#11673 = ( GEOMETRIC_REPRESENTATION_CONTEXT(2) 
PARAMETRIC_REPRESENTATION_CONTEXT() REPRESENTATION_CONTEXT('2D SPACE',''
  ) );
#11674 = PCURVE('',#11436,#11675);
#11675 = DEFINITIONAL_REPRESENTATION('',(#11676),#11679);
#11676 = B_SPLINE_CURVE_WITH_KNOTS('',1,(#11677,#11678),.UNSPECIFIED.,
  .F.,.F.,(2,2),(-11.25,5.75),.PIECEWISE_BEZIER_KNOTS.);
#11677 = CARTESIAN_POINT('',(17.,-4.));
#11678 = CARTESIAN_POINT('',(0.,-4.));
#11679 = ( GEOMETRIC_REPRESENTATION_CONTEXT(2) 
PARAMETRIC_REPRESENTATION_CONTEXT() REPRESENTATION_CONTEXT('2D SPACE',''
  ) );
#11680 = ORIENTED_EDGE('',*,*,#11681,.T.);
#11681 = EDGE_CURVE('',#11661,#11682,#11684,.T.);
#11682 = VERTEX_POINT('',#11683);
#11683 = CARTESIAN_POINT('',(-48.,10.5,132.5));
#11684 = SURFACE_CURVE('',#11685,(#11689,#11695),.PCURVE_S1.);
#11685 = LINE('',#11686,#11687);
#11686 = CARTESIAN_POINT('',(-48.,5.25,132.5));
#11687 = VECTOR('',#11688,1.);
#11688 = DIRECTION('',(0.,-1.,0.));
#11689 = PCURVE('',#11177,#11690);
#11690 = DEFINITIONAL_REPRESENTATION('',(#11691),#11694);
#11691 = B_SPLINE_CURVE_WITH_KNOTS('',1,(#11692,#11693),.UNSPECIFIED.,
  .F.,.F.,(2,2),(-8.25,-5.25),.PIECEWISE_BEZIER_KNOTS.);
#11692 = CARTESIAN_POINT('',(-11.5,-13.5));
#11693 = CARTESIAN_POINT('',(-11.5,-10.5));
#11694 = ( GEOMETRIC_REPRESENTATION_CONTEXT(2) 
PARAMETRIC_REPRESENTATION_CONTEXT() REPRESENTATION_CONTEXT('2D SPACE',''
  ) );
#11695 = PCURVE('',#11462,#11696);
#11696 = DEFINITIONAL_REPRESENTATION('',(#11697),#11700);
#11697 = B_SPLINE_CURVE_WITH_KNOTS('',1,(#11698,#11699),.UNSPECIFIED.,
  .F.,.F.,(2,2),(-8.25,-5.25),.PIECEWISE_BEZIER_KNOTS.);
#11698 = CARTESIAN_POINT('',(3.,-4.));
#11699 = CARTESIAN_POINT('',(0.,-4.));
#11700 = ( GEOMETRIC_REPRESENTATION_CONTEXT(2) 
PARAMETRIC_REPRESENTATION_CONTEXT() REPRESENTATION_CONTEXT('2D SPACE',''
  ) );
#11701 = ORIENTED_EDGE('',*,*,#11702,.T.);
#11702 = EDGE_CURVE('',#11682,#11703,#11705,.T.);
#11703 = VERTEX_POINT('',#11704);
#11704 = CARTESIAN_POINT('',(-48.,10.5,149.5));
#11705 = SURFACE_CURVE('',#11706,(#11710,#11716),.PCURVE_S1.);
#11706 = LINE('',#11707,#11708);
#11707 = CARTESIAN_POINT('',(-48.,10.5,146.75));
#11708 = VECTOR('',#11709,1.);
#11709 = DIRECTION('',(0.,-0.,1.));
#11710 = PCURVE('',#11177,#11711);
#11711 = DEFINITIONAL_REPRESENTATION('',(#11712),#11715);
#11712 = B_SPLINE_CURVE_WITH_KNOTS('',1,(#11713,#11714),.UNSPECIFIED.,
  .F.,.F.,(2,2),(-14.25,2.75),.PIECEWISE_BEZIER_KNOTS.);
#11713 = CARTESIAN_POINT('',(-11.5,-10.5));
#11714 = CARTESIAN_POINT('',(5.5,-10.5));
#11715 = ( GEOMETRIC_REPRESENTATION_CONTEXT(2) 
PARAMETRIC_REPRESENTATION_CONTEXT() REPRESENTATION_CONTEXT('2D SPACE',''
  ) );
#11716 = PCURVE('',#11488,#11717);
#11717 = DEFINITIONAL_REPRESENTATION('',(#11718),#11721);
#11718 = B_SPLINE_CURVE_WITH_KNOTS('',1,(#11719,#11720),.UNSPECIFIED.,
  .F.,.F.,(2,2),(-14.25,2.75),.PIECEWISE_BEZIER_KNOTS.);
#11719 = CARTESIAN_POINT('',(17.,-4.));
#11720 = CARTESIAN_POINT('',(0.,-4.));
#11721 = ( GEOMETRIC_REPRESENTATION_CONTEXT(2) 
PARAMETRIC_REPRESENTATION_CONTEXT() REPRESENTATION_CONTEXT('2D SPACE',''
  ) );
#11722 = ORIENTED_EDGE('',*,*,#11723,.T.);
#11723 = EDGE_CURVE('',#11703,#11659,#11724,.T.);
#11724 = SURFACE_CURVE('',#11725,(#11729,#11735),.PCURVE_S1.);
#11725 = LINE('',#11726,#11727);
#11726 = CARTESIAN_POINT('',(-48.,6.75,149.5));
#11727 = VECTOR('',#11728,1.);
#11728 = DIRECTION('',(-0.,1.,0.));
#11729 = PCURVE('',#11177,#11730);
#11730 = DEFINITIONAL_REPRESENTATION('',(#11731),#11734);
#11731 = B_SPLINE_CURVE_WITH_KNOTS('',1,(#11732,#11733),.UNSPECIFIED.,
  .F.,.F.,(2,2),(3.75,6.75),.PIECEWISE_BEZIER_KNOTS.);
#11732 = CARTESIAN_POINT('',(5.5,-10.5));
#11733 = CARTESIAN_POINT('',(5.5,-13.5));
#11734 = ( GEOMETRIC_REPRESENTATION_CONTEXT(2) 
PARAMETRIC_REPRESENTATION_CONTEXT() REPRESENTATION_CONTEXT('2D SPACE',''
  ) );
#11735 = PCURVE('',#11512,#11736);
#11736 = DEFINITIONAL_REPRESENTATION('',(#11737),#11740);
#11737 = B_SPLINE_CURVE_WITH_KNOTS('',1,(#11738,#11739),.UNSPECIFIED.,
  .F.,.F.,(2,2),(3.75,6.75),.PIECEWISE_BEZIER_KNOTS.);
#11738 = CARTESIAN_POINT('',(3.,-4.));
#11739 = CARTESIAN_POINT('',(0.,-4.));
#11740 = ( GEOMETRIC_REPRESENTATION_CONTEXT(2) 
PARAMETRIC_REPRESENTATION_CONTEXT() REPRESENTATION_CONTEXT('2D SPACE',''
  ) );
#11741 = FACE_BOUND('',#11742,.T.);
#11742 = EDGE_LOOP('',(#11743,#11766,#11787,#11808));
#11743 = ORIENTED_EDGE('',*,*,#11744,.T.);
#11744 = EDGE_CURVE('',#11745,#11747,#11749,.T.);
#11745 = VERTEX_POINT('',#11746);
#11746 = CARTESIAN_POINT('',(-48.,-10.5,149.5));
#11747 = VERTEX_POINT('',#11748);
#11748 = CARTESIAN_POINT('',(-48.,-10.5,132.5));
#11749 = SURFACE_CURVE('',#11750,(#11754,#11760),.PCURVE_S1.);
#11750 = LINE('',#11751,#11752);
#11751 = CARTESIAN_POINT('',(-48.,-10.5,138.25));
#11752 = VECTOR('',#11753,1.);
#11753 = DIRECTION('',(0.,0.,-1.));
#11754 = PCURVE('',#11177,#11755);
#11755 = DEFINITIONAL_REPRESENTATION('',(#11756),#11759);
#11756 = B_SPLINE_CURVE_WITH_KNOTS('',1,(#11757,#11758),.UNSPECIFIED.,
  .F.,.F.,(2,2),(-11.25,5.75),.PIECEWISE_BEZIER_KNOTS.);
#11757 = CARTESIAN_POINT('',(5.5,10.5));
#11758 = CARTESIAN_POINT('',(-11.5,10.5));
#11759 = ( GEOMETRIC_REPRESENTATION_CONTEXT(2) 
PARAMETRIC_REPRESENTATION_CONTEXT() REPRESENTATION_CONTEXT('2D SPACE',''
  ) );
#11760 = PCURVE('',#11542,#11761);
#11761 = DEFINITIONAL_REPRESENTATION('',(#11762),#11765);
#11762 = B_SPLINE_CURVE_WITH_KNOTS('',1,(#11763,#11764),.UNSPECIFIED.,
  .F.,.F.,(2,2),(-11.25,5.75),.PIECEWISE_BEZIER_KNOTS.);
#11763 = CARTESIAN_POINT('',(17.,-4.));
#11764 = CARTESIAN_POINT('',(0.,-4.));
#11765 = ( GEOMETRIC_REPRESENTATION_CONTEXT(2) 
PARAMETRIC_REPRESENTATION_CONTEXT() REPRESENTATION_CONTEXT('2D SPACE',''
  ) );
#11766 = ORIENTED_EDGE('',*,*,#11767,.T.);
#11767 = EDGE_CURVE('',#11747,#11768,#11770,.T.);
#11768 = VERTEX_POINT('',#11769);
#11769 = CARTESIAN_POINT('',(-48.,-13.5,132.5));
#11770 = SURFACE_CURVE('',#11771,(#11775,#11781),.PCURVE_S1.);
#11771 = LINE('',#11772,#11773);
#11772 = CARTESIAN_POINT('',(-48.,-6.75,132.5));
#11773 = VECTOR('',#11774,1.);
#11774 = DIRECTION('',(0.,-1.,0.));
#11775 = PCURVE('',#11177,#11776);
#11776 = DEFINITIONAL_REPRESENTATION('',(#11777),#11780);
#11777 = B_SPLINE_CURVE_WITH_KNOTS('',1,(#11778,#11779),.UNSPECIFIED.,
  .F.,.F.,(2,2),(3.75,6.75),.PIECEWISE_BEZIER_KNOTS.);
#11778 = CARTESIAN_POINT('',(-11.5,10.5));
#11779 = CARTESIAN_POINT('',(-11.5,13.5));
#11780 = ( GEOMETRIC_REPRESENTATION_CONTEXT(2) 
PARAMETRIC_REPRESENTATION_CONTEXT() REPRESENTATION_CONTEXT('2D SPACE',''
  ) );
#11781 = PCURVE('',#11568,#11782);
#11782 = DEFINITIONAL_REPRESENTATION('',(#11783),#11786);
#11783 = B_SPLINE_CURVE_WITH_KNOTS('',1,(#11784,#11785),.UNSPECIFIED.,
  .F.,.F.,(2,2),(3.75,6.75),.PIECEWISE_BEZIER_KNOTS.);
#11784 = CARTESIAN_POINT('',(3.,-4.));
#11785 = CARTESIAN_POINT('',(0.,-4.));
#11786 = ( GEOMETRIC_REPRESENTATION_CONTEXT(2) 
PARAMETRIC_REPRESENTATION_CONTEXT() REPRESENTATION_CONTEXT('2D SPACE',''
  ) );
#11787 = ORIENTED_EDGE('',*,*,#11788,.T.);
#11788 = EDGE_CURVE('',#11768,#11789,#11791,.T.);
#11789 = VERTEX_POINT('',#11790);
#11790 = CARTESIAN_POINT('',(-48.,-13.5,149.5));
#11791 = SURFACE_CURVE('',#11792,(#11796,#11802),.PCURVE_S1.);
#11792 = LINE('',#11793,#11794);
#11793 = CARTESIAN_POINT('',(-48.,-13.5,146.75));
#11794 = VECTOR('',#11795,1.);
#11795 = DIRECTION('',(0.,-0.,1.));
#11796 = PCURVE('',#11177,#11797);
#11797 = DEFINITIONAL_REPRESENTATION('',(#11798),#11801);
#11798 = B_SPLINE_CURVE_WITH_KNOTS('',1,(#11799,#11800),.UNSPECIFIED.,
  .F.,.F.,(2,2),(-14.25,2.75),.PIECEWISE_BEZIER_KNOTS.);
#11799 = CARTESIAN_POINT('',(-11.5,13.5));
#11800 = CARTESIAN_POINT('',(5.5,13.5));
#11801 = ( GEOMETRIC_REPRESENTATION_CONTEXT(2) 
PARAMETRIC_REPRESENTATION_CONTEXT() REPRESENTATION_CONTEXT('2D SPACE',''
  ) );
#11802 = PCURVE('',#11594,#11803);
#11803 = DEFINITIONAL_REPRESENTATION('',(#11804),#11807);
#11804 = B_SPLINE_CURVE_WITH_KNOTS('',1,(#11805,#11806),.UNSPECIFIED.,
  .F.,.F.,(2,2),(-14.25,2.75),.PIECEWISE_BEZIER_KNOTS.);
#11805 = CARTESIAN_POINT('',(17.,-4.));
#11806 = CARTESIAN_POINT('',(0.,-4.));
#11807 = ( GEOMETRIC_REPRESENTATION_CONTEXT(2) 
PARAMETRIC_REPRESENTATION_CONTEXT() REPRESENTATION_CONTEXT('2D SPACE',''
  ) );
#11808 = ORIENTED_EDGE('',*,*,#11809,.T.);
#11809 = EDGE_CURVE('',#11789,#11745,#11810,.T.);
#11810 = SURFACE_CURVE('',#11811,(#11815,#11821),.PCURVE_S1.);
#11811 = LINE('',#11812,#11813);
#11812 = CARTESIAN_POINT('',(-48.,-5.25,149.5));
#11813 = VECTOR('',#11814,1.);
#11814 = DIRECTION('',(-0.,1.,0.));
#11815 = PCURVE('',#11177,#11816);
#11816 = DEFINITIONAL_REPRESENTATION('',(#11817),#11820);
#11817 = B_SPLINE_CURVE_WITH_KNOTS('',1,(#11818,#11819),.UNSPECIFIED.,
  .F.,.F.,(2,2),(-8.25,-5.25),.PIECEWISE_BEZIER_KNOTS.);
#11818 = CARTESIAN_POINT('',(5.5,13.5));
#11819 = CARTESIAN_POINT('',(5.5,10.5));
#11820 = ( GEOMETRIC_REPRESENTATION_CONTEXT(2) 
PARAMETRIC_REPRESENTATION_CONTEXT() REPRESENTATION_CONTEXT('2D SPACE',''
  ) );
#11821 = PCURVE('',#11618,#11822);
#11822 = DEFINITIONAL_REPRESENTATION('',(#11823),#11826);
#11823 = B_SPLINE_CURVE_WITH_KNOTS('',1,(#11824,#11825),.UNSPECIFIED.,
  .F.,.F.,(2,2),(-8.25,-5.25),.PIECEWISE_BEZIER_KNOTS.);
#11824 = CARTESIAN_POINT('',(3.,-4.));
#11825 = CARTESIAN_POINT('',(0.,-4.));
#11826 = ( GEOMETRIC_REPRESENTATION_CONTEXT(2) 
PARAMETRIC_REPRESENTATION_CONTEXT() REPRESENTATION_CONTEXT('2D SPACE',''
  ) );
#11827 = ADVANCED_FACE('',(#11828),#11264,.F.);
#11828 = FACE_BOUND('',#11829,.F.);
#11829 = EDGE_LOOP('',(#11830,#11831,#11832,#11833));
#11830 = ORIENTED_EDGE('',*,*,#11346,.T.);
#11831 = ORIENTED_EDGE('',*,*,#11634,.T.);
#11832 = ORIENTED_EDGE('',*,*,#11246,.F.);
#11833 = ORIENTED_EDGE('',*,*,#11395,.F.);
#11834 = ADVANCED_FACE('',(#11835),#11436,.T.);
#11835 = FACE_BOUND('',#11836,.T.);
#11836 = EDGE_LOOP('',(#11837,#11838,#11859,#11860));
#11837 = ORIENTED_EDGE('',*,*,#11419,.T.);
#11838 = ORIENTED_EDGE('',*,*,#11839,.T.);
#11839 = EDGE_CURVE('',#11422,#11661,#11840,.T.);
#11840 = SURFACE_CURVE('',#11841,(#11845,#11852),.PCURVE_S1.);
#11841 = LINE('',#11842,#11843);
#11842 = CARTESIAN_POINT('',(-52.,13.5,132.5));
#11843 = VECTOR('',#11844,1.);
#11844 = DIRECTION('',(1.,0.,0.));
#11845 = PCURVE('',#11436,#11846);
#11846 = DEFINITIONAL_REPRESENTATION('',(#11847),#11851);
#11847 = LINE('',#11848,#11849);
#11848 = CARTESIAN_POINT('',(0.,0.));
#11849 = VECTOR('',#11850,1.);
#11850 = DIRECTION('',(0.,-1.));
#11851 = ( GEOMETRIC_REPRESENTATION_CONTEXT(2) 
PARAMETRIC_REPRESENTATION_CONTEXT() REPRESENTATION_CONTEXT('2D SPACE',''
  ) );
#11852 = PCURVE('',#11462,#11853);
#11853 = DEFINITIONAL_REPRESENTATION('',(#11854),#11858);
#11854 = LINE('',#11855,#11856);
#11855 = CARTESIAN_POINT('',(3.,0.));
#11856 = VECTOR('',#11857,1.);
#11857 = DIRECTION('',(0.,-1.));
#11858 = ( GEOMETRIC_REPRESENTATION_CONTEXT(2) 
PARAMETRIC_REPRESENTATION_CONTEXT() REPRESENTATION_CONTEXT('2D SPACE',''
  ) );
#11859 = ORIENTED_EDGE('',*,*,#11658,.F.);
#11860 = ORIENTED_EDGE('',*,*,#11861,.F.);
#11861 = EDGE_CURVE('',#11420,#11659,#11862,.T.);
#11862 = SURFACE_CURVE('',#11863,(#11867,#11874),.PCURVE_S1.);
#11863 = LINE('',#11864,#11865);
#11864 = CARTESIAN_POINT('',(-52.,13.5,149.5));
#11865 = VECTOR('',#11866,1.);
#11866 = DIRECTION('',(1.,0.,0.));
#11867 = PCURVE('',#11436,#11868);
#11868 = DEFINITIONAL_REPRESENTATION('',(#11869),#11873);
#11869 = LINE('',#11870,#11871);
#11870 = CARTESIAN_POINT('',(17.,0.));
#11871 = VECTOR('',#11872,1.);
#11872 = DIRECTION('',(0.,-1.));
#11873 = ( GEOMETRIC_REPRESENTATION_CONTEXT(2) 
PARAMETRIC_REPRESENTATION_CONTEXT() REPRESENTATION_CONTEXT('2D SPACE',''
  ) );
#11874 = PCURVE('',#11512,#11875);
#11875 = DEFINITIONAL_REPRESENTATION('',(#11876),#11880);
#11876 = LINE('',#11877,#11878);
#11877 = CARTESIAN_POINT('',(0.,-0.));
#11878 = VECTOR('',#11879,1.);
#11879 = DIRECTION('',(0.,-1.));
#11880 = ( GEOMETRIC_REPRESENTATION_CONTEXT(2) 
PARAMETRIC_REPRESENTATION_CONTEXT() REPRESENTATION_CONTEXT('2D SPACE',''
  ) );
#11881 = ADVANCED_FACE('',(#11882),#11512,.T.);
#11882 = FACE_BOUND('',#11883,.T.);
#11883 = EDGE_LOOP('',(#11884,#11885,#11886,#11887));
#11884 = ORIENTED_EDGE('',*,*,#11499,.T.);
#11885 = ORIENTED_EDGE('',*,*,#11861,.T.);
#11886 = ORIENTED_EDGE('',*,*,#11723,.F.);
#11887 = ORIENTED_EDGE('',*,*,#11888,.F.);
#11888 = EDGE_CURVE('',#11474,#11703,#11889,.T.);
#11889 = SURFACE_CURVE('',#11890,(#11894,#11901),.PCURVE_S1.);
#11890 = LINE('',#11891,#11892);
#11891 = CARTESIAN_POINT('',(-52.,10.5,149.5));
#11892 = VECTOR('',#11893,1.);
#11893 = DIRECTION('',(1.,0.,0.));
#11894 = PCURVE('',#11512,#11895);
#11895 = DEFINITIONAL_REPRESENTATION('',(#11896),#11900);
#11896 = LINE('',#11897,#11898);
#11897 = CARTESIAN_POINT('',(3.,0.));
#11898 = VECTOR('',#11899,1.);
#11899 = DIRECTION('',(0.,-1.));
#11900 = ( GEOMETRIC_REPRESENTATION_CONTEXT(2) 
PARAMETRIC_REPRESENTATION_CONTEXT() REPRESENTATION_CONTEXT('2D SPACE',''
  ) );
#11901 = PCURVE('',#11488,#11902);
#11902 = DEFINITIONAL_REPRESENTATION('',(#11903),#11907);
#11903 = LINE('',#11904,#11905);
#11904 = CARTESIAN_POINT('',(0.,0.));
#11905 = VECTOR('',#11906,1.);
#11906 = DIRECTION('',(0.,-1.));
#11907 = ( GEOMETRIC_REPRESENTATION_CONTEXT(2) 
PARAMETRIC_REPRESENTATION_CONTEXT() REPRESENTATION_CONTEXT('2D SPACE',''
  ) );
#11908 = ADVANCED_FACE('',(#11909),#11488,.T.);
#11909 = FACE_BOUND('',#11910,.T.);
#11910 = EDGE_LOOP('',(#11911,#11912,#11913,#11914));
#11911 = ORIENTED_EDGE('',*,*,#11473,.T.);
#11912 = ORIENTED_EDGE('',*,*,#11888,.T.);
#11913 = ORIENTED_EDGE('',*,*,#11702,.F.);
#11914 = ORIENTED_EDGE('',*,*,#11915,.F.);
#11915 = EDGE_CURVE('',#11448,#11682,#11916,.T.);
#11916 = SURFACE_CURVE('',#11917,(#11921,#11928),.PCURVE_S1.);
#11917 = LINE('',#11918,#11919);
#11918 = CARTESIAN_POINT('',(-52.,10.5,132.5));
#11919 = VECTOR('',#11920,1.);
#11920 = DIRECTION('',(1.,0.,0.));
#11921 = PCURVE('',#11488,#11922);
#11922 = DEFINITIONAL_REPRESENTATION('',(#11923),#11927);
#11923 = LINE('',#11924,#11925);
#11924 = CARTESIAN_POINT('',(17.,0.));
#11925 = VECTOR('',#11926,1.);
#11926 = DIRECTION('',(0.,-1.));
#11927 = ( GEOMETRIC_REPRESENTATION_CONTEXT(2) 
PARAMETRIC_REPRESENTATION_CONTEXT() REPRESENTATION_CONTEXT('2D SPACE',''
  ) );
#11928 = PCURVE('',#11462,#11929);
#11929 = DEFINITIONAL_REPRESENTATION('',(#11930),#11934);
#11930 = LINE('',#11931,#11932);
#11931 = CARTESIAN_POINT('',(0.,0.));
#11932 = VECTOR('',#11933,1.);
#11933 = DIRECTION('',(0.,-1.));
#11934 = ( GEOMETRIC_REPRESENTATION_CONTEXT(2) 
PARAMETRIC_REPRESENTATION_CONTEXT() REPRESENTATION_CONTEXT('2D SPACE',''
  ) );
#11935 = ADVANCED_FACE('',(#11936),#11462,.T.);
#11936 = FACE_BOUND('',#11937,.T.);
#11937 = EDGE_LOOP('',(#11938,#11939,#11940,#11941));
#11938 = ORIENTED_EDGE('',*,*,#11447,.T.);
#11939 = ORIENTED_EDGE('',*,*,#11915,.T.);
#11940 = ORIENTED_EDGE('',*,*,#11681,.F.);
#11941 = ORIENTED_EDGE('',*,*,#11839,.F.);
#11942 = ADVANCED_FACE('',(#11943),#11542,.T.);
#11943 = FACE_BOUND('',#11944,.T.);
#11944 = EDGE_LOOP('',(#11945,#11946,#11967,#11968));
#11945 = ORIENTED_EDGE('',*,*,#11525,.T.);
#11946 = ORIENTED_EDGE('',*,*,#11947,.T.);
#11947 = EDGE_CURVE('',#11528,#11747,#11948,.T.);
#11948 = SURFACE_CURVE('',#11949,(#11953,#11960),.PCURVE_S1.);
#11949 = LINE('',#11950,#11951);
#11950 = CARTESIAN_POINT('',(-52.,-10.5,132.5));
#11951 = VECTOR('',#11952,1.);
#11952 = DIRECTION('',(1.,0.,0.));
#11953 = PCURVE('',#11542,#11954);
#11954 = DEFINITIONAL_REPRESENTATION('',(#11955),#11959);
#11955 = LINE('',#11956,#11957);
#11956 = CARTESIAN_POINT('',(0.,0.));
#11957 = VECTOR('',#11958,1.);
#11958 = DIRECTION('',(0.,-1.));
#11959 = ( GEOMETRIC_REPRESENTATION_CONTEXT(2) 
PARAMETRIC_REPRESENTATION_CONTEXT() REPRESENTATION_CONTEXT('2D SPACE',''
  ) );
#11960 = PCURVE('',#11568,#11961);
#11961 = DEFINITIONAL_REPRESENTATION('',(#11962),#11966);
#11962 = LINE('',#11963,#11964);
#11963 = CARTESIAN_POINT('',(3.,0.));
#11964 = VECTOR('',#11965,1.);
#11965 = DIRECTION('',(0.,-1.));
#11966 = ( GEOMETRIC_REPRESENTATION_CONTEXT(2) 
PARAMETRIC_REPRESENTATION_CONTEXT() REPRESENTATION_CONTEXT('2D SPACE',''
  ) );
#11967 = ORIENTED_EDGE('',*,*,#11744,.F.);
#11968 = ORIENTED_EDGE('',*,*,#11969,.F.);
#11969 = EDGE_CURVE('',#11526,#11745,#11970,.T.);
#11970 = SURFACE_CURVE('',#11971,(#11975,#11982),.PCURVE_S1.);
#11971 = LINE('',#11972,#11973);
#11972 = CARTESIAN_POINT('',(-52.,-10.5,149.5));
#11973 = VECTOR('',#11974,1.);
#11974 = DIRECTION('',(1.,0.,0.));
#11975 = PCURVE('',#11542,#11976);
#11976 = DEFINITIONAL_REPRESENTATION('',(#11977),#11981);
#11977 = LINE('',#11978,#11979);
#11978 = CARTESIAN_POINT('',(17.,0.));
#11979 = VECTOR('',#11980,1.);
#11980 = DIRECTION('',(0.,-1.));
#11981 = ( GEOMETRIC_REPRESENTATION_CONTEXT(2) 
PARAMETRIC_REPRESENTATION_CONTEXT() REPRESENTATION_CONTEXT('2D SPACE',''
  ) );
#11982 = PCURVE('',#11618,#11983);
#11983 = DEFINITIONAL_REPRESENTATION('',(#11984),#11988);
#11984 = LINE('',#11985,#11986);
#11985 = CARTESIAN_POINT('',(0.,-0.));
#11986 = VECTOR('',#11987,1.);
#11987 = DIRECTION('',(0.,-1.));
#11988 = ( GEOMETRIC_REPRESENTATION_CONTEXT(2) 
PARAMETRIC_REPRESENTATION_CONTEXT() REPRESENTATION_CONTEXT('2D SPACE',''
  ) );
#11989 = ADVANCED_FACE('',(#11990),#11618,.T.);
#11990 = FACE_BOUND('',#11991,.T.);
#11991 = EDGE_LOOP('',(#11992,#11993,#11994,#11995));
#11992 = ORIENTED_EDGE('',*,*,#11605,.T.);
#11993 = ORIENTED_EDGE('',*,*,#11969,.T.);
#11994 = ORIENTED_EDGE('',*,*,#11809,.F.);
#11995 = ORIENTED_EDGE('',*,*,#11996,.F.);
#11996 = EDGE_CURVE('',#11580,#11789,#11997,.T.);
#11997 = SURFACE_CURVE('',#11998,(#12002,#12009),.PCURVE_S1.);
#11998 = LINE('',#11999,#12000);
#11999 = CARTESIAN_POINT('',(-52.,-13.5,149.5));
#12000 = VECTOR('',#12001,1.);
#12001 = DIRECTION('',(1.,0.,0.));
#12002 = PCURVE('',#11618,#12003);
#12003 = DEFINITIONAL_REPRESENTATION('',(#12004),#12008);
#12004 = LINE('',#12005,#12006);
#12005 = CARTESIAN_POINT('',(3.,0.));
#12006 = VECTOR('',#12007,1.);
#12007 = DIRECTION('',(0.,-1.));
#12008 = ( GEOMETRIC_REPRESENTATION_CONTEXT(2) 
PARAMETRIC_REPRESENTATION_CONTEXT() REPRESENTATION_CONTEXT('2D SPACE',''
  ) );
#12009 = PCURVE('',#11594,#12010);
#12010 = DEFINITIONAL_REPRESENTATION('',(#12011),#12015);
#12011 = LINE('',#12012,#12013);
#12012 = CARTESIAN_POINT('',(0.,0.));
#12013 = VECTOR('',#12014,1.);
#12014 = DIRECTION('',(0.,-1.));
#12015 = ( GEOMETRIC_REPRESENTATION_CONTEXT(2) 
PARAMETRIC_REPRESENTATION_CONTEXT() REPRESENTATION_CONTEXT('2D SPACE',''
  ) );
#12016 = ADVANCED_FACE('',(#12017),#11568,.T.);
#12017 = FACE_BOUND('',#12018,.T.);
#12018 = EDGE_LOOP('',(#12019,#12020,#12041,#12042));
#12019 = ORIENTED_EDGE('',*,*,#11553,.T.);
#12020 = ORIENTED_EDGE('',*,*,#12021,.T.);
#12021 = EDGE_CURVE('',#11554,#11768,#12022,.T.);
#12022 = SURFACE_CURVE('',#12023,(#12027,#12034),.PCURVE_S1.);
#12023 = LINE('',#12024,#12025);
#12024 = CARTESIAN_POINT('',(-52.,-13.5,132.5));
#12025 = VECTOR('',#12026,1.);
#12026 = DIRECTION('',(1.,0.,0.));
#12027 = PCURVE('',#11568,#12028);
#12028 = DEFINITIONAL_REPRESENTATION('',(#12029),#12033);
#12029 = LINE('',#12030,#12031);
#12030 = CARTESIAN_POINT('',(0.,0.));
#12031 = VECTOR('',#12032,1.);
#12032 = DIRECTION('',(0.,-1.));
#12033 = ( GEOMETRIC_REPRESENTATION_CONTEXT(2) 
PARAMETRIC_REPRESENTATION_CONTEXT() REPRESENTATION_CONTEXT('2D SPACE',''
  ) );
#12034 = PCURVE('',#11594,#12035);
#12035 = DEFINITIONAL_REPRESENTATION('',(#12036),#12040);
#12036 = LINE('',#12037,#12038);
#12037 = CARTESIAN_POINT('',(17.,0.));
#12038 = VECTOR('',#12039,1.);
#12039 = DIRECTION('',(0.,-1.));
#12040 = ( GEOMETRIC_REPRESENTATION_CONTEXT(2) 
PARAMETRIC_REPRESENTATION_CONTEXT() REPRESENTATION_CONTEXT('2D SPACE',''
  ) );
#12041 = ORIENTED_EDGE('',*,*,#11767,.F.);
#12042 = ORIENTED_EDGE('',*,*,#11947,.F.);
#12043 = ADVANCED_FACE('',(#12044),#11594,.T.);
#12044 = FACE_BOUND('',#12045,.T.);
#12045 = EDGE_LOOP('',(#12046,#12047,#12048,#12049));
#12046 = ORIENTED_EDGE('',*,*,#11579,.T.);
#12047 = ORIENTED_EDGE('',*,*,#11996,.T.);
#12048 = ORIENTED_EDGE('',*,*,#11788,.F.);
#12049 = ORIENTED_EDGE('',*,*,#12021,.F.);
#12050 = ( GEOMETRIC_REPRESENTATION_CONTEXT(3) 
GLOBAL_UNCERTAINTY_ASSIGNED_CONTEXT((#12054)) 
GLOBAL_UNIT_ASSIGNED_CONTEXT((#12051,#12052,#12053)) 
REPRESENTATION_CONTEXT('Context #1',
  '3D Context with UNIT and UNCERTAINTY') );
#12051 = ( LENGTH_UNIT() NAMED_UNIT(*) SI_UNIT(.MILLI.,.METRE.) );
#12052 = ( NAMED_UNIT(*) PLANE_ANGLE_UNIT() SI_UNIT($,.RADIAN.) );
#12053 = ( NAMED_UNIT(*) SI_UNIT($,.STERADIAN.) SOLID_ANGLE_UNIT() );
#12054 = UNCERTAINTY_MEASURE_WITH_UNIT(LENGTH_MEASURE(1.E-07),#12051,
  'distance_accuracy_value','confusion accuracy');
#12055 = CONTEXT_DEPENDENT_SHAPE_REPRESENTATION(#12056,#12058);
#12056 = ( REPRESENTATION_RELATIONSHIP('','',#11119,#10) 
REPRESENTATION_RELATIONSHIP_WITH_TRANSFORMATION(#12057) 
SHAPE_REPRESENTATION_RELATIONSHIP() );
#12057 = ITEM_DEFINED_TRANSFORMATION('','',#11,#59);
#12058 = PRODUCT_DEFINITION_SHAPE('Placement','Placement of an item',
  #12059);
#12059 = NEXT_ASSEMBLY_USAGE_OCCURRENCE('12','tail_saddle','',#5,#11114,
  $);
#12060 = PRODUCT_RELATED_PRODUCT_CATEGORY('part',$,(#11116));
#12061 = SHAPE_DEFINITION_REPRESENTATION(#12062,#12068);
#12062 = PRODUCT_DEFINITION_SHAPE('','',#12063);
#12063 = PRODUCT_DEFINITION('design','',#12064,#12067);
#12064 = PRODUCT_DEFINITION_FORMATION('','',#12065);
#12065 = PRODUCT('forearm_left','forearm_left','',(#12066));
#12066 = PRODUCT_CONTEXT('',#2,'mechanical');
#12067 = PRODUCT_DEFINITION_CONTEXT('part definition',#2,'design');
#12068 = ADVANCED_BREP_SHAPE_REPRESENTATION('',(#11,#12069),#12873);
#12069 = MANIFOLD_SOLID_BREP('',#12070);
#12070 = CLOSED_SHELL('',(#12071,#12191,#12267,#12343,#12536,#12704,
    #12731,#12758,#12785,#12812,#12839,#12846));
#12071 = ADVANCED_FACE('',(#12072),#12086,.T.);
#12072 = FACE_BOUND('',#12073,.T.);
#12073 = EDGE_LOOP('',(#12074,#12109,#12137,#12165));
#12074 = ORIENTED_EDGE('',*,*,#12075,.T.);
#12075 = EDGE_CURVE('',#12076,#12078,#12080,.T.);
#12076 = VERTEX_POINT('',#12077);
#12077 = CARTESIAN_POINT('',(4.,39.,174.));
#12078 = VERTEX_POINT('',#12079);
#12079 = CARTESIAN_POINT('',(4.,36.,174.));
#12080 = SURFACE_CURVE('',#12081,(#12085,#12097),.PCURVE_S1.);
#12081 = LINE('',#12082,#12083);
#12082 = CARTESIAN_POINT('',(4.,39.,174.));
#12083 = VECTOR('',#12084,1.);
#12084 = DIRECTION('',(0.,-1.,0.));
#12085 = PCURVE('',#12086,#12091);
#12086 = PLANE('',#12087);
#12087 = AXIS2_PLACEMENT_3D('',#12088,#12089,#12090);
#12088 = CARTESIAN_POINT('',(4.,39.,174.));
#12089 = DIRECTION('',(-0.224859506699,0.,0.974391195695));
#12090 = DIRECTION('',(0.974391195695,0.,0.224859506699));
#12091 = DEFINITIONAL_REPRESENTATION('',(#12092),#12096);
#12092 = LINE('',#12093,#12094);
#12093 = CARTESIAN_POINT('',(0.,0.));
#12094 = VECTOR('',#12095,1.);
#12095 = DIRECTION('',(0.,-1.));
#12096 = ( GEOMETRIC_REPRESENTATION_CONTEXT(2) 
PARAMETRIC_REPRESENTATION_CONTEXT() REPRESENTATION_CONTEXT('2D SPACE',''
  ) );
#12097 = PCURVE('',#12098,#12103);
#12098 = PLANE('',#12099);
#12099 = AXIS2_PLACEMENT_3D('',#12100,#12101,#12102);
#12100 = CARTESIAN_POINT('',(4.,39.,165.));
#12101 = DIRECTION('',(-1.,0.,0.));
#12102 = DIRECTION('',(0.,0.,1.));
#12103 = DEFINITIONAL_REPRESENTATION('',(#12104),#12108);
#12104 = LINE('',#12105,#12106);
#12105 = CARTESIAN_POINT('',(9.,0.));
#12106 = VECTOR('',#12107,1.);
#12107 = DIRECTION('',(0.,-1.));
#12108 = ( GEOMETRIC_REPRESENTATION_CONTEXT(2) 
PARAMETRIC_REPRESENTATION_CONTEXT() REPRESENTATION_CONTEXT('2D SPACE',''
  ) );
#12109 = ORIENTED_EDGE('',*,*,#12110,.T.);
#12110 = EDGE_CURVE('',#12078,#12111,#12113,.T.);
#12111 = VERTEX_POINT('',#12112);
#12112 = CARTESIAN_POINT('',(17.,36.,177.));
#12113 = SURFACE_CURVE('',#12114,(#12118,#12125),.PCURVE_S1.);
#12114 = LINE('',#12115,#12116);
#12115 = CARTESIAN_POINT('',(4.,36.,174.));
#12116 = VECTOR('',#12117,1.);
#12117 = DIRECTION('',(0.974391195695,0.,0.224859506699));
#12118 = PCURVE('',#12086,#12119);
#12119 = DEFINITIONAL_REPRESENTATION('',(#12120),#12124);
#12120 = LINE('',#12121,#12122);
#12121 = CARTESIAN_POINT('',(0.,-3.));
#12122 = VECTOR('',#12123,1.);
#12123 = DIRECTION('',(1.,0.));
#12124 = ( GEOMETRIC_REPRESENTATION_CONTEXT(2) 
PARAMETRIC_REPRESENTATION_CONTEXT() REPRESENTATION_CONTEXT('2D SPACE',''
  ) );
#12125 = PCURVE('',#12126,#12131);
#12126 = PLANE('',#12127);
#12127 = AXIS2_PLACEMENT_3D('',#12128,#12129,#12130);
#12128 = CARTESIAN_POINT('',(23.825081792917,36.,165.12741881444));
#12129 = DIRECTION('',(0.,1.,0.));
#12130 = DIRECTION('',(0.,-0.,1.));
#12131 = DEFINITIONAL_REPRESENTATION('',(#12132),#12136);
#12132 = LINE('',#12133,#12134);
#12133 = CARTESIAN_POINT('',(8.87258118556,-19.82508179291));
#12134 = VECTOR('',#12135,1.);
#12135 = DIRECTION('',(0.224859506699,0.974391195695));
#12136 = ( GEOMETRIC_REPRESENTATION_CONTEXT(2) 
PARAMETRIC_REPRESENTATION_CONTEXT() REPRESENTATION_CONTEXT('2D SPACE',''
  ) );
#12137 = ORIENTED_EDGE('',*,*,#12138,.F.);
#12138 = EDGE_CURVE('',#12139,#12111,#12141,.T.);
#12139 = VERTEX_POINT('',#12140);
#12140 = CARTESIAN_POINT('',(17.,39.,177.));
#12141 = SURFACE_CURVE('',#12142,(#12146,#12153),.PCURVE_S1.);
#12142 = LINE('',#12143,#12144);
#12143 = CARTESIAN_POINT('',(17.,39.,177.));
#12144 = VECTOR('',#12145,1.);
#12145 = DIRECTION('',(0.,-1.,0.));
#12146 = PCURVE('',#12086,#12147);
#12147 = DEFINITIONAL_REPRESENTATION('',(#12148),#12152);
#12148 = LINE('',#12149,#12150);
#12149 = CARTESIAN_POINT('',(13.341664064126,0.));
#12150 = VECTOR('',#12151,1.);
#12151 = DIRECTION('',(0.,-1.));
#12152 = ( GEOMETRIC_REPRESENTATION_CONTEXT(2) 
PARAMETRIC_REPRESENTATION_CONTEXT() REPRESENTATION_CONTEXT('2D SPACE',''
  ) );
#12153 = PCURVE('',#12154,#12159);
#12154 = PLANE('',#12155);
#12155 = AXIS2_PLACEMENT_3D('',#12156,#12157,#12158);
#12156 = CARTESIAN_POINT('',(17.,39.,177.));
#12157 = DIRECTION('',(0.68231825036,0.,0.731055268243));
#12158 = DIRECTION('',(0.731055268243,0.,-0.68231825036));
#12159 = DEFINITIONAL_REPRESENTATION('',(#12160),#12164);
#12160 = LINE('',#12161,#12162);
#12161 = CARTESIAN_POINT('',(0.,0.));
#12162 = VECTOR('',#12163,1.);
#12163 = DIRECTION('',(0.,-1.));
#12164 = ( GEOMETRIC_REPRESENTATION_CONTEXT(2) 
PARAMETRIC_REPRESENTATION_CONTEXT() REPRESENTATION_CONTEXT('2D SPACE',''
  ) );
#12165 = ORIENTED_EDGE('',*,*,#12166,.F.);
#12166 = EDGE_CURVE('',#12076,#12139,#12167,.T.);
#12167 = SURFACE_CURVE('',#12168,(#12172,#12179),.PCURVE_S1.);
#12168 = LINE('',#12169,#12170);
#12169 = CARTESIAN_POINT('',(4.,39.,174.));
#12170 = VECTOR('',#12171,1.);
#12171 = DIRECTION('',(0.974391195695,0.,0.224859506699));
#12172 = PCURVE('',#12086,#12173);
#12173 = DEFINITIONAL_REPRESENTATION('',(#12174),#12178);
#12174 = LINE('',#12175,#12176);
#12175 = CARTESIAN_POINT('',(0.,0.));
#12176 = VECTOR('',#12177,1.);
#12177 = DIRECTION('',(1.,0.));
#12178 = ( GEOMETRIC_REPRESENTATION_CONTEXT(2) 
PARAMETRIC_REPRESENTATION_CONTEXT() REPRESENTATION_CONTEXT('2D SPACE',''
  ) );
#12179 = PCURVE('',#12180,#12185);
#12180 = PLANE('',#12181);
#12181 = AXIS2_PLACEMENT_3D('',#12182,#12183,#12184);
#12182 = CARTESIAN_POINT('',(23.825081792917,39.,165.12741881444));
#12183 = DIRECTION('',(0.,1.,0.));
#12184 = DIRECTION('',(0.,-0.,1.));
#12185 = DEFINITIONAL_REPRESENTATION('',(#12186),#12190);
#12186 = LINE('',#12187,#12188);
#12187 = CARTESIAN_POINT('',(8.87258118556,-19.82508179291));
#12188 = VECTOR('',#12189,1.);
#12189 = DIRECTION('',(0.224859506699,0.974391195695));
#12190 = ( GEOMETRIC_REPRESENTATION_CONTEXT(2) 
PARAMETRIC_REPRESENTATION_CONTEXT() REPRESENTATION_CONTEXT('2D SPACE',''
  ) );
#12191 = ADVANCED_FACE('',(#12192),#12098,.T.);
#12192 = FACE_BOUND('',#12193,.T.);
#12193 = EDGE_LOOP('',(#12194,#12224,#12245,#12246));
#12194 = ORIENTED_EDGE('',*,*,#12195,.T.);
#12195 = EDGE_CURVE('',#12196,#12198,#12200,.T.);
#12196 = VERTEX_POINT('',#12197);
#12197 = CARTESIAN_POINT('',(4.,39.,165.));
#12198 = VERTEX_POINT('',#12199);
#12199 = CARTESIAN_POINT('',(4.,36.,165.));
#12200 = SURFACE_CURVE('',#12201,(#12205,#12212),.PCURVE_S1.);
#12201 = LINE('',#12202,#12203);
#12202 = CARTESIAN_POINT('',(4.,39.,165.));
#12203 = VECTOR('',#12204,1.);
#12204 = DIRECTION('',(0.,-1.,0.));
#12205 = PCURVE('',#12098,#12206);
#12206 = DEFINITIONAL_REPRESENTATION('',(#12207),#12211);
#12207 = LINE('',#12208,#12209);
#12208 = CARTESIAN_POINT('',(0.,0.));
#12209 = VECTOR('',#12210,1.);
#12210 = DIRECTION('',(0.,-1.));
#12211 = ( GEOMETRIC_REPRESENTATION_CONTEXT(2) 
PARAMETRIC_REPRESENTATION_CONTEXT() REPRESENTATION_CONTEXT('2D SPACE',''
  ) );
#12212 = PCURVE('',#12213,#12218);
#12213 = PLANE('',#12214);
#12214 = AXIS2_PLACEMENT_3D('',#12215,#12216,#12217);
#12215 = CARTESIAN_POINT('',(14.,39.,166.));
#12216 = DIRECTION('',(9.9503719021E-02,0.,-0.99503719021));
#12217 = DIRECTION('',(-0.99503719021,0.,-9.9503719021E-02));
#12218 = DEFINITIONAL_REPRESENTATION('',(#12219),#12223);
#12219 = LINE('',#12220,#12221);
#12220 = CARTESIAN_POINT('',(10.049875621121,0.));
#12221 = VECTOR('',#12222,1.);
#12222 = DIRECTION('',(-0.,-1.));
#12223 = ( GEOMETRIC_REPRESENTATION_CONTEXT(2) 
PARAMETRIC_REPRESENTATION_CONTEXT() REPRESENTATION_CONTEXT('2D SPACE',''
  ) );
#12224 = ORIENTED_EDGE('',*,*,#12225,.T.);
#12225 = EDGE_CURVE('',#12198,#12078,#12226,.T.);
#12226 = SURFACE_CURVE('',#12227,(#12231,#12238),.PCURVE_S1.);
#12227 = LINE('',#12228,#12229);
#12228 = CARTESIAN_POINT('',(4.,36.,165.));
#12229 = VECTOR('',#12230,1.);
#12230 = DIRECTION('',(0.,0.,1.));
#12231 = PCURVE('',#12098,#12232);
#12232 = DEFINITIONAL_REPRESENTATION('',(#12233),#12237);
#12233 = LINE('',#12234,#12235);
#12234 = CARTESIAN_POINT('',(0.,-3.));
#12235 = VECTOR('',#12236,1.);
#12236 = DIRECTION('',(1.,0.));
#12237 = ( GEOMETRIC_REPRESENTATION_CONTEXT(2) 
PARAMETRIC_REPRESENTATION_CONTEXT() REPRESENTATION_CONTEXT('2D SPACE',''
  ) );
#12238 = PCURVE('',#12126,#12239);
#12239 = DEFINITIONAL_REPRESENTATION('',(#12240),#12244);
#12240 = LINE('',#12241,#12242);
#12241 = CARTESIAN_POINT('',(-0.12741881444,-19.82508179291));
#12242 = VECTOR('',#12243,1.);
#12243 = DIRECTION('',(1.,0.));
#12244 = ( GEOMETRIC_REPRESENTATION_CONTEXT(2) 
PARAMETRIC_REPRESENTATION_CONTEXT() REPRESENTATION_CONTEXT('2D SPACE',''
  ) );
#12245 = ORIENTED_EDGE('',*,*,#12075,.F.);
#12246 = ORIENTED_EDGE('',*,*,#12247,.F.);
#12247 = EDGE_CURVE('',#12196,#12076,#12248,.T.);
#12248 = SURFACE_CURVE('',#12249,(#12253,#12260),.PCURVE_S1.);
#12249 = LINE('',#12250,#12251);
#12250 = CARTESIAN_POINT('',(4.,39.,165.));
#12251 = VECTOR('',#12252,1.);
#12252 = DIRECTION('',(0.,0.,1.));
#12253 = PCURVE('',#12098,#12254);
#12254 = DEFINITIONAL_REPRESENTATION('',(#12255),#12259);
#12255 = LINE('',#12256,#12257);
#12256 = CARTESIAN_POINT('',(0.,0.));
#12257 = VECTOR('',#12258,1.);
#12258 = DIRECTION('',(1.,0.));
#12259 = ( GEOMETRIC_REPRESENTATION_CONTEXT(2) 
PARAMETRIC_REPRESENTATION_CONTEXT() REPRESENTATION_CONTEXT('2D SPACE',''
  ) );
#12260 = PCURVE('',#12180,#12261);
#12261 = DEFINITIONAL_REPRESENTATION('',(#12262),#12266);
#12262 = LINE('',#12263,#12264);
#12263 = CARTESIAN_POINT('',(-0.12741881444,-19.82508179291));
#12264 = VECTOR('',#12265,1.);
#12265 = DIRECTION('',(1.,0.));
#12266 = ( GEOMETRIC_REPRESENTATION_CONTEXT(2) 
PARAMETRIC_REPRESENTATION_CONTEXT() REPRESENTATION_CONTEXT('2D SPACE',''
  ) );
#12267 = ADVANCED_FACE('',(#12268),#12154,.T.);
#12268 = FACE_BOUND('',#12269,.T.);
#12269 = EDGE_LOOP('',(#12270,#12271,#12294,#12322));
#12270 = ORIENTED_EDGE('',*,*,#12138,.T.);
#12271 = ORIENTED_EDGE('',*,*,#12272,.T.);
#12272 = EDGE_CURVE('',#12111,#12273,#12275,.T.);
#12273 = VERTEX_POINT('',#12274);
#12274 = CARTESIAN_POINT('',(32.,36.,163.));
#12275 = SURFACE_CURVE('',#12276,(#12280,#12287),.PCURVE_S1.);
#12276 = LINE('',#12277,#12278);
#12277 = CARTESIAN_POINT('',(17.,36.,177.));
#12278 = VECTOR('',#12279,1.);
#12279 = DIRECTION('',(0.731055268243,0.,-0.68231825036));
#12280 = PCURVE('',#12154,#12281);
#12281 = DEFINITIONAL_REPRESENTATION('',(#12282),#12286);
#12282 = LINE('',#12283,#12284);
#12283 = CARTESIAN_POINT('',(0.,-3.));
#12284 = VECTOR('',#12285,1.);
#12285 = DIRECTION('',(1.,0.));
#12286 = ( GEOMETRIC_REPRESENTATION_CONTEXT(2) 
PARAMETRIC_REPRESENTATION_CONTEXT() REPRESENTATION_CONTEXT('2D SPACE',''
  ) );
#12287 = PCURVE('',#12126,#12288);
#12288 = DEFINITIONAL_REPRESENTATION('',(#12289),#12293);
#12289 = LINE('',#12290,#12291);
#12290 = CARTESIAN_POINT('',(11.87258118556,-6.825081792917));
#12291 = VECTOR('',#12292,1.);
#12292 = DIRECTION('',(-0.68231825036,0.731055268243));
#12293 = ( GEOMETRIC_REPRESENTATION_CONTEXT(2) 
PARAMETRIC_REPRESENTATION_CONTEXT() REPRESENTATION_CONTEXT('2D SPACE',''
  ) );
#12294 = ORIENTED_EDGE('',*,*,#12295,.F.);
#12295 = EDGE_CURVE('',#12296,#12273,#12298,.T.);
#12296 = VERTEX_POINT('',#12297);
#12297 = CARTESIAN_POINT('',(32.,39.,163.));
#12298 = SURFACE_CURVE('',#12299,(#12303,#12310),.PCURVE_S1.);
#12299 = LINE('',#12300,#12301);
#12300 = CARTESIAN_POINT('',(32.,39.,163.));
#12301 = VECTOR('',#12302,1.);
#12302 = DIRECTION('',(0.,-1.,0.));
#12303 = PCURVE('',#12154,#12304);
#12304 = DEFINITIONAL_REPRESENTATION('',(#12305),#12309);
#12305 = LINE('',#12306,#12307);
#12306 = CARTESIAN_POINT('',(20.518284528683,0.));
#12307 = VECTOR('',#12308,1.);
#12308 = DIRECTION('',(0.,-1.));
#12309 = ( GEOMETRIC_REPRESENTATION_CONTEXT(2) 
PARAMETRIC_REPRESENTATION_CONTEXT() REPRESENTATION_CONTEXT('2D SPACE',''
  ) );
#12310 = PCURVE('',#12311,#12316);
#12311 = PLANE('',#12312);
#12312 = AXIS2_PLACEMENT_3D('',#12313,#12314,#12315);
#12313 = CARTESIAN_POINT('',(32.,39.,163.));
#12314 = DIRECTION('',(-0.351123441588,0.,0.936329177569));
#12315 = DIRECTION('',(0.936329177569,0.,0.351123441588));
#12316 = DEFINITIONAL_REPRESENTATION('',(#12317),#12321);
#12317 = LINE('',#12318,#12319);
#12318 = CARTESIAN_POINT('',(0.,0.));
#12319 = VECTOR('',#12320,1.);
#12320 = DIRECTION('',(0.,-1.));
#12321 = ( GEOMETRIC_REPRESENTATION_CONTEXT(2) 
PARAMETRIC_REPRESENTATION_CONTEXT() REPRESENTATION_CONTEXT('2D SPACE',''
  ) );
#12322 = ORIENTED_EDGE('',*,*,#12323,.F.);
#12323 = EDGE_CURVE('',#12139,#12296,#12324,.T.);
#12324 = SURFACE_CURVE('',#12325,(#12329,#12336),.PCURVE_S1.);
#12325 = LINE('',#12326,#12327);
#12326 = CARTESIAN_POINT('',(17.,39.,177.));
#12327 = VECTOR('',#12328,1.);
#12328 = DIRECTION('',(0.731055268243,0.,-0.68231825036));
#12329 = PCURVE('',#12154,#12330);
#12330 = DEFINITIONAL_REPRESENTATION('',(#12331),#12335);
#12331 = LINE('',#12332,#12333);
#12332 = CARTESIAN_POINT('',(0.,0.));
#12333 = VECTOR('',#12334,1.);
#12334 = DIRECTION('',(1.,0.));
#12335 = ( GEOMETRIC_REPRESENTATION_CONTEXT(2) 
PARAMETRIC_REPRESENTATION_CONTEXT() REPRESENTATION_CONTEXT('2D SPACE',''
  ) );
#12336 = PCURVE('',#12180,#12337);
#12337 = DEFINITIONAL_REPRESENTATION('',(#12338),#12342);
#12338 = LINE('',#12339,#12340);
#12339 = CARTESIAN_POINT('',(11.87258118556,-6.825081792917));
#12340 = VECTOR('',#12341,1.);
#12341 = DIRECTION('',(-0.68231825036,0.731055268243));
#12342 = ( GEOMETRIC_REPRESENTATION_CONTEXT(2) 
PARAMETRIC_REPRESENTATION_CONTEXT() REPRESENTATION_CONTEXT('2D SPACE',''
  ) );
#12343 = ADVANCED_FACE('',(#12344,#12505),#12180,.T.);
#12344 = FACE_BOUND('',#12345,.T.);
#12345 = EDGE_LOOP('',(#12346,#12347,#12348,#12371,#12399,#12427,#12455,
    #12483,#12504));
#12346 = ORIENTED_EDGE('',*,*,#12166,.T.);
#12347 = ORIENTED_EDGE('',*,*,#12323,.T.);
#12348 = ORIENTED_EDGE('',*,*,#12349,.T.);
#12349 = EDGE_CURVE('',#12296,#12350,#12352,.T.);
#12350 = VERTEX_POINT('',#12351);
#12351 = CARTESIAN_POINT('',(40.,39.,166.));
#12352 = SURFACE_CURVE('',#12353,(#12357,#12364),.PCURVE_S1.);
#12353 = LINE('',#12354,#12355);
#12354 = CARTESIAN_POINT('',(32.,39.,163.));
#12355 = VECTOR('',#12356,1.);
#12356 = DIRECTION('',(0.936329177569,0.,0.351123441588));
#12357 = PCURVE('',#12180,#12358);
#12358 = DEFINITIONAL_REPRESENTATION('',(#12359),#12363);
#12359 = LINE('',#12360,#12361);
#12360 = CARTESIAN_POINT('',(-2.12741881444,8.174918207083));
#12361 = VECTOR('',#12362,1.);
#12362 = DIRECTION('',(0.351123441588,0.936329177569));
#12363 = ( GEOMETRIC_REPRESENTATION_CONTEXT(2) 
PARAMETRIC_REPRESENTATION_CONTEXT() REPRESENTATION_CONTEXT('2D SPACE',''
  ) );
#12364 = PCURVE('',#12311,#12365);
#12365 = DEFINITIONAL_REPRESENTATION('',(#12366),#12370);
#12366 = LINE('',#12367,#12368);
#12367 = CARTESIAN_POINT('',(0.,0.));
#12368 = VECTOR('',#12369,1.);
#12369 = DIRECTION('',(1.,0.));
#12370 = ( GEOMETRIC_REPRESENTATION_CONTEXT(2) 
PARAMETRIC_REPRESENTATION_CONTEXT() REPRESENTATION_CONTEXT('2D SPACE',''
  ) );
#12371 = ORIENTED_EDGE('',*,*,#12372,.T.);
#12372 = EDGE_CURVE('',#12350,#12373,#12375,.T.);
#12373 = VERTEX_POINT('',#12374);
#12374 = CARTESIAN_POINT('',(46.,39.,161.));
#12375 = SURFACE_CURVE('',#12376,(#12380,#12387),.PCURVE_S1.);
#12376 = LINE('',#12377,#12378);
#12377 = CARTESIAN_POINT('',(40.,39.,166.));
#12378 = VECTOR('',#12379,1.);
#12379 = DIRECTION('',(0.768221279597,0.,-0.640184399664));
#12380 = PCURVE('',#12180,#12381);
#12381 = DEFINITIONAL_REPRESENTATION('',(#12382),#12386);
#12382 = LINE('',#12383,#12384);
#12383 = CARTESIAN_POINT('',(0.87258118556,16.174918207083));
#12384 = VECTOR('',#12385,1.);
#12385 = DIRECTION('',(-0.640184399664,0.768221279597));
#12386 = ( GEOMETRIC_REPRESENTATION_CONTEXT(2) 
PARAMETRIC_REPRESENTATION_CONTEXT() REPRESENTATION_CONTEXT('2D SPACE',''
  ) );
#12387 = PCURVE('',#12388,#12393);
#12388 = PLANE('',#12389);
#12389 = AXIS2_PLACEMENT_3D('',#12390,#12391,#12392);
#12390 = CARTESIAN_POINT('',(40.,39.,166.));
#12391 = DIRECTION('',(0.640184399664,0.,0.768221279597));
#12392 = DIRECTION('',(0.768221279597,0.,-0.640184399664));
#12393 = DEFINITIONAL_REPRESENTATION('',(#12394),#12398);
#12394 = LINE('',#12395,#12396);
#12395 = CARTESIAN_POINT('',(0.,0.));
#12396 = VECTOR('',#12397,1.);
#12397 = DIRECTION('',(1.,0.));
#12398 = ( GEOMETRIC_REPRESENTATION_CONTEXT(2) 
PARAMETRIC_REPRESENTATION_CONTEXT() REPRESENTATION_CONTEXT('2D SPACE',''
  ) );
#12399 = ORIENTED_EDGE('',*,*,#12400,.T.);
#12400 = EDGE_CURVE('',#12373,#12401,#12403,.T.);
#12401 = VERTEX_POINT('',#12402);
#12402 = CARTESIAN_POINT('',(38.,39.,154.));
#12403 = SURFACE_CURVE('',#12404,(#12408,#12415),.PCURVE_S1.);
#12404 = LINE('',#12405,#12406);
#12405 = CARTESIAN_POINT('',(46.,39.,161.));
#12406 = VECTOR('',#12407,1.);
#12407 = DIRECTION('',(-0.752576694707,0.,-0.658504607869));
#12408 = PCURVE('',#12180,#12409);
#12409 = DEFINITIONAL_REPRESENTATION('',(#12410),#12414);
#12410 = LINE('',#12411,#12412);
#12411 = CARTESIAN_POINT('',(-4.12741881444,22.174918207083));
#12412 = VECTOR('',#12413,1.);
#12413 = DIRECTION('',(-0.658504607869,-0.752576694707));
#12414 = ( GEOMETRIC_REPRESENTATION_CONTEXT(2) 
PARAMETRIC_REPRESENTATION_CONTEXT() REPRESENTATION_CONTEXT('2D SPACE',''
  ) );
#12415 = PCURVE('',#12416,#12421);
#12416 = PLANE('',#12417);
#12417 = AXIS2_PLACEMENT_3D('',#12418,#12419,#12420);
#12418 = CARTESIAN_POINT('',(46.,39.,161.));
#12419 = DIRECTION('',(0.658504607869,0.,-0.752576694707));
#12420 = DIRECTION('',(-0.752576694707,0.,-0.658504607869));
#12421 = DEFINITIONAL_REPRESENTATION('',(#12422),#12426);
#12422 = LINE('',#12423,#12424);
#12423 = CARTESIAN_POINT('',(0.,0.));
#12424 = VECTOR('',#12425,1.);
#12425 = DIRECTION('',(1.,0.));
#12426 = ( GEOMETRIC_REPRESENTATION_CONTEXT(2) 
PARAMETRIC_REPRESENTATION_CONTEXT() REPRESENTATION_CONTEXT('2D SPACE',''
  ) );
#12427 = ORIENTED_EDGE('',*,*,#12428,.T.);
#12428 = EDGE_CURVE('',#12401,#12429,#12431,.T.);
#12429 = VERTEX_POINT('',#12430);
#12430 = CARTESIAN_POINT('',(29.,39.,155.));
#12431 = SURFACE_CURVE('',#12432,(#12436,#12443),.PCURVE_S1.);
#12432 = LINE('',#12433,#12434);
#12433 = CARTESIAN_POINT('',(38.,39.,154.));
#12434 = VECTOR('',#12435,1.);
#12435 = DIRECTION('',(-0.993883734674,0.,0.110431526075));
#12436 = PCURVE('',#12180,#12437);
#12437 = DEFINITIONAL_REPRESENTATION('',(#12438),#12442);
#12438 = LINE('',#12439,#12440);
#12439 = CARTESIAN_POINT('',(-11.12741881444,14.174918207083));
#12440 = VECTOR('',#12441,1.);
#12441 = DIRECTION('',(0.110431526075,-0.993883734674));
#12442 = ( GEOMETRIC_REPRESENTATION_CONTEXT(2) 
PARAMETRIC_REPRESENTATION_CONTEXT() REPRESENTATION_CONTEXT('2D SPACE',''
  ) );
#12443 = PCURVE('',#12444,#12449);
#12444 = PLANE('',#12445);
#12445 = AXIS2_PLACEMENT_3D('',#12446,#12447,#12448);
#12446 = CARTESIAN_POINT('',(38.,39.,154.));
#12447 = DIRECTION('',(-0.110431526075,-0.,-0.993883734674));
#12448 = DIRECTION('',(-0.993883734674,0.,0.110431526075));
#12449 = DEFINITIONAL_REPRESENTATION('',(#12450),#12454);
#12450 = LINE('',#12451,#12452);
#12451 = CARTESIAN_POINT('',(0.,0.));
#12452 = VECTOR('',#12453,1.);
#12453 = DIRECTION('',(1.,0.));
#12454 = ( GEOMETRIC_REPRESENTATION_CONTEXT(2) 
PARAMETRIC_REPRESENTATION_CONTEXT() REPRESENTATION_CONTEXT('2D SPACE',''
  ) );
#12455 = ORIENTED_EDGE('',*,*,#12456,.T.);
#12456 = EDGE_CURVE('',#12429,#12457,#12459,.T.);
#12457 = VERTEX_POINT('',#12458);
#12458 = CARTESIAN_POINT('',(14.,39.,166.));
#12459 = SURFACE_CURVE('',#12460,(#12464,#12471),.PCURVE_S1.);
#12460 = LINE('',#12461,#12462);
#12461 = CARTESIAN_POINT('',(29.,39.,155.));
#12462 = VECTOR('',#12463,1.);
#12463 = DIRECTION('',(-0.806404995856,0.,0.591363663628));
#12464 = PCURVE('',#12180,#12465);
#12465 = DEFINITIONAL_REPRESENTATION('',(#12466),#12470);
#12466 = LINE('',#12467,#12468);
#12467 = CARTESIAN_POINT('',(-10.12741881444,5.174918207083));
#12468 = VECTOR('',#12469,1.);
#12469 = DIRECTION('',(0.591363663628,-0.806404995856));
#12470 = ( GEOMETRIC_REPRESENTATION_CONTEXT(2) 
PARAMETRIC_REPRESENTATION_CONTEXT() REPRESENTATION_CONTEXT('2D SPACE',''
  ) );
#12471 = PCURVE('',#12472,#12477);
#12472 = PLANE('',#12473);
#12473 = AXIS2_PLACEMENT_3D('',#12474,#12475,#12476);
#12474 = CARTESIAN_POINT('',(29.,39.,155.));
#12475 = DIRECTION('',(-0.591363663628,-0.,-0.806404995856));
#12476 = DIRECTION('',(-0.806404995856,0.,0.591363663628));
#12477 = DEFINITIONAL_REPRESENTATION('',(#12478),#12482);
#12478 = LINE('',#12479,#12480);
#12479 = CARTESIAN_POINT('',(0.,0.));
#12480 = VECTOR('',#12481,1.);
#12481 = DIRECTION('',(1.,0.));
#12482 = ( GEOMETRIC_REPRESENTATION_CONTEXT(2) 
PARAMETRIC_REPRESENTATION_CONTEXT() REPRESENTATION_CONTEXT('2D SPACE',''
  ) );
#12483 = ORIENTED_EDGE('',*,*,#12484,.T.);
#12484 = EDGE_CURVE('',#12457,#12196,#12485,.T.);
#12485 = SURFACE_CURVE('',#12486,(#12490,#12497),.PCURVE_S1.);
#12486 = LINE('',#12487,#12488);
#12487 = CARTESIAN_POINT('',(14.,39.,166.));
#12488 = VECTOR('',#12489,1.);
#12489 = DIRECTION('',(-0.99503719021,0.,-9.9503719021E-02));
#12490 = PCURVE('',#12180,#12491);
#12491 = DEFINITIONAL_REPRESENTATION('',(#12492),#12496);
#12492 = LINE('',#12493,#12494);
#12493 = CARTESIAN_POINT('',(0.87258118556,-9.825081792917));
#12494 = VECTOR('',#12495,1.);
#12495 = DIRECTION('',(-9.9503719021E-02,-0.99503719021));
#12496 = ( GEOMETRIC_REPRESENTATION_CONTEXT(2) 
PARAMETRIC_REPRESENTATION_CONTEXT() REPRESENTATION_CONTEXT('2D SPACE',''
  ) );
#12497 = PCURVE('',#12213,#12498);
#12498 = DEFINITIONAL_REPRESENTATION('',(#12499),#12503);
#12499 = LINE('',#12500,#12501);
#12500 = CARTESIAN_POINT('',(0.,0.));
#12501 = VECTOR('',#12502,1.);
#12502 = DIRECTION('',(1.,0.));
#12503 = ( GEOMETRIC_REPRESENTATION_CONTEXT(2) 
PARAMETRIC_REPRESENTATION_CONTEXT() REPRESENTATION_CONTEXT('2D SPACE',''
  ) );
#12504 = ORIENTED_EDGE('',*,*,#12247,.T.);
#12505 = FACE_BOUND('',#12506,.T.);
#12506 = EDGE_LOOP('',(#12507));
#12507 = ORIENTED_EDGE('',*,*,#12508,.F.);
#12508 = EDGE_CURVE('',#12509,#12509,#12511,.T.);
#12509 = VERTEX_POINT('',#12510);
#12510 = CARTESIAN_POINT('',(11.2,39.,170.));
#12511 = SURFACE_CURVE('',#12512,(#12517,#12524),.PCURVE_S1.);
#12512 = CIRCLE('',#12513,1.2);
#12513 = AXIS2_PLACEMENT_3D('',#12514,#12515,#12516);
#12514 = CARTESIAN_POINT('',(10.,39.,170.));
#12515 = DIRECTION('',(-0.,1.,0.));
#12516 = DIRECTION('',(1.,0.,0.));
#12517 = PCURVE('',#12180,#12518);
#12518 = DEFINITIONAL_REPRESENTATION('',(#12519),#12523);
#12519 = CIRCLE('',#12520,1.2);
#12520 = AXIS2_PLACEMENT_2D('',#12521,#12522);
#12521 = CARTESIAN_POINT('',(4.87258118556,-13.82508179291));
#12522 = DIRECTION('',(0.,1.));
#12523 = ( GEOMETRIC_REPRESENTATION_CONTEXT(2) 
PARAMETRIC_REPRESENTATION_CONTEXT() REPRESENTATION_CONTEXT('2D SPACE',''
  ) );
#12524 = PCURVE('',#12525,#12530);
#12525 = CYLINDRICAL_SURFACE('',#12526,1.2);
#12526 = AXIS2_PLACEMENT_3D('',#12527,#12528,#12529);
#12527 = CARTESIAN_POINT('',(10.,40.,170.));
#12528 = DIRECTION('',(-0.,1.,-0.));
#12529 = DIRECTION('',(1.,0.,0.));
#12530 = DEFINITIONAL_REPRESENTATION('',(#12531),#12535);
#12531 = LINE('',#12532,#12533);
#12532 = CARTESIAN_POINT('',(-6.28318530718,-1.));
#12533 = VECTOR('',#12534,1.);
#12534 = DIRECTION('',(1.,-0.));
#12535 = ( GEOMETRIC_REPRESENTATION_CONTEXT(2) 
PARAMETRIC_REPRESENTATION_CONTEXT() REPRESENTATION_CONTEXT('2D SPACE',''
  ) );
#12536 = ADVANCED_FACE('',(#12537,#12678),#12126,.F.);
#12537 = FACE_BOUND('',#12538,.F.);
#12538 = EDGE_LOOP('',(#12539,#12540,#12541,#12564,#12587,#12610,#12633,
    #12656,#12677));
#12539 = ORIENTED_EDGE('',*,*,#12110,.T.);
#12540 = ORIENTED_EDGE('',*,*,#12272,.T.);
#12541 = ORIENTED_EDGE('',*,*,#12542,.T.);
#12542 = EDGE_CURVE('',#12273,#12543,#12545,.T.);
#12543 = VERTEX_POINT('',#12544);
#12544 = CARTESIAN_POINT('',(40.,36.,166.));
#12545 = SURFACE_CURVE('',#12546,(#12550,#12557),.PCURVE_S1.);
#12546 = LINE('',#12547,#12548);
#12547 = CARTESIAN_POINT('',(32.,36.,163.));
#12548 = VECTOR('',#12549,1.);
#12549 = DIRECTION('',(0.936329177569,0.,0.351123441588));
#12550 = PCURVE('',#12126,#12551);
#12551 = DEFINITIONAL_REPRESENTATION('',(#12552),#12556);
#12552 = LINE('',#12553,#12554);
#12553 = CARTESIAN_POINT('',(-2.12741881444,8.174918207083));
#12554 = VECTOR('',#12555,1.);
#12555 = DIRECTION('',(0.351123441588,0.936329177569));
#12556 = ( GEOMETRIC_REPRESENTATION_CONTEXT(2) 
PARAMETRIC_REPRESENTATION_CONTEXT() REPRESENTATION_CONTEXT('2D SPACE',''
  ) );
#12557 = PCURVE('',#12311,#12558);
#12558 = DEFINITIONAL_REPRESENTATION('',(#12559),#12563);
#12559 = LINE('',#12560,#12561);
#12560 = CARTESIAN_POINT('',(0.,-3.));
#12561 = VECTOR('',#12562,1.);
#12562 = DIRECTION('',(1.,0.));
#12563 = ( GEOMETRIC_REPRESENTATION_CONTEXT(2) 
PARAMETRIC_REPRESENTATION_CONTEXT() REPRESENTATION_CONTEXT('2D SPACE',''
  ) );
#12564 = ORIENTED_EDGE('',*,*,#12565,.T.);
#12565 = EDGE_CURVE('',#12543,#12566,#12568,.T.);
#12566 = VERTEX_POINT('',#12567);
#12567 = CARTESIAN_POINT('',(46.,36.,161.));
#12568 = SURFACE_CURVE('',#12569,(#12573,#12580),.PCURVE_S1.);
#12569 = LINE('',#12570,#12571);
#12570 = CARTESIAN_POINT('',(40.,36.,166.));
#12571 = VECTOR('',#12572,1.);
#12572 = DIRECTION('',(0.768221279597,0.,-0.640184399664));
#12573 = PCURVE('',#12126,#12574);
#12574 = DEFINITIONAL_REPRESENTATION('',(#12575),#12579);
#12575 = LINE('',#12576,#12577);
#12576 = CARTESIAN_POINT('',(0.87258118556,16.174918207083));
#12577 = VECTOR('',#12578,1.);
#12578 = DIRECTION('',(-0.640184399664,0.768221279597));
#12579 = ( GEOMETRIC_REPRESENTATION_CONTEXT(2) 
PARAMETRIC_REPRESENTATION_CONTEXT() REPRESENTATION_CONTEXT('2D SPACE',''
  ) );
#12580 = PCURVE('',#12388,#12581);
#12581 = DEFINITIONAL_REPRESENTATION('',(#12582),#12586);
#12582 = LINE('',#12583,#12584);
#12583 = CARTESIAN_POINT('',(0.,-3.));
#12584 = VECTOR('',#12585,1.);
#12585 = DIRECTION('',(1.,0.));
#12586 = ( GEOMETRIC_REPRESENTATION_CONTEXT(2) 
PARAMETRIC_REPRESENTATION_CONTEXT() REPRESENTATION_CONTEXT('2D SPACE',''
  ) );
#12587 = ORIENTED_EDGE('',*,*,#12588,.T.);
#12588 = EDGE_CURVE('',#12566,#12589,#12591,.T.);
#12589 = VERTEX_POINT('',#12590);
#12590 = CARTESIAN_POINT('',(38.,36.,154.));
#12591 = SURFACE_CURVE('',#12592,(#12596,#12603),.PCURVE_S1.);
#12592 = LINE('',#12593,#12594);
#12593 = CARTESIAN_POINT('',(46.,36.,161.));
#12594 = VECTOR('',#12595,1.);
#12595 = DIRECTION('',(-0.752576694707,0.,-0.658504607869));
#12596 = PCURVE('',#12126,#12597);
#12597 = DEFINITIONAL_REPRESENTATION('',(#12598),#12602);
#12598 = LINE('',#12599,#12600);
#12599 = CARTESIAN_POINT('',(-4.12741881444,22.174918207083));
#12600 = VECTOR('',#12601,1.);
#12601 = DIRECTION('',(-0.658504607869,-0.752576694707));
#12602 = ( GEOMETRIC_REPRESENTATION_CONTEXT(2) 
PARAMETRIC_REPRESENTATION_CONTEXT() REPRESENTATION_CONTEXT('2D SPACE',''
  ) );
#12603 = PCURVE('',#12416,#12604);
#12604 = DEFINITIONAL_REPRESENTATION('',(#12605),#12609);
#12605 = LINE('',#12606,#12607);
#12606 = CARTESIAN_POINT('',(-0.,-3.));
#12607 = VECTOR('',#12608,1.);
#12608 = DIRECTION('',(1.,0.));
#12609 = ( GEOMETRIC_REPRESENTATION_CONTEXT(2) 
PARAMETRIC_REPRESENTATION_CONTEXT() REPRESENTATION_CONTEXT('2D SPACE',''
  ) );
#12610 = ORIENTED_EDGE('',*,*,#12611,.T.);
#12611 = EDGE_CURVE('',#12589,#12612,#12614,.T.);
#12612 = VERTEX_POINT('',#12613);
#12613 = CARTESIAN_POINT('',(29.,36.,155.));
#12614 = SURFACE_CURVE('',#12615,(#12619,#12626),.PCURVE_S1.);
#12615 = LINE('',#12616,#12617);
#12616 = CARTESIAN_POINT('',(38.,36.,154.));
#12617 = VECTOR('',#12618,1.);
#12618 = DIRECTION('',(-0.993883734674,0.,0.110431526075));
#12619 = PCURVE('',#12126,#12620);
#12620 = DEFINITIONAL_REPRESENTATION('',(#12621),#12625);
#12621 = LINE('',#12622,#12623);
#12622 = CARTESIAN_POINT('',(-11.12741881444,14.174918207083));
#12623 = VECTOR('',#12624,1.);
#12624 = DIRECTION('',(0.110431526075,-0.993883734674));
#12625 = ( GEOMETRIC_REPRESENTATION_CONTEXT(2) 
PARAMETRIC_REPRESENTATION_CONTEXT() REPRESENTATION_CONTEXT('2D SPACE',''
  ) );
#12626 = PCURVE('',#12444,#12627);
#12627 = DEFINITIONAL_REPRESENTATION('',(#12628),#12632);
#12628 = LINE('',#12629,#12630);
#12629 = CARTESIAN_POINT('',(0.,-3.));
#12630 = VECTOR('',#12631,1.);
#12631 = DIRECTION('',(1.,0.));
#12632 = ( GEOMETRIC_REPRESENTATION_CONTEXT(2) 
PARAMETRIC_REPRESENTATION_CONTEXT() REPRESENTATION_CONTEXT('2D SPACE',''
  ) );
#12633 = ORIENTED_EDGE('',*,*,#12634,.T.);
#12634 = EDGE_CURVE('',#12612,#12635,#12637,.T.);
#12635 = VERTEX_POINT('',#12636);
#12636 = CARTESIAN_POINT('',(14.,36.,166.));
#12637 = SURFACE_CURVE('',#12638,(#12642,#12649),.PCURVE_S1.);
#12638 = LINE('',#12639,#12640);
#12639 = CARTESIAN_POINT('',(29.,36.,155.));
#12640 = VECTOR('',#12641,1.);
#12641 = DIRECTION('',(-0.806404995856,0.,0.591363663628));
#12642 = PCURVE('',#12126,#12643);
#12643 = DEFINITIONAL_REPRESENTATION('',(#12644),#12648);
#12644 = LINE('',#12645,#12646);
#12645 = CARTESIAN_POINT('',(-10.12741881444,5.174918207083));
#12646 = VECTOR('',#12647,1.);
#12647 = DIRECTION('',(0.591363663628,-0.806404995856));
#12648 = ( GEOMETRIC_REPRESENTATION_CONTEXT(2) 
PARAMETRIC_REPRESENTATION_CONTEXT() REPRESENTATION_CONTEXT('2D SPACE',''
  ) );
#12649 = PCURVE('',#12472,#12650);
#12650 = DEFINITIONAL_REPRESENTATION('',(#12651),#12655);
#12651 = LINE('',#12652,#12653);
#12652 = CARTESIAN_POINT('',(0.,-3.));
#12653 = VECTOR('',#12654,1.);
#12654 = DIRECTION('',(1.,0.));
#12655 = ( GEOMETRIC_REPRESENTATION_CONTEXT(2) 
PARAMETRIC_REPRESENTATION_CONTEXT() REPRESENTATION_CONTEXT('2D SPACE',''
  ) );
#12656 = ORIENTED_EDGE('',*,*,#12657,.T.);
#12657 = EDGE_CURVE('',#12635,#12198,#12658,.T.);
#12658 = SURFACE_CURVE('',#12659,(#12663,#12670),.PCURVE_S1.);
#12659 = LINE('',#12660,#12661);
#12660 = CARTESIAN_POINT('',(14.,36.,166.));
#12661 = VECTOR('',#12662,1.);
#12662 = DIRECTION('',(-0.99503719021,0.,-9.9503719021E-02));
#12663 = PCURVE('',#12126,#12664);
#12664 = DEFINITIONAL_REPRESENTATION('',(#12665),#12669);
#12665 = LINE('',#12666,#12667);
#12666 = CARTESIAN_POINT('',(0.87258118556,-9.825081792917));
#12667 = VECTOR('',#12668,1.);
#12668 = DIRECTION('',(-9.9503719021E-02,-0.99503719021));
#12669 = ( GEOMETRIC_REPRESENTATION_CONTEXT(2) 
PARAMETRIC_REPRESENTATION_CONTEXT() REPRESENTATION_CONTEXT('2D SPACE',''
  ) );
#12670 = PCURVE('',#12213,#12671);
#12671 = DEFINITIONAL_REPRESENTATION('',(#12672),#12676);
#12672 = LINE('',#12673,#12674);
#12673 = CARTESIAN_POINT('',(-0.,-3.));
#12674 = VECTOR('',#12675,1.);
#12675 = DIRECTION('',(1.,0.));
#12676 = ( GEOMETRIC_REPRESENTATION_CONTEXT(2) 
PARAMETRIC_REPRESENTATION_CONTEXT() REPRESENTATION_CONTEXT('2D SPACE',''
  ) );
#12677 = ORIENTED_EDGE('',*,*,#12225,.T.);
#12678 = FACE_BOUND('',#12679,.F.);
#12679 = EDGE_LOOP('',(#12680));
#12680 = ORIENTED_EDGE('',*,*,#12681,.F.);
#12681 = EDGE_CURVE('',#12682,#12682,#12684,.T.);
#12682 = VERTEX_POINT('',#12683);
#12683 = CARTESIAN_POINT('',(11.2,36.,170.));
#12684 = SURFACE_CURVE('',#12685,(#12690,#12697),.PCURVE_S1.);
#12685 = CIRCLE('',#12686,1.2);
#12686 = AXIS2_PLACEMENT_3D('',#12687,#12688,#12689);
#12687 = CARTESIAN_POINT('',(10.,36.,170.));
#12688 = DIRECTION('',(-0.,1.,0.));
#12689 = DIRECTION('',(1.,0.,0.));
#12690 = PCURVE('',#12126,#12691);
#12691 = DEFINITIONAL_REPRESENTATION('',(#12692),#12696);
#12692 = CIRCLE('',#12693,1.2);
#12693 = AXIS2_PLACEMENT_2D('',#12694,#12695);
#12694 = CARTESIAN_POINT('',(4.87258118556,-13.82508179291));
#12695 = DIRECTION('',(0.,1.));
#12696 = ( GEOMETRIC_REPRESENTATION_CONTEXT(2) 
PARAMETRIC_REPRESENTATION_CONTEXT() REPRESENTATION_CONTEXT('2D SPACE',''
  ) );
#12697 = PCURVE('',#12525,#12698);
#12698 = DEFINITIONAL_REPRESENTATION('',(#12699),#12703);
#12699 = LINE('',#12700,#12701);
#12700 = CARTESIAN_POINT('',(-6.28318530718,-4.));
#12701 = VECTOR('',#12702,1.);
#12702 = DIRECTION('',(1.,-0.));
#12703 = ( GEOMETRIC_REPRESENTATION_CONTEXT(2) 
PARAMETRIC_REPRESENTATION_CONTEXT() REPRESENTATION_CONTEXT('2D SPACE',''
  ) );
#12704 = ADVANCED_FACE('',(#12705),#12213,.T.);
#12705 = FACE_BOUND('',#12706,.T.);
#12706 = EDGE_LOOP('',(#12707,#12728,#12729,#12730));
#12707 = ORIENTED_EDGE('',*,*,#12708,.T.);
#12708 = EDGE_CURVE('',#12457,#12635,#12709,.T.);
#12709 = SURFACE_CURVE('',#12710,(#12714,#12721),.PCURVE_S1.);
#12710 = LINE('',#12711,#12712);
#12711 = CARTESIAN_POINT('',(14.,39.,166.));
#12712 = VECTOR('',#12713,1.);
#12713 = DIRECTION('',(0.,-1.,0.));
#12714 = PCURVE('',#12213,#12715);
#12715 = DEFINITIONAL_REPRESENTATION('',(#12716),#12720);
#12716 = LINE('',#12717,#12718);
#12717 = CARTESIAN_POINT('',(0.,0.));
#12718 = VECTOR('',#12719,1.);
#12719 = DIRECTION('',(-0.,-1.));
#12720 = ( GEOMETRIC_REPRESENTATION_CONTEXT(2) 
PARAMETRIC_REPRESENTATION_CONTEXT() REPRESENTATION_CONTEXT('2D SPACE',''
  ) );
#12721 = PCURVE('',#12472,#12722);
#12722 = DEFINITIONAL_REPRESENTATION('',(#12723),#12727);
#12723 = LINE('',#12724,#12725);
#12724 = CARTESIAN_POINT('',(18.601075237738,0.));
#12725 = VECTOR('',#12726,1.);
#12726 = DIRECTION('',(0.,-1.));
#12727 = ( GEOMETRIC_REPRESENTATION_CONTEXT(2) 
PARAMETRIC_REPRESENTATION_CONTEXT() REPRESENTATION_CONTEXT('2D SPACE',''
  ) );
#12728 = ORIENTED_EDGE('',*,*,#12657,.T.);
#12729 = ORIENTED_EDGE('',*,*,#12195,.F.);
#12730 = ORIENTED_EDGE('',*,*,#12484,.F.);
#12731 = ADVANCED_FACE('',(#12732),#12311,.T.);
#12732 = FACE_BOUND('',#12733,.T.);
#12733 = EDGE_LOOP('',(#12734,#12735,#12736,#12757));
#12734 = ORIENTED_EDGE('',*,*,#12295,.T.);
#12735 = ORIENTED_EDGE('',*,*,#12542,.T.);
#12736 = ORIENTED_EDGE('',*,*,#12737,.F.);
#12737 = EDGE_CURVE('',#12350,#12543,#12738,.T.);
#12738 = SURFACE_CURVE('',#12739,(#12743,#12750),.PCURVE_S1.);
#12739 = LINE('',#12740,#12741);
#12740 = CARTESIAN_POINT('',(40.,39.,166.));
#12741 = VECTOR('',#12742,1.);
#12742 = DIRECTION('',(0.,-1.,0.));
#12743 = PCURVE('',#12311,#12744);
#12744 = DEFINITIONAL_REPRESENTATION('',(#12745),#12749);
#12745 = LINE('',#12746,#12747);
#12746 = CARTESIAN_POINT('',(8.544003745318,0.));
#12747 = VECTOR('',#12748,1.);
#12748 = DIRECTION('',(0.,-1.));
#12749 = ( GEOMETRIC_REPRESENTATION_CONTEXT(2) 
PARAMETRIC_REPRESENTATION_CONTEXT() REPRESENTATION_CONTEXT('2D SPACE',''
  ) );
#12750 = PCURVE('',#12388,#12751);
#12751 = DEFINITIONAL_REPRESENTATION('',(#12752),#12756);
#12752 = LINE('',#12753,#12754);
#12753 = CARTESIAN_POINT('',(0.,0.));
#12754 = VECTOR('',#12755,1.);
#12755 = DIRECTION('',(0.,-1.));
#12756 = ( GEOMETRIC_REPRESENTATION_CONTEXT(2) 
PARAMETRIC_REPRESENTATION_CONTEXT() REPRESENTATION_CONTEXT('2D SPACE',''
  ) );
#12757 = ORIENTED_EDGE('',*,*,#12349,.F.);
#12758 = ADVANCED_FACE('',(#12759),#12472,.T.);
#12759 = FACE_BOUND('',#12760,.T.);
#12760 = EDGE_LOOP('',(#12761,#12782,#12783,#12784));
#12761 = ORIENTED_EDGE('',*,*,#12762,.T.);
#12762 = EDGE_CURVE('',#12429,#12612,#12763,.T.);
#12763 = SURFACE_CURVE('',#12764,(#12768,#12775),.PCURVE_S1.);
#12764 = LINE('',#12765,#12766);
#12765 = CARTESIAN_POINT('',(29.,39.,155.));
#12766 = VECTOR('',#12767,1.);
#12767 = DIRECTION('',(0.,-1.,0.));
#12768 = PCURVE('',#12472,#12769);
#12769 = DEFINITIONAL_REPRESENTATION('',(#12770),#12774);
#12770 = LINE('',#12771,#12772);
#12771 = CARTESIAN_POINT('',(0.,0.));
#12772 = VECTOR('',#12773,1.);
#12773 = DIRECTION('',(0.,-1.));
#12774 = ( GEOMETRIC_REPRESENTATION_CONTEXT(2) 
PARAMETRIC_REPRESENTATION_CONTEXT() REPRESENTATION_CONTEXT('2D SPACE',''
  ) );
#12775 = PCURVE('',#12444,#12776);
#12776 = DEFINITIONAL_REPRESENTATION('',(#12777),#12781);
#12777 = LINE('',#12778,#12779);
#12778 = CARTESIAN_POINT('',(9.055385138137,0.));
#12779 = VECTOR('',#12780,1.);
#12780 = DIRECTION('',(0.,-1.));
#12781 = ( GEOMETRIC_REPRESENTATION_CONTEXT(2) 
PARAMETRIC_REPRESENTATION_CONTEXT() REPRESENTATION_CONTEXT('2D SPACE',''
  ) );
#12782 = ORIENTED_EDGE('',*,*,#12634,.T.);
#12783 = ORIENTED_EDGE('',*,*,#12708,.F.);
#12784 = ORIENTED_EDGE('',*,*,#12456,.F.);
#12785 = ADVANCED_FACE('',(#12786),#12388,.T.);
#12786 = FACE_BOUND('',#12787,.T.);
#12787 = EDGE_LOOP('',(#12788,#12789,#12790,#12811));
#12788 = ORIENTED_EDGE('',*,*,#12737,.T.);
#12789 = ORIENTED_EDGE('',*,*,#12565,.T.);
#12790 = ORIENTED_EDGE('',*,*,#12791,.F.);
#12791 = EDGE_CURVE('',#12373,#12566,#12792,.T.);
#12792 = SURFACE_CURVE('',#12793,(#12797,#12804),.PCURVE_S1.);
#12793 = LINE('',#12794,#12795);
#12794 = CARTESIAN_POINT('',(46.,39.,161.));
#12795 = VECTOR('',#12796,1.);
#12796 = DIRECTION('',(0.,-1.,0.));
#12797 = PCURVE('',#12388,#12798);
#12798 = DEFINITIONAL_REPRESENTATION('',(#12799),#12803);
#12799 = LINE('',#12800,#12801);
#12800 = CARTESIAN_POINT('',(7.810249675907,0.));
#12801 = VECTOR('',#12802,1.);
#12802 = DIRECTION('',(0.,-1.));
#12803 = ( GEOMETRIC_REPRESENTATION_CONTEXT(2) 
PARAMETRIC_REPRESENTATION_CONTEXT() REPRESENTATION_CONTEXT('2D SPACE',''
  ) );
#12804 = PCURVE('',#12416,#12805);
#12805 = DEFINITIONAL_REPRESENTATION('',(#12806),#12810);
#12806 = LINE('',#12807,#12808);
#12807 = CARTESIAN_POINT('',(0.,0.));
#12808 = VECTOR('',#12809,1.);
#12809 = DIRECTION('',(-0.,-1.));
#12810 = ( GEOMETRIC_REPRESENTATION_CONTEXT(2) 
PARAMETRIC_REPRESENTATION_CONTEXT() REPRESENTATION_CONTEXT('2D SPACE',''
  ) );
#12811 = ORIENTED_EDGE('',*,*,#12372,.F.);
#12812 = ADVANCED_FACE('',(#12813),#12444,.T.);
#12813 = FACE_BOUND('',#12814,.T.);
#12814 = EDGE_LOOP('',(#12815,#12836,#12837,#12838));
#12815 = ORIENTED_EDGE('',*,*,#12816,.T.);
#12816 = EDGE_CURVE('',#12401,#12589,#12817,.T.);
#12817 = SURFACE_CURVE('',#12818,(#12822,#12829),.PCURVE_S1.);
#12818 = LINE('',#12819,#12820);
#12819 = CARTESIAN_POINT('',(38.,39.,154.));
#12820 = VECTOR('',#12821,1.);
#12821 = DIRECTION('',(0.,-1.,0.));
#12822 = PCURVE('',#12444,#12823);
#12823 = DEFINITIONAL_REPRESENTATION('',(#12824),#12828);
#12824 = LINE('',#12825,#12826);
#12825 = CARTESIAN_POINT('',(0.,0.));
#12826 = VECTOR('',#12827,1.);
#12827 = DIRECTION('',(0.,-1.));
#12828 = ( GEOMETRIC_REPRESENTATION_CONTEXT(2) 
PARAMETRIC_REPRESENTATION_CONTEXT() REPRESENTATION_CONTEXT('2D SPACE',''
  ) );
#12829 = PCURVE('',#12416,#12830);
#12830 = DEFINITIONAL_REPRESENTATION('',(#12831),#12835);
#12831 = LINE('',#12832,#12833);
#12832 = CARTESIAN_POINT('',(10.630145812735,0.));
#12833 = VECTOR('',#12834,1.);
#12834 = DIRECTION('',(-0.,-1.));
#12835 = ( GEOMETRIC_REPRESENTATION_CONTEXT(2) 
PARAMETRIC_REPRESENTATION_CONTEXT() REPRESENTATION_CONTEXT('2D SPACE',''
  ) );
#12836 = ORIENTED_EDGE('',*,*,#12611,.T.);
#12837 = ORIENTED_EDGE('',*,*,#12762,.F.);
#12838 = ORIENTED_EDGE('',*,*,#12428,.F.);
#12839 = ADVANCED_FACE('',(#12840),#12416,.T.);
#12840 = FACE_BOUND('',#12841,.T.);
#12841 = EDGE_LOOP('',(#12842,#12843,#12844,#12845));
#12842 = ORIENTED_EDGE('',*,*,#12791,.T.);
#12843 = ORIENTED_EDGE('',*,*,#12588,.T.);
#12844 = ORIENTED_EDGE('',*,*,#12816,.F.);
#12845 = ORIENTED_EDGE('',*,*,#12400,.F.);
#12846 = ADVANCED_FACE('',(#12847),#12525,.F.);
#12847 = FACE_BOUND('',#12848,.T.);
#12848 = EDGE_LOOP('',(#12849,#12850,#12871,#12872));
#12849 = ORIENTED_EDGE('',*,*,#12508,.T.);
#12850 = ORIENTED_EDGE('',*,*,#12851,.T.);
#12851 = EDGE_CURVE('',#12509,#12682,#12852,.T.);
#12852 = SEAM_CURVE('',#12853,(#12857,#12864),.PCURVE_S1.);
#12853 = LINE('',#12854,#12855);
#12854 = CARTESIAN_POINT('',(11.2,40.,170.));
#12855 = VECTOR('',#12856,1.);
#12856 = DIRECTION('',(0.,-1.,0.));
#12857 = PCURVE('',#12525,#12858);
#12858 = DEFINITIONAL_REPRESENTATION('',(#12859),#12863);
#12859 = LINE('',#12860,#12861);
#12860 = CARTESIAN_POINT('',(-6.28318530718,0.));
#12861 = VECTOR('',#12862,1.);
#12862 = DIRECTION('',(-0.,-1.));
#12863 = ( GEOMETRIC_REPRESENTATION_CONTEXT(2) 
PARAMETRIC_REPRESENTATION_CONTEXT() REPRESENTATION_CONTEXT('2D SPACE',''
  ) );
#12864 = PCURVE('',#12525,#12865);
#12865 = DEFINITIONAL_REPRESENTATION('',(#12866),#12870);
#12866 = LINE('',#12867,#12868);
#12867 = CARTESIAN_POINT('',(-0.,0.));
#12868 = VECTOR('',#12869,1.);
#12869 = DIRECTION('',(-0.,-1.));
#12870 = ( GEOMETRIC_REPRESENTATION_CONTEXT(2) 
PARAMETRIC_REPRESENTATION_CONTEXT() REPRESENTATION_CONTEXT('2D SPACE',''
  ) );
#12871 = ORIENTED_EDGE('',*,*,#12681,.F.);
#12872 = ORIENTED_EDGE('',*,*,#12851,.F.);
#12873 = ( GEOMETRIC_REPRESENTATION_CONTEXT(3) 
GLOBAL_UNCERTAINTY_ASSIGNED_CONTEXT((#12877)) 
GLOBAL_UNIT_ASSIGNED_CONTEXT((#12874,#12875,#12876)) 
REPRESENTATION_CONTEXT('Context #1',
  '3D Context with UNIT and UNCERTAINTY') );
#12874 = ( LENGTH_UNIT() NAMED_UNIT(*) SI_UNIT(.MILLI.,.METRE.) );
#12875 = ( NAMED_UNIT(*) PLANE_ANGLE_UNIT() SI_UNIT($,.RADIAN.) );
#12876 = ( NAMED_UNIT(*) SI_UNIT($,.STERADIAN.) SOLID_ANGLE_UNIT() );
#12877 = UNCERTAINTY_MEASURE_WITH_UNIT(LENGTH_MEASURE(1.E-07),#12874,
  'distance_accuracy_value','confusion accuracy');
#12878 = CONTEXT_DEPENDENT_SHAPE_REPRESENTATION(#12879,#12881);
#12879 = ( REPRESENTATION_RELATIONSHIP('','',#12068,#10) 
REPRESENTATION_RELATIONSHIP_WITH_TRANSFORMATION(#12880) 
SHAPE_REPRESENTATION_RELATIONSHIP() );
#12880 = ITEM_DEFINED_TRANSFORMATION('','',#11,#63);
#12881 = PRODUCT_DEFINITION_SHAPE('Placement','Placement of an item',
  #12882);
#12882 = NEXT_ASSEMBLY_USAGE_OCCURRENCE('13','forearm_left','',#5,#12063
  ,$);
#12883 = PRODUCT_RELATED_PRODUCT_CATEGORY('part',$,(#12065));
#12884 = SHAPE_DEFINITION_REPRESENTATION(#12885,#12891);
#12885 = PRODUCT_DEFINITION_SHAPE('','',#12886);
#12886 = PRODUCT_DEFINITION('design','',#12887,#12890);
#12887 = PRODUCT_DEFINITION_FORMATION('','',#12888);
#12888 = PRODUCT('arm_standoff_left','arm_standoff_left','',(#12889));
#12889 = PRODUCT_CONTEXT('',#2,'mechanical');
#12890 = PRODUCT_DEFINITION_CONTEXT('part definition',#2,'design');
#12891 = ADVANCED_BREP_SHAPE_REPRESENTATION('',(#11,#12892),#13606);
#12892 = MANIFOLD_SOLID_BREP('',#12893);
#12893 = CLOSED_SHELL('',(#12894,#13120,#13227,#13276,#13325,#13378,
    #13447,#13494,#13541,#13566,#13579));
#12894 = ADVANCED_FACE('',(#12895,#13014),#12909,.F.);
#12895 = FACE_BOUND('',#12896,.F.);
#12896 = EDGE_LOOP('',(#12897,#12932,#12960,#12988));
#12897 = ORIENTED_EDGE('',*,*,#12898,.F.);
#12898 = EDGE_CURVE('',#12899,#12901,#12903,.T.);
#12899 = VERTEX_POINT('',#12900);
#12900 = CARTESIAN_POINT('',(5.,26.,160.5));
#12901 = VERTEX_POINT('',#12902);
#12902 = CARTESIAN_POINT('',(5.,26.,175.5));
#12903 = SURFACE_CURVE('',#12904,(#12908,#12920),.PCURVE_S1.);
#12904 = LINE('',#12905,#12906);
#12905 = CARTESIAN_POINT('',(5.,26.,160.5));
#12906 = VECTOR('',#12907,1.);
#12907 = DIRECTION('',(0.,0.,1.));
#12908 = PCURVE('',#12909,#12914);
#12909 = PLANE('',#12910);
#12910 = AXIS2_PLACEMENT_3D('',#12911,#12912,#12913);
#12911 = CARTESIAN_POINT('',(5.,26.,160.5));
#12912 = DIRECTION('',(1.,0.,0.));
#12913 = DIRECTION('',(0.,0.,1.));
#12914 = DEFINITIONAL_REPRESENTATION('',(#12915),#12919);
#12915 = LINE('',#12916,#12917);
#12916 = CARTESIAN_POINT('',(0.,0.));
#12917 = VECTOR('',#12918,1.);
#12918 = DIRECTION('',(1.,0.));
#12919 = ( GEOMETRIC_REPRESENTATION_CONTEXT(2) 
PARAMETRIC_REPRESENTATION_CONTEXT() REPRESENTATION_CONTEXT('2D SPACE',''
  ) );
#12920 = PCURVE('',#12921,#12926);
#12921 = PLANE('',#12922);
#12922 = AXIS2_PLACEMENT_3D('',#12923,#12924,#12925);
#12923 = CARTESIAN_POINT('',(5.,26.,160.5));
#12924 = DIRECTION('',(0.,1.,0.));
#12925 = DIRECTION('',(0.,0.,1.));
#12926 = DEFINITIONAL_REPRESENTATION('',(#12927),#12931);
#12927 = LINE('',#12928,#12929);
#12928 = CARTESIAN_POINT('',(0.,0.));
#12929 = VECTOR('',#12930,1.);
#12930 = DIRECTION('',(1.,0.));
#12931 = ( GEOMETRIC_REPRESENTATION_CONTEXT(2) 
PARAMETRIC_REPRESENTATION_CONTEXT() REPRESENTATION_CONTEXT('2D SPACE',''
  ) );
#12932 = ORIENTED_EDGE('',*,*,#12933,.T.);
#12933 = EDGE_CURVE('',#12899,#12934,#12936,.T.);
#12934 = VERTEX_POINT('',#12935);
#12935 = CARTESIAN_POINT('',(5.,36.,160.5));
#12936 = SURFACE_CURVE('',#12937,(#12941,#12948),.PCURVE_S1.);
#12937 = LINE('',#12938,#12939);
#12938 = CARTESIAN_POINT('',(5.,26.,160.5));
#12939 = VECTOR('',#12940,1.);
#12940 = DIRECTION('',(0.,1.,0.));
#12941 = PCURVE('',#12909,#12942);
#12942 = DEFINITIONAL_REPRESENTATION('',(#12943),#12947);
#12943 = LINE('',#12944,#12945);
#12944 = CARTESIAN_POINT('',(0.,0.));
#12945 = VECTOR('',#12946,1.);
#12946 = DIRECTION('',(0.,-1.));
#12947 = ( GEOMETRIC_REPRESENTATION_CONTEXT(2) 
PARAMETRIC_REPRESENTATION_CONTEXT() REPRESENTATION_CONTEXT('2D SPACE',''
  ) );
#12948 = PCURVE('',#12949,#12954);
#12949 = PLANE('',#12950);
#12950 = AXIS2_PLACEMENT_3D('',#12951,#12952,#12953);
#12951 = CARTESIAN_POINT('',(5.,26.,160.5));
#12952 = DIRECTION('',(0.,0.,1.));
#12953 = DIRECTION('',(1.,0.,0.));
#12954 = DEFINITIONAL_REPRESENTATION('',(#12955),#12959);
#12955 = LINE('',#12956,#12957);
#12956 = CARTESIAN_POINT('',(0.,0.));
#12957 = VECTOR('',#12958,1.);
#12958 = DIRECTION('',(0.,1.));
#12959 = ( GEOMETRIC_REPRESENTATION_CONTEXT(2) 
PARAMETRIC_REPRESENTATION_CONTEXT() REPRESENTATION_CONTEXT('2D SPACE',''
  ) );
#12960 = ORIENTED_EDGE('',*,*,#12961,.T.);
#12961 = EDGE_CURVE('',#12934,#12962,#12964,.T.);
#12962 = VERTEX_POINT('',#12963);
#12963 = CARTESIAN_POINT('',(5.,36.,175.5));
#12964 = SURFACE_CURVE('',#12965,(#12969,#12976),.PCURVE_S1.);
#12965 = LINE('',#12966,#12967);
#12966 = CARTESIAN_POINT('',(5.,36.,160.5));
#12967 = VECTOR('',#12968,1.);
#12968 = DIRECTION('',(0.,0.,1.));
#12969 = PCURVE('',#12909,#12970);
#12970 = DEFINITIONAL_REPRESENTATION('',(#12971),#12975);
#12971 = LINE('',#12972,#12973);
#12972 = CARTESIAN_POINT('',(0.,-10.));
#12973 = VECTOR('',#12974,1.);
#12974 = DIRECTION('',(1.,0.));
#12975 = ( GEOMETRIC_REPRESENTATION_CONTEXT(2) 
PARAMETRIC_REPRESENTATION_CONTEXT() REPRESENTATION_CONTEXT('2D SPACE',''
  ) );
#12976 = PCURVE('',#12977,#12982);
#12977 = PLANE('',#12978);
#12978 = AXIS2_PLACEMENT_3D('',#12979,#12980,#12981);
#12979 = CARTESIAN_POINT('',(5.,36.,160.5));
#12980 = DIRECTION('',(0.,1.,0.));
#12981 = DIRECTION('',(0.,0.,1.));
#12982 = DEFINITIONAL_REPRESENTATION('',(#12983),#12987);
#12983 = LINE('',#12984,#12985);
#12984 = CARTESIAN_POINT('',(0.,0.));
#12985 = VECTOR('',#12986,1.);
#12986 = DIRECTION('',(1.,0.));
#12987 = ( GEOMETRIC_REPRESENTATION_CONTEXT(2) 
PARAMETRIC_REPRESENTATION_CONTEXT() REPRESENTATION_CONTEXT('2D SPACE',''
  ) );
#12988 = ORIENTED_EDGE('',*,*,#12989,.F.);
#12989 = EDGE_CURVE('',#12901,#12962,#12990,.T.);
#12990 = SURFACE_CURVE('',#12991,(#12995,#13002),.PCURVE_S1.);
#12991 = LINE('',#12992,#12993);
#12992 = CARTESIAN_POINT('',(5.,26.,175.5));
#12993 = VECTOR('',#12994,1.);
#12994 = DIRECTION('',(0.,1.,0.));
#12995 = PCURVE('',#12909,#12996);
#12996 = DEFINITIONAL_REPRESENTATION('',(#12997),#13001);
#12997 = LINE('',#12998,#12999);
#12998 = CARTESIAN_POINT('',(15.,0.));
#12999 = VECTOR('',#13000,1.);
#13000 = DIRECTION('',(0.,-1.));
#13001 = ( GEOMETRIC_REPRESENTATION_CONTEXT(2) 
PARAMETRIC_REPRESENTATION_CONTEXT() REPRESENTATION_CONTEXT('2D SPACE',''
  ) );
#13002 = PCURVE('',#13003,#13008);
#13003 = PLANE('',#13004);
#13004 = AXIS2_PLACEMENT_3D('',#13005,#13006,#13007);
#13005 = CARTESIAN_POINT('',(5.,26.,175.5));
#13006 = DIRECTION('',(0.,0.,1.));
#13007 = DIRECTION('',(1.,0.,0.));
#13008 = DEFINITIONAL_REPRESENTATION('',(#13009),#13013);
#13009 = LINE('',#13010,#13011);
#13010 = CARTESIAN_POINT('',(0.,0.));
#13011 = VECTOR('',#13012,1.);
#13012 = DIRECTION('',(0.,1.));
#13013 = ( GEOMETRIC_REPRESENTATION_CONTEXT(2) 
PARAMETRIC_REPRESENTATION_CONTEXT() REPRESENTATION_CONTEXT('2D SPACE',''
  ) );
#13014 = FACE_BOUND('',#13015,.F.);
#13015 = EDGE_LOOP('',(#13016,#13044,#13070,#13096));
#13016 = ORIENTED_EDGE('',*,*,#13017,.T.);
#13017 = EDGE_CURVE('',#13018,#13020,#13022,.T.);
#13018 = VERTEX_POINT('',#13019);
#13019 = CARTESIAN_POINT('',(5.,32.5,165.));
#13020 = VERTEX_POINT('',#13021);
#13021 = CARTESIAN_POINT('',(5.,32.5,161.));
#13022 = SURFACE_CURVE('',#13023,(#13027,#13033),.PCURVE_S1.);
#13023 = LINE('',#13024,#13025);
#13024 = CARTESIAN_POINT('',(5.,32.5,160.75));
#13025 = VECTOR('',#13026,1.);
#13026 = DIRECTION('',(0.,0.,-1.));
#13027 = PCURVE('',#12909,#13028);
#13028 = DEFINITIONAL_REPRESENTATION('',(#13029),#13032);
#13029 = B_SPLINE_CURVE_WITH_KNOTS('',1,(#13030,#13031),.UNSPECIFIED.,
  .F.,.F.,(2,2),(-4.25,-0.25),.PIECEWISE_BEZIER_KNOTS.);
#13030 = CARTESIAN_POINT('',(4.5,-6.5));
#13031 = CARTESIAN_POINT('',(0.5,-6.5));
#13032 = ( GEOMETRIC_REPRESENTATION_CONTEXT(2) 
PARAMETRIC_REPRESENTATION_CONTEXT() REPRESENTATION_CONTEXT('2D SPACE',''
  ) );
#13033 = PCURVE('',#13034,#13039);
#13034 = PLANE('',#13035);
#13035 = AXIS2_PLACEMENT_3D('',#13036,#13037,#13038);
#13036 = CARTESIAN_POINT('',(3.,32.5,161.));
#13037 = DIRECTION('',(0.,-1.,0.));
#13038 = DIRECTION('',(0.,0.,1.));
#13039 = DEFINITIONAL_REPRESENTATION('',(#13040),#13043);
#13040 = B_SPLINE_CURVE_WITH_KNOTS('',1,(#13041,#13042),.UNSPECIFIED.,
  .F.,.F.,(2,2),(-4.25,-0.25),.PIECEWISE_BEZIER_KNOTS.);
#13041 = CARTESIAN_POINT('',(4.,-2.));
#13042 = CARTESIAN_POINT('',(0.,-2.));
#13043 = ( GEOMETRIC_REPRESENTATION_CONTEXT(2) 
PARAMETRIC_REPRESENTATION_CONTEXT() REPRESENTATION_CONTEXT('2D SPACE',''
  ) );
#13044 = ORIENTED_EDGE('',*,*,#13045,.T.);
#13045 = EDGE_CURVE('',#13020,#13046,#13048,.T.);
#13046 = VERTEX_POINT('',#13047);
#13047 = CARTESIAN_POINT('',(5.,29.5,161.));
#13048 = SURFACE_CURVE('',#13049,(#13053,#13059),.PCURVE_S1.);
#13049 = LINE('',#13050,#13051);
#13050 = CARTESIAN_POINT('',(5.,27.75,161.));
#13051 = VECTOR('',#13052,1.);
#13052 = DIRECTION('',(0.,-1.,0.));
#13053 = PCURVE('',#12909,#13054);
#13054 = DEFINITIONAL_REPRESENTATION('',(#13055),#13058);
#13055 = B_SPLINE_CURVE_WITH_KNOTS('',1,(#13056,#13057),.UNSPECIFIED.,
  .F.,.F.,(2,2),(-4.75,-1.75),.PIECEWISE_BEZIER_KNOTS.);
#13056 = CARTESIAN_POINT('',(0.5,-6.5));
#13057 = CARTESIAN_POINT('',(0.5,-3.5));
#13058 = ( GEOMETRIC_REPRESENTATION_CONTEXT(2) 
PARAMETRIC_REPRESENTATION_CONTEXT() REPRESENTATION_CONTEXT('2D SPACE',''
  ) );
#13059 = PCURVE('',#13060,#13065);
#13060 = PLANE('',#13061);
#13061 = AXIS2_PLACEMENT_3D('',#13062,#13063,#13064);
#13062 = CARTESIAN_POINT('',(3.,29.5,161.));
#13063 = DIRECTION('',(0.,0.,1.));
#13064 = DIRECTION('',(0.,1.,0.));
#13065 = DEFINITIONAL_REPRESENTATION('',(#13066),#13069);
#13066 = B_SPLINE_CURVE_WITH_KNOTS('',1,(#13067,#13068),.UNSPECIFIED.,
  .F.,.F.,(2,2),(-4.75,-1.75),.PIECEWISE_BEZIER_KNOTS.);
#13067 = CARTESIAN_POINT('',(3.,-2.));
#13068 = CARTESIAN_POINT('',(0.,-2.));
#13069 = ( GEOMETRIC_REPRESENTATION_CONTEXT(2) 
PARAMETRIC_REPRESENTATION_CONTEXT() REPRESENTATION_CONTEXT('2D SPACE',''
  ) );
#13070 = ORIENTED_EDGE('',*,*,#13071,.T.);
#13071 = EDGE_CURVE('',#13046,#13072,#13074,.T.);
#13072 = VERTEX_POINT('',#13073);
#13073 = CARTESIAN_POINT('',(5.,29.5,165.));
#13074 = SURFACE_CURVE('',#13075,(#13079,#13085),.PCURVE_S1.);
#13075 = LINE('',#13076,#13077);
#13076 = CARTESIAN_POINT('',(5.,29.5,162.75));
#13077 = VECTOR('',#13078,1.);
#13078 = DIRECTION('',(0.,-0.,1.));
#13079 = PCURVE('',#12909,#13080);
#13080 = DEFINITIONAL_REPRESENTATION('',(#13081),#13084);
#13081 = B_SPLINE_CURVE_WITH_KNOTS('',1,(#13082,#13083),.UNSPECIFIED.,
  .F.,.F.,(2,2),(-1.75,2.25),.PIECEWISE_BEZIER_KNOTS.);
#13082 = CARTESIAN_POINT('',(0.5,-3.5));
#13083 = CARTESIAN_POINT('',(4.5,-3.5));
#13084 = ( GEOMETRIC_REPRESENTATION_CONTEXT(2) 
PARAMETRIC_REPRESENTATION_CONTEXT() REPRESENTATION_CONTEXT('2D SPACE',''
  ) );
#13085 = PCURVE('',#13086,#13091);
#13086 = PLANE('',#13087);
#13087 = AXIS2_PLACEMENT_3D('',#13088,#13089,#13090);
#13088 = CARTESIAN_POINT('',(3.,29.5,165.));
#13089 = DIRECTION('',(-0.,1.,0.));
#13090 = DIRECTION('',(0.,0.,-1.));
#13091 = DEFINITIONAL_REPRESENTATION('',(#13092),#13095);
#13092 = B_SPLINE_CURVE_WITH_KNOTS('',1,(#13093,#13094),.UNSPECIFIED.,
  .F.,.F.,(2,2),(-1.75,2.25),.PIECEWISE_BEZIER_KNOTS.);
#13093 = CARTESIAN_POINT('',(4.,-2.));
#13094 = CARTESIAN_POINT('',(0.,-2.));
#13095 = ( GEOMETRIC_REPRESENTATION_CONTEXT(2) 
PARAMETRIC_REPRESENTATION_CONTEXT() REPRESENTATION_CONTEXT('2D SPACE',''
  ) );
#13096 = ORIENTED_EDGE('',*,*,#13097,.T.);
#13097 = EDGE_CURVE('',#13072,#13018,#13098,.T.);
#13098 = SURFACE_CURVE('',#13099,(#13103,#13109),.PCURVE_S1.);
#13099 = LINE('',#13100,#13101);
#13100 = CARTESIAN_POINT('',(5.,29.25,165.));
#13101 = VECTOR('',#13102,1.);
#13102 = DIRECTION('',(-0.,1.,0.));
#13103 = PCURVE('',#12909,#13104);
#13104 = DEFINITIONAL_REPRESENTATION('',(#13105),#13108);
#13105 = B_SPLINE_CURVE_WITH_KNOTS('',1,(#13106,#13107),.UNSPECIFIED.,
  .F.,.F.,(2,2),(0.25,3.25),.PIECEWISE_BEZIER_KNOTS.);
#13106 = CARTESIAN_POINT('',(4.5,-3.5));
#13107 = CARTESIAN_POINT('',(4.5,-6.5));
#13108 = ( GEOMETRIC_REPRESENTATION_CONTEXT(2) 
PARAMETRIC_REPRESENTATION_CONTEXT() REPRESENTATION_CONTEXT('2D SPACE',''
  ) );
#13109 = PCURVE('',#13110,#13115);
#13110 = PLANE('',#13111);
#13111 = AXIS2_PLACEMENT_3D('',#13112,#13113,#13114);
#13112 = CARTESIAN_POINT('',(3.,32.5,165.));
#13113 = DIRECTION('',(0.,0.,-1.));
#13114 = DIRECTION('',(0.,-1.,0.));
#13115 = DEFINITIONAL_REPRESENTATION('',(#13116),#13119);
#13116 = B_SPLINE_CURVE_WITH_KNOTS('',1,(#13117,#13118),.UNSPECIFIED.,
  .F.,.F.,(2,2),(0.25,3.25),.PIECEWISE_BEZIER_KNOTS.);
#13117 = CARTESIAN_POINT('',(3.,-2.));
#13118 = CARTESIAN_POINT('',(0.,-2.));
#13119 = ( GEOMETRIC_REPRESENTATION_CONTEXT(2) 
PARAMETRIC_REPRESENTATION_CONTEXT() REPRESENTATION_CONTEXT('2D SPACE',''
  ) );
#13120 = ADVANCED_FACE('',(#13121,#13196),#12921,.F.);
#13121 = FACE_BOUND('',#13122,.F.);
#13122 = EDGE_LOOP('',(#13123,#13146,#13147,#13170));
#13123 = ORIENTED_EDGE('',*,*,#13124,.F.);
#13124 = EDGE_CURVE('',#12899,#13125,#13127,.T.);
#13125 = VERTEX_POINT('',#13126);
#13126 = CARTESIAN_POINT('',(15.,26.,160.5));
#13127 = SURFACE_CURVE('',#13128,(#13132,#13139),.PCURVE_S1.);
#13128 = LINE('',#13129,#13130);
#13129 = CARTESIAN_POINT('',(5.,26.,160.5));
#13130 = VECTOR('',#13131,1.);
#13131 = DIRECTION('',(1.,0.,0.));
#13132 = PCURVE('',#12921,#13133);
#13133 = DEFINITIONAL_REPRESENTATION('',(#13134),#13138);
#13134 = LINE('',#13135,#13136);
#13135 = CARTESIAN_POINT('',(0.,0.));
#13136 = VECTOR('',#13137,1.);
#13137 = DIRECTION('',(0.,1.));
#13138 = ( GEOMETRIC_REPRESENTATION_CONTEXT(2) 
PARAMETRIC_REPRESENTATION_CONTEXT() REPRESENTATION_CONTEXT('2D SPACE',''
  ) );
#13139 = PCURVE('',#12949,#13140);
#13140 = DEFINITIONAL_REPRESENTATION('',(#13141),#13145);
#13141 = LINE('',#13142,#13143);
#13142 = CARTESIAN_POINT('',(0.,0.));
#13143 = VECTOR('',#13144,1.);
#13144 = DIRECTION('',(1.,0.));
#13145 = ( GEOMETRIC_REPRESENTATION_CONTEXT(2) 
PARAMETRIC_REPRESENTATION_CONTEXT() REPRESENTATION_CONTEXT('2D SPACE',''
  ) );
#13146 = ORIENTED_EDGE('',*,*,#12898,.T.);
#13147 = ORIENTED_EDGE('',*,*,#13148,.T.);
#13148 = EDGE_CURVE('',#12901,#13149,#13151,.T.);
#13149 = VERTEX_POINT('',#13150);
#13150 = CARTESIAN_POINT('',(15.,26.,175.5));
#13151 = SURFACE_CURVE('',#13152,(#13156,#13163),.PCURVE_S1.);
#13152 = LINE('',#13153,#13154);
#13153 = CARTESIAN_POINT('',(5.,26.,175.5));
#13154 = VECTOR('',#13155,1.);
#13155 = DIRECTION('',(1.,0.,0.));
#13156 = PCURVE('',#12921,#13157);
#13157 = DEFINITIONAL_REPRESENTATION('',(#13158),#13162);
#13158 = LINE('',#13159,#13160);
#13159 = CARTESIAN_POINT('',(15.,0.));
#13160 = VECTOR('',#13161,1.);
#13161 = DIRECTION('',(0.,1.));
#13162 = ( GEOMETRIC_REPRESENTATION_CONTEXT(2) 
PARAMETRIC_REPRESENTATION_CONTEXT() REPRESENTATION_CONTEXT('2D SPACE',''
  ) );
#13163 = PCURVE('',#13003,#13164);
#13164 = DEFINITIONAL_REPRESENTATION('',(#13165),#13169);
#13165 = LINE('',#13166,#13167);
#13166 = CARTESIAN_POINT('',(0.,0.));
#13167 = VECTOR('',#13168,1.);
#13168 = DIRECTION('',(1.,0.));
#13169 = ( GEOMETRIC_REPRESENTATION_CONTEXT(2) 
PARAMETRIC_REPRESENTATION_CONTEXT() REPRESENTATION_CONTEXT('2D SPACE',''
  ) );
#13170 = ORIENTED_EDGE('',*,*,#13171,.F.);
#13171 = EDGE_CURVE('',#13125,#13149,#13172,.T.);
#13172 = SURFACE_CURVE('',#13173,(#13177,#13184),.PCURVE_S1.);
#13173 = LINE('',#13174,#13175);
#13174 = CARTESIAN_POINT('',(15.,26.,160.5));
#13175 = VECTOR('',#13176,1.);
#13176 = DIRECTION('',(0.,0.,1.));
#13177 = PCURVE('',#12921,#13178);
#13178 = DEFINITIONAL_REPRESENTATION('',(#13179),#13183);
#13179 = LINE('',#13180,#13181);
#13180 = CARTESIAN_POINT('',(0.,10.));
#13181 = VECTOR('',#13182,1.);
#13182 = DIRECTION('',(1.,0.));
#13183 = ( GEOMETRIC_REPRESENTATION_CONTEXT(2) 
PARAMETRIC_REPRESENTATION_CONTEXT() REPRESENTATION_CONTEXT('2D SPACE',''
  ) );
#13184 = PCURVE('',#13185,#13190);
#13185 = PLANE('',#13186);
#13186 = AXIS2_PLACEMENT_3D('',#13187,#13188,#13189);
#13187 = CARTESIAN_POINT('',(15.,26.,160.5));
#13188 = DIRECTION('',(1.,0.,0.));
#13189 = DIRECTION('',(0.,0.,1.));
#13190 = DEFINITIONAL_REPRESENTATION('',(#13191),#13195);
#13191 = LINE('',#13192,#13193);
#13192 = CARTESIAN_POINT('',(0.,0.));
#13193 = VECTOR('',#13194,1.);
#13194 = DIRECTION('',(1.,0.));
#13195 = ( GEOMETRIC_REPRESENTATION_CONTEXT(2) 
PARAMETRIC_REPRESENTATION_CONTEXT() REPRESENTATION_CONTEXT('2D SPACE',''
  ) );
#13196 = FACE_BOUND('',#13197,.F.);
#13197 = EDGE_LOOP('',(#13198));
#13198 = ORIENTED_EDGE('',*,*,#13199,.F.);
#13199 = EDGE_CURVE('',#13200,#13200,#13202,.T.);
#13200 = VERTEX_POINT('',#13201);
#13201 = CARTESIAN_POINT('',(11.2,26.,170.));
#13202 = SURFACE_CURVE('',#13203,(#13208,#13215),.PCURVE_S1.);
#13203 = CIRCLE('',#13204,1.2);
#13204 = AXIS2_PLACEMENT_3D('',#13205,#13206,#13207);
#13205 = CARTESIAN_POINT('',(10.,26.,170.));
#13206 = DIRECTION('',(-0.,1.,0.));
#13207 = DIRECTION('',(1.,0.,0.));
#13208 = PCURVE('',#12921,#13209);
#13209 = DEFINITIONAL_REPRESENTATION('',(#13210),#13214);
#13210 = CIRCLE('',#13211,1.2);
#13211 = AXIS2_PLACEMENT_2D('',#13212,#13213);
#13212 = CARTESIAN_POINT('',(9.5,5.));
#13213 = DIRECTION('',(0.,1.));
#13214 = ( GEOMETRIC_REPRESENTATION_CONTEXT(2) 
PARAMETRIC_REPRESENTATION_CONTEXT() REPRESENTATION_CONTEXT('2D SPACE',''
  ) );
#13215 = PCURVE('',#13216,#13221);
#13216 = CYLINDRICAL_SURFACE('',#13217,1.2);
#13217 = AXIS2_PLACEMENT_3D('',#13218,#13219,#13220);
#13218 = CARTESIAN_POINT('',(10.,39.,170.));
#13219 = DIRECTION('',(-0.,1.,-0.));
#13220 = DIRECTION('',(1.,0.,0.));
#13221 = DEFINITIONAL_REPRESENTATION('',(#13222),#13226);
#13222 = LINE('',#13223,#13224);
#13223 = CARTESIAN_POINT('',(-6.28318530718,-13.));
#13224 = VECTOR('',#13225,1.);
#13225 = DIRECTION('',(1.,-0.));
#13226 = ( GEOMETRIC_REPRESENTATION_CONTEXT(2) 
PARAMETRIC_REPRESENTATION_CONTEXT() REPRESENTATION_CONTEXT('2D SPACE',''
  ) );
#13227 = ADVANCED_FACE('',(#13228),#13003,.T.);
#13228 = FACE_BOUND('',#13229,.T.);
#13229 = EDGE_LOOP('',(#13230,#13231,#13232,#13255));
#13230 = ORIENTED_EDGE('',*,*,#12989,.F.);
#13231 = ORIENTED_EDGE('',*,*,#13148,.T.);
#13232 = ORIENTED_EDGE('',*,*,#13233,.T.);
#13233 = EDGE_CURVE('',#13149,#13234,#13236,.T.);
#13234 = VERTEX_POINT('',#13235);
#13235 = CARTESIAN_POINT('',(15.,36.,175.5));
#13236 = SURFACE_CURVE('',#13237,(#13241,#13248),.PCURVE_S1.);
#13237 = LINE('',#13238,#13239);
#13238 = CARTESIAN_POINT('',(15.,26.,175.5));
#13239 = VECTOR('',#13240,1.);
#13240 = DIRECTION('',(0.,1.,0.));
#13241 = PCURVE('',#13003,#13242);
#13242 = DEFINITIONAL_REPRESENTATION('',(#13243),#13247);
#13243 = LINE('',#13244,#13245);
#13244 = CARTESIAN_POINT('',(10.,0.));
#13245 = VECTOR('',#13246,1.);
#13246 = DIRECTION('',(0.,1.));
#13247 = ( GEOMETRIC_REPRESENTATION_CONTEXT(2) 
PARAMETRIC_REPRESENTATION_CONTEXT() REPRESENTATION_CONTEXT('2D SPACE',''
  ) );
#13248 = PCURVE('',#13185,#13249);
#13249 = DEFINITIONAL_REPRESENTATION('',(#13250),#13254);
#13250 = LINE('',#13251,#13252);
#13251 = CARTESIAN_POINT('',(15.,0.));
#13252 = VECTOR('',#13253,1.);
#13253 = DIRECTION('',(0.,-1.));
#13254 = ( GEOMETRIC_REPRESENTATION_CONTEXT(2) 
PARAMETRIC_REPRESENTATION_CONTEXT() REPRESENTATION_CONTEXT('2D SPACE',''
  ) );
#13255 = ORIENTED_EDGE('',*,*,#13256,.F.);
#13256 = EDGE_CURVE('',#12962,#13234,#13257,.T.);
#13257 = SURFACE_CURVE('',#13258,(#13262,#13269),.PCURVE_S1.);
#13258 = LINE('',#13259,#13260);
#13259 = CARTESIAN_POINT('',(5.,36.,175.5));
#13260 = VECTOR('',#13261,1.);
#13261 = DIRECTION('',(1.,0.,0.));
#13262 = PCURVE('',#13003,#13263);
#13263 = DEFINITIONAL_REPRESENTATION('',(#13264),#13268);
#13264 = LINE('',#13265,#13266);
#13265 = CARTESIAN_POINT('',(0.,10.));
#13266 = VECTOR('',#13267,1.);
#13267 = DIRECTION('',(1.,0.));
#13268 = ( GEOMETRIC_REPRESENTATION_CONTEXT(2) 
PARAMETRIC_REPRESENTATION_CONTEXT() REPRESENTATION_CONTEXT('2D SPACE',''
  ) );
#13269 = PCURVE('',#12977,#13270);
#13270 = DEFINITIONAL_REPRESENTATION('',(#13271),#13275);
#13271 = LINE('',#13272,#13273);
#13272 = CARTESIAN_POINT('',(15.,0.));
#13273 = VECTOR('',#13274,1.);
#13274 = DIRECTION('',(0.,1.));
#13275 = ( GEOMETRIC_REPRESENTATION_CONTEXT(2) 
PARAMETRIC_REPRESENTATION_CONTEXT() REPRESENTATION_CONTEXT('2D SPACE',''
  ) );
#13276 = ADVANCED_FACE('',(#13277),#12949,.F.);
#13277 = FACE_BOUND('',#13278,.F.);
#13278 = EDGE_LOOP('',(#13279,#13280,#13281,#13304));
#13279 = ORIENTED_EDGE('',*,*,#12933,.F.);
#13280 = ORIENTED_EDGE('',*,*,#13124,.T.);
#13281 = ORIENTED_EDGE('',*,*,#13282,.T.);
#13282 = EDGE_CURVE('',#13125,#13283,#13285,.T.);
#13283 = VERTEX_POINT('',#13284);
#13284 = CARTESIAN_POINT('',(15.,36.,160.5));
#13285 = SURFACE_CURVE('',#13286,(#13290,#13297),.PCURVE_S1.);
#13286 = LINE('',#13287,#13288);
#13287 = CARTESIAN_POINT('',(15.,26.,160.5));
#13288 = VECTOR('',#13289,1.);
#13289 = DIRECTION('',(0.,1.,0.));
#13290 = PCURVE('',#12949,#13291);
#13291 = DEFINITIONAL_REPRESENTATION('',(#13292),#13296);
#13292 = LINE('',#13293,#13294);
#13293 = CARTESIAN_POINT('',(10.,0.));
#13294 = VECTOR('',#13295,1.);
#13295 = DIRECTION('',(0.,1.));
#13296 = ( GEOMETRIC_REPRESENTATION_CONTEXT(2) 
PARAMETRIC_REPRESENTATION_CONTEXT() REPRESENTATION_CONTEXT('2D SPACE',''
  ) );
#13297 = PCURVE('',#13185,#13298);
#13298 = DEFINITIONAL_REPRESENTATION('',(#13299),#13303);
#13299 = LINE('',#13300,#13301);
#13300 = CARTESIAN_POINT('',(0.,0.));
#13301 = VECTOR('',#13302,1.);
#13302 = DIRECTION('',(0.,-1.));
#13303 = ( GEOMETRIC_REPRESENTATION_CONTEXT(2) 
PARAMETRIC_REPRESENTATION_CONTEXT() REPRESENTATION_CONTEXT('2D SPACE',''
  ) );
#13304 = ORIENTED_EDGE('',*,*,#13305,.F.);
#13305 = EDGE_CURVE('',#12934,#13283,#13306,.T.);
#13306 = SURFACE_CURVE('',#13307,(#13311,#13318),.PCURVE_S1.);
#13307 = LINE('',#13308,#13309);
#13308 = CARTESIAN_POINT('',(5.,36.,160.5));
#13309 = VECTOR('',#13310,1.);
#13310 = DIRECTION('',(1.,0.,0.));
#13311 = PCURVE('',#12949,#13312);
#13312 = DEFINITIONAL_REPRESENTATION('',(#13313),#13317);
#13313 = LINE('',#13314,#13315);
#13314 = CARTESIAN_POINT('',(0.,10.));
#13315 = VECTOR('',#13316,1.);
#13316 = DIRECTION('',(1.,0.));
#13317 = ( GEOMETRIC_REPRESENTATION_CONTEXT(2) 
PARAMETRIC_REPRESENTATION_CONTEXT() REPRESENTATION_CONTEXT('2D SPACE',''
  ) );
#13318 = PCURVE('',#12977,#13319);
#13319 = DEFINITIONAL_REPRESENTATION('',(#13320),#13324);
#13320 = LINE('',#13321,#13322);
#13321 = CARTESIAN_POINT('',(0.,0.));
#13322 = VECTOR('',#13323,1.);
#13323 = DIRECTION('',(0.,1.));
#13324 = ( GEOMETRIC_REPRESENTATION_CONTEXT(2) 
PARAMETRIC_REPRESENTATION_CONTEXT() REPRESENTATION_CONTEXT('2D SPACE',''
  ) );
#13325 = ADVANCED_FACE('',(#13326,#13352),#12977,.T.);
#13326 = FACE_BOUND('',#13327,.T.);
#13327 = EDGE_LOOP('',(#13328,#13329,#13330,#13331));
#13328 = ORIENTED_EDGE('',*,*,#13305,.F.);
#13329 = ORIENTED_EDGE('',*,*,#12961,.T.);
#13330 = ORIENTED_EDGE('',*,*,#13256,.T.);
#13331 = ORIENTED_EDGE('',*,*,#13332,.F.);
#13332 = EDGE_CURVE('',#13283,#13234,#13333,.T.);
#13333 = SURFACE_CURVE('',#13334,(#13338,#13345),.PCURVE_S1.);
#13334 = LINE('',#13335,#13336);
#13335 = CARTESIAN_POINT('',(15.,36.,160.5));
#13336 = VECTOR('',#13337,1.);
#13337 = DIRECTION('',(0.,0.,1.));
#13338 = PCURVE('',#12977,#13339);
#13339 = DEFINITIONAL_REPRESENTATION('',(#13340),#13344);
#13340 = LINE('',#13341,#13342);
#13341 = CARTESIAN_POINT('',(0.,10.));
#13342 = VECTOR('',#13343,1.);
#13343 = DIRECTION('',(1.,0.));
#13344 = ( GEOMETRIC_REPRESENTATION_CONTEXT(2) 
PARAMETRIC_REPRESENTATION_CONTEXT() REPRESENTATION_CONTEXT('2D SPACE',''
  ) );
#13345 = PCURVE('',#13185,#13346);
#13346 = DEFINITIONAL_REPRESENTATION('',(#13347),#13351);
#13347 = LINE('',#13348,#13349);
#13348 = CARTESIAN_POINT('',(0.,-10.));
#13349 = VECTOR('',#13350,1.);
#13350 = DIRECTION('',(1.,0.));
#13351 = ( GEOMETRIC_REPRESENTATION_CONTEXT(2) 
PARAMETRIC_REPRESENTATION_CONTEXT() REPRESENTATION_CONTEXT('2D SPACE',''
  ) );
#13352 = FACE_BOUND('',#13353,.T.);
#13353 = EDGE_LOOP('',(#13354));
#13354 = ORIENTED_EDGE('',*,*,#13355,.F.);
#13355 = EDGE_CURVE('',#13356,#13356,#13358,.T.);
#13356 = VERTEX_POINT('',#13357);
#13357 = CARTESIAN_POINT('',(11.2,36.,170.));
#13358 = SURFACE_CURVE('',#13359,(#13364,#13371),.PCURVE_S1.);
#13359 = CIRCLE('',#13360,1.2);
#13360 = AXIS2_PLACEMENT_3D('',#13361,#13362,#13363);
#13361 = CARTESIAN_POINT('',(10.,36.,170.));
#13362 = DIRECTION('',(-0.,1.,0.));
#13363 = DIRECTION('',(1.,0.,0.));
#13364 = PCURVE('',#12977,#13365);
#13365 = DEFINITIONAL_REPRESENTATION('',(#13366),#13370);
#13366 = CIRCLE('',#13367,1.2);
#13367 = AXIS2_PLACEMENT_2D('',#13368,#13369);
#13368 = CARTESIAN_POINT('',(9.5,5.));
#13369 = DIRECTION('',(0.,1.));
#13370 = ( GEOMETRIC_REPRESENTATION_CONTEXT(2) 
PARAMETRIC_REPRESENTATION_CONTEXT() REPRESENTATION_CONTEXT('2D SPACE',''
  ) );
#13371 = PCURVE('',#13216,#13372);
#13372 = DEFINITIONAL_REPRESENTATION('',(#13373),#13377);
#13373 = LINE('',#13374,#13375);
#13374 = CARTESIAN_POINT('',(-6.28318530718,-3.));
#13375 = VECTOR('',#13376,1.);
#13376 = DIRECTION('',(1.,-0.));
#13377 = ( GEOMETRIC_REPRESENTATION_CONTEXT(2) 
PARAMETRIC_REPRESENTATION_CONTEXT() REPRESENTATION_CONTEXT('2D SPACE',''
  ) );
#13378 = ADVANCED_FACE('',(#13379),#13034,.T.);
#13379 = FACE_BOUND('',#13380,.T.);
#13380 = EDGE_LOOP('',(#13381,#13382,#13405,#13426));
#13381 = ORIENTED_EDGE('',*,*,#13017,.T.);
#13382 = ORIENTED_EDGE('',*,*,#13383,.T.);
#13383 = EDGE_CURVE('',#13020,#13384,#13386,.T.);
#13384 = VERTEX_POINT('',#13385);
#13385 = CARTESIAN_POINT('',(15.,32.5,161.));
#13386 = SURFACE_CURVE('',#13387,(#13391,#13398),.PCURVE_S1.);
#13387 = LINE('',#13388,#13389);
#13388 = CARTESIAN_POINT('',(3.,32.5,161.));
#13389 = VECTOR('',#13390,1.);
#13390 = DIRECTION('',(1.,0.,0.));
#13391 = PCURVE('',#13034,#13392);
#13392 = DEFINITIONAL_REPRESENTATION('',(#13393),#13397);
#13393 = LINE('',#13394,#13395);
#13394 = CARTESIAN_POINT('',(0.,0.));
#13395 = VECTOR('',#13396,1.);
#13396 = DIRECTION('',(0.,-1.));
#13397 = ( GEOMETRIC_REPRESENTATION_CONTEXT(2) 
PARAMETRIC_REPRESENTATION_CONTEXT() REPRESENTATION_CONTEXT('2D SPACE',''
  ) );
#13398 = PCURVE('',#13060,#13399);
#13399 = DEFINITIONAL_REPRESENTATION('',(#13400),#13404);
#13400 = LINE('',#13401,#13402);
#13401 = CARTESIAN_POINT('',(3.,0.));
#13402 = VECTOR('',#13403,1.);
#13403 = DIRECTION('',(0.,-1.));
#13404 = ( GEOMETRIC_REPRESENTATION_CONTEXT(2) 
PARAMETRIC_REPRESENTATION_CONTEXT() REPRESENTATION_CONTEXT('2D SPACE',''
  ) );
#13405 = ORIENTED_EDGE('',*,*,#13406,.F.);
#13406 = EDGE_CURVE('',#13407,#13384,#13409,.T.);
#13407 = VERTEX_POINT('',#13408);
#13408 = CARTESIAN_POINT('',(15.,32.5,165.));
#13409 = SURFACE_CURVE('',#13410,(#13414,#13420),.PCURVE_S1.);
#13410 = LINE('',#13411,#13412);
#13411 = CARTESIAN_POINT('',(15.,32.5,160.75));
#13412 = VECTOR('',#13413,1.);
#13413 = DIRECTION('',(0.,0.,-1.));
#13414 = PCURVE('',#13034,#13415);
#13415 = DEFINITIONAL_REPRESENTATION('',(#13416),#13419);
#13416 = B_SPLINE_CURVE_WITH_KNOTS('',1,(#13417,#13418),.UNSPECIFIED.,
  .F.,.F.,(2,2),(-4.25,-0.25),.PIECEWISE_BEZIER_KNOTS.);
#13417 = CARTESIAN_POINT('',(4.,-12.));
#13418 = CARTESIAN_POINT('',(0.,-12.));
#13419 = ( GEOMETRIC_REPRESENTATION_CONTEXT(2) 
PARAMETRIC_REPRESENTATION_CONTEXT() REPRESENTATION_CONTEXT('2D SPACE',''
  ) );
#13420 = PCURVE('',#13185,#13421);
#13421 = DEFINITIONAL_REPRESENTATION('',(#13422),#13425);
#13422 = B_SPLINE_CURVE_WITH_KNOTS('',1,(#13423,#13424),.UNSPECIFIED.,
  .F.,.F.,(2,2),(-4.25,-0.25),.PIECEWISE_BEZIER_KNOTS.);
#13423 = CARTESIAN_POINT('',(4.5,-6.5));
#13424 = CARTESIAN_POINT('',(0.5,-6.5));
#13425 = ( GEOMETRIC_REPRESENTATION_CONTEXT(2) 
PARAMETRIC_REPRESENTATION_CONTEXT() REPRESENTATION_CONTEXT('2D SPACE',''
  ) );
#13426 = ORIENTED_EDGE('',*,*,#13427,.F.);
#13427 = EDGE_CURVE('',#13018,#13407,#13428,.T.);
#13428 = SURFACE_CURVE('',#13429,(#13433,#13440),.PCURVE_S1.);
#13429 = LINE('',#13430,#13431);
#13430 = CARTESIAN_POINT('',(3.,32.5,165.));
#13431 = VECTOR('',#13432,1.);
#13432 = DIRECTION('',(1.,0.,0.));
#13433 = PCURVE('',#13034,#13434);
#13434 = DEFINITIONAL_REPRESENTATION('',(#13435),#13439);
#13435 = LINE('',#13436,#13437);
#13436 = CARTESIAN_POINT('',(4.,0.));
#13437 = VECTOR('',#13438,1.);
#13438 = DIRECTION('',(0.,-1.));
#13439 = ( GEOMETRIC_REPRESENTATION_CONTEXT(2) 
PARAMETRIC_REPRESENTATION_CONTEXT() REPRESENTATION_CONTEXT('2D SPACE',''
  ) );
#13440 = PCURVE('',#13110,#13441);
#13441 = DEFINITIONAL_REPRESENTATION('',(#13442),#13446);
#13442 = LINE('',#13443,#13444);
#13443 = CARTESIAN_POINT('',(0.,-0.));
#13444 = VECTOR('',#13445,1.);
#13445 = DIRECTION('',(0.,-1.));
#13446 = ( GEOMETRIC_REPRESENTATION_CONTEXT(2) 
PARAMETRIC_REPRESENTATION_CONTEXT() REPRESENTATION_CONTEXT('2D SPACE',''
  ) );
#13447 = ADVANCED_FACE('',(#13448),#13110,.T.);
#13448 = FACE_BOUND('',#13449,.T.);
#13449 = EDGE_LOOP('',(#13450,#13451,#13452,#13473));
#13450 = ORIENTED_EDGE('',*,*,#13097,.T.);
#13451 = ORIENTED_EDGE('',*,*,#13427,.T.);
#13452 = ORIENTED_EDGE('',*,*,#13453,.F.);
#13453 = EDGE_CURVE('',#13454,#13407,#13456,.T.);
#13454 = VERTEX_POINT('',#13455);
#13455 = CARTESIAN_POINT('',(15.,29.5,165.));
#13456 = SURFACE_CURVE('',#13457,(#13461,#13467),.PCURVE_S1.);
#13457 = LINE('',#13458,#13459);
#13458 = CARTESIAN_POINT('',(15.,29.25,165.));
#13459 = VECTOR('',#13460,1.);
#13460 = DIRECTION('',(-0.,1.,0.));
#13461 = PCURVE('',#13110,#13462);
#13462 = DEFINITIONAL_REPRESENTATION('',(#13463),#13466);
#13463 = B_SPLINE_CURVE_WITH_KNOTS('',1,(#13464,#13465),.UNSPECIFIED.,
  .F.,.F.,(2,2),(0.25,3.25),.PIECEWISE_BEZIER_KNOTS.);
#13464 = CARTESIAN_POINT('',(3.,-12.));
#13465 = CARTESIAN_POINT('',(0.,-12.));
#13466 = ( GEOMETRIC_REPRESENTATION_CONTEXT(2) 
PARAMETRIC_REPRESENTATION_CONTEXT() REPRESENTATION_CONTEXT('2D SPACE',''
  ) );
#13467 = PCURVE('',#13185,#13468);
#13468 = DEFINITIONAL_REPRESENTATION('',(#13469),#13472);
#13469 = B_SPLINE_CURVE_WITH_KNOTS('',1,(#13470,#13471),.UNSPECIFIED.,
  .F.,.F.,(2,2),(0.25,3.25),.PIECEWISE_BEZIER_KNOTS.);
#13470 = CARTESIAN_POINT('',(4.5,-3.5));
#13471 = CARTESIAN_POINT('',(4.5,-6.5));
#13472 = ( GEOMETRIC_REPRESENTATION_CONTEXT(2) 
PARAMETRIC_REPRESENTATION_CONTEXT() REPRESENTATION_CONTEXT('2D SPACE',''
  ) );
#13473 = ORIENTED_EDGE('',*,*,#13474,.F.);
#13474 = EDGE_CURVE('',#13072,#13454,#13475,.T.);
#13475 = SURFACE_CURVE('',#13476,(#13480,#13487),.PCURVE_S1.);
#13476 = LINE('',#13477,#13478);
#13477 = CARTESIAN_POINT('',(3.,29.5,165.));
#13478 = VECTOR('',#13479,1.);
#13479 = DIRECTION('',(1.,0.,0.));
#13480 = PCURVE('',#13110,#13481);
#13481 = DEFINITIONAL_REPRESENTATION('',(#13482),#13486);
#13482 = LINE('',#13483,#13484);
#13483 = CARTESIAN_POINT('',(3.,0.));
#13484 = VECTOR('',#13485,1.);
#13485 = DIRECTION('',(0.,-1.));
#13486 = ( GEOMETRIC_REPRESENTATION_CONTEXT(2) 
PARAMETRIC_REPRESENTATION_CONTEXT() REPRESENTATION_CONTEXT('2D SPACE',''
  ) );
#13487 = PCURVE('',#13086,#13488);
#13488 = DEFINITIONAL_REPRESENTATION('',(#13489),#13493);
#13489 = LINE('',#13490,#13491);
#13490 = CARTESIAN_POINT('',(0.,0.));
#13491 = VECTOR('',#13492,1.);
#13492 = DIRECTION('',(0.,-1.));
#13493 = ( GEOMETRIC_REPRESENTATION_CONTEXT(2) 
PARAMETRIC_REPRESENTATION_CONTEXT() REPRESENTATION_CONTEXT('2D SPACE',''
  ) );
#13494 = ADVANCED_FACE('',(#13495),#13086,.T.);
#13495 = FACE_BOUND('',#13496,.T.);
#13496 = EDGE_LOOP('',(#13497,#13498,#13499,#13520));
#13497 = ORIENTED_EDGE('',*,*,#13071,.T.);
#13498 = ORIENTED_EDGE('',*,*,#13474,.T.);
#13499 = ORIENTED_EDGE('',*,*,#13500,.F.);
#13500 = EDGE_CURVE('',#13501,#13454,#13503,.T.);
#13501 = VERTEX_POINT('',#13502);
#13502 = CARTESIAN_POINT('',(15.,29.5,161.));
#13503 = SURFACE_CURVE('',#13504,(#13508,#13514),.PCURVE_S1.);
#13504 = LINE('',#13505,#13506);
#13505 = CARTESIAN_POINT('',(15.,29.5,162.75));
#13506 = VECTOR('',#13507,1.);
#13507 = DIRECTION('',(0.,-0.,1.));
#13508 = PCURVE('',#13086,#13509);
#13509 = DEFINITIONAL_REPRESENTATION('',(#13510),#13513);
#13510 = B_SPLINE_CURVE_WITH_KNOTS('',1,(#13511,#13512),.UNSPECIFIED.,
  .F.,.F.,(2,2),(-1.75,2.25),.PIECEWISE_BEZIER_KNOTS.);
#13511 = CARTESIAN_POINT('',(4.,-12.));
#13512 = CARTESIAN_POINT('',(0.,-12.));
#13513 = ( GEOMETRIC_REPRESENTATION_CONTEXT(2) 
PARAMETRIC_REPRESENTATION_CONTEXT() REPRESENTATION_CONTEXT('2D SPACE',''
  ) );
#13514 = PCURVE('',#13185,#13515);
#13515 = DEFINITIONAL_REPRESENTATION('',(#13516),#13519);
#13516 = B_SPLINE_CURVE_WITH_KNOTS('',1,(#13517,#13518),.UNSPECIFIED.,
  .F.,.F.,(2,2),(-1.75,2.25),.PIECEWISE_BEZIER_KNOTS.);
#13517 = CARTESIAN_POINT('',(0.5,-3.5));
#13518 = CARTESIAN_POINT('',(4.5,-3.5));
#13519 = ( GEOMETRIC_REPRESENTATION_CONTEXT(2) 
PARAMETRIC_REPRESENTATION_CONTEXT() REPRESENTATION_CONTEXT('2D SPACE',''
  ) );
#13520 = ORIENTED_EDGE('',*,*,#13521,.F.);
#13521 = EDGE_CURVE('',#13046,#13501,#13522,.T.);
#13522 = SURFACE_CURVE('',#13523,(#13527,#13534),.PCURVE_S1.);
#13523 = LINE('',#13524,#13525);
#13524 = CARTESIAN_POINT('',(3.,29.5,161.));
#13525 = VECTOR('',#13526,1.);
#13526 = DIRECTION('',(1.,0.,0.));
#13527 = PCURVE('',#13086,#13528);
#13528 = DEFINITIONAL_REPRESENTATION('',(#13529),#13533);
#13529 = LINE('',#13530,#13531);
#13530 = CARTESIAN_POINT('',(4.,0.));
#13531 = VECTOR('',#13532,1.);
#13532 = DIRECTION('',(0.,-1.));
#13533 = ( GEOMETRIC_REPRESENTATION_CONTEXT(2) 
PARAMETRIC_REPRESENTATION_CONTEXT() REPRESENTATION_CONTEXT('2D SPACE',''
  ) );
#13534 = PCURVE('',#13060,#13535);
#13535 = DEFINITIONAL_REPRESENTATION('',(#13536),#13540);
#13536 = LINE('',#13537,#13538);
#13537 = CARTESIAN_POINT('',(0.,0.));
#13538 = VECTOR('',#13539,1.);
#13539 = DIRECTION('',(0.,-1.));
#13540 = ( GEOMETRIC_REPRESENTATION_CONTEXT(2) 
PARAMETRIC_REPRESENTATION_CONTEXT() REPRESENTATION_CONTEXT('2D SPACE',''
  ) );
#13541 = ADVANCED_FACE('',(#13542),#13060,.T.);
#13542 = FACE_BOUND('',#13543,.T.);
#13543 = EDGE_LOOP('',(#13544,#13545,#13546,#13565));
#13544 = ORIENTED_EDGE('',*,*,#13045,.T.);
#13545 = ORIENTED_EDGE('',*,*,#13521,.T.);
#13546 = ORIENTED_EDGE('',*,*,#13547,.F.);
#13547 = EDGE_CURVE('',#13384,#13501,#13548,.T.);
#13548 = SURFACE_CURVE('',#13549,(#13553,#13559),.PCURVE_S1.);
#13549 = LINE('',#13550,#13551);
#13550 = CARTESIAN_POINT('',(15.,27.75,161.));
#13551 = VECTOR('',#13552,1.);
#13552 = DIRECTION('',(0.,-1.,0.));
#13553 = PCURVE('',#13060,#13554);
#13554 = DEFINITIONAL_REPRESENTATION('',(#13555),#13558);
#13555 = B_SPLINE_CURVE_WITH_KNOTS('',1,(#13556,#13557),.UNSPECIFIED.,
  .F.,.F.,(2,2),(-4.75,-1.75),.PIECEWISE_BEZIER_KNOTS.);
#13556 = CARTESIAN_POINT('',(3.,-12.));
#13557 = CARTESIAN_POINT('',(0.,-12.));
#13558 = ( GEOMETRIC_REPRESENTATION_CONTEXT(2) 
PARAMETRIC_REPRESENTATION_CONTEXT() REPRESENTATION_CONTEXT('2D SPACE',''
  ) );
#13559 = PCURVE('',#13185,#13560);
#13560 = DEFINITIONAL_REPRESENTATION('',(#13561),#13564);
#13561 = B_SPLINE_CURVE_WITH_KNOTS('',1,(#13562,#13563),.UNSPECIFIED.,
  .F.,.F.,(2,2),(-4.75,-1.75),.PIECEWISE_BEZIER_KNOTS.);
#13562 = CARTESIAN_POINT('',(0.5,-6.5));
#13563 = CARTESIAN_POINT('',(0.5,-3.5));
#13564 = ( GEOMETRIC_REPRESENTATION_CONTEXT(2) 
PARAMETRIC_REPRESENTATION_CONTEXT() REPRESENTATION_CONTEXT('2D SPACE',''
  ) );
#13565 = ORIENTED_EDGE('',*,*,#13383,.F.);
#13566 = ADVANCED_FACE('',(#13567,#13573),#13185,.T.);
#13567 = FACE_BOUND('',#13568,.T.);
#13568 = EDGE_LOOP('',(#13569,#13570,#13571,#13572));
#13569 = ORIENTED_EDGE('',*,*,#13171,.F.);
#13570 = ORIENTED_EDGE('',*,*,#13282,.T.);
#13571 = ORIENTED_EDGE('',*,*,#13332,.T.);
#13572 = ORIENTED_EDGE('',*,*,#13233,.F.);
#13573 = FACE_BOUND('',#13574,.T.);
#13574 = EDGE_LOOP('',(#13575,#13576,#13577,#13578));
#13575 = ORIENTED_EDGE('',*,*,#13406,.T.);
#13576 = ORIENTED_EDGE('',*,*,#13547,.T.);
#13577 = ORIENTED_EDGE('',*,*,#13500,.T.);
#13578 = ORIENTED_EDGE('',*,*,#13453,.T.);
#13579 = ADVANCED_FACE('',(#13580),#13216,.F.);
#13580 = FACE_BOUND('',#13581,.T.);
#13581 = EDGE_LOOP('',(#13582,#13583,#13604,#13605));
#13582 = ORIENTED_EDGE('',*,*,#13355,.T.);
#13583 = ORIENTED_EDGE('',*,*,#13584,.T.);
#13584 = EDGE_CURVE('',#13356,#13200,#13585,.T.);
#13585 = SEAM_CURVE('',#13586,(#13590,#13597),.PCURVE_S1.);
#13586 = LINE('',#13587,#13588);
#13587 = CARTESIAN_POINT('',(11.2,39.,170.));
#13588 = VECTOR('',#13589,1.);
#13589 = DIRECTION('',(0.,-1.,0.));
#13590 = PCURVE('',#13216,#13591);
#13591 = DEFINITIONAL_REPRESENTATION('',(#13592),#13596);
#13592 = LINE('',#13593,#13594);
#13593 = CARTESIAN_POINT('',(-6.28318530718,0.));
#13594 = VECTOR('',#13595,1.);
#13595 = DIRECTION('',(-0.,-1.));
#13596 = ( GEOMETRIC_REPRESENTATION_CONTEXT(2) 
PARAMETRIC_REPRESENTATION_CONTEXT() REPRESENTATION_CONTEXT('2D SPACE',''
  ) );
#13597 = PCURVE('',#13216,#13598);
#13598 = DEFINITIONAL_REPRESENTATION('',(#13599),#13603);
#13599 = LINE('',#13600,#13601);
#13600 = CARTESIAN_POINT('',(-0.,0.));
#13601 = VECTOR('',#13602,1.);
#13602 = DIRECTION('',(-0.,-1.));
#13603 = ( GEOMETRIC_REPRESENTATION_CONTEXT(2) 
PARAMETRIC_REPRESENTATION_CONTEXT() REPRESENTATION_CONTEXT('2D SPACE',''
  ) );
#13604 = ORIENTED_EDGE('',*,*,#13199,.F.);
#13605 = ORIENTED_EDGE('',*,*,#13584,.F.);
#13606 = ( GEOMETRIC_REPRESENTATION_CONTEXT(3) 
GLOBAL_UNCERTAINTY_ASSIGNED_CONTEXT((#13610)) 
GLOBAL_UNIT_ASSIGNED_CONTEXT((#13607,#13608,#13609)) 
REPRESENTATION_CONTEXT('Context #1',
  '3D Context with UNIT and UNCERTAINTY') );
#13607 = ( LENGTH_UNIT() NAMED_UNIT(*) SI_UNIT(.MILLI.,.METRE.) );
#13608 = ( NAMED_UNIT(*) PLANE_ANGLE_UNIT() SI_UNIT($,.RADIAN.) );
#13609 = ( NAMED_UNIT(*) SI_UNIT($,.STERADIAN.) SOLID_ANGLE_UNIT() );
#13610 = UNCERTAINTY_MEASURE_WITH_UNIT(LENGTH_MEASURE(1.E-07),#13607,
  'distance_accuracy_value','confusion accuracy');
#13611 = CONTEXT_DEPENDENT_SHAPE_REPRESENTATION(#13612,#13614);
#13612 = ( REPRESENTATION_RELATIONSHIP('','',#12891,#10) 
REPRESENTATION_RELATIONSHIP_WITH_TRANSFORMATION(#13613) 
SHAPE_REPRESENTATION_RELATIONSHIP() );
#13613 = ITEM_DEFINED_TRANSFORMATION('','',#11,#67);
#13614 = PRODUCT_DEFINITION_SHAPE('Placement','Placement of an item',
  #13615);
#13615 = NEXT_ASSEMBLY_USAGE_OCCURRENCE('14','arm_standoff_left','',#5,
  #12886,$);
#13616 = PRODUCT_RELATED_PRODUCT_CATEGORY('part',$,(#12888));
#13617 = SHAPE_DEFINITION_REPRESENTATION(#13618,#13624);
#13618 = PRODUCT_DEFINITION_SHAPE('','',#13619);
#13619 = PRODUCT_DEFINITION('design','',#13620,#13623);
#13620 = PRODUCT_DEFINITION_FORMATION('','',#13621);
#13621 = PRODUCT('forearm_right','forearm_right','',(#13622));
#13622 = PRODUCT_CONTEXT('',#2,'mechanical');
#13623 = PRODUCT_DEFINITION_CONTEXT('part definition',#2,'design');
#13624 = ADVANCED_BREP_SHAPE_REPRESENTATION('',(#11,#13625),#14429);
#13625 = MANIFOLD_SOLID_BREP('',#13626);
#13626 = CLOSED_SHELL('',(#13627,#13747,#13823,#13899,#14092,#14260,
    #14287,#14314,#14341,#14368,#14395,#14402));
#13627 = ADVANCED_FACE('',(#13628),#13642,.T.);
#13628 = FACE_BOUND('',#13629,.T.);
#13629 = EDGE_LOOP('',(#13630,#13665,#13693,#13721));
#13630 = ORIENTED_EDGE('',*,*,#13631,.T.);
#13631 = EDGE_CURVE('',#13632,#13634,#13636,.T.);
#13632 = VERTEX_POINT('',#13633);
#13633 = CARTESIAN_POINT('',(4.,-36.,174.));
#13634 = VERTEX_POINT('',#13635);
#13635 = CARTESIAN_POINT('',(4.,-39.,174.));
#13636 = SURFACE_CURVE('',#13637,(#13641,#13653),.PCURVE_S1.);
#13637 = LINE('',#13638,#13639);
#13638 = CARTESIAN_POINT('',(4.,-36.,174.));
#13639 = VECTOR('',#13640,1.);
#13640 = DIRECTION('',(0.,-1.,0.));
#13641 = PCURVE('',#13642,#13647);
#13642 = PLANE('',#13643);
#13643 = AXIS2_PLACEMENT_3D('',#13644,#13645,#13646);
#13644 = CARTESIAN_POINT('',(4.,-36.,174.));
#13645 = DIRECTION('',(-0.224859506699,0.,0.974391195695));
#13646 = DIRECTION('',(0.974391195695,0.,0.224859506699));
#13647 = DEFINITIONAL_REPRESENTATION('',(#13648),#13652);
#13648 = LINE('',#13649,#13650);
#13649 = CARTESIAN_POINT('',(0.,0.));
#13650 = VECTOR('',#13651,1.);
#13651 = DIRECTION('',(0.,-1.));
#13652 = ( GEOMETRIC_REPRESENTATION_CONTEXT(2) 
PARAMETRIC_REPRESENTATION_CONTEXT() REPRESENTATION_CONTEXT('2D SPACE',''
  ) );
#13653 = PCURVE('',#13654,#13659);
#13654 = PLANE('',#13655);
#13655 = AXIS2_PLACEMENT_3D('',#13656,#13657,#13658);
#13656 = CARTESIAN_POINT('',(4.,-36.,165.));
#13657 = DIRECTION('',(-1.,0.,0.));
#13658 = DIRECTION('',(0.,0.,1.));
#13659 = DEFINITIONAL_REPRESENTATION('',(#13660),#13664);
#13660 = LINE('',#13661,#13662);
#13661 = CARTESIAN_POINT('',(9.,0.));
#13662 = VECTOR('',#13663,1.);
#13663 = DIRECTION('',(0.,-1.));
#13664 = ( GEOMETRIC_REPRESENTATION_CONTEXT(2) 
PARAMETRIC_REPRESENTATION_CONTEXT() REPRESENTATION_CONTEXT('2D SPACE',''
  ) );
#13665 = ORIENTED_EDGE('',*,*,#13666,.T.);
#13666 = EDGE_CURVE('',#13634,#13667,#13669,.T.);
#13667 = VERTEX_POINT('',#13668);
#13668 = CARTESIAN_POINT('',(17.,-39.,177.));
#13669 = SURFACE_CURVE('',#13670,(#13674,#13681),.PCURVE_S1.);
#13670 = LINE('',#13671,#13672);
#13671 = CARTESIAN_POINT('',(4.,-39.,174.));
#13672 = VECTOR('',#13673,1.);
#13673 = DIRECTION('',(0.974391195695,0.,0.224859506699));
#13674 = PCURVE('',#13642,#13675);
#13675 = DEFINITIONAL_REPRESENTATION('',(#13676),#13680);
#13676 = LINE('',#13677,#13678);
#13677 = CARTESIAN_POINT('',(0.,-3.));
#13678 = VECTOR('',#13679,1.);
#13679 = DIRECTION('',(1.,0.));
#13680 = ( GEOMETRIC_REPRESENTATION_CONTEXT(2) 
PARAMETRIC_REPRESENTATION_CONTEXT() REPRESENTATION_CONTEXT('2D SPACE',''
  ) );
#13681 = PCURVE('',#13682,#13687);
#13682 = PLANE('',#13683);
#13683 = AXIS2_PLACEMENT_3D('',#13684,#13685,#13686);
#13684 = CARTESIAN_POINT('',(23.825081792917,-39.,165.12741881444));
#13685 = DIRECTION('',(0.,1.,0.));
#13686 = DIRECTION('',(0.,-0.,1.));
#13687 = DEFINITIONAL_REPRESENTATION('',(#13688),#13692);
#13688 = LINE('',#13689,#13690);
#13689 = CARTESIAN_POINT('',(8.87258118556,-19.82508179291));
#13690 = VECTOR('',#13691,1.);
#13691 = DIRECTION('',(0.224859506699,0.974391195695));
#13692 = ( GEOMETRIC_REPRESENTATION_CONTEXT(2) 
PARAMETRIC_REPRESENTATION_CONTEXT() REPRESENTATION_CONTEXT('2D SPACE',''
  ) );
#13693 = ORIENTED_EDGE('',*,*,#13694,.F.);
#13694 = EDGE_CURVE('',#13695,#13667,#13697,.T.);
#13695 = VERTEX_POINT('',#13696);
#13696 = CARTESIAN_POINT('',(17.,-36.,177.));
#13697 = SURFACE_CURVE('',#13698,(#13702,#13709),.PCURVE_S1.);
#13698 = LINE('',#13699,#13700);
#13699 = CARTESIAN_POINT('',(17.,-36.,177.));
#13700 = VECTOR('',#13701,1.);
#13701 = DIRECTION('',(0.,-1.,0.));
#13702 = PCURVE('',#13642,#13703);
#13703 = DEFINITIONAL_REPRESENTATION('',(#13704),#13708);
#13704 = LINE('',#13705,#13706);
#13705 = CARTESIAN_POINT('',(13.341664064126,0.));
#13706 = VECTOR('',#13707,1.);
#13707 = DIRECTION('',(0.,-1.));
#13708 = ( GEOMETRIC_REPRESENTATION_CONTEXT(2) 
PARAMETRIC_REPRESENTATION_CONTEXT() REPRESENTATION_CONTEXT('2D SPACE',''
  ) );
#13709 = PCURVE('',#13710,#13715);
#13710 = PLANE('',#13711);
#13711 = AXIS2_PLACEMENT_3D('',#13712,#13713,#13714);
#13712 = CARTESIAN_POINT('',(17.,-36.,177.));
#13713 = DIRECTION('',(0.68231825036,0.,0.731055268243));
#13714 = DIRECTION('',(0.731055268243,0.,-0.68231825036));
#13715 = DEFINITIONAL_REPRESENTATION('',(#13716),#13720);
#13716 = LINE('',#13717,#13718);
#13717 = CARTESIAN_POINT('',(0.,0.));
#13718 = VECTOR('',#13719,1.);
#13719 = DIRECTION('',(0.,-1.));
#13720 = ( GEOMETRIC_REPRESENTATION_CONTEXT(2) 
PARAMETRIC_REPRESENTATION_CONTEXT() REPRESENTATION_CONTEXT('2D SPACE',''
  ) );
#13721 = ORIENTED_EDGE('',*,*,#13722,.F.);
#13722 = EDGE_CURVE('',#13632,#13695,#13723,.T.);
#13723 = SURFACE_CURVE('',#13724,(#13728,#13735),.PCURVE_S1.);
#13724 = LINE('',#13725,#13726);
#13725 = CARTESIAN_POINT('',(4.,-36.,174.));
#13726 = VECTOR('',#13727,1.);
#13727 = DIRECTION('',(0.974391195695,0.,0.224859506699));
#13728 = PCURVE('',#13642,#13729);
#13729 = DEFINITIONAL_REPRESENTATION('',(#13730),#13734);
#13730 = LINE('',#13731,#13732);
#13731 = CARTESIAN_POINT('',(0.,0.));
#13732 = VECTOR('',#13733,1.);
#13733 = DIRECTION('',(1.,0.));
#13734 = ( GEOMETRIC_REPRESENTATION_CONTEXT(2) 
PARAMETRIC_REPRESENTATION_CONTEXT() REPRESENTATION_CONTEXT('2D SPACE',''
  ) );
#13735 = PCURVE('',#13736,#13741);
#13736 = PLANE('',#13737);
#13737 = AXIS2_PLACEMENT_3D('',#13738,#13739,#13740);
#13738 = CARTESIAN_POINT('',(23.825081792917,-36.,165.12741881444));
#13739 = DIRECTION('',(0.,1.,0.));
#13740 = DIRECTION('',(0.,-0.,1.));
#13741 = DEFINITIONAL_REPRESENTATION('',(#13742),#13746);
#13742 = LINE('',#13743,#13744);
#13743 = CARTESIAN_POINT('',(8.87258118556,-19.82508179291));
#13744 = VECTOR('',#13745,1.);
#13745 = DIRECTION('',(0.224859506699,0.974391195695));
#13746 = ( GEOMETRIC_REPRESENTATION_CONTEXT(2) 
PARAMETRIC_REPRESENTATION_CONTEXT() REPRESENTATION_CONTEXT('2D SPACE',''
  ) );
#13747 = ADVANCED_FACE('',(#13748),#13654,.T.);
#13748 = FACE_BOUND('',#13749,.T.);
#13749 = EDGE_LOOP('',(#13750,#13780,#13801,#13802));
#13750 = ORIENTED_EDGE('',*,*,#13751,.T.);
#13751 = EDGE_CURVE('',#13752,#13754,#13756,.T.);
#13752 = VERTEX_POINT('',#13753);
#13753 = CARTESIAN_POINT('',(4.,-36.,165.));
#13754 = VERTEX_POINT('',#13755);
#13755 = CARTESIAN_POINT('',(4.,-39.,165.));
#13756 = SURFACE_CURVE('',#13757,(#13761,#13768),.PCURVE_S1.);
#13757 = LINE('',#13758,#13759);
#13758 = CARTESIAN_POINT('',(4.,-36.,165.));
#13759 = VECTOR('',#13760,1.);
#13760 = DIRECTION('',(0.,-1.,0.));
#13761 = PCURVE('',#13654,#13762);
#13762 = DEFINITIONAL_REPRESENTATION('',(#13763),#13767);
#13763 = LINE('',#13764,#13765);
#13764 = CARTESIAN_POINT('',(0.,0.));
#13765 = VECTOR('',#13766,1.);
#13766 = DIRECTION('',(0.,-1.));
#13767 = ( GEOMETRIC_REPRESENTATION_CONTEXT(2) 
PARAMETRIC_REPRESENTATION_CONTEXT() REPRESENTATION_CONTEXT('2D SPACE',''
  ) );
#13768 = PCURVE('',#13769,#13774);
#13769 = PLANE('',#13770);
#13770 = AXIS2_PLACEMENT_3D('',#13771,#13772,#13773);
#13771 = CARTESIAN_POINT('',(14.,-36.,166.));
#13772 = DIRECTION('',(9.9503719021E-02,0.,-0.99503719021));
#13773 = DIRECTION('',(-0.99503719021,0.,-9.9503719021E-02));
#13774 = DEFINITIONAL_REPRESENTATION('',(#13775),#13779);
#13775 = LINE('',#13776,#13777);
#13776 = CARTESIAN_POINT('',(10.049875621121,0.));
#13777 = VECTOR('',#13778,1.);
#13778 = DIRECTION('',(-0.,-1.));
#13779 = ( GEOMETRIC_REPRESENTATION_CONTEXT(2) 
PARAMETRIC_REPRESENTATION_CONTEXT() REPRESENTATION_CONTEXT('2D SPACE',''
  ) );
#13780 = ORIENTED_EDGE('',*,*,#13781,.T.);
#13781 = EDGE_CURVE('',#13754,#13634,#13782,.T.);
#13782 = SURFACE_CURVE('',#13783,(#13787,#13794),.PCURVE_S1.);
#13783 = LINE('',#13784,#13785);
#13784 = CARTESIAN_POINT('',(4.,-39.,165.));
#13785 = VECTOR('',#13786,1.);
#13786 = DIRECTION('',(0.,0.,1.));
#13787 = PCURVE('',#13654,#13788);
#13788 = DEFINITIONAL_REPRESENTATION('',(#13789),#13793);
#13789 = LINE('',#13790,#13791);
#13790 = CARTESIAN_POINT('',(0.,-3.));
#13791 = VECTOR('',#13792,1.);
#13792 = DIRECTION('',(1.,0.));
#13793 = ( GEOMETRIC_REPRESENTATION_CONTEXT(2) 
PARAMETRIC_REPRESENTATION_CONTEXT() REPRESENTATION_CONTEXT('2D SPACE',''
  ) );
#13794 = PCURVE('',#13682,#13795);
#13795 = DEFINITIONAL_REPRESENTATION('',(#13796),#13800);
#13796 = LINE('',#13797,#13798);
#13797 = CARTESIAN_POINT('',(-0.12741881444,-19.82508179291));
#13798 = VECTOR('',#13799,1.);
#13799 = DIRECTION('',(1.,0.));
#13800 = ( GEOMETRIC_REPRESENTATION_CONTEXT(2) 
PARAMETRIC_REPRESENTATION_CONTEXT() REPRESENTATION_CONTEXT('2D SPACE',''
  ) );
#13801 = ORIENTED_EDGE('',*,*,#13631,.F.);
#13802 = ORIENTED_EDGE('',*,*,#13803,.F.);
#13803 = EDGE_CURVE('',#13752,#13632,#13804,.T.);
#13804 = SURFACE_CURVE('',#13805,(#13809,#13816),.PCURVE_S1.);
#13805 = LINE('',#13806,#13807);
#13806 = CARTESIAN_POINT('',(4.,-36.,165.));
#13807 = VECTOR('',#13808,1.);
#13808 = DIRECTION('',(0.,0.,1.));
#13809 = PCURVE('',#13654,#13810);
#13810 = DEFINITIONAL_REPRESENTATION('',(#13811),#13815);
#13811 = LINE('',#13812,#13813);
#13812 = CARTESIAN_POINT('',(0.,0.));
#13813 = VECTOR('',#13814,1.);
#13814 = DIRECTION('',(1.,0.));
#13815 = ( GEOMETRIC_REPRESENTATION_CONTEXT(2) 
PARAMETRIC_REPRESENTATION_CONTEXT() REPRESENTATION_CONTEXT('2D SPACE',''
  ) );
#13816 = PCURVE('',#13736,#13817);
#13817 = DEFINITIONAL_REPRESENTATION('',(#13818),#13822);
#13818 = LINE('',#13819,#13820);
#13819 = CARTESIAN_POINT('',(-0.12741881444,-19.82508179291));
#13820 = VECTOR('',#13821,1.);
#13821 = DIRECTION('',(1.,0.));
#13822 = ( GEOMETRIC_REPRESENTATION_CONTEXT(2) 
PARAMETRIC_REPRESENTATION_CONTEXT() REPRESENTATION_CONTEXT('2D SPACE',''
  ) );
#13823 = ADVANCED_FACE('',(#13824),#13710,.T.);
#13824 = FACE_BOUND('',#13825,.T.);
#13825 = EDGE_LOOP('',(#13826,#13827,#13850,#13878));
#13826 = ORIENTED_EDGE('',*,*,#13694,.T.);
#13827 = ORIENTED_EDGE('',*,*,#13828,.T.);
#13828 = EDGE_CURVE('',#13667,#13829,#13831,.T.);
#13829 = VERTEX_POINT('',#13830);
#13830 = CARTESIAN_POINT('',(32.,-39.,163.));
#13831 = SURFACE_CURVE('',#13832,(#13836,#13843),.PCURVE_S1.);
#13832 = LINE('',#13833,#13834);
#13833 = CARTESIAN_POINT('',(17.,-39.,177.));
#13834 = VECTOR('',#13835,1.);
#13835 = DIRECTION('',(0.731055268243,0.,-0.68231825036));
#13836 = PCURVE('',#13710,#13837);
#13837 = DEFINITIONAL_REPRESENTATION('',(#13838),#13842);
#13838 = LINE('',#13839,#13840);
#13839 = CARTESIAN_POINT('',(0.,-3.));
#13840 = VECTOR('',#13841,1.);
#13841 = DIRECTION('',(1.,0.));
#13842 = ( GEOMETRIC_REPRESENTATION_CONTEXT(2) 
PARAMETRIC_REPRESENTATION_CONTEXT() REPRESENTATION_CONTEXT('2D SPACE',''
  ) );
#13843 = PCURVE('',#13682,#13844);
#13844 = DEFINITIONAL_REPRESENTATION('',(#13845),#13849);
#13845 = LINE('',#13846,#13847);
#13846 = CARTESIAN_POINT('',(11.87258118556,-6.825081792917));
#13847 = VECTOR('',#13848,1.);
#13848 = DIRECTION('',(-0.68231825036,0.731055268243));
#13849 = ( GEOMETRIC_REPRESENTATION_CONTEXT(2) 
PARAMETRIC_REPRESENTATION_CONTEXT() REPRESENTATION_CONTEXT('2D SPACE',''
  ) );
#13850 = ORIENTED_EDGE('',*,*,#13851,.F.);
#13851 = EDGE_CURVE('',#13852,#13829,#13854,.T.);
#13852 = VERTEX_POINT('',#13853);
#13853 = CARTESIAN_POINT('',(32.,-36.,163.));
#13854 = SURFACE_CURVE('',#13855,(#13859,#13866),.PCURVE_S1.);
#13855 = LINE('',#13856,#13857);
#13856 = CARTESIAN_POINT('',(32.,-36.,163.));
#13857 = VECTOR('',#13858,1.);
#13858 = DIRECTION('',(0.,-1.,0.));
#13859 = PCURVE('',#13710,#13860);
#13860 = DEFINITIONAL_REPRESENTATION('',(#13861),#13865);
#13861 = LINE('',#13862,#13863);
#13862 = CARTESIAN_POINT('',(20.518284528683,0.));
#13863 = VECTOR('',#13864,1.);
#13864 = DIRECTION('',(0.,-1.));
#13865 = ( GEOMETRIC_REPRESENTATION_CONTEXT(2) 
PARAMETRIC_REPRESENTATION_CONTEXT() REPRESENTATION_CONTEXT('2D SPACE',''
  ) );
#13866 = PCURVE('',#13867,#13872);
#13867 = PLANE('',#13868);
#13868 = AXIS2_PLACEMENT_3D('',#13869,#13870,#13871);
#13869 = CARTESIAN_POINT('',(32.,-36.,163.));
#13870 = DIRECTION('',(-0.351123441588,0.,0.936329177569));
#13871 = DIRECTION('',(0.936329177569,0.,0.351123441588));
#13872 = DEFINITIONAL_REPRESENTATION('',(#13873),#13877);
#13873 = LINE('',#13874,#13875);
#13874 = CARTESIAN_POINT('',(0.,0.));
#13875 = VECTOR('',#13876,1.);
#13876 = DIRECTION('',(0.,-1.));
#13877 = ( GEOMETRIC_REPRESENTATION_CONTEXT(2) 
PARAMETRIC_REPRESENTATION_CONTEXT() REPRESENTATION_CONTEXT('2D SPACE',''
  ) );
#13878 = ORIENTED_EDGE('',*,*,#13879,.F.);
#13879 = EDGE_CURVE('',#13695,#13852,#13880,.T.);
#13880 = SURFACE_CURVE('',#13881,(#13885,#13892),.PCURVE_S1.);
#13881 = LINE('',#13882,#13883);
#13882 = CARTESIAN_POINT('',(17.,-36.,177.));
#13883 = VECTOR('',#13884,1.);
#13884 = DIRECTION('',(0.731055268243,0.,-0.68231825036));
#13885 = PCURVE('',#13710,#13886);
#13886 = DEFINITIONAL_REPRESENTATION('',(#13887),#13891);
#13887 = LINE('',#13888,#13889);
#13888 = CARTESIAN_POINT('',(0.,0.));
#13889 = VECTOR('',#13890,1.);
#13890 = DIRECTION('',(1.,0.));
#13891 = ( GEOMETRIC_REPRESENTATION_CONTEXT(2) 
PARAMETRIC_REPRESENTATION_CONTEXT() REPRESENTATION_CONTEXT('2D SPACE',''
  ) );
#13892 = PCURVE('',#13736,#13893);
#13893 = DEFINITIONAL_REPRESENTATION('',(#13894),#13898);
#13894 = LINE('',#13895,#13896);
#13895 = CARTESIAN_POINT('',(11.87258118556,-6.825081792917));
#13896 = VECTOR('',#13897,1.);
#13897 = DIRECTION('',(-0.68231825036,0.731055268243));
#13898 = ( GEOMETRIC_REPRESENTATION_CONTEXT(2) 
PARAMETRIC_REPRESENTATION_CONTEXT() REPRESENTATION_CONTEXT('2D SPACE',''
  ) );
#13899 = ADVANCED_FACE('',(#13900,#14061),#13736,.T.);
#13900 = FACE_BOUND('',#13901,.T.);
#13901 = EDGE_LOOP('',(#13902,#13903,#13904,#13927,#13955,#13983,#14011,
    #14039,#14060));
#13902 = ORIENTED_EDGE('',*,*,#13722,.T.);
#13903 = ORIENTED_EDGE('',*,*,#13879,.T.);
#13904 = ORIENTED_EDGE('',*,*,#13905,.T.);
#13905 = EDGE_CURVE('',#13852,#13906,#13908,.T.);
#13906 = VERTEX_POINT('',#13907);
#13907 = CARTESIAN_POINT('',(40.,-36.,166.));
#13908 = SURFACE_CURVE('',#13909,(#13913,#13920),.PCURVE_S1.);
#13909 = LINE('',#13910,#13911);
#13910 = CARTESIAN_POINT('',(32.,-36.,163.));
#13911 = VECTOR('',#13912,1.);
#13912 = DIRECTION('',(0.936329177569,0.,0.351123441588));
#13913 = PCURVE('',#13736,#13914);
#13914 = DEFINITIONAL_REPRESENTATION('',(#13915),#13919);
#13915 = LINE('',#13916,#13917);
#13916 = CARTESIAN_POINT('',(-2.12741881444,8.174918207083));
#13917 = VECTOR('',#13918,1.);
#13918 = DIRECTION('',(0.351123441588,0.936329177569));
#13919 = ( GEOMETRIC_REPRESENTATION_CONTEXT(2) 
PARAMETRIC_REPRESENTATION_CONTEXT() REPRESENTATION_CONTEXT('2D SPACE',''
  ) );
#13920 = PCURVE('',#13867,#13921);
#13921 = DEFINITIONAL_REPRESENTATION('',(#13922),#13926);
#13922 = LINE('',#13923,#13924);
#13923 = CARTESIAN_POINT('',(0.,0.));
#13924 = VECTOR('',#13925,1.);
#13925 = DIRECTION('',(1.,0.));
#13926 = ( GEOMETRIC_REPRESENTATION_CONTEXT(2) 
PARAMETRIC_REPRESENTATION_CONTEXT() REPRESENTATION_CONTEXT('2D SPACE',''
  ) );
#13927 = ORIENTED_EDGE('',*,*,#13928,.T.);
#13928 = EDGE_CURVE('',#13906,#13929,#13931,.T.);
#13929 = VERTEX_POINT('',#13930);
#13930 = CARTESIAN_POINT('',(46.,-36.,161.));
#13931 = SURFACE_CURVE('',#13932,(#13936,#13943),.PCURVE_S1.);
#13932 = LINE('',#13933,#13934);
#13933 = CARTESIAN_POINT('',(40.,-36.,166.));
#13934 = VECTOR('',#13935,1.);
#13935 = DIRECTION('',(0.768221279597,0.,-0.640184399664));
#13936 = PCURVE('',#13736,#13937);
#13937 = DEFINITIONAL_REPRESENTATION('',(#13938),#13942);
#13938 = LINE('',#13939,#13940);
#13939 = CARTESIAN_POINT('',(0.87258118556,16.174918207083));
#13940 = VECTOR('',#13941,1.);
#13941 = DIRECTION('',(-0.640184399664,0.768221279597));
#13942 = ( GEOMETRIC_REPRESENTATION_CONTEXT(2) 
PARAMETRIC_REPRESENTATION_CONTEXT() REPRESENTATION_CONTEXT('2D SPACE',''
  ) );
#13943 = PCURVE('',#13944,#13949);
#13944 = PLANE('',#13945);
#13945 = AXIS2_PLACEMENT_3D('',#13946,#13947,#13948);
#13946 = CARTESIAN_POINT('',(40.,-36.,166.));
#13947 = DIRECTION('',(0.640184399664,0.,0.768221279597));
#13948 = DIRECTION('',(0.768221279597,0.,-0.640184399664));
#13949 = DEFINITIONAL_REPRESENTATION('',(#13950),#13954);
#13950 = LINE('',#13951,#13952);
#13951 = CARTESIAN_POINT('',(0.,0.));
#13952 = VECTOR('',#13953,1.);
#13953 = DIRECTION('',(1.,0.));
#13954 = ( GEOMETRIC_REPRESENTATION_CONTEXT(2) 
PARAMETRIC_REPRESENTATION_CONTEXT() REPRESENTATION_CONTEXT('2D SPACE',''
  ) );
#13955 = ORIENTED_EDGE('',*,*,#13956,.T.);
#13956 = EDGE_CURVE('',#13929,#13957,#13959,.T.);
#13957 = VERTEX_POINT('',#13958);
#13958 = CARTESIAN_POINT('',(38.,-36.,154.));
#13959 = SURFACE_CURVE('',#13960,(#13964,#13971),.PCURVE_S1.);
#13960 = LINE('',#13961,#13962);
#13961 = CARTESIAN_POINT('',(46.,-36.,161.));
#13962 = VECTOR('',#13963,1.);
#13963 = DIRECTION('',(-0.752576694707,0.,-0.658504607869));
#13964 = PCURVE('',#13736,#13965);
#13965 = DEFINITIONAL_REPRESENTATION('',(#13966),#13970);
#13966 = LINE('',#13967,#13968);
#13967 = CARTESIAN_POINT('',(-4.12741881444,22.174918207083));
#13968 = VECTOR('',#13969,1.);
#13969 = DIRECTION('',(-0.658504607869,-0.752576694707));
#13970 = ( GEOMETRIC_REPRESENTATION_CONTEXT(2) 
PARAMETRIC_REPRESENTATION_CONTEXT() REPRESENTATION_CONTEXT('2D SPACE',''
  ) );
#13971 = PCURVE('',#13972,#13977);
#13972 = PLANE('',#13973);
#13973 = AXIS2_PLACEMENT_3D('',#13974,#13975,#13976);
#13974 = CARTESIAN_POINT('',(46.,-36.,161.));
#13975 = DIRECTION('',(0.658504607869,0.,-0.752576694707));
#13976 = DIRECTION('',(-0.752576694707,0.,-0.658504607869));
#13977 = DEFINITIONAL_REPRESENTATION('',(#13978),#13982);
#13978 = LINE('',#13979,#13980);
#13979 = CARTESIAN_POINT('',(0.,0.));
#13980 = VECTOR('',#13981,1.);
#13981 = DIRECTION('',(1.,0.));
#13982 = ( GEOMETRIC_REPRESENTATION_CONTEXT(2) 
PARAMETRIC_REPRESENTATION_CONTEXT() REPRESENTATION_CONTEXT('2D SPACE',''
  ) );
#13983 = ORIENTED_EDGE('',*,*,#13984,.T.);
#13984 = EDGE_CURVE('',#13957,#13985,#13987,.T.);
#13985 = VERTEX_POINT('',#13986);
#13986 = CARTESIAN_POINT('',(29.,-36.,155.));
#13987 = SURFACE_CURVE('',#13988,(#13992,#13999),.PCURVE_S1.);
#13988 = LINE('',#13989,#13990);
#13989 = CARTESIAN_POINT('',(38.,-36.,154.));
#13990 = VECTOR('',#13991,1.);
#13991 = DIRECTION('',(-0.993883734674,0.,0.110431526075));
#13992 = PCURVE('',#13736,#13993);
#13993 = DEFINITIONAL_REPRESENTATION('',(#13994),#13998);
#13994 = LINE('',#13995,#13996);
#13995 = CARTESIAN_POINT('',(-11.12741881444,14.174918207083));
#13996 = VECTOR('',#13997,1.);
#13997 = DIRECTION('',(0.110431526075,-0.993883734674));
#13998 = ( GEOMETRIC_REPRESENTATION_CONTEXT(2) 
PARAMETRIC_REPRESENTATION_CONTEXT() REPRESENTATION_CONTEXT('2D SPACE',''
  ) );
#13999 = PCURVE('',#14000,#14005);
#14000 = PLANE('',#14001);
#14001 = AXIS2_PLACEMENT_3D('',#14002,#14003,#14004);
#14002 = CARTESIAN_POINT('',(38.,-36.,154.));
#14003 = DIRECTION('',(-0.110431526075,-0.,-0.993883734674));
#14004 = DIRECTION('',(-0.993883734674,0.,0.110431526075));
#14005 = DEFINITIONAL_REPRESENTATION('',(#14006),#14010);
#14006 = LINE('',#14007,#14008);
#14007 = CARTESIAN_POINT('',(0.,0.));
#14008 = VECTOR('',#14009,1.);
#14009 = DIRECTION('',(1.,0.));
#14010 = ( GEOMETRIC_REPRESENTATION_CONTEXT(2) 
PARAMETRIC_REPRESENTATION_CONTEXT() REPRESENTATION_CONTEXT('2D SPACE',''
  ) );
#14011 = ORIENTED_EDGE('',*,*,#14012,.T.);
#14012 = EDGE_CURVE('',#13985,#14013,#14015,.T.);
#14013 = VERTEX_POINT('',#14014);
#14014 = CARTESIAN_POINT('',(14.,-36.,166.));
#14015 = SURFACE_CURVE('',#14016,(#14020,#14027),.PCURVE_S1.);
#14016 = LINE('',#14017,#14018);
#14017 = CARTESIAN_POINT('',(29.,-36.,155.));
#14018 = VECTOR('',#14019,1.);
#14019 = DIRECTION('',(-0.806404995856,0.,0.591363663628));
#14020 = PCURVE('',#13736,#14021);
#14021 = DEFINITIONAL_REPRESENTATION('',(#14022),#14026);
#14022 = LINE('',#14023,#14024);
#14023 = CARTESIAN_POINT('',(-10.12741881444,5.174918207083));
#14024 = VECTOR('',#14025,1.);
#14025 = DIRECTION('',(0.591363663628,-0.806404995856));
#14026 = ( GEOMETRIC_REPRESENTATION_CONTEXT(2) 
PARAMETRIC_REPRESENTATION_CONTEXT() REPRESENTATION_CONTEXT('2D SPACE',''
  ) );
#14027 = PCURVE('',#14028,#14033);
#14028 = PLANE('',#14029);
#14029 = AXIS2_PLACEMENT_3D('',#14030,#14031,#14032);
#14030 = CARTESIAN_POINT('',(29.,-36.,155.));
#14031 = DIRECTION('',(-0.591363663628,-0.,-0.806404995856));
#14032 = DIRECTION('',(-0.806404995856,0.,0.591363663628));
#14033 = DEFINITIONAL_REPRESENTATION('',(#14034),#14038);
#14034 = LINE('',#14035,#14036);
#14035 = CARTESIAN_POINT('',(0.,0.));
#14036 = VECTOR('',#14037,1.);
#14037 = DIRECTION('',(1.,0.));
#14038 = ( GEOMETRIC_REPRESENTATION_CONTEXT(2) 
PARAMETRIC_REPRESENTATION_CONTEXT() REPRESENTATION_CONTEXT('2D SPACE',''
  ) );
#14039 = ORIENTED_EDGE('',*,*,#14040,.T.);
#14040 = EDGE_CURVE('',#14013,#13752,#14041,.T.);
#14041 = SURFACE_CURVE('',#14042,(#14046,#14053),.PCURVE_S1.);
#14042 = LINE('',#14043,#14044);
#14043 = CARTESIAN_POINT('',(14.,-36.,166.));
#14044 = VECTOR('',#14045,1.);
#14045 = DIRECTION('',(-0.99503719021,0.,-9.9503719021E-02));
#14046 = PCURVE('',#13736,#14047);
#14047 = DEFINITIONAL_REPRESENTATION('',(#14048),#14052);
#14048 = LINE('',#14049,#14050);
#14049 = CARTESIAN_POINT('',(0.87258118556,-9.825081792917));
#14050 = VECTOR('',#14051,1.);
#14051 = DIRECTION('',(-9.9503719021E-02,-0.99503719021));
#14052 = ( GEOMETRIC_REPRESENTATION_CONTEXT(2) 
PARAMETRIC_REPRESENTATION_CONTEXT() REPRESENTATION_CONTEXT('2D SPACE',''
  ) );
#14053 = PCURVE('',#13769,#14054);
#14054 = DEFINITIONAL_REPRESENTATION('',(#14055),#14059);
#14055 = LINE('',#14056,#14057);
#14056 = CARTESIAN_POINT('',(0.,0.));
#14057 = VECTOR('',#14058,1.);
#14058 = DIRECTION('',(1.,0.));
#14059 = ( GEOMETRIC_REPRESENTATION_CONTEXT(2) 
PARAMETRIC_REPRESENTATION_CONTEXT() REPRESENTATION_CONTEXT('2D SPACE',''
  ) );
#14060 = ORIENTED_EDGE('',*,*,#13803,.T.);
#14061 = FACE_BOUND('',#14062,.T.);
#14062 = EDGE_LOOP('',(#14063));
#14063 = ORIENTED_EDGE('',*,*,#14064,.F.);
#14064 = EDGE_CURVE('',#14065,#14065,#14067,.T.);
#14065 = VERTEX_POINT('',#14066);
#14066 = CARTESIAN_POINT('',(11.2,-36.,170.));
#14067 = SURFACE_CURVE('',#14068,(#14073,#14080),.PCURVE_S1.);
#14068 = CIRCLE('',#14069,1.2);
#14069 = AXIS2_PLACEMENT_3D('',#14070,#14071,#14072);
#14070 = CARTESIAN_POINT('',(10.,-36.,170.));
#14071 = DIRECTION('',(-0.,1.,0.));
#14072 = DIRECTION('',(1.,0.,0.));
#14073 = PCURVE('',#13736,#14074);
#14074 = DEFINITIONAL_REPRESENTATION('',(#14075),#14079);
#14075 = CIRCLE('',#14076,1.2);
#14076 = AXIS2_PLACEMENT_2D('',#14077,#14078);
#14077 = CARTESIAN_POINT('',(4.87258118556,-13.82508179291));
#14078 = DIRECTION('',(0.,1.));
#14079 = ( GEOMETRIC_REPRESENTATION_CONTEXT(2) 
PARAMETRIC_REPRESENTATION_CONTEXT() REPRESENTATION_CONTEXT('2D SPACE',''
  ) );
#14080 = PCURVE('',#14081,#14086);
#14081 = CYLINDRICAL_SURFACE('',#14082,1.2);
#14082 = AXIS2_PLACEMENT_3D('',#14083,#14084,#14085);
#14083 = CARTESIAN_POINT('',(10.,-35.,170.));
#14084 = DIRECTION('',(-0.,1.,-0.));
#14085 = DIRECTION('',(1.,0.,0.));
#14086 = DEFINITIONAL_REPRESENTATION('',(#14087),#14091);
#14087 = LINE('',#14088,#14089);
#14088 = CARTESIAN_POINT('',(-6.28318530718,-1.));
#14089 = VECTOR('',#14090,1.);
#14090 = DIRECTION('',(1.,-0.));
#14091 = ( GEOMETRIC_REPRESENTATION_CONTEXT(2) 
PARAMETRIC_REPRESENTATION_CONTEXT() REPRESENTATION_CONTEXT('2D SPACE',''
  ) );
#14092 = ADVANCED_FACE('',(#14093,#14234),#13682,.F.);
#14093 = FACE_BOUND('',#14094,.F.);
#14094 = EDGE_LOOP('',(#14095,#14096,#14097,#14120,#14143,#14166,#14189,
    #14212,#14233));
#14095 = ORIENTED_EDGE('',*,*,#13666,.T.);
#14096 = ORIENTED_EDGE('',*,*,#13828,.T.);
#14097 = ORIENTED_EDGE('',*,*,#14098,.T.);
#14098 = EDGE_CURVE('',#13829,#14099,#14101,.T.);
#14099 = VERTEX_POINT('',#14100);
#14100 = CARTESIAN_POINT('',(40.,-39.,166.));
#14101 = SURFACE_CURVE('',#14102,(#14106,#14113),.PCURVE_S1.);
#14102 = LINE('',#14103,#14104);
#14103 = CARTESIAN_POINT('',(32.,-39.,163.));
#14104 = VECTOR('',#14105,1.);
#14105 = DIRECTION('',(0.936329177569,0.,0.351123441588));
#14106 = PCURVE('',#13682,#14107);
#14107 = DEFINITIONAL_REPRESENTATION('',(#14108),#14112);
#14108 = LINE('',#14109,#14110);
#14109 = CARTESIAN_POINT('',(-2.12741881444,8.174918207083));
#14110 = VECTOR('',#14111,1.);
#14111 = DIRECTION('',(0.351123441588,0.936329177569));
#14112 = ( GEOMETRIC_REPRESENTATION_CONTEXT(2) 
PARAMETRIC_REPRESENTATION_CONTEXT() REPRESENTATION_CONTEXT('2D SPACE',''
  ) );
#14113 = PCURVE('',#13867,#14114);
#14114 = DEFINITIONAL_REPRESENTATION('',(#14115),#14119);
#14115 = LINE('',#14116,#14117);
#14116 = CARTESIAN_POINT('',(0.,-3.));
#14117 = VECTOR('',#14118,1.);
#14118 = DIRECTION('',(1.,0.));
#14119 = ( GEOMETRIC_REPRESENTATION_CONTEXT(2) 
PARAMETRIC_REPRESENTATION_CONTEXT() REPRESENTATION_CONTEXT('2D SPACE',''
  ) );
#14120 = ORIENTED_EDGE('',*,*,#14121,.T.);
#14121 = EDGE_CURVE('',#14099,#14122,#14124,.T.);
#14122 = VERTEX_POINT('',#14123);
#14123 = CARTESIAN_POINT('',(46.,-39.,161.));
#14124 = SURFACE_CURVE('',#14125,(#14129,#14136),.PCURVE_S1.);
#14125 = LINE('',#14126,#14127);
#14126 = CARTESIAN_POINT('',(40.,-39.,166.));
#14127 = VECTOR('',#14128,1.);
#14128 = DIRECTION('',(0.768221279597,0.,-0.640184399664));
#14129 = PCURVE('',#13682,#14130);
#14130 = DEFINITIONAL_REPRESENTATION('',(#14131),#14135);
#14131 = LINE('',#14132,#14133);
#14132 = CARTESIAN_POINT('',(0.87258118556,16.174918207083));
#14133 = VECTOR('',#14134,1.);
#14134 = DIRECTION('',(-0.640184399664,0.768221279597));
#14135 = ( GEOMETRIC_REPRESENTATION_CONTEXT(2) 
PARAMETRIC_REPRESENTATION_CONTEXT() REPRESENTATION_CONTEXT('2D SPACE',''
  ) );
#14136 = PCURVE('',#13944,#14137);
#14137 = DEFINITIONAL_REPRESENTATION('',(#14138),#14142);
#14138 = LINE('',#14139,#14140);
#14139 = CARTESIAN_POINT('',(0.,-3.));
#14140 = VECTOR('',#14141,1.);
#14141 = DIRECTION('',(1.,0.));
#14142 = ( GEOMETRIC_REPRESENTATION_CONTEXT(2) 
PARAMETRIC_REPRESENTATION_CONTEXT() REPRESENTATION_CONTEXT('2D SPACE',''
  ) );
#14143 = ORIENTED_EDGE('',*,*,#14144,.T.);
#14144 = EDGE_CURVE('',#14122,#14145,#14147,.T.);
#14145 = VERTEX_POINT('',#14146);
#14146 = CARTESIAN_POINT('',(38.,-39.,154.));
#14147 = SURFACE_CURVE('',#14148,(#14152,#14159),.PCURVE_S1.);
#14148 = LINE('',#14149,#14150);
#14149 = CARTESIAN_POINT('',(46.,-39.,161.));
#14150 = VECTOR('',#14151,1.);
#14151 = DIRECTION('',(-0.752576694707,0.,-0.658504607869));
#14152 = PCURVE('',#13682,#14153);
#14153 = DEFINITIONAL_REPRESENTATION('',(#14154),#14158);
#14154 = LINE('',#14155,#14156);
#14155 = CARTESIAN_POINT('',(-4.12741881444,22.174918207083));
#14156 = VECTOR('',#14157,1.);
#14157 = DIRECTION('',(-0.658504607869,-0.752576694707));
#14158 = ( GEOMETRIC_REPRESENTATION_CONTEXT(2) 
PARAMETRIC_REPRESENTATION_CONTEXT() REPRESENTATION_CONTEXT('2D SPACE',''
  ) );
#14159 = PCURVE('',#13972,#14160);
#14160 = DEFINITIONAL_REPRESENTATION('',(#14161),#14165);
#14161 = LINE('',#14162,#14163);
#14162 = CARTESIAN_POINT('',(-0.,-3.));
#14163 = VECTOR('',#14164,1.);
#14164 = DIRECTION('',(1.,0.));
#14165 = ( GEOMETRIC_REPRESENTATION_CONTEXT(2) 
PARAMETRIC_REPRESENTATION_CONTEXT() REPRESENTATION_CONTEXT('2D SPACE',''
  ) );
#14166 = ORIENTED_EDGE('',*,*,#14167,.T.);
#14167 = EDGE_CURVE('',#14145,#14168,#14170,.T.);
#14168 = VERTEX_POINT('',#14169);
#14169 = CARTESIAN_POINT('',(29.,-39.,155.));
#14170 = SURFACE_CURVE('',#14171,(#14175,#14182),.PCURVE_S1.);
#14171 = LINE('',#14172,#14173);
#14172 = CARTESIAN_POINT('',(38.,-39.,154.));
#14173 = VECTOR('',#14174,1.);
#14174 = DIRECTION('',(-0.993883734674,0.,0.110431526075));
#14175 = PCURVE('',#13682,#14176);
#14176 = DEFINITIONAL_REPRESENTATION('',(#14177),#14181);
#14177 = LINE('',#14178,#14179);
#14178 = CARTESIAN_POINT('',(-11.12741881444,14.174918207083));
#14179 = VECTOR('',#14180,1.);
#14180 = DIRECTION('',(0.110431526075,-0.993883734674));
#14181 = ( GEOMETRIC_REPRESENTATION_CONTEXT(2) 
PARAMETRIC_REPRESENTATION_CONTEXT() REPRESENTATION_CONTEXT('2D SPACE',''
  ) );
#14182 = PCURVE('',#14000,#14183);
#14183 = DEFINITIONAL_REPRESENTATION('',(#14184),#14188);
#14184 = LINE('',#14185,#14186);
#14185 = CARTESIAN_POINT('',(0.,-3.));
#14186 = VECTOR('',#14187,1.);
#14187 = DIRECTION('',(1.,0.));
#14188 = ( GEOMETRIC_REPRESENTATION_CONTEXT(2) 
PARAMETRIC_REPRESENTATION_CONTEXT() REPRESENTATION_CONTEXT('2D SPACE',''
  ) );
#14189 = ORIENTED_EDGE('',*,*,#14190,.T.);
#14190 = EDGE_CURVE('',#14168,#14191,#14193,.T.);
#14191 = VERTEX_POINT('',#14192);
#14192 = CARTESIAN_POINT('',(14.,-39.,166.));
#14193 = SURFACE_CURVE('',#14194,(#14198,#14205),.PCURVE_S1.);
#14194 = LINE('',#14195,#14196);
#14195 = CARTESIAN_POINT('',(29.,-39.,155.));
#14196 = VECTOR('',#14197,1.);
#14197 = DIRECTION('',(-0.806404995856,0.,0.591363663628));
#14198 = PCURVE('',#13682,#14199);
#14199 = DEFINITIONAL_REPRESENTATION('',(#14200),#14204);
#14200 = LINE('',#14201,#14202);
#14201 = CARTESIAN_POINT('',(-10.12741881444,5.174918207083));
#14202 = VECTOR('',#14203,1.);
#14203 = DIRECTION('',(0.591363663628,-0.806404995856));
#14204 = ( GEOMETRIC_REPRESENTATION_CONTEXT(2) 
PARAMETRIC_REPRESENTATION_CONTEXT() REPRESENTATION_CONTEXT('2D SPACE',''
  ) );
#14205 = PCURVE('',#14028,#14206);
#14206 = DEFINITIONAL_REPRESENTATION('',(#14207),#14211);
#14207 = LINE('',#14208,#14209);
#14208 = CARTESIAN_POINT('',(0.,-3.));
#14209 = VECTOR('',#14210,1.);
#14210 = DIRECTION('',(1.,0.));
#14211 = ( GEOMETRIC_REPRESENTATION_CONTEXT(2) 
PARAMETRIC_REPRESENTATION_CONTEXT() REPRESENTATION_CONTEXT('2D SPACE',''
  ) );
#14212 = ORIENTED_EDGE('',*,*,#14213,.T.);
#14213 = EDGE_CURVE('',#14191,#13754,#14214,.T.);
#14214 = SURFACE_CURVE('',#14215,(#14219,#14226),.PCURVE_S1.);
#14215 = LINE('',#14216,#14217);
#14216 = CARTESIAN_POINT('',(14.,-39.,166.));
#14217 = VECTOR('',#14218,1.);
#14218 = DIRECTION('',(-0.99503719021,0.,-9.9503719021E-02));
#14219 = PCURVE('',#13682,#14220);
#14220 = DEFINITIONAL_REPRESENTATION('',(#14221),#14225);
#14221 = LINE('',#14222,#14223);
#14222 = CARTESIAN_POINT('',(0.87258118556,-9.825081792917));
#14223 = VECTOR('',#14224,1.);
#14224 = DIRECTION('',(-9.9503719021E-02,-0.99503719021));
#14225 = ( GEOMETRIC_REPRESENTATION_CONTEXT(2) 
PARAMETRIC_REPRESENTATION_CONTEXT() REPRESENTATION_CONTEXT('2D SPACE',''
  ) );
#14226 = PCURVE('',#13769,#14227);
#14227 = DEFINITIONAL_REPRESENTATION('',(#14228),#14232);
#14228 = LINE('',#14229,#14230);
#14229 = CARTESIAN_POINT('',(-0.,-3.));
#14230 = VECTOR('',#14231,1.);
#14231 = DIRECTION('',(1.,0.));
#14232 = ( GEOMETRIC_REPRESENTATION_CONTEXT(2) 
PARAMETRIC_REPRESENTATION_CONTEXT() REPRESENTATION_CONTEXT('2D SPACE',''
  ) );
#14233 = ORIENTED_EDGE('',*,*,#13781,.T.);
#14234 = FACE_BOUND('',#14235,.F.);
#14235 = EDGE_LOOP('',(#14236));
#14236 = ORIENTED_EDGE('',*,*,#14237,.F.);
#14237 = EDGE_CURVE('',#14238,#14238,#14240,.T.);
#14238 = VERTEX_POINT('',#14239);
#14239 = CARTESIAN_POINT('',(11.2,-39.,170.));
#14240 = SURFACE_CURVE('',#14241,(#14246,#14253),.PCURVE_S1.);
#14241 = CIRCLE('',#14242,1.2);
#14242 = AXIS2_PLACEMENT_3D('',#14243,#14244,#14245);
#14243 = CARTESIAN_POINT('',(10.,-39.,170.));
#14244 = DIRECTION('',(-0.,1.,0.));
#14245 = DIRECTION('',(1.,0.,0.));
#14246 = PCURVE('',#13682,#14247);
#14247 = DEFINITIONAL_REPRESENTATION('',(#14248),#14252);
#14248 = CIRCLE('',#14249,1.2);
#14249 = AXIS2_PLACEMENT_2D('',#14250,#14251);
#14250 = CARTESIAN_POINT('',(4.87258118556,-13.82508179291));
#14251 = DIRECTION('',(0.,1.));
#14252 = ( GEOMETRIC_REPRESENTATION_CONTEXT(2) 
PARAMETRIC_REPRESENTATION_CONTEXT() REPRESENTATION_CONTEXT('2D SPACE',''
  ) );
#14253 = PCURVE('',#14081,#14254);
#14254 = DEFINITIONAL_REPRESENTATION('',(#14255),#14259);
#14255 = LINE('',#14256,#14257);
#14256 = CARTESIAN_POINT('',(-6.28318530718,-4.));
#14257 = VECTOR('',#14258,1.);
#14258 = DIRECTION('',(1.,-0.));
#14259 = ( GEOMETRIC_REPRESENTATION_CONTEXT(2) 
PARAMETRIC_REPRESENTATION_CONTEXT() REPRESENTATION_CONTEXT('2D SPACE',''
  ) );
#14260 = ADVANCED_FACE('',(#14261),#13769,.T.);
#14261 = FACE_BOUND('',#14262,.T.);
#14262 = EDGE_LOOP('',(#14263,#14284,#14285,#14286));
#14263 = ORIENTED_EDGE('',*,*,#14264,.T.);
#14264 = EDGE_CURVE('',#14013,#14191,#14265,.T.);
#14265 = SURFACE_CURVE('',#14266,(#14270,#14277),.PCURVE_S1.);
#14266 = LINE('',#14267,#14268);
#14267 = CARTESIAN_POINT('',(14.,-36.,166.));
#14268 = VECTOR('',#14269,1.);
#14269 = DIRECTION('',(0.,-1.,0.));
#14270 = PCURVE('',#13769,#14271);
#14271 = DEFINITIONAL_REPRESENTATION('',(#14272),#14276);
#14272 = LINE('',#14273,#14274);
#14273 = CARTESIAN_POINT('',(0.,0.));
#14274 = VECTOR('',#14275,1.);
#14275 = DIRECTION('',(-0.,-1.));
#14276 = ( GEOMETRIC_REPRESENTATION_CONTEXT(2) 
PARAMETRIC_REPRESENTATION_CONTEXT() REPRESENTATION_CONTEXT('2D SPACE',''
  ) );
#14277 = PCURVE('',#14028,#14278);
#14278 = DEFINITIONAL_REPRESENTATION('',(#14279),#14283);
#14279 = LINE('',#14280,#14281);
#14280 = CARTESIAN_POINT('',(18.601075237738,0.));
#14281 = VECTOR('',#14282,1.);
#14282 = DIRECTION('',(0.,-1.));
#14283 = ( GEOMETRIC_REPRESENTATION_CONTEXT(2) 
PARAMETRIC_REPRESENTATION_CONTEXT() REPRESENTATION_CONTEXT('2D SPACE',''
  ) );
#14284 = ORIENTED_EDGE('',*,*,#14213,.T.);
#14285 = ORIENTED_EDGE('',*,*,#13751,.F.);
#14286 = ORIENTED_EDGE('',*,*,#14040,.F.);
#14287 = ADVANCED_FACE('',(#14288),#13867,.T.);
#14288 = FACE_BOUND('',#14289,.T.);
#14289 = EDGE_LOOP('',(#14290,#14291,#14292,#14313));
#14290 = ORIENTED_EDGE('',*,*,#13851,.T.);
#14291 = ORIENTED_EDGE('',*,*,#14098,.T.);
#14292 = ORIENTED_EDGE('',*,*,#14293,.F.);
#14293 = EDGE_CURVE('',#13906,#14099,#14294,.T.);
#14294 = SURFACE_CURVE('',#14295,(#14299,#14306),.PCURVE_S1.);
#14295 = LINE('',#14296,#14297);
#14296 = CARTESIAN_POINT('',(40.,-36.,166.));
#14297 = VECTOR('',#14298,1.);
#14298 = DIRECTION('',(0.,-1.,0.));
#14299 = PCURVE('',#13867,#14300);
#14300 = DEFINITIONAL_REPRESENTATION('',(#14301),#14305);
#14301 = LINE('',#14302,#14303);
#14302 = CARTESIAN_POINT('',(8.544003745318,0.));
#14303 = VECTOR('',#14304,1.);
#14304 = DIRECTION('',(0.,-1.));
#14305 = ( GEOMETRIC_REPRESENTATION_CONTEXT(2) 
PARAMETRIC_REPRESENTATION_CONTEXT() REPRESENTATION_CONTEXT('2D SPACE',''
  ) );
#14306 = PCURVE('',#13944,#14307);
#14307 = DEFINITIONAL_REPRESENTATION('',(#14308),#14312);
#14308 = LINE('',#14309,#14310);
#14309 = CARTESIAN_POINT('',(0.,0.));
#14310 = VECTOR('',#14311,1.);
#14311 = DIRECTION('',(0.,-1.));
#14312 = ( GEOMETRIC_REPRESENTATION_CONTEXT(2) 
PARAMETRIC_REPRESENTATION_CONTEXT() REPRESENTATION_CONTEXT('2D SPACE',''
  ) );
#14313 = ORIENTED_EDGE('',*,*,#13905,.F.);
#14314 = ADVANCED_FACE('',(#14315),#14028,.T.);
#14315 = FACE_BOUND('',#14316,.T.);
#14316 = EDGE_LOOP('',(#14317,#14338,#14339,#14340));
#14317 = ORIENTED_EDGE('',*,*,#14318,.T.);
#14318 = EDGE_CURVE('',#13985,#14168,#14319,.T.);
#14319 = SURFACE_CURVE('',#14320,(#14324,#14331),.PCURVE_S1.);
#14320 = LINE('',#14321,#14322);
#14321 = CARTESIAN_POINT('',(29.,-36.,155.));
#14322 = VECTOR('',#14323,1.);
#14323 = DIRECTION('',(0.,-1.,0.));
#14324 = PCURVE('',#14028,#14325);
#14325 = DEFINITIONAL_REPRESENTATION('',(#14326),#14330);
#14326 = LINE('',#14327,#14328);
#14327 = CARTESIAN_POINT('',(0.,0.));
#14328 = VECTOR('',#14329,1.);
#14329 = DIRECTION('',(0.,-1.));
#14330 = ( GEOMETRIC_REPRESENTATION_CONTEXT(2) 
PARAMETRIC_REPRESENTATION_CONTEXT() REPRESENTATION_CONTEXT('2D SPACE',''
  ) );
#14331 = PCURVE('',#14000,#14332);
#14332 = DEFINITIONAL_REPRESENTATION('',(#14333),#14337);
#14333 = LINE('',#14334,#14335);
#14334 = CARTESIAN_POINT('',(9.055385138137,0.));
#14335 = VECTOR('',#14336,1.);
#14336 = DIRECTION('',(0.,-1.));
#14337 = ( GEOMETRIC_REPRESENTATION_CONTEXT(2) 
PARAMETRIC_REPRESENTATION_CONTEXT() REPRESENTATION_CONTEXT('2D SPACE',''
  ) );
#14338 = ORIENTED_EDGE('',*,*,#14190,.T.);
#14339 = ORIENTED_EDGE('',*,*,#14264,.F.);
#14340 = ORIENTED_EDGE('',*,*,#14012,.F.);
#14341 = ADVANCED_FACE('',(#14342),#13944,.T.);
#14342 = FACE_BOUND('',#14343,.T.);
#14343 = EDGE_LOOP('',(#14344,#14345,#14346,#14367));
#14344 = ORIENTED_EDGE('',*,*,#14293,.T.);
#14345 = ORIENTED_EDGE('',*,*,#14121,.T.);
#14346 = ORIENTED_EDGE('',*,*,#14347,.F.);
#14347 = EDGE_CURVE('',#13929,#14122,#14348,.T.);
#14348 = SURFACE_CURVE('',#14349,(#14353,#14360),.PCURVE_S1.);
#14349 = LINE('',#14350,#14351);
#14350 = CARTESIAN_POINT('',(46.,-36.,161.));
#14351 = VECTOR('',#14352,1.);
#14352 = DIRECTION('',(0.,-1.,0.));
#14353 = PCURVE('',#13944,#14354);
#14354 = DEFINITIONAL_REPRESENTATION('',(#14355),#14359);
#14355 = LINE('',#14356,#14357);
#14356 = CARTESIAN_POINT('',(7.810249675907,0.));
#14357 = VECTOR('',#14358,1.);
#14358 = DIRECTION('',(0.,-1.));
#14359 = ( GEOMETRIC_REPRESENTATION_CONTEXT(2) 
PARAMETRIC_REPRESENTATION_CONTEXT() REPRESENTATION_CONTEXT('2D SPACE',''
  ) );
#14360 = PCURVE('',#13972,#14361);
#14361 = DEFINITIONAL_REPRESENTATION('',(#14362),#14366);
#14362 = LINE('',#14363,#14364);
#14363 = CARTESIAN_POINT('',(0.,0.));
#14364 = VECTOR('',#14365,1.);
#14365 = DIRECTION('',(-0.,-1.));
#14366 = ( GEOMETRIC_REPRESENTATION_CONTEXT(2) 
PARAMETRIC_REPRESENTATION_CONTEXT() REPRESENTATION_CONTEXT('2D SPACE',''
  ) );
#14367 = ORIENTED_EDGE('',*,*,#13928,.F.);
#14368 = ADVANCED_FACE('',(#14369),#14000,.T.);
#14369 = FACE_BOUND('',#14370,.T.);
#14370 = EDGE_LOOP('',(#14371,#14392,#14393,#14394));
#14371 = ORIENTED_EDGE('',*,*,#14372,.T.);
#14372 = EDGE_CURVE('',#13957,#14145,#14373,.T.);
#14373 = SURFACE_CURVE('',#14374,(#14378,#14385),.PCURVE_S1.);
#14374 = LINE('',#14375,#14376);
#14375 = CARTESIAN_POINT('',(38.,-36.,154.));
#14376 = VECTOR('',#14377,1.);
#14377 = DIRECTION('',(0.,-1.,0.));
#14378 = PCURVE('',#14000,#14379);
#14379 = DEFINITIONAL_REPRESENTATION('',(#14380),#14384);
#14380 = LINE('',#14381,#14382);
#14381 = CARTESIAN_POINT('',(0.,0.));
#14382 = VECTOR('',#14383,1.);
#14383 = DIRECTION('',(0.,-1.));
#14384 = ( GEOMETRIC_REPRESENTATION_CONTEXT(2) 
PARAMETRIC_REPRESENTATION_CONTEXT() REPRESENTATION_CONTEXT('2D SPACE',''
  ) );
#14385 = PCURVE('',#13972,#14386);
#14386 = DEFINITIONAL_REPRESENTATION('',(#14387),#14391);
#14387 = LINE('',#14388,#14389);
#14388 = CARTESIAN_POINT('',(10.630145812735,0.));
#14389 = VECTOR('',#14390,1.);
#14390 = DIRECTION('',(-0.,-1.));
#14391 = ( GEOMETRIC_REPRESENTATION_CONTEXT(2) 
PARAMETRIC_REPRESENTATION_CONTEXT() REPRESENTATION_CONTEXT('2D SPACE',''
  ) );
#14392 = ORIENTED_EDGE('',*,*,#14167,.T.);
#14393 = ORIENTED_EDGE('',*,*,#14318,.F.);
#14394 = ORIENTED_EDGE('',*,*,#13984,.F.);
#14395 = ADVANCED_FACE('',(#14396),#13972,.T.);
#14396 = FACE_BOUND('',#14397,.T.);
#14397 = EDGE_LOOP('',(#14398,#14399,#14400,#14401));
#14398 = ORIENTED_EDGE('',*,*,#14347,.T.);
#14399 = ORIENTED_EDGE('',*,*,#14144,.T.);
#14400 = ORIENTED_EDGE('',*,*,#14372,.F.);
#14401 = ORIENTED_EDGE('',*,*,#13956,.F.);
#14402 = ADVANCED_FACE('',(#14403),#14081,.F.);
#14403 = FACE_BOUND('',#14404,.T.);
#14404 = EDGE_LOOP('',(#14405,#14406,#14427,#14428));
#14405 = ORIENTED_EDGE('',*,*,#14064,.T.);
#14406 = ORIENTED_EDGE('',*,*,#14407,.T.);
#14407 = EDGE_CURVE('',#14065,#14238,#14408,.T.);
#14408 = SEAM_CURVE('',#14409,(#14413,#14420),.PCURVE_S1.);
#14409 = LINE('',#14410,#14411);
#14410 = CARTESIAN_POINT('',(11.2,-35.,170.));
#14411 = VECTOR('',#14412,1.);
#14412 = DIRECTION('',(0.,-1.,0.));
#14413 = PCURVE('',#14081,#14414);
#14414 = DEFINITIONAL_REPRESENTATION('',(#14415),#14419);
#14415 = LINE('',#14416,#14417);
#14416 = CARTESIAN_POINT('',(-6.28318530718,0.));
#14417 = VECTOR('',#14418,1.);
#14418 = DIRECTION('',(-0.,-1.));
#14419 = ( GEOMETRIC_REPRESENTATION_CONTEXT(2) 
PARAMETRIC_REPRESENTATION_CONTEXT() REPRESENTATION_CONTEXT('2D SPACE',''
  ) );
#14420 = PCURVE('',#14081,#14421);
#14421 = DEFINITIONAL_REPRESENTATION('',(#14422),#14426);
#14422 = LINE('',#14423,#14424);
#14423 = CARTESIAN_POINT('',(-0.,0.));
#14424 = VECTOR('',#14425,1.);
#14425 = DIRECTION('',(-0.,-1.));
#14426 = ( GEOMETRIC_REPRESENTATION_CONTEXT(2) 
PARAMETRIC_REPRESENTATION_CONTEXT() REPRESENTATION_CONTEXT('2D SPACE',''
  ) );
#14427 = ORIENTED_EDGE('',*,*,#14237,.F.);
#14428 = ORIENTED_EDGE('',*,*,#14407,.F.);
#14429 = ( GEOMETRIC_REPRESENTATION_CONTEXT(3) 
GLOBAL_UNCERTAINTY_ASSIGNED_CONTEXT((#14433)) 
GLOBAL_UNIT_ASSIGNED_CONTEXT((#14430,#14431,#14432)) 
REPRESENTATION_CONTEXT('Context #1',
  '3D Context with UNIT and UNCERTAINTY') );
#14430 = ( LENGTH_UNIT() NAMED_UNIT(*) SI_UNIT(.MILLI.,.METRE.) );
#14431 = ( NAMED_UNIT(*) PLANE_ANGLE_UNIT() SI_UNIT($,.RADIAN.) );
#14432 = ( NAMED_UNIT(*) SI_UNIT($,.STERADIAN.) SOLID_ANGLE_UNIT() );
#14433 = UNCERTAINTY_MEASURE_WITH_UNIT(LENGTH_MEASURE(1.E-07),#14430,
  'distance_accuracy_value','confusion accuracy');
#14434 = CONTEXT_DEPENDENT_SHAPE_REPRESENTATION(#14435,#14437);
#14435 = ( REPRESENTATION_RELATIONSHIP('','',#13624,#10) 
REPRESENTATION_RELATIONSHIP_WITH_TRANSFORMATION(#14436) 
SHAPE_REPRESENTATION_RELATIONSHIP() );
#14436 = ITEM_DEFINED_TRANSFORMATION('','',#11,#71);
#14437 = PRODUCT_DEFINITION_SHAPE('Placement','Placement of an item',
  #14438);
#14438 = NEXT_ASSEMBLY_USAGE_OCCURRENCE('15','forearm_right','',#5,
  #13619,$);
#14439 = PRODUCT_RELATED_PRODUCT_CATEGORY('part',$,(#13621));
#14440 = SHAPE_DEFINITION_REPRESENTATION(#14441,#14447);
#14441 = PRODUCT_DEFINITION_SHAPE('','',#14442);
#14442 = PRODUCT_DEFINITION('design','',#14443,#14446);
#14443 = PRODUCT_DEFINITION_FORMATION('','',#14444);
#14444 = PRODUCT('arm_standoff_right','arm_standoff_right','',(#14445));
#14445 = PRODUCT_CONTEXT('',#2,'mechanical');
#14446 = PRODUCT_DEFINITION_CONTEXT('part definition',#2,'design');
#14447 = ADVANCED_BREP_SHAPE_REPRESENTATION('',(#11,#14448),#15162);
#14448 = MANIFOLD_SOLID_BREP('',#14449);
#14449 = CLOSED_SHELL('',(#14450,#14676,#14783,#14832,#14881,#14934,
    #15003,#15050,#15097,#15122,#15135));
#14450 = ADVANCED_FACE('',(#14451,#14570),#14465,.F.);
#14451 = FACE_BOUND('',#14452,.F.);
#14452 = EDGE_LOOP('',(#14453,#14488,#14516,#14544));
#14453 = ORIENTED_EDGE('',*,*,#14454,.F.);
#14454 = EDGE_CURVE('',#14455,#14457,#14459,.T.);
#14455 = VERTEX_POINT('',#14456);
#14456 = CARTESIAN_POINT('',(5.,-36.,160.5));
#14457 = VERTEX_POINT('',#14458);
#14458 = CARTESIAN_POINT('',(5.,-36.,175.5));
#14459 = SURFACE_CURVE('',#14460,(#14464,#14476),.PCURVE_S1.);
#14460 = LINE('',#14461,#14462);
#14461 = CARTESIAN_POINT('',(5.,-36.,160.5));
#14462 = VECTOR('',#14463,1.);
#14463 = DIRECTION('',(0.,0.,1.));
#14464 = PCURVE('',#14465,#14470);
#14465 = PLANE('',#14466);
#14466 = AXIS2_PLACEMENT_3D('',#14467,#14468,#14469);
#14467 = CARTESIAN_POINT('',(5.,-36.,160.5));
#14468 = DIRECTION('',(1.,0.,0.));
#14469 = DIRECTION('',(0.,0.,1.));
#14470 = DEFINITIONAL_REPRESENTATION('',(#14471),#14475);
#14471 = LINE('',#14472,#14473);
#14472 = CARTESIAN_POINT('',(0.,0.));
#14473 = VECTOR('',#14474,1.);
#14474 = DIRECTION('',(1.,0.));
#14475 = ( GEOMETRIC_REPRESENTATION_CONTEXT(2) 
PARAMETRIC_REPRESENTATION_CONTEXT() REPRESENTATION_CONTEXT('2D SPACE',''
  ) );
#14476 = PCURVE('',#14477,#14482);
#14477 = PLANE('',#14478);
#14478 = AXIS2_PLACEMENT_3D('',#14479,#14480,#14481);
#14479 = CARTESIAN_POINT('',(5.,-36.,160.5));
#14480 = DIRECTION('',(0.,1.,0.));
#14481 = DIRECTION('',(0.,0.,1.));
#14482 = DEFINITIONAL_REPRESENTATION('',(#14483),#14487);
#14483 = LINE('',#14484,#14485);
#14484 = CARTESIAN_POINT('',(0.,0.));
#14485 = VECTOR('',#14486,1.);
#14486 = DIRECTION('',(1.,0.));
#14487 = ( GEOMETRIC_REPRESENTATION_CONTEXT(2) 
PARAMETRIC_REPRESENTATION_CONTEXT() REPRESENTATION_CONTEXT('2D SPACE',''
  ) );
#14488 = ORIENTED_EDGE('',*,*,#14489,.T.);
#14489 = EDGE_CURVE('',#14455,#14490,#14492,.T.);
#14490 = VERTEX_POINT('',#14491);
#14491 = CARTESIAN_POINT('',(5.,-26.,160.5));
#14492 = SURFACE_CURVE('',#14493,(#14497,#14504),.PCURVE_S1.);
#14493 = LINE('',#14494,#14495);
#14494 = CARTESIAN_POINT('',(5.,-36.,160.5));
#14495 = VECTOR('',#14496,1.);
#14496 = DIRECTION('',(0.,1.,0.));
#14497 = PCURVE('',#14465,#14498);
#14498 = DEFINITIONAL_REPRESENTATION('',(#14499),#14503);
#14499 = LINE('',#14500,#14501);
#14500 = CARTESIAN_POINT('',(0.,0.));
#14501 = VECTOR('',#14502,1.);
#14502 = DIRECTION('',(0.,-1.));
#14503 = ( GEOMETRIC_REPRESENTATION_CONTEXT(2) 
PARAMETRIC_REPRESENTATION_CONTEXT() REPRESENTATION_CONTEXT('2D SPACE',''
  ) );
#14504 = PCURVE('',#14505,#14510);
#14505 = PLANE('',#14506);
#14506 = AXIS2_PLACEMENT_3D('',#14507,#14508,#14509);
#14507 = CARTESIAN_POINT('',(5.,-36.,160.5));
#14508 = DIRECTION('',(0.,0.,1.));
#14509 = DIRECTION('',(1.,0.,0.));
#14510 = DEFINITIONAL_REPRESENTATION('',(#14511),#14515);
#14511 = LINE('',#14512,#14513);
#14512 = CARTESIAN_POINT('',(0.,0.));
#14513 = VECTOR('',#14514,1.);
#14514 = DIRECTION('',(0.,1.));
#14515 = ( GEOMETRIC_REPRESENTATION_CONTEXT(2) 
PARAMETRIC_REPRESENTATION_CONTEXT() REPRESENTATION_CONTEXT('2D SPACE',''
  ) );
#14516 = ORIENTED_EDGE('',*,*,#14517,.T.);
#14517 = EDGE_CURVE('',#14490,#14518,#14520,.T.);
#14518 = VERTEX_POINT('',#14519);
#14519 = CARTESIAN_POINT('',(5.,-26.,175.5));
#14520 = SURFACE_CURVE('',#14521,(#14525,#14532),.PCURVE_S1.);
#14521 = LINE('',#14522,#14523);
#14522 = CARTESIAN_POINT('',(5.,-26.,160.5));
#14523 = VECTOR('',#14524,1.);
#14524 = DIRECTION('',(0.,0.,1.));
#14525 = PCURVE('',#14465,#14526);
#14526 = DEFINITIONAL_REPRESENTATION('',(#14527),#14531);
#14527 = LINE('',#14528,#14529);
#14528 = CARTESIAN_POINT('',(0.,-10.));
#14529 = VECTOR('',#14530,1.);
#14530 = DIRECTION('',(1.,0.));
#14531 = ( GEOMETRIC_REPRESENTATION_CONTEXT(2) 
PARAMETRIC_REPRESENTATION_CONTEXT() REPRESENTATION_CONTEXT('2D SPACE',''
  ) );
#14532 = PCURVE('',#14533,#14538);
#14533 = PLANE('',#14534);
#14534 = AXIS2_PLACEMENT_3D('',#14535,#14536,#14537);
#14535 = CARTESIAN_POINT('',(5.,-26.,160.5));
#14536 = DIRECTION('',(0.,1.,0.));
#14537 = DIRECTION('',(0.,0.,1.));
#14538 = DEFINITIONAL_REPRESENTATION('',(#14539),#14543);
#14539 = LINE('',#14540,#14541);
#14540 = CARTESIAN_POINT('',(0.,0.));
#14541 = VECTOR('',#14542,1.);
#14542 = DIRECTION('',(1.,0.));
#14543 = ( GEOMETRIC_REPRESENTATION_CONTEXT(2) 
PARAMETRIC_REPRESENTATION_CONTEXT() REPRESENTATION_CONTEXT('2D SPACE',''
  ) );
#14544 = ORIENTED_EDGE('',*,*,#14545,.F.);
#14545 = EDGE_CURVE('',#14457,#14518,#14546,.T.);
#14546 = SURFACE_CURVE('',#14547,(#14551,#14558),.PCURVE_S1.);
#14547 = LINE('',#14548,#14549);
#14548 = CARTESIAN_POINT('',(5.,-36.,175.5));
#14549 = VECTOR('',#14550,1.);
#14550 = DIRECTION('',(0.,1.,0.));
#14551 = PCURVE('',#14465,#14552);
#14552 = DEFINITIONAL_REPRESENTATION('',(#14553),#14557);
#14553 = LINE('',#14554,#14555);
#14554 = CARTESIAN_POINT('',(15.,0.));
#14555 = VECTOR('',#14556,1.);
#14556 = DIRECTION('',(0.,-1.));
#14557 = ( GEOMETRIC_REPRESENTATION_CONTEXT(2) 
PARAMETRIC_REPRESENTATION_CONTEXT() REPRESENTATION_CONTEXT('2D SPACE',''
  ) );
#14558 = PCURVE('',#14559,#14564);
#14559 = PLANE('',#14560);
#14560 = AXIS2_PLACEMENT_3D('',#14561,#14562,#14563);
#14561 = CARTESIAN_POINT('',(5.,-36.,175.5));
#14562 = DIRECTION('',(0.,0.,1.));
#14563 = DIRECTION('',(1.,0.,0.));
#14564 = DEFINITIONAL_REPRESENTATION('',(#14565),#14569);
#14565 = LINE('',#14566,#14567);
#14566 = CARTESIAN_POINT('',(0.,0.));
#14567 = VECTOR('',#14568,1.);
#14568 = DIRECTION('',(0.,1.));
#14569 = ( GEOMETRIC_REPRESENTATION_CONTEXT(2) 
PARAMETRIC_REPRESENTATION_CONTEXT() REPRESENTATION_CONTEXT('2D SPACE',''
  ) );
#14570 = FACE_BOUND('',#14571,.F.);
#14571 = EDGE_LOOP('',(#14572,#14600,#14626,#14652));
#14572 = ORIENTED_EDGE('',*,*,#14573,.T.);
#14573 = EDGE_CURVE('',#14574,#14576,#14578,.T.);
#14574 = VERTEX_POINT('',#14575);
#14575 = CARTESIAN_POINT('',(5.,-29.5,165.));
#14576 = VERTEX_POINT('',#14577);
#14577 = CARTESIAN_POINT('',(5.,-29.5,161.));
#14578 = SURFACE_CURVE('',#14579,(#14583,#14589),.PCURVE_S1.);
#14579 = LINE('',#14580,#14581);
#14580 = CARTESIAN_POINT('',(5.,-29.5,160.75));
#14581 = VECTOR('',#14582,1.);
#14582 = DIRECTION('',(0.,0.,-1.));
#14583 = PCURVE('',#14465,#14584);
#14584 = DEFINITIONAL_REPRESENTATION('',(#14585),#14588);
#14585 = B_SPLINE_CURVE_WITH_KNOTS('',1,(#14586,#14587),.UNSPECIFIED.,
  .F.,.F.,(2,2),(-4.25,-0.25),.PIECEWISE_BEZIER_KNOTS.);
#14586 = CARTESIAN_POINT('',(4.5,-6.5));
#14587 = CARTESIAN_POINT('',(0.5,-6.5));
#14588 = ( GEOMETRIC_REPRESENTATION_CONTEXT(2) 
PARAMETRIC_REPRESENTATION_CONTEXT() REPRESENTATION_CONTEXT('2D SPACE',''
  ) );
#14589 = PCURVE('',#14590,#14595);
#14590 = PLANE('',#14591);
#14591 = AXIS2_PLACEMENT_3D('',#14592,#14593,#14594);
#14592 = CARTESIAN_POINT('',(3.,-29.5,161.));
#14593 = DIRECTION('',(0.,-1.,0.));
#14594 = DIRECTION('',(0.,0.,1.));
#14595 = DEFINITIONAL_REPRESENTATION('',(#14596),#14599);
#14596 = B_SPLINE_CURVE_WITH_KNOTS('',1,(#14597,#14598),.UNSPECIFIED.,
  .F.,.F.,(2,2),(-4.25,-0.25),.PIECEWISE_BEZIER_KNOTS.);
#14597 = CARTESIAN_POINT('',(4.,-2.));
#14598 = CARTESIAN_POINT('',(0.,-2.));
#14599 = ( GEOMETRIC_REPRESENTATION_CONTEXT(2) 
PARAMETRIC_REPRESENTATION_CONTEXT() REPRESENTATION_CONTEXT('2D SPACE',''
  ) );
#14600 = ORIENTED_EDGE('',*,*,#14601,.T.);
#14601 = EDGE_CURVE('',#14576,#14602,#14604,.T.);
#14602 = VERTEX_POINT('',#14603);
#14603 = CARTESIAN_POINT('',(5.,-32.5,161.));
#14604 = SURFACE_CURVE('',#14605,(#14609,#14615),.PCURVE_S1.);
#14605 = LINE('',#14606,#14607);
#14606 = CARTESIAN_POINT('',(5.,-34.25,161.));
#14607 = VECTOR('',#14608,1.);
#14608 = DIRECTION('',(0.,-1.,0.));
#14609 = PCURVE('',#14465,#14610);
#14610 = DEFINITIONAL_REPRESENTATION('',(#14611),#14614);
#14611 = B_SPLINE_CURVE_WITH_KNOTS('',1,(#14612,#14613),.UNSPECIFIED.,
  .F.,.F.,(2,2),(-4.75,-1.75),.PIECEWISE_BEZIER_KNOTS.);
#14612 = CARTESIAN_POINT('',(0.5,-6.5));
#14613 = CARTESIAN_POINT('',(0.5,-3.5));
#14614 = ( GEOMETRIC_REPRESENTATION_CONTEXT(2) 
PARAMETRIC_REPRESENTATION_CONTEXT() REPRESENTATION_CONTEXT('2D SPACE',''
  ) );
#14615 = PCURVE('',#14616,#14621);
#14616 = PLANE('',#14617);
#14617 = AXIS2_PLACEMENT_3D('',#14618,#14619,#14620);
#14618 = CARTESIAN_POINT('',(3.,-32.5,161.));
#14619 = DIRECTION('',(0.,0.,1.));
#14620 = DIRECTION('',(0.,1.,0.));
#14621 = DEFINITIONAL_REPRESENTATION('',(#14622),#14625);
#14622 = B_SPLINE_CURVE_WITH_KNOTS('',1,(#14623,#14624),.UNSPECIFIED.,
  .F.,.F.,(2,2),(-4.75,-1.75),.PIECEWISE_BEZIER_KNOTS.);
#14623 = CARTESIAN_POINT('',(3.,-2.));
#14624 = CARTESIAN_POINT('',(0.,-2.));
#14625 = ( GEOMETRIC_REPRESENTATION_CONTEXT(2) 
PARAMETRIC_REPRESENTATION_CONTEXT() REPRESENTATION_CONTEXT('2D SPACE',''
  ) );
#14626 = ORIENTED_EDGE('',*,*,#14627,.T.);
#14627 = EDGE_CURVE('',#14602,#14628,#14630,.T.);
#14628 = VERTEX_POINT('',#14629);
#14629 = CARTESIAN_POINT('',(5.,-32.5,165.));
#14630 = SURFACE_CURVE('',#14631,(#14635,#14641),.PCURVE_S1.);
#14631 = LINE('',#14632,#14633);
#14632 = CARTESIAN_POINT('',(5.,-32.5,162.75));
#14633 = VECTOR('',#14634,1.);
#14634 = DIRECTION('',(0.,-0.,1.));
#14635 = PCURVE('',#14465,#14636);
#14636 = DEFINITIONAL_REPRESENTATION('',(#14637),#14640);
#14637 = B_SPLINE_CURVE_WITH_KNOTS('',1,(#14638,#14639),.UNSPECIFIED.,
  .F.,.F.,(2,2),(-1.75,2.25),.PIECEWISE_BEZIER_KNOTS.);
#14638 = CARTESIAN_POINT('',(0.5,-3.5));
#14639 = CARTESIAN_POINT('',(4.5,-3.5));
#14640 = ( GEOMETRIC_REPRESENTATION_CONTEXT(2) 
PARAMETRIC_REPRESENTATION_CONTEXT() REPRESENTATION_CONTEXT('2D SPACE',''
  ) );
#14641 = PCURVE('',#14642,#14647);
#14642 = PLANE('',#14643);
#14643 = AXIS2_PLACEMENT_3D('',#14644,#14645,#14646);
#14644 = CARTESIAN_POINT('',(3.,-32.5,165.));
#14645 = DIRECTION('',(-0.,1.,0.));
#14646 = DIRECTION('',(0.,0.,-1.));
#14647 = DEFINITIONAL_REPRESENTATION('',(#14648),#14651);
#14648 = B_SPLINE_CURVE_WITH_KNOTS('',1,(#14649,#14650),.UNSPECIFIED.,
  .F.,.F.,(2,2),(-1.75,2.25),.PIECEWISE_BEZIER_KNOTS.);
#14649 = CARTESIAN_POINT('',(4.,-2.));
#14650 = CARTESIAN_POINT('',(0.,-2.));
#14651 = ( GEOMETRIC_REPRESENTATION_CONTEXT(2) 
PARAMETRIC_REPRESENTATION_CONTEXT() REPRESENTATION_CONTEXT('2D SPACE',''
  ) );
#14652 = ORIENTED_EDGE('',*,*,#14653,.T.);
#14653 = EDGE_CURVE('',#14628,#14574,#14654,.T.);
#14654 = SURFACE_CURVE('',#14655,(#14659,#14665),.PCURVE_S1.);
#14655 = LINE('',#14656,#14657);
#14656 = CARTESIAN_POINT('',(5.,-32.75,165.));
#14657 = VECTOR('',#14658,1.);
#14658 = DIRECTION('',(-0.,1.,0.));
#14659 = PCURVE('',#14465,#14660);
#14660 = DEFINITIONAL_REPRESENTATION('',(#14661),#14664);
#14661 = B_SPLINE_CURVE_WITH_KNOTS('',1,(#14662,#14663),.UNSPECIFIED.,
  .F.,.F.,(2,2),(0.25,3.25),.PIECEWISE_BEZIER_KNOTS.);
#14662 = CARTESIAN_POINT('',(4.5,-3.5));
#14663 = CARTESIAN_POINT('',(4.5,-6.5));
#14664 = ( GEOMETRIC_REPRESENTATION_CONTEXT(2) 
PARAMETRIC_REPRESENTATION_CONTEXT() REPRESENTATION_CONTEXT('2D SPACE',''
  ) );
#14665 = PCURVE('',#14666,#14671);
#14666 = PLANE('',#14667);
#14667 = AXIS2_PLACEMENT_3D('',#14668,#14669,#14670);
#14668 = CARTESIAN_POINT('',(3.,-29.5,165.));
#14669 = DIRECTION('',(0.,0.,-1.));
#14670 = DIRECTION('',(0.,-1.,0.));
#14671 = DEFINITIONAL_REPRESENTATION('',(#14672),#14675);
#14672 = B_SPLINE_CURVE_WITH_KNOTS('',1,(#14673,#14674),.UNSPECIFIED.,
  .F.,.F.,(2,2),(0.25,3.25),.PIECEWISE_BEZIER_KNOTS.);
#14673 = CARTESIAN_POINT('',(3.,-2.));
#14674 = CARTESIAN_POINT('',(0.,-2.));
#14675 = ( GEOMETRIC_REPRESENTATION_CONTEXT(2) 
PARAMETRIC_REPRESENTATION_CONTEXT() REPRESENTATION_CONTEXT('2D SPACE',''
  ) );
#14676 = ADVANCED_FACE('',(#14677,#14752),#14477,.F.);
#14677 = FACE_BOUND('',#14678,.F.);
#14678 = EDGE_LOOP('',(#14679,#14702,#14703,#14726));
#14679 = ORIENTED_EDGE('',*,*,#14680,.F.);
#14680 = EDGE_CURVE('',#14455,#14681,#14683,.T.);
#14681 = VERTEX_POINT('',#14682);
#14682 = CARTESIAN_POINT('',(15.,-36.,160.5));
#14683 = SURFACE_CURVE('',#14684,(#14688,#14695),.PCURVE_S1.);
#14684 = LINE('',#14685,#14686);
#14685 = CARTESIAN_POINT('',(5.,-36.,160.5));
#14686 = VECTOR('',#14687,1.);
#14687 = DIRECTION('',(1.,0.,0.));
#14688 = PCURVE('',#14477,#14689);
#14689 = DEFINITIONAL_REPRESENTATION('',(#14690),#14694);
#14690 = LINE('',#14691,#14692);
#14691 = CARTESIAN_POINT('',(0.,0.));
#14692 = VECTOR('',#14693,1.);
#14693 = DIRECTION('',(0.,1.));
#14694 = ( GEOMETRIC_REPRESENTATION_CONTEXT(2) 
PARAMETRIC_REPRESENTATION_CONTEXT() REPRESENTATION_CONTEXT('2D SPACE',''
  ) );
#14695 = PCURVE('',#14505,#14696);
#14696 = DEFINITIONAL_REPRESENTATION('',(#14697),#14701);
#14697 = LINE('',#14698,#14699);
#14698 = CARTESIAN_POINT('',(0.,0.));
#14699 = VECTOR('',#14700,1.);
#14700 = DIRECTION('',(1.,0.));
#14701 = ( GEOMETRIC_REPRESENTATION_CONTEXT(2) 
PARAMETRIC_REPRESENTATION_CONTEXT() REPRESENTATION_CONTEXT('2D SPACE',''
  ) );
#14702 = ORIENTED_EDGE('',*,*,#14454,.T.);
#14703 = ORIENTED_EDGE('',*,*,#14704,.T.);
#14704 = EDGE_CURVE('',#14457,#14705,#14707,.T.);
#14705 = VERTEX_POINT('',#14706);
#14706 = CARTESIAN_POINT('',(15.,-36.,175.5));
#14707 = SURFACE_CURVE('',#14708,(#14712,#14719),.PCURVE_S1.);
#14708 = LINE('',#14709,#14710);
#14709 = CARTESIAN_POINT('',(5.,-36.,175.5));
#14710 = VECTOR('',#14711,1.);
#14711 = DIRECTION('',(1.,0.,0.));
#14712 = PCURVE('',#14477,#14713);
#14713 = DEFINITIONAL_REPRESENTATION('',(#14714),#14718);
#14714 = LINE('',#14715,#14716);
#14715 = CARTESIAN_POINT('',(15.,0.));
#14716 = VECTOR('',#14717,1.);
#14717 = DIRECTION('',(0.,1.));
#14718 = ( GEOMETRIC_REPRESENTATION_CONTEXT(2) 
PARAMETRIC_REPRESENTATION_CONTEXT() REPRESENTATION_CONTEXT('2D SPACE',''
  ) );
#14719 = PCURVE('',#14559,#14720);
#14720 = DEFINITIONAL_REPRESENTATION('',(#14721),#14725);
#14721 = LINE('',#14722,#14723);
#14722 = CARTESIAN_POINT('',(0.,0.));
#14723 = VECTOR('',#14724,1.);
#14724 = DIRECTION('',(1.,0.));
#14725 = ( GEOMETRIC_REPRESENTATION_CONTEXT(2) 
PARAMETRIC_REPRESENTATION_CONTEXT() REPRESENTATION_CONTEXT('2D SPACE',''
  ) );
#14726 = ORIENTED_EDGE('',*,*,#14727,.F.);
#14727 = EDGE_CURVE('',#14681,#14705,#14728,.T.);
#14728 = SURFACE_CURVE('',#14729,(#14733,#14740),.PCURVE_S1.);
#14729 = LINE('',#14730,#14731);
#14730 = CARTESIAN_POINT('',(15.,-36.,160.5));
#14731 = VECTOR('',#14732,1.);
#14732 = DIRECTION('',(0.,0.,1.));
#14733 = PCURVE('',#14477,#14734);
#14734 = DEFINITIONAL_REPRESENTATION('',(#14735),#14739);
#14735 = LINE('',#14736,#14737);
#14736 = CARTESIAN_POINT('',(0.,10.));
#14737 = VECTOR('',#14738,1.);
#14738 = DIRECTION('',(1.,0.));
#14739 = ( GEOMETRIC_REPRESENTATION_CONTEXT(2) 
PARAMETRIC_REPRESENTATION_CONTEXT() REPRESENTATION_CONTEXT('2D SPACE',''
  ) );
#14740 = PCURVE('',#14741,#14746);
#14741 = PLANE('',#14742);
#14742 = AXIS2_PLACEMENT_3D('',#14743,#14744,#14745);
#14743 = CARTESIAN_POINT('',(15.,-36.,160.5));
#14744 = DIRECTION('',(1.,0.,0.));
#14745 = DIRECTION('',(0.,0.,1.));
#14746 = DEFINITIONAL_REPRESENTATION('',(#14747),#14751);
#14747 = LINE('',#14748,#14749);
#14748 = CARTESIAN_POINT('',(0.,0.));
#14749 = VECTOR('',#14750,1.);
#14750 = DIRECTION('',(1.,0.));
#14751 = ( GEOMETRIC_REPRESENTATION_CONTEXT(2) 
PARAMETRIC_REPRESENTATION_CONTEXT() REPRESENTATION_CONTEXT('2D SPACE',''
  ) );
#14752 = FACE_BOUND('',#14753,.F.);
#14753 = EDGE_LOOP('',(#14754));
#14754 = ORIENTED_EDGE('',*,*,#14755,.F.);
#14755 = EDGE_CURVE('',#14756,#14756,#14758,.T.);
#14756 = VERTEX_POINT('',#14757);
#14757 = CARTESIAN_POINT('',(11.2,-36.,170.));
#14758 = SURFACE_CURVE('',#14759,(#14764,#14771),.PCURVE_S1.);
#14759 = CIRCLE('',#14760,1.2);
#14760 = AXIS2_PLACEMENT_3D('',#14761,#14762,#14763);
#14761 = CARTESIAN_POINT('',(10.,-36.,170.));
#14762 = DIRECTION('',(-0.,1.,0.));
#14763 = DIRECTION('',(1.,0.,0.));
#14764 = PCURVE('',#14477,#14765);
#14765 = DEFINITIONAL_REPRESENTATION('',(#14766),#14770);
#14766 = CIRCLE('',#14767,1.2);
#14767 = AXIS2_PLACEMENT_2D('',#14768,#14769);
#14768 = CARTESIAN_POINT('',(9.5,5.));
#14769 = DIRECTION('',(0.,1.));
#14770 = ( GEOMETRIC_REPRESENTATION_CONTEXT(2) 
PARAMETRIC_REPRESENTATION_CONTEXT() REPRESENTATION_CONTEXT('2D SPACE',''
  ) );
#14771 = PCURVE('',#14772,#14777);
#14772 = CYLINDRICAL_SURFACE('',#14773,1.2);
#14773 = AXIS2_PLACEMENT_3D('',#14774,#14775,#14776);
#14774 = CARTESIAN_POINT('',(10.,-23.,170.));
#14775 = DIRECTION('',(-0.,1.,-0.));
#14776 = DIRECTION('',(1.,0.,0.));
#14777 = DEFINITIONAL_REPRESENTATION('',(#14778),#14782);
#14778 = LINE('',#14779,#14780);
#14779 = CARTESIAN_POINT('',(-6.28318530718,-13.));
#14780 = VECTOR('',#14781,1.);
#14781 = DIRECTION('',(1.,-0.));
#14782 = ( GEOMETRIC_REPRESENTATION_CONTEXT(2) 
PARAMETRIC_REPRESENTATION_CONTEXT() REPRESENTATION_CONTEXT('2D SPACE',''
  ) );
#14783 = ADVANCED_FACE('',(#14784),#14559,.T.);
#14784 = FACE_BOUND('',#14785,.T.);
#14785 = EDGE_LOOP('',(#14786,#14787,#14788,#14811));
#14786 = ORIENTED_EDGE('',*,*,#14545,.F.);
#14787 = ORIENTED_EDGE('',*,*,#14704,.T.);
#14788 = ORIENTED_EDGE('',*,*,#14789,.T.);
#14789 = EDGE_CURVE('',#14705,#14790,#14792,.T.);
#14790 = VERTEX_POINT('',#14791);
#14791 = CARTESIAN_POINT('',(15.,-26.,175.5));
#14792 = SURFACE_CURVE('',#14793,(#14797,#14804),.PCURVE_S1.);
#14793 = LINE('',#14794,#14795);
#14794 = CARTESIAN_POINT('',(15.,-36.,175.5));
#14795 = VECTOR('',#14796,1.);
#14796 = DIRECTION('',(0.,1.,0.));
#14797 = PCURVE('',#14559,#14798);
#14798 = DEFINITIONAL_REPRESENTATION('',(#14799),#14803);
#14799 = LINE('',#14800,#14801);
#14800 = CARTESIAN_POINT('',(10.,0.));
#14801 = VECTOR('',#14802,1.);
#14802 = DIRECTION('',(0.,1.));
#14803 = ( GEOMETRIC_REPRESENTATION_CONTEXT(2) 
PARAMETRIC_REPRESENTATION_CONTEXT() REPRESENTATION_CONTEXT('2D SPACE',''
  ) );
#14804 = PCURVE('',#14741,#14805);
#14805 = DEFINITIONAL_REPRESENTATION('',(#14806),#14810);
#14806 = LINE('',#14807,#14808);
#14807 = CARTESIAN_POINT('',(15.,0.));
#14808 = VECTOR('',#14809,1.);
#14809 = DIRECTION('',(0.,-1.));
#14810 = ( GEOMETRIC_REPRESENTATION_CONTEXT(2) 
PARAMETRIC_REPRESENTATION_CONTEXT() REPRESENTATION_CONTEXT('2D SPACE',''
  ) );
#14811 = ORIENTED_EDGE('',*,*,#14812,.F.);
#14812 = EDGE_CURVE('',#14518,#14790,#14813,.T.);
#14813 = SURFACE_CURVE('',#14814,(#14818,#14825),.PCURVE_S1.);
#14814 = LINE('',#14815,#14816);
#14815 = CARTESIAN_POINT('',(5.,-26.,175.5));
#14816 = VECTOR('',#14817,1.);
#14817 = DIRECTION('',(1.,0.,0.));
#14818 = PCURVE('',#14559,#14819);
#14819 = DEFINITIONAL_REPRESENTATION('',(#14820),#14824);
#14820 = LINE('',#14821,#14822);
#14821 = CARTESIAN_POINT('',(0.,10.));
#14822 = VECTOR('',#14823,1.);
#14823 = DIRECTION('',(1.,0.));
#14824 = ( GEOMETRIC_REPRESENTATION_CONTEXT(2) 
PARAMETRIC_REPRESENTATION_CONTEXT() REPRESENTATION_CONTEXT('2D SPACE',''
  ) );
#14825 = PCURVE('',#14533,#14826);
#14826 = DEFINITIONAL_REPRESENTATION('',(#14827),#14831);
#14827 = LINE('',#14828,#14829);
#14828 = CARTESIAN_POINT('',(15.,0.));
#14829 = VECTOR('',#14830,1.);
#14830 = DIRECTION('',(0.,1.));
#14831 = ( GEOMETRIC_REPRESENTATION_CONTEXT(2) 
PARAMETRIC_REPRESENTATION_CONTEXT() REPRESENTATION_CONTEXT('2D SPACE',''
  ) );
#14832 = ADVANCED_FACE('',(#14833),#14505,.F.);
#14833 = FACE_BOUND('',#14834,.F.);
#14834 = EDGE_LOOP('',(#14835,#14836,#14837,#14860));
#14835 = ORIENTED_EDGE('',*,*,#14489,.F.);
#14836 = ORIENTED_EDGE('',*,*,#14680,.T.);
#14837 = ORIENTED_EDGE('',*,*,#14838,.T.);
#14838 = EDGE_CURVE('',#14681,#14839,#14841,.T.);
#14839 = VERTEX_POINT('',#14840);
#14840 = CARTESIAN_POINT('',(15.,-26.,160.5));
#14841 = SURFACE_CURVE('',#14842,(#14846,#14853),.PCURVE_S1.);
#14842 = LINE('',#14843,#14844);
#14843 = CARTESIAN_POINT('',(15.,-36.,160.5));
#14844 = VECTOR('',#14845,1.);
#14845 = DIRECTION('',(0.,1.,0.));
#14846 = PCURVE('',#14505,#14847);
#14847 = DEFINITIONAL_REPRESENTATION('',(#14848),#14852);
#14848 = LINE('',#14849,#14850);
#14849 = CARTESIAN_POINT('',(10.,0.));
#14850 = VECTOR('',#14851,1.);
#14851 = DIRECTION('',(0.,1.));
#14852 = ( GEOMETRIC_REPRESENTATION_CONTEXT(2) 
PARAMETRIC_REPRESENTATION_CONTEXT() REPRESENTATION_CONTEXT('2D SPACE',''
  ) );
#14853 = PCURVE('',#14741,#14854);
#14854 = DEFINITIONAL_REPRESENTATION('',(#14855),#14859);
#14855 = LINE('',#14856,#14857);
#14856 = CARTESIAN_POINT('',(0.,0.));
#14857 = VECTOR('',#14858,1.);
#14858 = DIRECTION('',(0.,-1.));
#14859 = ( GEOMETRIC_REPRESENTATION_CONTEXT(2) 
PARAMETRIC_REPRESENTATION_CONTEXT() REPRESENTATION_CONTEXT('2D SPACE',''
  ) );
#14860 = ORIENTED_EDGE('',*,*,#14861,.F.);
#14861 = EDGE_CURVE('',#14490,#14839,#14862,.T.);
#14862 = SURFACE_CURVE('',#14863,(#14867,#14874),.PCURVE_S1.);
#14863 = LINE('',#14864,#14865);
#14864 = CARTESIAN_POINT('',(5.,-26.,160.5));
#14865 = VECTOR('',#14866,1.);
#14866 = DIRECTION('',(1.,0.,0.));
#14867 = PCURVE('',#14505,#14868);
#14868 = DEFINITIONAL_REPRESENTATION('',(#14869),#14873);
#14869 = LINE('',#14870,#14871);
#14870 = CARTESIAN_POINT('',(0.,10.));
#14871 = VECTOR('',#14872,1.);
#14872 = DIRECTION('',(1.,0.));
#14873 = ( GEOMETRIC_REPRESENTATION_CONTEXT(2) 
PARAMETRIC_REPRESENTATION_CONTEXT() REPRESENTATION_CONTEXT('2D SPACE',''
  ) );
#14874 = PCURVE('',#14533,#14875);
#14875 = DEFINITIONAL_REPRESENTATION('',(#14876),#14880);
#14876 = LINE('',#14877,#14878);
#14877 = CARTESIAN_POINT('',(0.,0.));
#14878 = VECTOR('',#14879,1.);
#14879 = DIRECTION('',(0.,1.));
#14880 = ( GEOMETRIC_REPRESENTATION_CONTEXT(2) 
PARAMETRIC_REPRESENTATION_CONTEXT() REPRESENTATION_CONTEXT('2D SPACE',''
  ) );
#14881 = ADVANCED_FACE('',(#14882,#14908),#14533,.T.);
#14882 = FACE_BOUND('',#14883,.T.);
#14883 = EDGE_LOOP('',(#14884,#14885,#14886,#14887));
#14884 = ORIENTED_EDGE('',*,*,#14861,.F.);
#14885 = ORIENTED_EDGE('',*,*,#14517,.T.);
#14886 = ORIENTED_EDGE('',*,*,#14812,.T.);
#14887 = ORIENTED_EDGE('',*,*,#14888,.F.);
#14888 = EDGE_CURVE('',#14839,#14790,#14889,.T.);
#14889 = SURFACE_CURVE('',#14890,(#14894,#14901),.PCURVE_S1.);
#14890 = LINE('',#14891,#14892);
#14891 = CARTESIAN_POINT('',(15.,-26.,160.5));
#14892 = VECTOR('',#14893,1.);
#14893 = DIRECTION('',(0.,0.,1.));
#14894 = PCURVE('',#14533,#14895);
#14895 = DEFINITIONAL_REPRESENTATION('',(#14896),#14900);
#14896 = LINE('',#14897,#14898);
#14897 = CARTESIAN_POINT('',(0.,10.));
#14898 = VECTOR('',#14899,1.);
#14899 = DIRECTION('',(1.,0.));
#14900 = ( GEOMETRIC_REPRESENTATION_CONTEXT(2) 
PARAMETRIC_REPRESENTATION_CONTEXT() REPRESENTATION_CONTEXT('2D SPACE',''
  ) );
#14901 = PCURVE('',#14741,#14902);
#14902 = DEFINITIONAL_REPRESENTATION('',(#14903),#14907);
#14903 = LINE('',#14904,#14905);
#14904 = CARTESIAN_POINT('',(0.,-10.));
#14905 = VECTOR('',#14906,1.);
#14906 = DIRECTION('',(1.,0.));
#14907 = ( GEOMETRIC_REPRESENTATION_CONTEXT(2) 
PARAMETRIC_REPRESENTATION_CONTEXT() REPRESENTATION_CONTEXT('2D SPACE',''
  ) );
#14908 = FACE_BOUND('',#14909,.T.);
#14909 = EDGE_LOOP('',(#14910));
#14910 = ORIENTED_EDGE('',*,*,#14911,.F.);
#14911 = EDGE_CURVE('',#14912,#14912,#14914,.T.);
#14912 = VERTEX_POINT('',#14913);
#14913 = CARTESIAN_POINT('',(11.2,-26.,170.));
#14914 = SURFACE_CURVE('',#14915,(#14920,#14927),.PCURVE_S1.);
#14915 = CIRCLE('',#14916,1.2);
#14916 = AXIS2_PLACEMENT_3D('',#14917,#14918,#14919);
#14917 = CARTESIAN_POINT('',(10.,-26.,170.));
#14918 = DIRECTION('',(-0.,1.,0.));
#14919 = DIRECTION('',(1.,0.,0.));
#14920 = PCURVE('',#14533,#14921);
#14921 = DEFINITIONAL_REPRESENTATION('',(#14922),#14926);
#14922 = CIRCLE('',#14923,1.2);
#14923 = AXIS2_PLACEMENT_2D('',#14924,#14925);
#14924 = CARTESIAN_POINT('',(9.5,5.));
#14925 = DIRECTION('',(0.,1.));
#14926 = ( GEOMETRIC_REPRESENTATION_CONTEXT(2) 
PARAMETRIC_REPRESENTATION_CONTEXT() REPRESENTATION_CONTEXT('2D SPACE',''
  ) );
#14927 = PCURVE('',#14772,#14928);
#14928 = DEFINITIONAL_REPRESENTATION('',(#14929),#14933);
#14929 = LINE('',#14930,#14931);
#14930 = CARTESIAN_POINT('',(-6.28318530718,-3.));
#14931 = VECTOR('',#14932,1.);
#14932 = DIRECTION('',(1.,-0.));
#14933 = ( GEOMETRIC_REPRESENTATION_CONTEXT(2) 
PARAMETRIC_REPRESENTATION_CONTEXT() REPRESENTATION_CONTEXT('2D SPACE',''
  ) );
#14934 = ADVANCED_FACE('',(#14935),#14590,.T.);
#14935 = FACE_BOUND('',#14936,.T.);
#14936 = EDGE_LOOP('',(#14937,#14938,#14961,#14982));
#14937 = ORIENTED_EDGE('',*,*,#14573,.T.);
#14938 = ORIENTED_EDGE('',*,*,#14939,.T.);
#14939 = EDGE_CURVE('',#14576,#14940,#14942,.T.);
#14940 = VERTEX_POINT('',#14941);
#14941 = CARTESIAN_POINT('',(15.,-29.5,161.));
#14942 = SURFACE_CURVE('',#14943,(#14947,#14954),.PCURVE_S1.);
#14943 = LINE('',#14944,#14945);
#14944 = CARTESIAN_POINT('',(3.,-29.5,161.));
#14945 = VECTOR('',#14946,1.);
#14946 = DIRECTION('',(1.,0.,0.));
#14947 = PCURVE('',#14590,#14948);
#14948 = DEFINITIONAL_REPRESENTATION('',(#14949),#14953);
#14949 = LINE('',#14950,#14951);
#14950 = CARTESIAN_POINT('',(0.,0.));
#14951 = VECTOR('',#14952,1.);
#14952 = DIRECTION('',(0.,-1.));
#14953 = ( GEOMETRIC_REPRESENTATION_CONTEXT(2) 
PARAMETRIC_REPRESENTATION_CONTEXT() REPRESENTATION_CONTEXT('2D SPACE',''
  ) );
#14954 = PCURVE('',#14616,#14955);
#14955 = DEFINITIONAL_REPRESENTATION('',(#14956),#14960);
#14956 = LINE('',#14957,#14958);
#14957 = CARTESIAN_POINT('',(3.,0.));
#14958 = VECTOR('',#14959,1.);
#14959 = DIRECTION('',(0.,-1.));
#14960 = ( GEOMETRIC_REPRESENTATION_CONTEXT(2) 
PARAMETRIC_REPRESENTATION_CONTEXT() REPRESENTATION_CONTEXT('2D SPACE',''
  ) );
#14961 = ORIENTED_EDGE('',*,*,#14962,.F.);
#14962 = EDGE_CURVE('',#14963,#14940,#14965,.T.);
#14963 = VERTEX_POINT('',#14964);
#14964 = CARTESIAN_POINT('',(15.,-29.5,165.));
#14965 = SURFACE_CURVE('',#14966,(#14970,#14976),.PCURVE_S1.);
#14966 = LINE('',#14967,#14968);
#14967 = CARTESIAN_POINT('',(15.,-29.5,160.75));
#14968 = VECTOR('',#14969,1.);
#14969 = DIRECTION('',(0.,0.,-1.));
#14970 = PCURVE('',#14590,#14971);
#14971 = DEFINITIONAL_REPRESENTATION('',(#14972),#14975);
#14972 = B_SPLINE_CURVE_WITH_KNOTS('',1,(#14973,#14974),.UNSPECIFIED.,
  .F.,.F.,(2,2),(-4.25,-0.25),.PIECEWISE_BEZIER_KNOTS.);
#14973 = CARTESIAN_POINT('',(4.,-12.));
#14974 = CARTESIAN_POINT('',(0.,-12.));
#14975 = ( GEOMETRIC_REPRESENTATION_CONTEXT(2) 
PARAMETRIC_REPRESENTATION_CONTEXT() REPRESENTATION_CONTEXT('2D SPACE',''
  ) );
#14976 = PCURVE('',#14741,#14977);
#14977 = DEFINITIONAL_REPRESENTATION('',(#14978),#14981);
#14978 = B_SPLINE_CURVE_WITH_KNOTS('',1,(#14979,#14980),.UNSPECIFIED.,
  .F.,.F.,(2,2),(-4.25,-0.25),.PIECEWISE_BEZIER_KNOTS.);
#14979 = CARTESIAN_POINT('',(4.5,-6.5));
#14980 = CARTESIAN_POINT('',(0.5,-6.5));
#14981 = ( GEOMETRIC_REPRESENTATION_CONTEXT(2) 
PARAMETRIC_REPRESENTATION_CONTEXT() REPRESENTATION_CONTEXT('2D SPACE',''
  ) );
#14982 = ORIENTED_EDGE('',*,*,#14983,.F.);
#14983 = EDGE_CURVE('',#14574,#14963,#14984,.T.);
#14984 = SURFACE_CURVE('',#14985,(#14989,#14996),.PCURVE_S1.);
#14985 = LINE('',#14986,#14987);
#14986 = CARTESIAN_POINT('',(3.,-29.5,165.));
#14987 = VECTOR('',#14988,1.);
#14988 = DIRECTION('',(1.,0.,0.));
#14989 = PCURVE('',#14590,#14990);
#14990 = DEFINITIONAL_REPRESENTATION('',(#14991),#14995);
#14991 = LINE('',#14992,#14993);
#14992 = CARTESIAN_POINT('',(4.,0.));
#14993 = VECTOR('',#14994,1.);
#14994 = DIRECTION('',(0.,-1.));
#14995 = ( GEOMETRIC_REPRESENTATION_CONTEXT(2) 
PARAMETRIC_REPRESENTATION_CONTEXT() REPRESENTATION_CONTEXT('2D SPACE',''
  ) );
#14996 = PCURVE('',#14666,#14997);
#14997 = DEFINITIONAL_REPRESENTATION('',(#14998),#15002);
#14998 = LINE('',#14999,#15000);
#14999 = CARTESIAN_POINT('',(0.,-0.));
#15000 = VECTOR('',#15001,1.);
#15001 = DIRECTION('',(0.,-1.));
#15002 = ( GEOMETRIC_REPRESENTATION_CONTEXT(2) 
PARAMETRIC_REPRESENTATION_CONTEXT() REPRESENTATION_CONTEXT('2D SPACE',''
  ) );
#15003 = ADVANCED_FACE('',(#15004),#14666,.T.);
#15004 = FACE_BOUND('',#15005,.T.);
#15005 = EDGE_LOOP('',(#15006,#15007,#15008,#15029));
#15006 = ORIENTED_EDGE('',*,*,#14653,.T.);
#15007 = ORIENTED_EDGE('',*,*,#14983,.T.);
#15008 = ORIENTED_EDGE('',*,*,#15009,.F.);
#15009 = EDGE_CURVE('',#15010,#14963,#15012,.T.);
#15010 = VERTEX_POINT('',#15011);
#15011 = CARTESIAN_POINT('',(15.,-32.5,165.));
#15012 = SURFACE_CURVE('',#15013,(#15017,#15023),.PCURVE_S1.);
#15013 = LINE('',#15014,#15015);
#15014 = CARTESIAN_POINT('',(15.,-32.75,165.));
#15015 = VECTOR('',#15016,1.);
#15016 = DIRECTION('',(-0.,1.,0.));
#15017 = PCURVE('',#14666,#15018);
#15018 = DEFINITIONAL_REPRESENTATION('',(#15019),#15022);
#15019 = B_SPLINE_CURVE_WITH_KNOTS('',1,(#15020,#15021),.UNSPECIFIED.,
  .F.,.F.,(2,2),(0.25,3.25),.PIECEWISE_BEZIER_KNOTS.);
#15020 = CARTESIAN_POINT('',(3.,-12.));
#15021 = CARTESIAN_POINT('',(0.,-12.));
#15022 = ( GEOMETRIC_REPRESENTATION_CONTEXT(2) 
PARAMETRIC_REPRESENTATION_CONTEXT() REPRESENTATION_CONTEXT('2D SPACE',''
  ) );
#15023 = PCURVE('',#14741,#15024);
#15024 = DEFINITIONAL_REPRESENTATION('',(#15025),#15028);
#15025 = B_SPLINE_CURVE_WITH_KNOTS('',1,(#15026,#15027),.UNSPECIFIED.,
  .F.,.F.,(2,2),(0.25,3.25),.PIECEWISE_BEZIER_KNOTS.);
#15026 = CARTESIAN_POINT('',(4.5,-3.5));
#15027 = CARTESIAN_POINT('',(4.5,-6.5));
#15028 = ( GEOMETRIC_REPRESENTATION_CONTEXT(2) 
PARAMETRIC_REPRESENTATION_CONTEXT() REPRESENTATION_CONTEXT('2D SPACE',''
  ) );
#15029 = ORIENTED_EDGE('',*,*,#15030,.F.);
#15030 = EDGE_CURVE('',#14628,#15010,#15031,.T.);
#15031 = SURFACE_CURVE('',#15032,(#15036,#15043),.PCURVE_S1.);
#15032 = LINE('',#15033,#15034);
#15033 = CARTESIAN_POINT('',(3.,-32.5,165.));
#15034 = VECTOR('',#15035,1.);
#15035 = DIRECTION('',(1.,0.,0.));
#15036 = PCURVE('',#14666,#15037);
#15037 = DEFINITIONAL_REPRESENTATION('',(#15038),#15042);
#15038 = LINE('',#15039,#15040);
#15039 = CARTESIAN_POINT('',(3.,0.));
#15040 = VECTOR('',#15041,1.);
#15041 = DIRECTION('',(0.,-1.));
#15042 = ( GEOMETRIC_REPRESENTATION_CONTEXT(2) 
PARAMETRIC_REPRESENTATION_CONTEXT() REPRESENTATION_CONTEXT('2D SPACE',''
  ) );
#15043 = PCURVE('',#14642,#15044);
#15044 = DEFINITIONAL_REPRESENTATION('',(#15045),#15049);
#15045 = LINE('',#15046,#15047);
#15046 = CARTESIAN_POINT('',(0.,0.));
#15047 = VECTOR('',#15048,1.);
#15048 = DIRECTION('',(0.,-1.));
#15049 = ( GEOMETRIC_REPRESENTATION_CONTEXT(2) 
PARAMETRIC_REPRESENTATION_CONTEXT() REPRESENTATION_CONTEXT('2D SPACE',''
  ) );
#15050 = ADVANCED_FACE('',(#15051),#14642,.T.);
#15051 = FACE_BOUND('',#15052,.T.);
#15052 = EDGE_LOOP('',(#15053,#15054,#15055,#15076));
#15053 = ORIENTED_EDGE('',*,*,#14627,.T.);
#15054 = ORIENTED_EDGE('',*,*,#15030,.T.);
#15055 = ORIENTED_EDGE('',*,*,#15056,.F.);
#15056 = EDGE_CURVE('',#15057,#15010,#15059,.T.);
#15057 = VERTEX_POINT('',#15058);
#15058 = CARTESIAN_POINT('',(15.,-32.5,161.));
#15059 = SURFACE_CURVE('',#15060,(#15064,#15070),.PCURVE_S1.);
#15060 = LINE('',#15061,#15062);
#15061 = CARTESIAN_POINT('',(15.,-32.5,162.75));
#15062 = VECTOR('',#15063,1.);
#15063 = DIRECTION('',(0.,-0.,1.));
#15064 = PCURVE('',#14642,#15065);
#15065 = DEFINITIONAL_REPRESENTATION('',(#15066),#15069);
#15066 = B_SPLINE_CURVE_WITH_KNOTS('',1,(#15067,#15068),.UNSPECIFIED.,
  .F.,.F.,(2,2),(-1.75,2.25),.PIECEWISE_BEZIER_KNOTS.);
#15067 = CARTESIAN_POINT('',(4.,-12.));
#15068 = CARTESIAN_POINT('',(0.,-12.));
#15069 = ( GEOMETRIC_REPRESENTATION_CONTEXT(2) 
PARAMETRIC_REPRESENTATION_CONTEXT() REPRESENTATION_CONTEXT('2D SPACE',''
  ) );
#15070 = PCURVE('',#14741,#15071);
#15071 = DEFINITIONAL_REPRESENTATION('',(#15072),#15075);
#15072 = B_SPLINE_CURVE_WITH_KNOTS('',1,(#15073,#15074),.UNSPECIFIED.,
  .F.,.F.,(2,2),(-1.75,2.25),.PIECEWISE_BEZIER_KNOTS.);
#15073 = CARTESIAN_POINT('',(0.5,-3.5));
#15074 = CARTESIAN_POINT('',(4.5,-3.5));
#15075 = ( GEOMETRIC_REPRESENTATION_CONTEXT(2) 
PARAMETRIC_REPRESENTATION_CONTEXT() REPRESENTATION_CONTEXT('2D SPACE',''
  ) );
#15076 = ORIENTED_EDGE('',*,*,#15077,.F.);
#15077 = EDGE_CURVE('',#14602,#15057,#15078,.T.);
#15078 = SURFACE_CURVE('',#15079,(#15083,#15090),.PCURVE_S1.);
#15079 = LINE('',#15080,#15081);
#15080 = CARTESIAN_POINT('',(3.,-32.5,161.));
#15081 = VECTOR('',#15082,1.);
#15082 = DIRECTION('',(1.,0.,0.));
#15083 = PCURVE('',#14642,#15084);
#15084 = DEFINITIONAL_REPRESENTATION('',(#15085),#15089);
#15085 = LINE('',#15086,#15087);
#15086 = CARTESIAN_POINT('',(4.,0.));
#15087 = VECTOR('',#15088,1.);
#15088 = DIRECTION('',(0.,-1.));
#15089 = ( GEOMETRIC_REPRESENTATION_CONTEXT(2) 
PARAMETRIC_REPRESENTATION_CONTEXT() REPRESENTATION_CONTEXT('2D SPACE',''
  ) );
#15090 = PCURVE('',#14616,#15091);
#15091 = DEFINITIONAL_REPRESENTATION('',(#15092),#15096);
#15092 = LINE('',#15093,#15094);
#15093 = CARTESIAN_POINT('',(0.,0.));
#15094 = VECTOR('',#15095,1.);
#15095 = DIRECTION('',(0.,-1.));
#15096 = ( GEOMETRIC_REPRESENTATION_CONTEXT(2) 
PARAMETRIC_REPRESENTATION_CONTEXT() REPRESENTATION_CONTEXT('2D SPACE',''
  ) );
#15097 = ADVANCED_FACE('',(#15098),#14616,.T.);
#15098 = FACE_BOUND('',#15099,.T.);
#15099 = EDGE_LOOP('',(#15100,#15101,#15102,#15121));
#15100 = ORIENTED_EDGE('',*,*,#14601,.T.);
#15101 = ORIENTED_EDGE('',*,*,#15077,.T.);
#15102 = ORIENTED_EDGE('',*,*,#15103,.F.);
#15103 = EDGE_CURVE('',#14940,#15057,#15104,.T.);
#15104 = SURFACE_CURVE('',#15105,(#15109,#15115),.PCURVE_S1.);
#15105 = LINE('',#15106,#15107);
#15106 = CARTESIAN_POINT('',(15.,-34.25,161.));
#15107 = VECTOR('',#15108,1.);
#15108 = DIRECTION('',(0.,-1.,0.));
#15109 = PCURVE('',#14616,#15110);
#15110 = DEFINITIONAL_REPRESENTATION('',(#15111),#15114);
#15111 = B_SPLINE_CURVE_WITH_KNOTS('',1,(#15112,#15113),.UNSPECIFIED.,
  .F.,.F.,(2,2),(-4.75,-1.75),.PIECEWISE_BEZIER_KNOTS.);
#15112 = CARTESIAN_POINT('',(3.,-12.));
#15113 = CARTESIAN_POINT('',(0.,-12.));
#15114 = ( GEOMETRIC_REPRESENTATION_CONTEXT(2) 
PARAMETRIC_REPRESENTATION_CONTEXT() REPRESENTATION_CONTEXT('2D SPACE',''
  ) );
#15115 = PCURVE('',#14741,#15116);
#15116 = DEFINITIONAL_REPRESENTATION('',(#15117),#15120);
#15117 = B_SPLINE_CURVE_WITH_KNOTS('',1,(#15118,#15119),.UNSPECIFIED.,
  .F.,.F.,(2,2),(-4.75,-1.75),.PIECEWISE_BEZIER_KNOTS.);
#15118 = CARTESIAN_POINT('',(0.5,-6.5));
#15119 = CARTESIAN_POINT('',(0.5,-3.5));
#15120 = ( GEOMETRIC_REPRESENTATION_CONTEXT(2) 
PARAMETRIC_REPRESENTATION_CONTEXT() REPRESENTATION_CONTEXT('2D SPACE',''
  ) );
#15121 = ORIENTED_EDGE('',*,*,#14939,.F.);
#15122 = ADVANCED_FACE('',(#15123,#15129),#14741,.T.);
#15123 = FACE_BOUND('',#15124,.T.);
#15124 = EDGE_LOOP('',(#15125,#15126,#15127,#15128));
#15125 = ORIENTED_EDGE('',*,*,#14727,.F.);
#15126 = ORIENTED_EDGE('',*,*,#14838,.T.);
#15127 = ORIENTED_EDGE('',*,*,#14888,.T.);
#15128 = ORIENTED_EDGE('',*,*,#14789,.F.);
#15129 = FACE_BOUND('',#15130,.T.);
#15130 = EDGE_LOOP('',(#15131,#15132,#15133,#15134));
#15131 = ORIENTED_EDGE('',*,*,#14962,.T.);
#15132 = ORIENTED_EDGE('',*,*,#15103,.T.);
#15133 = ORIENTED_EDGE('',*,*,#15056,.T.);
#15134 = ORIENTED_EDGE('',*,*,#15009,.T.);
#15135 = ADVANCED_FACE('',(#15136),#14772,.F.);
#15136 = FACE_BOUND('',#15137,.T.);
#15137 = EDGE_LOOP('',(#15138,#15139,#15160,#15161));
#15138 = ORIENTED_EDGE('',*,*,#14911,.T.);
#15139 = ORIENTED_EDGE('',*,*,#15140,.T.);
#15140 = EDGE_CURVE('',#14912,#14756,#15141,.T.);
#15141 = SEAM_CURVE('',#15142,(#15146,#15153),.PCURVE_S1.);
#15142 = LINE('',#15143,#15144);
#15143 = CARTESIAN_POINT('',(11.2,-23.,170.));
#15144 = VECTOR('',#15145,1.);
#15145 = DIRECTION('',(0.,-1.,0.));
#15146 = PCURVE('',#14772,#15147);
#15147 = DEFINITIONAL_REPRESENTATION('',(#15148),#15152);
#15148 = LINE('',#15149,#15150);
#15149 = CARTESIAN_POINT('',(-6.28318530718,0.));
#15150 = VECTOR('',#15151,1.);
#15151 = DIRECTION('',(-0.,-1.));
#15152 = ( GEOMETRIC_REPRESENTATION_CONTEXT(2) 
PARAMETRIC_REPRESENTATION_CONTEXT() REPRESENTATION_CONTEXT('2D SPACE',''
  ) );
#15153 = PCURVE('',#14772,#15154);
#15154 = DEFINITIONAL_REPRESENTATION('',(#15155),#15159);
#15155 = LINE('',#15156,#15157);
#15156 = CARTESIAN_POINT('',(-0.,0.));
#15157 = VECTOR('',#15158,1.);
#15158 = DIRECTION('',(-0.,-1.));
#15159 = ( GEOMETRIC_REPRESENTATION_CONTEXT(2) 
PARAMETRIC_REPRESENTATION_CONTEXT() REPRESENTATION_CONTEXT('2D SPACE',''
  ) );
#15160 = ORIENTED_EDGE('',*,*,#14755,.F.);
#15161 = ORIENTED_EDGE('',*,*,#15140,.F.);
#15162 = ( GEOMETRIC_REPRESENTATION_CONTEXT(3) 
GLOBAL_UNCERTAINTY_ASSIGNED_CONTEXT((#15166)) 
GLOBAL_UNIT_ASSIGNED_CONTEXT((#15163,#15164,#15165)) 
REPRESENTATION_CONTEXT('Context #1',
  '3D Context with UNIT and UNCERTAINTY') );
#15163 = ( LENGTH_UNIT() NAMED_UNIT(*) SI_UNIT(.MILLI.,.METRE.) );
#15164 = ( NAMED_UNIT(*) PLANE_ANGLE_UNIT() SI_UNIT($,.RADIAN.) );
#15165 = ( NAMED_UNIT(*) SI_UNIT($,.STERADIAN.) SOLID_ANGLE_UNIT() );
#15166 = UNCERTAINTY_MEASURE_WITH_UNIT(LENGTH_MEASURE(1.E-07),#15163,
  'distance_accuracy_value','confusion accuracy');
#15167 = CONTEXT_DEPENDENT_SHAPE_REPRESENTATION(#15168,#15170);
#15168 = ( REPRESENTATION_RELATIONSHIP('','',#14447,#10) 
REPRESENTATION_RELATIONSHIP_WITH_TRANSFORMATION(#15169) 
SHAPE_REPRESENTATION_RELATIONSHIP() );
#15169 = ITEM_DEFINED_TRANSFORMATION('','',#11,#75);
#15170 = PRODUCT_DEFINITION_SHAPE('Placement','Placement of an item',
  #15171);
#15171 = NEXT_ASSEMBLY_USAGE_OCCURRENCE('16','arm_standoff_right','',#5,
  #14442,$);
#15172 = PRODUCT_RELATED_PRODUCT_CATEGORY('part',$,(#14444));
#15173 = MECHANICAL_DESIGN_GEOMETRIC_PRESENTATION_REPRESENTATION('',(
    #15174),#12050);
#15174 = STYLED_ITEM('color',(#15175),#11120);
#15175 = PRESENTATION_STYLE_ASSIGNMENT((#15176));
#15176 = SURFACE_STYLE_USAGE(.BOTH.,#15177);
#15177 = SURFACE_SIDE_STYLE('',(#15178));
#15178 = SURFACE_STYLE_FILL_AREA(#15179);
#15179 = FILL_AREA_STYLE('',(#15180));
#15180 = FILL_AREA_STYLE_COLOUR('',#15181);
#15181 = COLOUR_RGB('',1.,0.509999995177,0.120000001395);
#15182 = MECHANICAL_DESIGN_GEOMETRIC_PRESENTATION_REPRESENTATION('',(
    #15183),#12873);
#15183 = STYLED_ITEM('color',(#15184),#12069);
#15184 = PRESENTATION_STYLE_ASSIGNMENT((#15185));
#15185 = SURFACE_STYLE_USAGE(.BOTH.,#15186);
#15186 = SURFACE_SIDE_STYLE('',(#15187));
#15187 = SURFACE_STYLE_FILL_AREA(#15188);
#15188 = FILL_AREA_STYLE('',(#15189));
#15189 = FILL_AREA_STYLE_COLOUR('',#15190);
#15190 = COLOUR_RGB('',0.1599999992,0.480000004686,0.369999997777);
#15191 = MECHANICAL_DESIGN_GEOMETRIC_PRESENTATION_REPRESENTATION('',(
    #15192),#2545);
#15192 = STYLED_ITEM('color',(#15193),#93);
#15193 = PRESENTATION_STYLE_ASSIGNMENT((#15194));
#15194 = SURFACE_STYLE_USAGE(.BOTH.,#15195);
#15195 = SURFACE_SIDE_STYLE('',(#15196));
#15196 = SURFACE_STYLE_FILL_AREA(#15197);
#15197 = FILL_AREA_STYLE('',(#15198));
#15198 = FILL_AREA_STYLE_COLOUR('',#15190);
#15199 = MECHANICAL_DESIGN_GEOMETRIC_PRESENTATION_REPRESENTATION('',(
    #15200),#14429);
#15200 = STYLED_ITEM('color',(#15201),#13625);
#15201 = PRESENTATION_STYLE_ASSIGNMENT((#15202));
#15202 = SURFACE_STYLE_USAGE(.BOTH.,#15203);
#15203 = SURFACE_SIDE_STYLE('',(#15204));
#15204 = SURFACE_STYLE_FILL_AREA(#15205);
#15205 = FILL_AREA_STYLE('',(#15206));
#15206 = FILL_AREA_STYLE_COLOUR('',#15190);
#15207 = MECHANICAL_DESIGN_GEOMETRIC_PRESENTATION_REPRESENTATION('',(
    #15208),#7551);
#15208 = STYLED_ITEM('color',(#15209),#6403);
#15209 = PRESENTATION_STYLE_ASSIGNMENT((#15210));
#15210 = SURFACE_STYLE_USAGE(.BOTH.,#15211);
#15211 = SURFACE_SIDE_STYLE('',(#15212));
#15212 = SURFACE_STYLE_FILL_AREA(#15213);
#15213 = FILL_AREA_STYLE('',(#15214));
#15214 = FILL_AREA_STYLE_COLOUR('',#15215);
#15215 = COLOUR_RGB('',0.940000008746,0.889999989794,0.709999997415);
#15216 = MECHANICAL_DESIGN_GEOMETRIC_PRESENTATION_REPRESENTATION('',(
    #15217),#9125);
#15217 = STYLED_ITEM('color',(#15218),#7771);
#15218 = PRESENTATION_STYLE_ASSIGNMENT((#15219));
#15219 = SURFACE_STYLE_USAGE(.BOTH.,#15220);
#15220 = SURFACE_SIDE_STYLE('',(#15221));
#15221 = SURFACE_STYLE_FILL_AREA(#15222);
#15222 = FILL_AREA_STYLE('',(#15223));
#15223 = FILL_AREA_STYLE_COLOUR('',#15190);
#15224 = MECHANICAL_DESIGN_GEOMETRIC_PRESENTATION_REPRESENTATION('',(
    #15225),#3913);
#15225 = STYLED_ITEM('color',(#15226),#3731);
#15226 = PRESENTATION_STYLE_ASSIGNMENT((#15227));
#15227 = SURFACE_STYLE_USAGE(.BOTH.,#15228);
#15228 = SURFACE_SIDE_STYLE('',(#15229));
#15229 = SURFACE_STYLE_FILL_AREA(#15230);
#15230 = FILL_AREA_STYLE('',(#15231));
#15231 = FILL_AREA_STYLE_COLOUR('',#15215);
#15232 = MECHANICAL_DESIGN_GEOMETRIC_PRESENTATION_REPRESENTATION('',(
    #15233),#13606);
#15233 = STYLED_ITEM('color',(#15234),#12892);
#15234 = PRESENTATION_STYLE_ASSIGNMENT((#15235));
#15235 = SURFACE_STYLE_USAGE(.BOTH.,#15236);
#15236 = SURFACE_SIDE_STYLE('',(#15237));
#15237 = SURFACE_STYLE_FILL_AREA(#15238);
#15238 = FILL_AREA_STYLE('',(#15239));
#15239 = FILL_AREA_STYLE_COLOUR('',#15181);
#15240 = MECHANICAL_DESIGN_GEOMETRIC_PRESENTATION_REPRESENTATION('',(
    #15241),#10900);
#15241 = STYLED_ITEM('color',(#15242),#10718);
#15242 = PRESENTATION_STYLE_ASSIGNMENT((#15243));
#15243 = SURFACE_STYLE_USAGE(.BOTH.,#15244);
#15244 = SURFACE_SIDE_STYLE('',(#15245));
#15245 = SURFACE_STYLE_FILL_AREA(#15246);
#15246 = FILL_AREA_STYLE('',(#15247));
#15247 = FILL_AREA_STYLE_COLOUR('',#15190);
#15248 = MECHANICAL_DESIGN_GEOMETRIC_PRESENTATION_REPRESENTATION('',(
    #15249),#11101);
#15249 = STYLED_ITEM('color',(#15250),#10919);
#15250 = PRESENTATION_STYLE_ASSIGNMENT((#15251));
#15251 = SURFACE_STYLE_USAGE(.BOTH.,#15252);
#15252 = SURFACE_SIDE_STYLE('',(#15253));
#15253 = SURFACE_STYLE_FILL_AREA(#15254);
#15254 = FILL_AREA_STYLE('',(#15255));
#15255 = FILL_AREA_STYLE_COLOUR('',#15190);
#15256 = MECHANICAL_DESIGN_GEOMETRIC_PRESENTATION_REPRESENTATION('',(
    #15257),#10699);
#15257 = STYLED_ITEM('color',(#15258),#10517);
#15258 = PRESENTATION_STYLE_ASSIGNMENT((#15259));
#15259 = SURFACE_STYLE_USAGE(.BOTH.,#15260);
#15260 = SURFACE_SIDE_STYLE('',(#15261));
#15261 = SURFACE_STYLE_FILL_AREA(#15262);
#15262 = FILL_AREA_STYLE('',(#15263));
#15263 = FILL_AREA_STYLE_COLOUR('',#15190);
#15264 = MECHANICAL_DESIGN_GEOMETRIC_PRESENTATION_REPRESENTATION('',(
    #15265),#7752);
#15265 = STYLED_ITEM('color',(#15266),#7570);
#15266 = PRESENTATION_STYLE_ASSIGNMENT((#15267));
#15267 = SURFACE_STYLE_USAGE(.BOTH.,#15268);
#15268 = SURFACE_SIDE_STYLE('',(#15269));
#15269 = SURFACE_STYLE_FILL_AREA(#15270);
#15270 = FILL_AREA_STYLE('',(#15271));
#15271 = FILL_AREA_STYLE_COLOUR('',#15215);
#15272 = MECHANICAL_DESIGN_GEOMETRIC_PRESENTATION_REPRESENTATION('',(
    #15273),#6384);
#15273 = STYLED_ITEM('color',(#15274),#3932);
#15274 = PRESENTATION_STYLE_ASSIGNMENT((#15275));
#15275 = SURFACE_STYLE_USAGE(.BOTH.,#15276);
#15276 = SURFACE_SIDE_STYLE('',(#15277));
#15277 = SURFACE_STYLE_FILL_AREA(#15278);
#15278 = FILL_AREA_STYLE('',(#15279));
#15279 = FILL_AREA_STYLE_COLOUR('',#15190);
#15280 = MECHANICAL_DESIGN_GEOMETRIC_PRESENTATION_REPRESENTATION('',(
    #15281),#10498);
#15281 = STYLED_ITEM('color',(#15282),#9144);
#15282 = PRESENTATION_STYLE_ASSIGNMENT((#15283));
#15283 = SURFACE_STYLE_USAGE(.BOTH.,#15284);
#15284 = SURFACE_SIDE_STYLE('',(#15285));
#15285 = SURFACE_STYLE_FILL_AREA(#15286);
#15286 = FILL_AREA_STYLE('',(#15287));
#15287 = FILL_AREA_STYLE_COLOUR('',#15190);
#15288 = MECHANICAL_DESIGN_GEOMETRIC_PRESENTATION_REPRESENTATION('',(
    #15289),#3712);
#15289 = STYLED_ITEM('color',(#15290),#2564);
#15290 = PRESENTATION_STYLE_ASSIGNMENT((#15291));
#15291 = SURFACE_STYLE_USAGE(.BOTH.,#15292);
#15292 = SURFACE_SIDE_STYLE('',(#15293));
#15293 = SURFACE_STYLE_FILL_AREA(#15294);
#15294 = FILL_AREA_STYLE('',(#15295));
#15295 = FILL_AREA_STYLE_COLOUR('',#15215);
#15296 = MECHANICAL_DESIGN_GEOMETRIC_PRESENTATION_REPRESENTATION('',(
    #15297),#15162);
#15297 = STYLED_ITEM('color',(#15298),#14448);
#15298 = PRESENTATION_STYLE_ASSIGNMENT((#15299));
#15299 = SURFACE_STYLE_USAGE(.BOTH.,#15300);
#15300 = SURFACE_SIDE_STYLE('',(#15301));
#15301 = SURFACE_STYLE_FILL_AREA(#15302);
#15302 = FILL_AREA_STYLE('',(#15303));
#15303 = FILL_AREA_STYLE_COLOUR('',#15181);
ENDSEC;
END-ISO-10303-21;
